ine_code,name,rank,charger,case,utilization,util_potential,demand_capped,energy_mwh,revenue,energy_cost,fees,power_cost,opex,ebitda,capex_net,npv,margin,payback_years,breakeven_util,breakeven_sessions_day
28130,San Fernando de Henares,1.0,AC22,low,0.1,0.1,False,4.38,1411.7355371900828,715.1020408163265,169.40826446280994,990.0,1500.0,-1962.7747680890536,14000.0,-24471.258530860618,-4586.991014136438,inf,0.9700249412401476,9.700249412401476
28022,Boadilla del Monte,2.0,AC22,low,0.09832456635054988,0.09832456635054988,False,4.306616006154085,1388.0828449587548,703.1209805965854,166.56994139505056,990.0,1500.0,-1971.608077032881,14000.0,-24518.38358215921,-4595.8243230802655,inf,0.9700249412401476,9.700249412401476
28115,Pozuelo de Alarcón,3.0,AC22,low,0.0961738918511851,0.09617389185118512,False,4.212416463081908,1357.7210087619374,687.7414633603115,162.92652105143247,990.0,1500.0,-1982.9469756498065,14000.0,-24578.875769446007,-4607.163221697191,inf,0.9700249412401476,9.700249412401476
28010,Alpedrete,4.0,AC22,low,0.09470887433305285,0.09470887433305285,False,4.148248695787714,1337.038835832404,677.265093189831,160.44466029988845,990.0,1500.0,-1990.6709176573154,14000.0,-24620.082430012946,-4614.8871637047,inf,0.9700249412401476,9.700249412401476
28181,Villaviciosa de Odón,5.0,AC22,low,0.09145271739964307,0.09145271739964306,False,4.005629022104366,1291.0705112567794,653.9802485068353,154.9284613508135,990.0,1500.0,-2007.8381986008694,14000.0,-24711.66860686547,-4632.0544446482545,inf,0.9700249412401476,9.700249412401476
28073,Humanes de Madrid,6.0,AC22,low,0.0912682886583709,0.0912682886583709,False,3.9975510432366455,1288.4668651754478,652.6613948141462,154.61602382105372,990.0,1500.0,-2008.810553459752,14000.0,-24716.85604827578,-4633.026799507136,inf,0.9700249412401476,9.700249412401476
28079,Madrid,7.0,AC22,low,0.09122203315860251,0.09122203315860251,False,3.9955250523467902,1287.8138598473126,652.3306207913128,154.53766318167752,990.0,1500.0,-2009.0544241256775,14000.0,-24718.157080280325,-4633.270670173062,inf,0.9700249412401476,9.700249412401476
28104,Paracuellos de Jarama,8.0,AC22,low,0.09090811915382954,0.09090811915382956,False,3.9817756189377342,1283.3822242857161,650.085815336773,154.00586691428592,990.0,1500.0,-2010.7094579653426,14000.0,-24726.986563669972,-4634.925704012728,inf,0.9700249412401476,9.700249412401476
28061,Galapagar,9.0,AC22,low,0.09085174627763444,0.09085174627763444,False,3.9793064869603887,1282.5863883591337,649.682691748635,153.91036660309604,990.0,1500.0,-2011.0066699925972,14000.0,-24728.572167900504,-4635.222916039982,inf,0.9700249412401476,9.700249412401476
28106,Parla,10.0,AC22,low,0.09053868287706236,0.09053868287706238,False,3.965594310015332,1278.166761079322,647.4439689820949,153.38001132951862,990.0,1500.0,-2012.6572192322917,14000.0,-24737.37772628028,-4636.873465279677,inf,0.9700249412401476,9.700249412401476
28045,Colmenar Viejo,11.0,AC22,low,0.08981527213106043,0.08981527213106043,False,3.933908919340447,1267.9541144981608,642.2708439739506,152.1544937397793,990.0,1500.0,-2016.4712232155691,14000.0,-24757.72515604957,-4640.6874692629535,inf,0.9700249412401476,9.700249412401476
28092,Móstoles,12.0,AC22,low,0.08926125363956995,0.08926125363956994,False,3.9096429094131637,1260.1328385711852,638.3090464348022,151.21594062854223,990.0,1500.0,-2019.3921484921593,14000.0,-24773.308076829766,-4643.608394539544,inf,0.9700249412401476,9.700249412401476
28161,Valdemoro,13.0,AC22,low,0.08846549790760695,0.08846549790760695,False,3.874788808353185,1248.8988721138367,632.6185809556221,149.8678646536604,990.0,1500.0,-2023.587573495446,14000.0,-24795.690359591135,-4647.80381954283,inf,0.9700249412401476,9.700249412401476
28009,Algete,14.0,AC22,low,0.08836145436416723,0.08836145436416723,False,3.8702317011505247,1247.4300524369462,631.874563453147,149.69160629243353,990.0,1500.0,-2024.1361173086343,14000.0,-24798.616800350814,-4648.352363356019,inf,0.9700249412401476,9.700249412401476
28066,Griñón,15.0,AC22,low,0.0879505366893326,0.08795053668933259,False,3.852233506992768,1241.6289815927103,628.9360827743294,148.99547779112524,990.0,1500.0,-2026.3025789727444,14000.0,-24810.174713439428,-4650.518825020129,inf,0.9700249412401476,9.700249412401476
28041,Cobeña,16.0,AC22,low,0.08771196538113087,0.08771196538113087,False,3.841784083693532,1238.2609856532872,627.2300544805767,148.59131827839445,990.0,1500.0,-2027.5603871056837,14000.0,-24816.885026999782,-4651.776633153069,inf,0.9700249412401476,9.700249412401476
28167,Velilla de San Antonio,17.0,AC22,low,0.08738505944496648,0.08738505944496648,False,3.827465603689532,1233.6459383792708,624.8923434595154,148.0375126055125,990.0,1500.0,-2029.2839176857572,14000.0,-24826.0799354443,-4653.500163733142,inf,0.9700249412401476,9.700249412401476
28053,Daganzo de Arriba,18.0,AC22,low,0.08729272112777887,0.08729272112777889,False,3.823421185396715,1232.34236554109,624.2320302688514,147.8810838649308,990.0,1500.0,-2029.7707485926921,14000.0,-24828.677142403656,-4653.986994640077,inf,0.9700249412401476,9.700249412401476
28084,Mejorada del Campo,19.0,AC22,low,0.08680205076396444,0.08680205076396445,False,3.8019298234616428,1225.4153976446619,620.7232364835335,147.04984771735943,990.0,1500.0,-2032.357686556231,14000.0,-24842.47826551769,-4656.5739326036155,inf,0.9700249412401476,9.700249412401476
28065,Getafe,20.0,AC22,low,0.08626300951442105,0.08626300951442105,False,3.7783198167316416,1217.805560764744,616.8685415072068,146.13666729176927,990.0,1500.0,-2035.1996480342318,14000.0,-24857.639920260102,-4659.415894081616,inf,0.9700249412401476,9.700249412401476
28160,Valdemorillo,21.0,AC22,low,0.08618850638356293,0.08618850638356293,False,3.7750565796000566,1216.753773590101,616.3357680979684,146.0104528308121,990.0,1500.0,-2035.5924473386794,14000.0,-24859.73547555992,-4659.808693386064,inf,0.9700249412401476,9.700249412401476
28177,Villanueva del Pardillo,22.0,AC22,low,0.08503971521337392,0.08503971521337392,False,3.7247395263457777,1200.5358803924407,608.120738995229,144.06430564709288,990.0,1500.0,-2041.649164249881,14000.0,-24892.047613282775,-4665.865410297267,inf,0.9700249412401476,9.700249412401476
28046,Collado Mediano,23.0,AC22,low,0.08499167814025309,0.08499167814025309,False,3.7226355025430853,1199.8577239601682,607.7772249049935,143.9829268752202,990.0,1500.0,-2041.9024278200454,14000.0,-24893.398755738206,-4666.118673867429,inf,0.9700249412401476,9.700249412401476
28083,Meco,24.0,AC22,low,0.08465327688317331,0.08465327688317331,False,3.707813527482991,1195.080393155675,605.357310609468,143.40964717868098,990.0,1500.0,-2043.686564632474,14000.0,-24902.91699395948,-4667.902810679858,inf,0.9700249412401476,9.700249412401476
28129,San Agustín del Guadalix,25.0,AC22,low,0.08433461540985994,0.08433461540985994,False,3.6938561549518654,1190.5817358935765,603.0785559105087,142.86980830722916,990.0,1500.0,-2045.3666283241612,14000.0,-24911.880009762415,-4669.582874371547,inf,0.9700249412401476,9.700249412401476
28152,Torrelodones,26.0,AC22,low,0.08374246306327718,0.08374246306327718,False,3.66791988217154,1182.2221107825628,598.8440623953536,141.86665329390755,990.0,1500.0,-2048.488604906698,14000.0,-24928.535524421823,-4672.704850954083,inf,0.9700249412401476,9.700249412401476
28072,Hoyo de Manzanares,27.0,AC22,low,0.08257345646643746,0.08257345646643746,False,3.6167173932299606,1165.71882922288,590.4844723640753,139.8862595067456,990.0,1500.0,-2054.651902647941,14000.0,-24961.416263007057,-4678.8681486953255,inf,0.9700249412401476,9.700249412401476
28013,Aranjuez,28.0,AC22,low,0.08148631121064304,0.08148631121064304,False,3.569100431026165,1150.3712133059541,582.7102744532515,138.0445455967145,990.0,1500.0,-2060.3836067440116,14000.0,-24991.994481347807,-4684.599852791396,inf,0.9700249412401476,9.700249412401476
28903,Tres Cantos,29.0,AC22,low,0.08095683720525139,0.08095683720525139,False,3.545909469590011,1142.8964406116565,578.9239950351038,137.1475728733988,990.0,1500.0,-2063.175127296846,14000.0,-25006.887037477107,-4687.3913733442305,inf,0.9700249412401476,9.700249412401476
28068,Guadarrama,30.0,AC22,low,0.08076274061683128,0.0807627406168313,False,3.5374080390172105,1140.1563100964563,577.5360063701568,136.81875721157476,990.0,1500.0,-2064.1984534852754,14000.0,-25012.346407168756,-4688.414699532659,inf,0.9700249412401476,9.700249412401476
28018,Becerril de la Sierra,31.0,AC22,low,0.08024990502766954,0.08024990502766953,False,3.514945840211926,1132.916427836902,573.8687086060288,135.94997134042822,990.0,1500.0,-2066.902252109555,14000.0,-25026.77097328329,-4691.11849815694,inf,0.9700249412401476,9.700249412401476
28058,Fuenlabrada,32.0,AC22,low,0.08017882514254852,0.08017882514254852,False,3.511832541243625,1131.9129678388545,573.3604148969184,135.82955614066253,990.0,1500.0,-2067.2770031987266,14000.0,-25028.770242686598,-4691.493249246111,inf,0.9700249412401476,9.700249412401476
28149,Torrejón de la Calzada,33.0,AC22,low,0.08012675280121177,0.08012675280121177,False,3.509551772693076,1131.1778440911567,572.9880445213186,135.7413412909388,990.0,1500.0,-2067.5515417211004,14000.0,-25030.234885441943,-4691.7677877684855,inf,0.9700249412401476,9.700249412401476
28054,El Escorial,34.0,AC22,low,0.07981818628970892,0.07981818628970892,False,3.496036559489251,1126.8217009924033,570.7814791002859,135.21860411908838,990.0,1500.0,-2069.178382226971,14000.0,-25038.913959476522,-4693.394628274356,inf,0.9700249412401476,9.700249412401476
28127,Las Rozas de Madrid,35.0,AC22,low,0.07948788227100277,0.07948788227100277,False,3.4815692434699215,1122.1586817795614,568.4194683216198,134.65904181354736,990.0,1500.0,-2070.9198283556057,14000.0,-25048.204446050408,-4695.13607440299,inf,0.9700249412401476,9.700249412401476
28004,El Álamo,36.0,AC22,low,0.07940682176270496,0.07940682176270496,False,3.478018793206477,1121.0143217772943,567.839802972486,134.5217186132753,990.0,1500.0,-2071.347199808467,14000.0,-25050.484441210516,-4695.563445855852,inf,0.9700249412401476,9.700249412401476
28032,Camarma de Esteruelas,37.0,AC22,low,0.07765847886585393,0.07765847886585393,False,3.4014413743244023,1096.3323437905099,555.3373672366371,131.55988125486118,990.0,1500.0,-2080.5649047009883,14000.0,-25099.660216526165,-4704.781150748373,inf,0.9700249412401476,9.700249412401476
28038,Cercedilla,38.0,AC22,low,0.07760964600690924,0.07760964600690926,False,3.399302495102625,1095.642952966962,554.9881624657347,131.47715435603544,990.0,1500.0,-2080.8223638548084,14000.0,-25101.03374211076,-4705.038609902192,inf,0.9700249412401476,9.700249412401476
28141,Sevilla la Nueva,39.0,AC22,low,0.07717638486077154,0.07717638486077152,False,3.380325656901793,1089.5264513980987,551.8899031676398,130.74317416777185,990.0,1500.0,-2083.106625937313,14000.0,-25113.2201117376,-4707.322871984698,inf,0.9700249412401476,9.700249412401476
28059,Fuente el Saz de Jarama,40.0,AC22,low,0.07690500383169532,0.07690500383169532,False,3.368439167828255,1085.6952689694376,549.9492518903273,130.28343227633252,990.0,1500.0,-2084.5374151972223,14000.0,-25120.85326684396,-4708.753661244606,inf,0.9700249412401476,9.700249412401476
28082,Manzanares el Real,41.0,AC22,low,0.07659085283852958,0.07659085283852958,False,3.3546793543275957,1081.2602877584814,547.7027517269545,129.75123453101776,990.0,1500.0,-2086.193698499491,14000.0,-25129.689416024386,-4710.4099445468755,inf,0.9700249412401476,9.700249412401476
28075,Loeches,42.0,AC22,low,0.07639243240874256,0.07639243240874256,False,3.3459885395029243,1078.4591160381326,546.2838431841509,129.4150939245759,990.0,1500.0,-2087.239821070594,14000.0,-25135.270402735183,-4711.456067117979,inf,0.9700249412401476,9.700249412401476
28100,Nuevo Baztán,43.0,AC22,low,0.07628634466010698,0.07628634466010698,False,3.3413418961126853,1076.9614375900392,545.5252075286016,129.2353725108047,990.0,1500.0,-2087.799142449367,14000.0,-25138.254341011845,-4712.015388496751,inf,0.9700249412401476,9.700249412401476
28172,Villalbilla,44.0,AC22,low,0.07615360471878653,0.07615360471878653,False,3.33552788668285,1075.0875006663734,544.5759814992409,129.0105000799648,990.0,1500.0,-2088.4989809128324,14000.0,-25141.98792756489,-4712.7152269602175,inf,0.9700249412401476,9.700249412401476
28006,Alcobendas,45.0,AC22,low,0.07567960027667796,0.07567960027667796,False,3.3147664921184945,1068.3958115092669,541.1863660601624,128.20749738111203,990.0,1500.0,-2090.9980519320075,14000.0,-25155.320287015504,-4715.2142979793925,inf,0.9700249412401476,9.700249412401476
28176,Villanueva de la Cañada,46.0,AC22,low,0.07548840473417504,0.07548840473417504,False,3.3063921273568666,1065.69663609023,539.8191228337741,127.88359633082759,990.0,1500.0,-2092.006083074372,14000.0,-25160.698058765207,-4716.222329121757,inf,0.9700249412401476,9.700249412401476
28014,Arganda del Rey,47.0,AC22,low,0.07537785610581485,0.07537785610581485,False,3.3015500974346907,1064.135981817793,539.028587336276,127.69631781813516,990.0,1500.0,-2092.5889233366183,14000.0,-25163.807468549454,-4716.8051693840025,inf,0.9700249412401476,9.700249412401476
28113,Pinto,48.0,AC22,low,0.07535905360522464,0.07535905360522464,False,3.3007265479088392,1063.8705402350806,538.8941302708308,127.66446482820967,990.0,1500.0,-2092.68805486396,14000.0,-25164.336327931705,-4716.904300911344,inf,0.9700249412401476,9.700249412401476
28044,Colmenarejo,49.0,AC22,low,0.07512295941673165,0.07512295941673165,False,3.2903856224528463,1060.5375146748845,537.2058159106689,127.26450176098614,990.0,1500.0,-2093.9328029967705,14000.0,-25170.97696735523,-4718.149049044155,inf,0.9700249412401476,9.700249412401476
28123,Rivas-Vaciamadrid,50.0,AC22,low,0.07504117629758704,0.07504117629758703,False,3.286803521834312,1059.3829533184974,536.6209831566224,127.12595439821968,990.0,1500.0,-2094.3639842363445,14000.0,-25173.27728744628,-4718.580230283729,inf,0.9700249412401476,9.700249412401476
28151,Torrelaguna,51.0,AC22,low,0.07339283046466585,0.07339283046466587,False,3.2146059743523647,1036.1126694193574,524.8336284656923,124.33352033032288,990.0,1500.0,-2103.0544793766576,14000.0,-25219.640437643084,-4727.270725424043,inf,0.9700249412401476,9.700249412401476
28090,Moralzarzal,52.0,AC22,low,0.0733198971929666,0.0733198971929666,False,3.211411497051937,1035.0830445043434,524.3120811513367,124.20996534052121,990.0,1500.0,-2103.4390019875145,14000.0,-25221.691837393428,-4727.655248034899,inf,0.9700249412401476,9.700249412401476
28154,Torres de la Alameda,53.0,AC22,low,0.07330676755908201,0.07330676755908201,False,3.210836419087792,1034.8976887968918,524.2181908714763,124.18772265562701,990.0,1500.0,-2103.5082247302116,14000.0,-25222.061135616932,-4727.724470777596,inf,0.9700249412401476,9.700249412401476
28108,Pedrezuela,54.0,AC22,low,0.0729992698368408,0.0729992698368408,False,3.1973680188536266,1030.5566341759625,522.0192683842656,123.6667961011155,990.0,1500.0,-2105.1294303094187,14000.0,-25230.710147733625,-4729.345676356803,inf,0.9700249412401476,9.700249412401476
28089,Moraleja de Enmedio,55.0,AC22,low,0.07259703012728998,0.07259703012728998,False,3.1797499195753014,1024.8780732515436,519.1428440122941,122.98536879018522,990.0,1500.0,-2107.2501395509357,14000.0,-25242.02397502433,-4731.46638559832,inf,0.9700249412401476,9.700249412401476
28080,Majadahonda,56.0,AC22,low,0.07250602764951798,0.07250602764951798,False,3.175764011048887,1023.5933589331125,518.4920834365531,122.8312030719735,990.0,1500.0,-2107.729927575414,14000.0,-25244.58360872556,-4731.946173622799,inf,0.9700249412401476,9.700249412401476
28164,Valdetorres de Jarama,57.0,AC22,low,0.07244046795951932,0.07244046795951932,False,3.172892496626946,1022.6678294913298,518.0232647554197,122.72013953895957,990.0,1500.0,-2108.0755748030497,14000.0,-25246.4276111755,-4732.2918208504325,inf,0.9700249412401476,9.700249412401476
28033,Campo Real,58.0,AC22,low,0.07223804308093316,0.07223804308093316,False,3.1640262869448725,1019.8101255442152,516.5757203175302,122.37721506530582,990.0,1500.0,-2109.142809838621,14000.0,-25252.121231326095,-4733.359055886005,inf,0.9700249412401476,9.700249412401476
28171,Villa del Prado,59.0,AC22,low,0.07220449298319796,0.07220449298319796,False,3.1625567926640707,1019.3364868917254,516.33580288393,122.32037842700704,990.0,1500.0,-2109.3196944192114,14000.0,-25253.064897509095,-4733.535940466596,inf,0.9700249412401476,9.700249412401476
28005,Alcalá de Henares,60.0,AC22,low,0.07210670777110244,0.07210670777110245,False,3.158273800374287,1017.9560183024563,515.6365388366182,122.15472219629476,990.0,1500.0,-2109.8352427304567,14000.0,-25255.815309701036,-4734.051488777841,inf,0.9700249412401476,9.700249412401476
28134,San Sebastián de los Reyes,61.0,AC22,low,0.07200682530368754,0.07200682530368754,False,3.1538989483015145,1016.5459420145378,514.9222772737166,121.98551304174453,990.0,1500.0,-2110.361848300923,14000.0,-25258.62471155488,-4734.578094348307,inf,0.9700249412401476,9.700249412401476
28049,Coslada,62.0,AC22,low,0.07132804612053475,0.07132804612053475,False,3.1241684200794224,1006.9633750669215,510.0683134823547,120.83560500803057,990.0,1500.0,-2113.940543423464,14000.0,-25277.716785918434,-4738.156789470849,inf,0.9700249412401476,9.700249412401476
28040,Ciempozuelos,63.0,AC22,low,0.07112153761598246,0.07112153761598246,False,3.115123347580032,1004.0480211208368,508.59156695184197,120.48576253450041,990.0,1500.0,-2115.0293083655056,14000.0,-25283.525266531087,-4739.24555441289,inf,0.9700249412401476,9.700249412401476
28074,Leganés,64.0,AC22,low,0.07098504964196897,0.07098504964196897,False,3.109145174318241,1002.1211718876976,507.61553866420263,120.2545406265237,990.0,1500.0,-2115.7489074030286,14000.0,-25287.364274288357,-4739.965153450414,inf,0.9700249412401476,9.700249412401476
28043,Colmenar de Oreja,65.0,AC22,low,0.07037227252921388,0.07037227252921388,False,3.0823055367795678,993.4703796231665,503.2335570252356,119.21644555477998,990.0,1500.0,-2118.979622956849,14000.0,-25304.59990333441,-4743.195869004235,inf,0.9700249412401476,9.700249412401476
28091,Morata de Tajuña,66.0,AC22,low,0.07003620353869298,0.07003620353869298,False,3.067585714994753,988.7259742545073,500.8303208154699,118.64711691054087,990.0,1500.0,-2120.7514634715035,14000.0,-25314.05254171454,-4744.967709518888,inf,0.9700249412401476,9.700249412401476
28144,Soto del Real,67.0,AC22,low,0.0698262265714882,0.06982622657148818,False,3.058388723831183,985.7616547885631,499.32877123774415,118.29139857462756,990.0,1500.0,-2121.8585150238086,14000.0,-25319.95858004336,-4746.074761071193,inf,0.9700249412401476,9.700249412401476
28050,Cubas de la Sagra,68.0,AC22,low,0.06875125266558532,0.06875125266558532,False,3.0113048667526368,970.585866143412,491.64161089838973,116.47030393720944,990.0,1500.0,-2127.526048692187,14000.0,-25350.19445388829,-4751.742294739572,inf,0.9700249412401476,9.700249412401476
28007,Alcorcón,69.0,AC22,low,0.06858794940268614,0.06858794940268614,False,3.004152183837653,968.2804559476734,490.47382593267804,116.1936547137208,990.0,1500.0,-2128.3870246987253,14000.0,-25354.787697341333,-4752.60327074611,inf,0.9700249412401476,9.700249412401476
28047,Collado Villalba,70.0,AC22,low,0.0682803634673138,0.0682803634673138,False,2.9906799198683442,963.9381559906235,488.2742726315664,115.67257871887482,990.0,1500.0,-2130.008695359818,14000.0,-25363.439190635567,-4754.224941407202,inf,0.9700249412401476,9.700249412401476
28026,Brunete,71.0,AC22,low,0.06770718387926528,0.06770718387926528,False,2.965574653911819,955.8463760542228,484.1754536998888,114.70156512650674,990.0,1500.0,-2133.0306427721725,14000.0,-25379.561057054423,-4757.246888819557,inf,0.9700249412401476,9.700249412401476
28096,Navalcarnero,72.0,AC22,low,0.0675969898767751,0.0675969898767751,False,2.960748156602749,954.2907281612167,483.38745413922436,114.514887379346,990.0,1500.0,-2133.6116133573537,14000.0,-25382.66049224951,-4757.827859404737,inf,0.9700249412401476,9.700249412401476
28015,Arroyomolinos,73.0,AC22,low,0.06738991450768882,0.06738991450768882,False,2.95167825543677,951.3673715870582,481.9066539488604,114.16408459044698,990.0,1500.0,-2134.7033669522493,14000.0,-25388.484917104583,-4758.919612999634,inf,0.9700249412401476,9.700249412401476
28131,San Lorenzo de El Escorial,74.0,AC22,low,0.06737839700984895,0.06737839700984895,False,2.951173789031384,951.2047749770577,481.82429208675654,114.14457299724693,990.0,1500.0,-2134.764090106946,14000.0,-25388.808870653385,-4758.98033615433,inf,0.9700249412401476,9.700249412401476
28086,El Molar,75.0,AC22,low,0.06631939130105753,0.06631939130105753,False,2.90478933898632,936.2544150451776,474.2513206508277,112.3505298054213,990.0,1500.0,-2140.3474354110713,14000.0,-25418.595605788312,-4764.563681458457,inf,0.9700249412401476,9.700249412401476
28023,El Boalo-Cerceda-Mataelpino,76.0,AC22,low,0.06592626117412148,0.06592626117412148,False,2.887570239426521,930.7044573358208,471.44003909004425,111.6845348802985,990.0,1500.0,-2142.420116634522,14000.0,-25429.653207147196,-4766.636362681907,inf,0.9700249412401476,9.700249412401476
28052,Chinchón,77.0,AC22,low,0.06577908089119884,0.06577908089119885,False,2.8811237430345096,928.6266609780652,470.3875498831852,111.43519931736782,990.0,1500.0,-2143.196088222488,14000.0,-25433.792958300655,-4767.412334269871,inf,0.9700249412401476,9.700249412401476
28085,Miraflores de la Sierra,78.0,AC22,low,0.06449505809905447,0.06449505809905447,False,2.824883544738586,910.4996549157427,461.2054766920141,109.25995858988911,990.0,1500.0,-2149.9657803661603,14000.0,-25469.908766269673,-4774.182026413545,inf,0.9700249412401476,9.700249412401476
28148,Torrejón de Ardoz,79.0,AC22,low,0.0640124962942707,0.06401249629427071,False,2.8037473376890567,903.6871584287043,457.75466737780516,108.44245901144451,990.0,1500.0,-2152.5099679605455,14000.0,-25483.48181931934,-4776.72621400793,inf,0.9700249412401476,9.700249412401476
28067,Guadalix de la Sierra,80.0,AC22,low,0.06116290033571066,0.06116290033571065,False,2.6789350347041267,863.4583996153798,437.37714852312274,103.61500795384558,990.0,1500.0,-2167.5337568615887,14000.0,-25563.632624319274,-4791.750002908973,inf,0.9700249412401476,9.700249412401476
28180,Villarejo de Salvanés,81.0,AC22,low,0.06085153640555753,0.06085153640555752,False,2.6652972945634197,859.0627643634164,435.1505787042318,103.08753172360996,990.0,1500.0,-2169.1753460644254,14000.0,-25572.39038156368,-4793.39159211181,inf,0.9700249412401476,9.700249412401476
28133,San Martín de Valdeiglesias,82.0,AC22,low,0.0600422926689138,0.06004229266891381,False,2.629852418898425,847.6383829507321,429.36366022831425,101.71660595408784,990.0,1500.0,-2173.44188323167,14000.0,-25595.152042471538,-4797.658129279054,inf,0.9700249412401476,9.700249412401476
28132,San Martín de la Vega,83.0,AC22,low,0.06,0.06,False,2.628,847.0413223140497,429.06122448979596,101.64495867768596,990.0,1500.0,-2173.6648608534324,14000.0,-25596.341611627424,-4797.881106900816,inf,0.9700249412401476,9.700249412401476
28130,San Fernando de Henares,1.0,AC22,base,0.18,0.18,False,10.249199999999998,3811.685950413223,1359.5877551020408,304.93487603305783,660.0,1000.0,487.1633192781246,10000.0,-4264.152483778849,-635.4844643839258,inf,0.225485418130025,2.931310435690325
28022,Boadilla del Monte,2.0,AC22,base,0.17497369905164967,0.17497369905164967,False,9.963002424000932,3705.248835372248,1321.6227705307358,296.41990682977985,660.0,1000.0,427.206158011732,10000.0,-4735.356543327336,-705.707764450423,inf,0.225485418130025,2.931310435690325
28115,Pozuelo de Alarcón,3.0,AC22,base,0.16852167555355535,0.16852167555355535,False,9.595624206019442,3568.6205724865695,1272.8889252882934,285.48964579892555,660.0,1000.0,350.2420013993508,10000.0,-5340.2187861268,-795.8500752269935,inf,0.225485418130025,2.931310435690325
28010,Alpedrete,4.0,AC22,base,0.16412662299915853,0.16412662299915853,False,9.345369913572087,3475.550794303669,1239.691927310583,278.0440635442935,660.0,1000.0,297.81480344879265,10000.0,-5752.2447724021395,-857.2540972915154,inf,0.225485418130025,2.931310435690325
28181,Villaviciosa de Odón,5.0,AC22,base,0.15435815219892918,0.15435815219892918,False,8.789153186207027,3268.693333713358,1165.9080757213405,261.49546669706865,660.0,1000.0,181.28979129494883,10000.0,-6668.016260012651,-993.7310538534701,inf,0.225485418130025,2.931310435690325
28073,Humanes de Madrid,6.0,AC22,base,0.1538048659751127,0.15380486597511273,False,8.757649068622918,3256.9769263473663,1161.7289580826318,260.55815410778933,660.0,1000.0,174.6898141569452,10000.0,-6719.8855606044035,-1001.4611091997339,inf,0.225485418130025,2.931310435690325
28079,Madrid,7.0,AC22,base,0.1536660994758075,0.15366609947580753,False,8.74974770415248,3254.0384023707575,1160.6808178977778,260.3230721896606,660.0,1000.0,173.03451228331892,10000.0,-6732.894598159822,-1003.3998394150589,inf,0.225485418130025,2.931310435690325
28104,Paracuellos de Jarama,8.0,AC22,base,0.15272435746148869,0.15272435746148869,False,8.696124913857165,3234.0960423435745,1153.5675906137058,258.72768338748597,660.0,1000.0,161.80076834238275,10000.0,-6821.18072840836,-1016.5570762650419,inf,0.225485418130025,2.931310435690325
28061,Galapagar,9.0,AC22,base,0.15255523883290326,0.15255523883290326,False,8.686495299145513,3230.514780673951,1152.2901927437924,258.4411824539161,660.0,1000.0,159.7834054762427,10000.0,-6837.035207707073,-1018.9198612084875,inf,0.225485418130025,2.931310435690325
28106,Parla,10.0,AC22,base,0.15161604863118713,0.1516160486311871,False,8.633017809059794,3210.6264579148,1145.1962399773197,256.85011663318403,660.0,1000.0,148.58010130429625,10000.0,-6925.08211144093,-1032.041446253305,inf,0.225485418130025,2.931310435690325
28045,Colmenar Viejo,11.0,AC22,base,0.14944581639318127,0.14944581639318127,False,8.509444785427743,3164.6695482995738,1128.8039001077618,253.1735638639659,660.0,1000.0,122.69208432784626,10000.0,-7128.536351690308,-1062.3621276509216,inf,0.225485418130025,2.931310435690325
28092,Móstoles,12.0,AC22,base,0.1477837609187098,0.1477837609187098,False,8.414807346711335,3129.473806628183,1116.2499541555853,250.35790453025464,660.0,1000.0,102.86594794234293,10000.0,-7284.350198655203,-1085.5829855960242,inf,0.225485418130025,2.931310435690325
28161,Valdemoro,13.0,AC22,base,0.14539649372282087,0.14539649372282087,False,8.278876352577422,3078.9209575701157,1098.2182916684335,246.31367660560926,660.0,1000.0,74.38898929607308,10000.0,-7508.150962972541,-1118.9358990722517,inf,0.225485418130025,2.931310435690325
28009,Algete,14.0,AC22,base,0.1450843630925017,0.1450843630925017,False,8.261103634487046,3072.3112690241082,1095.8606862074655,245.78490152192867,660.0,1000.0,70.66568129471443,10000.0,-7537.412485835415,-1123.2967288630036,inf,0.225485418130025,2.931310435690325
28066,Griñón,15.0,AC22,base,0.14385161006799774,0.14385161006799774,False,8.190910677271791,3046.2064502250464,1086.549375556462,243.6965160180037,660.0,1000.0,55.96055865058065,10000.0,-7652.980223528797,-1140.519729721326,inf,0.225485418130025,2.931310435690325
28041,Cobeña,16.0,AC22,base,0.14313589614339262,0.14313589614339262,False,8.150157926404775,3031.050468497644,1081.1433984006335,242.48403747981152,660.0,1000.0,47.42303261719894,10000.0,-7720.076744452397,-1150.5190899279228,inf,0.225485418130025,2.931310435690325
28167,Velilla de San Antonio,17.0,AC22,base,0.14215517833489943,0.14215517833489943,False,8.094315854389173,3010.2827557645687,1073.7357766026455,240.8226204611655,660.0,1000.0,35.724358700757875,10000.0,-7812.016765032575,-1164.2208641857853,inf,0.225485418130025,2.931310435690325
28053,Daganzo de Arriba,18.0,AC22,base,0.14187816338333667,0.14187816338333667,False,8.07854262304719,3004.416677992757,1071.6434091797294,240.35333423942055,660.0,1000.0,32.41993457360718,10000.0,-7837.986274433883,-1168.0910868935762,inf,0.225485418130025,2.931310435690325
28084,Mejorada del Campo,19.0,AC22,base,0.14040615229189335,0.14040615229189335,False,7.994726311500407,2973.2453224588294,1060.524918872503,237.85962579670635,660.0,1000.0,14.860777789619988,10000.0,-7975.983901141087,-1188.6568026431605,inf,0.225485418130025,2.931310435690325
28065,Getafe,20.0,AC22,base,0.13878902854326314,0.13878902854326314,False,7.902647285253402,2939.0010564991994,1048.3103541662676,235.12008451993597,660.0,1000.0,-4.4293821870039665,10000.0,-8127.585502990432,-1211.249911852426,inf,0.225485418130025,2.931310435690325
28160,Valdemorillo,21.0,AC22,base,0.13856551915068882,0.1385655191506888,False,7.889920660440221,2934.2680142133054,1046.6221284257438,234.74144113706444,660.0,1000.0,-7.095555349502547,10000.0,-8148.538990298589,-1214.3725993523815,inf,0.225485418130025,2.931310435690325
28177,Villanueva del Pardillo,22.0,AC22,base,0.1351191456401217,0.1351191456401217,False,7.6936841527485305,2861.287494823834,1020.5907549564378,228.90299958590674,660.0,1000.0,-48.20625971851041,10000.0,-8471.628515893468,-1262.522466155167,inf,0.225485418130025,2.931310435690325
28046,Collado Mediano,23.0,AC22,base,0.13497503442075928,0.13497503442075928,False,7.685478459918034,2858.235790878608,1019.5022446830046,228.65886327028863,660.0,1000.0,-49.925317074685154,10000.0,-8485.138608561581,-1264.5358683577458,inf,0.225485418130025,2.931310435690325
28083,Meco,24.0,AC22,base,0.1339598306495199,0.1339598306495199,False,7.627672757183665,2836.737802258388,1011.8341412590577,226.93902418067105,660.0,1000.0,-62.0353631813407,10000.0,-8580.311608187465,-1278.7194518297583,inf,0.225485418130025,2.931310435690325
28129,San Agustín del Guadalix,25.0,AC22,base,0.13300384622957975,0.13300384622957975,False,7.573239004312271,2816.493844578944,1004.6133373067298,225.3195075663155,660.0,1000.0,-73.43900029410133,10000.0,-8669.932930939493,-1292.0756717358486,inf,0.225485418130025,2.931310435690325
28152,Torrelodones,26.0,AC22,base,0.1312273891898315,0.1312273891898315,False,7.472087540469006,2778.875531579383,991.1952859805825,222.31004252635063,660.0,1000.0,-94.62979692755039,10000.0,-8836.471659389006,-1316.8948532849406,inf,0.225485418130025,2.931310435690325
28072,Hoyo de Manzanares,27.0,AC22,base,0.12772036939931236,0.12772036939931236,False,7.2723978335968456,2704.610764560811,964.7058350689695,216.36886116486488,660.0,1000.0,-136.46393167302335,10000.0,-9165.246633110359,-1365.892019515028,inf,0.225485418130025,2.931310435690325
28013,Aranjuez,28.0,AC22,base,0.12445893363192907,0.12445893363192907,False,7.0866916810020415,2635.5464929346435,940.0713454390462,210.8437194347715,660.0,1000.0,-175.368571939174,10000.0,-9470.99867409231,-1411.4580898506556,inf,0.225485418130025,2.931310435690325
28903,Tres Cantos,29.0,AC22,base,0.12287051161575419,0.12287051161575417,False,6.996246931401044,2601.9100158103056,928.0735725327914,208.15280126482446,660.0,1000.0,-194.3163579873103,10000.0,-9619.909555073975,-1433.6502023047842,inf,0.225485418130025,2.931310435690325
28068,Guadarrama,30.0,AC22,base,0.12228822185049389,0.1222882218504939,False,6.963091352167122,2589.579428491905,923.6753834507407,207.16635427935242,660.0,1000.0,-201.26230923818798,10000.0,-9674.497870426287,-1441.785471030574,inf,0.225485418130025,2.931310435690325
28018,Becerril de la Sierra,31.0,AC22,base,0.12074971508300854,0.12074971508300854,False,6.875488776826506,2556.9999583239073,912.0546336606591,204.5599966659126,660.0,1000.0,-219.61467200266407,10000.0,-9818.729312580552,-1463.2802091088658,inf,0.225485418130025,2.931310435690325
28058,Fuenlabrada,32.0,AC22,base,0.12053647542764558,0.12053647542764559,False,6.863346910850139,2552.4843883326967,910.4439779699164,204.19875106661573,660.0,1000.0,-222.1583407038354,10000.0,-9838.720035837325,-1466.2594163745075,inf,0.225485418130025,2.931310435690325
28149,Torrejón de la Calzada,33.0,AC22,base,0.12038025840363528,0.1203802584036353,False,6.854451913502993,2549.1763314680557,909.2640293422338,203.93410651744446,660.0,1000.0,-224.0218043916227,10000.0,-9853.365019621753,-1468.4419508198778,inf,0.225485418130025,2.931310435690325
28054,El Escorial,34.0,AC22,base,0.11945455886912675,0.11945455886912675,False,6.801742582008077,2529.5736875236653,902.2719751643368,202.36589500189322,660.0,1000.0,-235.06418264256467,10000.0,-9940.147204585375,-1481.3750554730213,inf,0.225485418130025,2.931310435690325
28127,Las Rozas de Madrid,35.0,AC22,base,0.1184636468130083,0.1184636468130083,False,6.745320049532693,2508.5901010658777,894.787353509439,200.6872080852702,660.0,1000.0,-246.88446052883137,10000.0,-10033.04291224327,-1495.2192552874305,inf,0.225485418130025,2.931310435690325
28004,El Álamo,36.0,AC22,base,0.11822046528811488,0.11822046528811486,False,6.73147329350526,2503.4404810556757,892.9505389343714,200.27523848445406,660.0,1000.0,-249.78529636314966,10000.0,-10055.840616343057,-1498.616785472889,inf,0.225485418130025,2.931310435690325
28032,Camarma de Esteruelas,37.0,AC22,base,0.11297543659756176,0.11297543659756176,False,6.432821359865167,2392.3715801151448,853.3334456963996,191.3897264092116,660.0,1000.0,-312.35159199046643,10000.0,-10547.549894564463,-1571.895967793833,inf,0.225485418130025,2.931310435690325
28038,Cercedilla,38.0,AC22,base,0.11282893802072776,0.11282893802072776,False,6.424479730900239,2389.26932140918,852.2269030786032,191.1415457127344,660.0,1000.0,-314.0991273821576,10000.0,-10561.283796460033,-1573.9427241711455,inf,0.225485418130025,2.931310435690325
28141,Sevilla la Nueva,39.0,AC22,base,0.11152915458231459,0.11152915458231459,False,6.350470061916993,2361.745064349295,842.4092939277643,188.93960514794358,660.0,1000.0,-329.60383472641297,10000.0,-10683.135480035644,-1592.1022182712968,inf,0.225485418130025,2.931310435690325
28059,Fuente el Saz de Jarama,40.0,AC22,base,0.11071501149508593,0.11071501149508595,False,6.304112754530193,2344.50474342032,836.2598551927808,187.56037947362563,660.0,1000.0,-339.31549124608614,10000.0,-10759.45950672994,-1603.4767489448495,inf,0.225485418130025,2.931310435690325
28082,Manzanares el Real,41.0,AC22,base,0.1097725585155887,0.10977255851558872,False,6.250449481877621,2324.5473279710163,829.1412578000926,185.96378623768132,660.0,1000.0,-350.5577160667576,10000.0,-10847.812288315456,-1616.6439188095032,inf,0.225485418130025,2.931310435690325
28075,Loeches,42.0,AC22,base,0.10917729722622768,0.10917729722622768,False,6.216555304061404,2311.942055229448,824.6450913550842,184.95536441835586,660.0,1000.0,-357.658400543992,10000.0,-10903.616653975463,-1624.9604148908788,inf,0.225485418130025,2.931310435690325
28100,Nuevo Baztán,43.0,AC22,base,0.1088590339803209,0.10885903398032092,False,6.198433394839473,2305.202502213027,822.2411646215627,184.41620017704216,660.0,1000.0,-361.45486258557776,10000.0,-10933.453095330127,-1629.4069244905047,inf,0.225485418130025,2.931310435690325
28172,Villalbilla,44.0,AC22,base,0.1084608141563596,0.1084608141563596,False,6.1757587580631155,2296.769786056531,819.2333046410255,183.74158288452247,660.0,1000.0,-366.2051014690171,10000.0,-10970.785280484073,-1634.970520955942,inf,0.225485418130025,2.931310435690325
28006,Alcobendas,45.0,AC22,base,0.10703880083003386,0.10703880083003388,False,6.094789319262128,2266.6571848495523,808.4924607184456,181.33257478796418,660.0,1000.0,-383.1678506568576,10000.0,-11104.095732640075,-1654.8377094787268,inf,0.225485418130025,2.931310435690325
28176,Villanueva de la Cañada,46.0,AC22,base,0.1064652142025251,0.1064652142025251,False,6.062129296691779,2254.510895463885,804.1600087448279,180.3608716371108,660.0,1000.0,-390.00998491805353,10000.0,-11157.868149007933,-1662.851385196035,inf,0.225485418130025,2.931310435690325
28014,Arganda del Rey,47.0,AC22,base,0.10613356831744457,0.10613356831744455,False,6.043245379995294,2247.4879512379193,801.6549993871308,179.79903609903354,660.0,1000.0,-393.9660842482449,10000.0,-11188.959181755139,-1667.484865909415,inf,0.225485418130025,2.931310435690325
28113,Pinto,48.0,AC22,base,0.10607716081567392,0.10607716081567392,False,6.040033536844473,2246.2934641157135,801.2289385610015,179.7034771292571,660.0,1000.0,-394.6389515745452,10000.0,-11194.247254255466,-1668.2729446503317,inf,0.225485418130025,2.931310435690325
28044,Colmenarejo,49.0,AC22,base,0.10536887825019496,0.10536887825019496,False,5.999703927566101,2231.294849094831,795.8790924322379,178.5035879275865,660.0,1000.0,-403.08783126499316,10000.0,-11260.647102491897,-1678.1684800825706,inf,0.225485418130025,2.931310435690325
28123,Rivas-Vaciamadrid,50.0,AC22,base,0.10512352889276108,0.1051235288927611,False,5.985733735153817,2226.099322991089,794.0259036428532,178.08794583928713,660.0,1000.0,-406.01452649105136,10000.0,-11283.648035865855,-1681.596297422847,inf,0.225485418130025,2.931310435690325
28151,Torrelaguna,51.0,AC22,base,0.10017849139399762,0.1001784913939976,False,5.704163299974224,2121.3830454449594,756.6747234659686,169.71064363559677,660.0,1000.0,-465.00232165660555,10000.0,-11747.233835439118,-1750.684252100475,inf,0.225485418130025,2.931310435690325
28090,Moralzarzal,52.0,AC22,base,0.09995969157889976,0.09995969157889976,False,5.691704838502552,2116.749733327396,755.022070413604,169.33997866619168,660.0,1000.0,-467.6123157523998,10000.0,-11767.745810778833,-1753.74114129752,inf,0.225485418130025,2.931310435690325
28154,Torres de la Alameda,53.0,AC22,base,0.09992030267724605,0.09992030267724604,False,5.68946203444239,2115.9156326438642,754.7245555892966,169.27325061150916,660.0,1000.0,-468.08217355694137,10000.0,-11771.4384289788,-1754.2914502998144,inf,0.225485418130025,2.931310435690325
28108,Pedrezuela,54.0,AC22,base,0.0989978095105224,0.0989978095105224,False,5.636935273529145,2096.380886849682,747.7567199579479,167.71047094797458,660.0,1000.0,-479.0863040562401,10000.0,-11857.920024397117,-1767.1797582467136,inf,0.225485418130025,2.931310435690325
28089,Moraleja de Enmedio,55.0,AC22,base,0.09779109038186992,0.09779109038186992,False,5.568224686343673,2070.827362689796,738.6420502292628,165.66618901518368,660.0,1000.0,-493.4808765546504,10000.0,-11971.047144718568,-1784.039035145992,inf,0.225485418130025,2.931310435690325
28080,Majadahonda,56.0,AC22,base,0.09751808294855396,0.09751808294855396,False,5.552679643090663,2065.046148256858,736.5799526548838,165.20369186054864,660.0,1000.0,-496.7374962585743,10000.0,-11996.640958576376,-1787.8532681390293,inf,0.225485418130025,2.931310435690325
28164,Valdetorres de Jarama,57.0,AC22,base,0.09732140387855795,0.09732140387855794,False,5.541480736845089,2060.881265768835,735.0943834590424,164.8705012615068,660.0,1000.0,-499.08361895171424,10000.0,-12015.079165353618,-1790.6011046675326,inf,0.225485418130025,2.931310435690325
28033,Campo Real,58.0,AC22,base,0.09671412924279948,0.09671412924279948,False,5.506902519085003,2048.021598006819,730.50747702148,163.84172784054553,660.0,1000.0,-506.3276068552061,10000.0,-12072.009754383334,-1799.0854412418546,inf,0.225485418130025,2.931310435690325
28171,Villa del Prado,59.0,AC22,base,0.09661347894959389,0.09661347894959389,False,5.501171491389876,2045.8902240706152,729.747238653759,163.67121792564922,660.0,1000.0,-507.52823250879305,10000.0,-12081.445485996024,-1800.4916434995766,inf,0.225485418130025,2.931310435690325
28005,Alcalá de Henares,60.0,AC22,base,0.09632012331330735,0.09632012331330736,False,5.48446782145972,2039.6781154189046,727.5314457038405,163.17424923351237,660.0,1000.0,-511.0275795184482,10000.0,-12108.946896701447,-1804.5901646754542,inf,0.225485418130025,2.931310435690325
28134,San Sebastián de los Reyes,61.0,AC22,base,0.09602047591106262,0.09602047591106264,False,5.467405898375906,2033.332772123271,725.2681293763957,162.66662176986168,660.0,1000.0,-514.6019790229864,10000.0,-12137.038145876888,-1808.776589176932,inf,0.225485418130025,2.931310435690325
28049,Coslada,62.0,AC22,base,0.09398413836160424,0.09398413836160426,False,5.351456838309746,1990.2112208589965,709.8871316125174,159.21689766871972,660.0,1000.0,-538.8928084222405,10000.0,-12327.940069533233,-1837.2266052507255,inf,0.225485418130025,2.931310435690325
28040,Ciempozuelos,63.0,AC22,base,0.09336461284794735,0.09336461284794735,False,5.316181055562122,1977.092128101616,705.207691043955,158.1673702481293,660.0,1000.0,-546.2829331904684,10000.0,-12386.019149960124,-1845.8821009107412,inf,0.225485418130025,2.931310435690325
28074,Leganés,64.0,AC22,base,0.09295514892590688,0.09295514892590688,False,5.292866179841138,1968.4213065524893,702.1149014074979,157.47370452419915,660.0,1000.0,-551.1672993792076,10000.0,-12424.40544323758,-1851.6027905708563,inf,0.225485418130025,2.931310435690325
28043,Colmenar de Oreja,65.0,AC22,base,0.0911168175876416,0.0911168175876416,False,5.1881915934403136,1929.4927413621,688.2294970890212,154.359419308968,660.0,1000.0,-573.096175035889,10000.0,-12596.744743706662,-1877.2864284021755,inf,0.225485418130025,2.931310435690325
28091,Morata de Tajuña,66.0,AC22,base,0.09010861061607897,0.09010861061607896,False,5.1307842884795365,1908.1429172031335,680.6142423493262,152.65143337625068,660.0,1000.0,-585.1227585224433,10000.0,-12691.26180958616,-1891.3722584033449,inf,0.225485418130025,2.931310435690325
28144,Soto del Real,67.0,AC22,base,0.08947867971446453,0.08947867971446453,False,5.09491602294161,1894.8034796063841,675.8562071249074,151.58427836851072,660.0,1000.0,-592.6370058870341,10000.0,-12750.316371007355,-1900.1731294971755,inf,0.225485418130025,2.931310435690325
28050,Cubas de la Sagra,68.0,AC22,base,0.08625375799675598,0.08625375799675598,False,4.911288980335286,1826.5124307032056,651.4975177995786,146.12099445625645,660.0,1000.0,-631.1060815526296,10000.0,-13052.64530449652,-1945.2290558733978,inf,0.225485418130025,2.931310435690325
28007,Alcorcón,69.0,AC22,base,0.08576384820805841,0.08576384820805841,False,4.883393516966846,1816.1380848223807,647.7970991894796,145.29104678579046,660.0,1000.0,-636.9500611528891,10000.0,-13098.573211245246,-1952.0736683330874,inf,0.225485418130025,2.931310435690325
28047,Collado Villalba,70.0,AC22,base,0.08484109040194136,0.08484109040194135,False,4.830851687486541,1796.5977350156559,640.827264666582,143.72781880125248,660.0,1000.0,-647.9573484521785,10000.0,-13185.079615993072,-1964.9656736016782,inf,0.225485418130025,2.931310435690325
28026,Brunete,71.0,AC22,base,0.08312155163779579,0.08312155163779579,False,4.732941150256092,1760.1847253018527,627.8391321768286,140.8147780241482,660.0,1000.0,-668.469184899124,10000.0,-13346.28238807983,-1988.9896403023188,inf,0.225485418130025,2.931310435690325
28096,Navalcarnero,72.0,AC22,base,0.0827909696303253,0.08279096963032528,False,4.7141178107507224,1753.1843097833266,625.3421585689733,140.25474478266614,660.0,1000.0,-672.4125935683129,10000.0,-13377.273684767888,-1993.6082574017996,inf,0.225485418130025,2.931310435690325
28015,Arroyomolinos,73.0,AC22,base,0.08216974352306647,0.08216974352306647,False,4.678745196203405,1740.0292051996134,620.6498729657578,139.20233641596909,660.0,1000.0,-679.8230041821133,10000.0,-13435.512191901835,-2002.2875123424526,inf,0.225485418130025,2.931310435690325
28131,San Lorenzo de El Escorial,74.0,AC22,base,0.0821351910295468,0.0821351910295468,False,4.676777777222395,1739.29752045461,620.3888888152158,139.1438016363688,660.0,1000.0,-680.2351699969745,10000.0,-13438.751408053295,-2002.770251069284,inf,0.225485418130025,2.931310435690325
28086,El Molar,75.0,AC22,base,0.07895817390317258,0.07895817390317258,False,4.495878422046647,1672.0209007611497,596.3920355776164,133.76167206089198,660.0,1000.0,-718.1328068773586,10000.0,-13736.589397180056,-2047.1568943034104,inf,0.225485418130025,2.931310435690325
28023,El Boalo-Cerceda-Mataelpino,76.0,AC22,base,0.07777878352236443,0.07777878352236443,False,4.428723933763431,1647.0460910690447,587.4837871318837,131.7636872855236,660.0,1000.0,-732.2013833483625,10000.0,-13847.154510757591,-2063.6343566476044,inf,0.225485418130025,2.931310435690325
28052,Chinchón,77.0,AC22,base,0.07733724267359657,0.07733724267359655,False,4.403582597834588,1637.6960074591445,584.1487119576494,131.01568059673156,660.0,1000.0,-737.4683850952364,10000.0,-13888.547941539764,-2069.8031984724894,inf,0.225485418130025,2.931310435690325
28085,Miraflores de la Sierra,78.0,AC22,base,0.07348517429716338,0.07348517429716338,False,4.184245824480483,1556.1244801786922,555.0530175331253,124.48995841429539,660.0,1000.0,-783.4184957687285,10000.0,-14249.670420134958,-2123.621096814552,inf,0.225485418130025,2.931310435690325
28148,Torrejón de Ardoz,79.0,AC22,base,0.07203748888281211,0.07203748888281211,False,4.101814616987322,1525.4682459870205,544.1182655187264,122.03745967896164,660.0,1000.0,-800.6874792106673,10000.0,-14385.387571018124,-2143.846954418094,inf,0.225485418130025,2.931310435690325
28067,Guadalix de la Sierra,80.0,AC22,base,0.06348870100713194,0.06348870100713194,False,3.615046635346093,1344.4388313270595,479.5470026479511,107.55510650616476,660.0,1000.0,-902.6632778270564,10000.0,-15186.8166125007,-2263.2835146972293,inf,0.225485418130025,2.931310435690325
28180,Villarejo de Salvanés,81.0,AC22,base,0.06255460921667257,0.06255460921667257,False,3.561859448797336,1324.6584726932242,472.4915595343405,105.97267781545794,660.0,1000.0,-913.8057646565742,10000.0,-15274.385552000798,-2276.3338689766742,inf,0.225485418130025,2.931310435690325
28133,San Martín de Valdeiglesias,82.0,AC22,base,0.06012687800674142,0.06012687800674143,False,3.4236244337038566,1273.248756336145,454.1542616137769,101.8599005068916,660.0,1000.0,-942.7654057845234,10000.0,-15501.97972381169,-2310.2521120320857,inf,0.225485418130025,2.931310435690325
28132,San Martín de la Vega,83.0,AC22,base,0.060000000000000005,0.06,False,3.4164,1270.5619834710747,453.19591836734696,101.64495867768598,660.0,1000.0,-944.2788935739584,10000.0,-15513.874242754813,-2312.024746108477,inf,0.225485418130025,2.931310435690325
28130,San Fernando de Henares,1.0,AC22,high,0.315,0.315,False,22.075200000000002,9486.862809917357,2252.571428571429,379.47451239669425,330.0,700.0,5824.816868949232,4900.0,72647.99125966386,8665.236587925116,0.8412281639480857,0.0494717151377641,0.7915474422042256
28022,Boadilla del Monte,2.0,AC22,high,0.30369082286621174,0.30369082286621174,False,21.28265286646412,9146.264041786233,2171.6992720881753,365.8505616714493,330.0,700.0,5578.714208026608,4900.0,69553.82371365005,8296.17347463053,0.8783385951103071,0.0494717151377641,0.7915474422042256
28115,Pozuelo de Alarcón,3.0,AC22,high,0.28917376999549954,0.28917376999549954,False,20.265297801284607,8709.053600552063,2067.8875307433277,348.36214402208253,330.0,700.0,5262.803925786652,4900.0,65581.98798016216,7822.424707152125,0.9310626177789015,0.0494717151377641,0.7915474422042256
28010,Alpedrete,4.0,AC22,high,0.27928490174810666,0.27928490174810666,False,19.572285914507315,8411.23031036678,1997.1720320925833,336.4492124146712,330.0,700.0,5047.609065859526,4900.0,62876.414017006806,7499.711882057286,0.9707566366702389,0.0494717151377641,0.7915474422042256
28181,Villaviciosa de Odón,5.0,AC22,high,0.25730584244759064,0.25730584244759064,False,18.031993438727152,7749.286436477785,1839.999330482363,309.97145745911143,330.0,700.0,4569.315648536311,4900.0,56862.98870983865,6782.448375015765,1.0659093393839774,0.0494717151377641,0.7915474422042256
28073,Humanes de Madrid,6.0,AC22,high,0.2560609484440036,0.2560609484440036,False,17.944751266955773,7711.793932906613,1831.0970680567116,308.47175731626453,330.0,700.0,4542.225107533637,4900.0,56522.388277237966,6741.822567209386,1.0717270787800737,0.0494717151377641,0.7915474422042256
28079,Madrid,7.0,AC22,high,0.255748723820567,0.255748723820567,False,17.922870565345335,7702.390656181467,1828.8643434025853,308.0956262472587,330.0,700.0,4535.430686531622,4900.0,56436.96426402505,6731.633444675575,1.0731969130857768,0.0494717151377641,0.7915474422042256
28104,Paracuellos de Jarama,8.0,AC22,high,0.2536298042883495,0.2536298042883495,False,17.774376684527535,7638.575104094478,1813.7119065844427,305.54300416377913,330.0,700.0,4489.320193346256,4900.0,55857.232248897795,6662.48473207433,1.0832875650194436,0.0494717151377641,0.7915474422042256
28061,Galapagar,9.0,AC22,high,0.25324928737403235,0.25324928737403235,False,17.747710059172185,7627.115066751684,1810.9908223645089,305.08460267006734,330.0,700.0,4481.039641717107,4900.0,55753.1236057082,6650.066962381823,1.0851212776380157,0.0494717151377641,0.7915474422042256
28106,Parla,10.0,AC22,high,0.251136109420171,0.251136109420171,False,17.599618548165584,7563.4724339224,1795.879443690366,302.53889735689603,330.0,700.0,4435.054092875138,4900.0,55174.96247458094,6581.105620157599,1.0954271853042932,0.0494717151377641,0.7915474422042256
28045,Colmenar Viejo,11.0,AC22,high,0.24625308688465788,0.24625308688465788,False,17.257416328876825,7416.410323153677,1760.9608498853904,296.6564129261471,330.0,700.0,4328.793060342139,4900.0,53838.977576908925,6421.753310265852,1.1200646052051084,0.0494717151377641,0.7915474422042256
28092,Móstoles,12.0,AC22,high,0.24251346206709704,0.24251346206709704,False,16.99534342166216,7303.783949805226,1734.218716496139,292.15135799220906,330.0,700.0,4247.413875316878,4900.0,52815.82393735773,6299.714583540172,1.1397518306640306,0.0494717151377641,0.7915474422042256
28161,Valdemoro,13.0,AC22,high,0.23714211087634696,0.23714211087634696,False,16.618919130214394,7142.01483281941,1695.808074511673,285.6805933127764,330.0,700.0,4130.52616499496,4900.0,51346.23332647176,6124.426181067978,1.1693619780032565,0.0494717151377641,0.7915474422042256
28009,Algete,14.0,AC22,high,0.23643981695812882,0.23643981695812882,False,16.56970237242567,7120.863829472189,1690.7859563699662,284.8345531788876,330.0,700.0,4115.243319923335,4900.0,51154.087158469745,6101.5075569418195,1.1733555261686612,0.0494717151377641,0.7915474422042256
28066,Griñón,15.0,AC22,high,0.23366612265299494,0.23366612265299494,False,16.375321875521887,7037.328409315191,1670.9512117879476,281.49313637260764,330.0,700.0,4054.8840611546348,4900.0,50395.21011551783,6010.990957593333,1.1894167502948212,0.0494717151377641,0.7915474422042256
28041,Cobeña,16.0,AC22,high,0.23205576632263336,0.23205576632263336,False,16.262468103890146,6988.829267787501,1659.435520805117,279.55317071150006,330.0,700.0,4019.8405762708835,4900.0,49954.619943838945,5958.4386707411595,1.1989587884225286,0.0494717151377641,0.7915474422042256
28167,Velilla de San Antonio,17.0,AC22,high,0.22984915125352368,0.22984915125352368,False,16.10782851984694,6922.372587041659,1643.655971412953,276.8949034816664,330.0,700.0,3971.8217121470398,4900.0,49350.89461063276,5886.428106434474,1.2123021954429327,0.0494717151377641,0.7915474422042256
28053,Daganzo de Arriba,18.0,AC22,high,0.2292258676125075,0.2292258676125075,False,16.064148802284524,6903.601138171862,1639.1988573759718,276.1440455268745,330.0,700.0,3958.258235269015,4900.0,49180.3654915661,5866.087899689302,1.216128722184688,0.0494717151377641,0.7915474422042256
28084,Mejorada del Campo,19.0,AC22,high,0.22591384265676007,0.22591384265676007,False,15.832042093385747,6803.852800463296,1615.5144993250763,272.15411201853186,330.0,700.0,3886.1841891196873,4900.0,48274.20229256167,5758.003445177974,1.2369016950020764,0.0494717151377641,0.7915474422042256
28065,Getafe,20.0,AC22,high,0.22227531422234206,0.22227531422234206,False,15.57705402070173,6694.27114939248,1589.4953082348707,267.7708459756992,330.0,700.0,3807.004995181909,4900.0,47278.708414993096,5639.263892694957,1.260611355108984,0.0494717151377641,0.7915474422042256
28160,Valdemorillo,21.0,AC22,high,0.22177241808904977,0.22177241808904977,False,15.541811059680608,6679.125414077616,1585.899087722511,267.16501656310464,330.0,700.0,3796.0613097920004,4900.0,47141.1170698191,5622.852405774112,1.2639646328864877,0.0494717151377641,0.7915474422042256
28177,Villanueva del Pardillo,22.0,AC22,high,0.21401807769027384,0.21401807769027384,False,14.99838688453439,6445.587752031309,1530.4476412790198,257.8235100812524,330.0,700.0,3627.316600671036,4900.0,45019.54552497593,5369.7976542866745,1.3181786508787556,0.0494717151377641,0.7915474422042256
28046,Collado Mediano,23.0,AC22,high,0.21369382744670842,0.21369382744670842,False,14.975663427465326,6435.822299406586,1528.1289211699313,257.4328919762635,330.0,700.0,3620.260486260391,4900.0,44930.83132689076,5359.216088275187,1.3205534403785855,0.0494717151377641,0.7915474422042256
28083,Meco,24.0,AC22,high,0.2114096189614198,0.2114096189614198,False,14.8155860968163,6367.028735821881,1511.7944996751328,254.68114943287526,330.0,700.0,3570.553086713873,4900.0,44305.87659500374,5284.673344358314,1.3375432420896305,0.0494717151377641,0.7915474422042256
28129,San Agustín del Guadalix,25.0,AC22,high,0.2092586540165545,0.2092586540165545,False,14.664846473480138,6302.248071247663,1496.412905457157,252.08992284990651,330.0,700.0,3523.7452429405994,4900.0,43717.377021048786,5214.478863385181,1.3539709045997015,0.0494717151377641,0.7915474422042256
28152,Torrelodones,26.0,AC22,high,0.20526162567712092,0.20526162567712092,False,14.384734727452635,6181.869469649067,1467.8300742298607,247.27477878596267,330.0,700.0,3436.7646166332424,4900.0,42623.798308639845,5084.040043175112,1.385660143894754,0.0494717151377641,0.7915474422042256
28072,Hoyo de Manzanares,27.0,AC22,high,0.19737083114845277,0.19737083114845277,False,13.831747846883571,5944.222215189634,1411.4028415187317,237.76888860758535,330.0,700.0,3265.050485063316,4900.0,40464.89319520567,4826.532254529959,1.4530634628842392,0.0494717151377641,0.7915474422042256
28013,Aranjuez,28.0,AC22,high,0.19003260067184044,0.19003260067184044,False,13.317484655082579,5723.216545985902,1358.9270056206715,228.92866183943607,330.0,700.0,3105.360878525794,4900.0,38457.16846711154,4587.056813148792,1.5222759081033965,0.0494717151377641,0.7915474422042256
28903,Tres Cantos,29.0,AC22,high,0.1864586511354469,0.1864586511354469,False,13.06702227157212,5615.5798191880185,1333.3696195481755,224.62319276752075,330.0,700.0,3027.587006872322,4900.0,37479.34324289068,4470.424725150246,1.5585634397425978,0.0494717151377641,0.7915474422042256
28068,Guadarrama,30.0,AC22,high,0.18514849916361126,0.18514849916361126,False,12.975206821385877,5576.1219397691375,1324.0006960597834,223.0448775907655,330.0,700.0,2999.076366118588,4900.0,37120.88836472909,4427.669292116124,1.5723255907575187,0.0494717151377641,0.7915474422042256
28018,Becerril de la Sierra,31.0,AC22,high,0.18168685893676922,0.18168685893676922,False,12.732615074288788,5471.867635231545,1299.2464361519171,218.87470540926182,330.0,700.0,2923.746493670366,4900.0,36173.79073603693,4314.702300432252,1.6099460860466455,0.0494717151377641,0.7915474422042256
28058,Fuenlabrada,32.0,AC22,high,0.18120706971220255,0.18120706971220255,False,12.698991445431155,5457.41781125967,1295.815453615424,218.29671245038682,330.0,700.0,2913.3056451938587,4900.0,36042.521393447365,4299.044883199416,1.6153099462762521,0.0494717151377641,0.7915474422042256
28149,Torrejón de la Calzada,33.0,AC22,high,0.18085558140817945,0.18085558140817945,False,12.674359145085216,5446.83202929282,1293.301953580124,217.87328117171282,330.0,700.0,2905.6567945409834,4900.0,35946.35491818168,4287.574431703716,1.6192632891519505,0.0494717151377641,0.7915474422042256
28054,El Escorial,34.0,AC22,high,0.17877275745553517,0.17877275745553517,False,12.528394842483905,5384.103568670769,1278.4076369881539,215.36414274683077,330.0,700.0,2860.3317889357845,4900.0,35376.4985792021,4219.603660416492,1.6431123118411695,0.0494717151377641,0.7915474422042256
28127,Las Rozas de Madrid,35.0,AC22,high,0.17654320532926868,0.17654320532926868,False,12.372147829475148,5316.956092005849,1262.4640642321583,212.67824368023398,330.0,700.0,2811.813784093457,4900.0,34766.497714450496,4146.844569349284,1.6694709348502716,0.0494717151377641,0.7915474422042256
28004,El Álamo,36.0,AC22,high,0.17599604689825846,0.17599604689825846,False,12.333802966629953,5300.477307973203,1258.5513231255054,212.01909231892813,330.0,700.0,2799.9068925287693,4900.0,34616.79629588297,4128.988628848478,1.6760755507889895,0.0494717151377641,0.7915474422042256
28032,Camarma de Esteruelas,37.0,AC22,high,0.16419473234451398,0.16419473234451398,False,11.50676684270354,4945.056824963505,1174.1598819085245,197.80227299854022,330.0,700.0,2543.09467005644,4900.0,31387.9809664811,3743.8651279386745,1.8331401375283898,0.0494717151377641,0.7915474422042256
28038,Cercedilla,38.0,AC22,high,0.16386511054663744,0.16386511054663744,False,11.483666947108352,4935.129597104416,1171.802749704934,197.40518388417664,330.0,700.0,2535.9216635153048,4900.0,31297.797122211723,3733.108266896095,1.8379704359849383,0.0494717151377641,0.7915474422042256
28141,Sevilla la Nueva,39.0,AC22,high,0.16094059781020784,0.16094059781020784,False,11.278717094539365,4847.051974512785,1150.8894994427924,193.8820789805114,330.0,700.0,2472.2803960894807,4900.0,30497.656467421806,3637.6698665060544,1.8820172172394285,0.0494717151377641,0.7915474422042256
28059,Fuente el Saz de Jarama,40.0,AC22,high,0.1591087758639434,0.1591087758639434,False,11.150343012545154,4791.882947540066,1137.7901033209341,191.67531790160265,330.0,700.0,2432.4175263175293,4900.0,29996.47375986007,3577.890281971133,1.9107450065239007,0.0494717151377641,0.7915474422042256
28082,Manzanares el Real,41.0,AC22,high,0.1569882566600746,0.1569882566600746,False,11.001737026738029,4728.019218102293,1122.6262272181664,189.12076872409173,330.0,700.0,2386.272222160035,4900.0,29416.304077867295,3508.6893657663104,1.9451618108401736,0.0494717151377641,0.7915474422042256
28075,Loeches,42.0,AC22,high,0.15564891875901227,0.15564891875901227,False,10.90787622663158,4687.682345329274,1113.048594554243,187.50729381317095,330.0,700.0,2357.1264569618597,4900.0,29049.8639896462,3464.98148059731,1.9675723368237714,0.0494717151377641,0.7915474422042256
28100,Nuevo Baztán,43.0,AC22,high,0.1549328264557221,0.1549328264557221,False,10.857692478017004,4666.11577567673,1107.927803879286,186.64463102706918,330.0,700.0,2341.5433407703736,4900.0,28853.942611938637,3441.612560672185,1.9797760425553075,0.0494717151377641,0.7915474422042256
28172,Villalbilla,44.0,AC22,high,0.1540368318518091,0.1540368318518091,False,10.794901176174783,4639.13108397594,1101.5205281811002,185.5652433590376,330.0,700.0,2322.0453124358014,4900.0,28608.800335711647,3412.3727181882155,1.9952690110479572,0.0494717151377641,0.7915474422042256
28006,Alcobendas,45.0,AC22,high,0.1508373018675762,0.1508373018675762,False,10.570678114879742,4542.770760113608,1078.6406239673206,181.71083040454434,330.0,700.0,2252.419305741743,4900.0,27733.415528966183,3307.95941887465,2.0473691083607526,0.0494717151377641,0.7915474422042256
28176,Villanueva de la Cañada,46.0,AC22,high,0.14954673195568147,0.14954673195568147,False,10.480234975454158,4503.902634079473,1069.4117321891997,180.1561053631789,330.0,700.0,2224.3347965270937,4900.0,27380.31826202922,3265.843025791978,2.06905045521462,0.0494717151377641,0.7915474422042256
28014,Arganda del Rey,47.0,AC22,high,0.14880052871425023,0.14880052871425023,False,10.427941052294656,4481.429212556382,1064.0756175810873,179.25716850225527,330.0,700.0,2208.0964264730383,4900.0,27176.1585937304,3241.491467037953,2.0818224728339323,0.0494717151377641,0.7915474422042256
28113,Pinto,48.0,AC22,high,0.1486736118352663,0.1486736118352663,False,10.419046717415464,4477.606853765324,1063.1680323893331,179.10427415061295,330.0,700.0,2205.3345472253773,4900.0,27141.43439732356,3237.3496680429143,2.0840123292299815,0.0494717151377641,0.7915474422042256
28044,Colmenarejo,49.0,AC22,high,0.14707997606293866,0.14707997606293866,False,10.307364722490743,4429.611285698501,1051.771910458239,177.18445142794005,330.0,700.0,2170.6549238123216,4900.0,26705.418935847527,3185.343039034014,2.1119535525889583,0.0494717151377641,0.7915474422042256
28123,Rivas-Vaciamadrid,50.0,AC22,high,0.14652794000871247,0.14652794000871247,False,10.26867803581057,4412.985602166526,1047.8242893684255,176.51942408666105,330.0,700.0,2158.641888711439,4900.0,26554.383009625006,3167.3279224244347,2.1218284193352326,0.0494717151377641,0.7915474422042256
28151,Torrelaguna,51.0,AC22,high,0.13540160563649462,0.13540160563649462,False,9.488944523005543,4077.893514018911,968.2596452046472,163.11574056075645,330.0,700.0,1916.5181282535073,4900.0,23510.2408661831,2804.2316905421985,2.345369710548579,0.0494717151377641,0.7915474422042256
28090,Moralzarzal,52.0,AC22,high,0.13490930605252446,0.13490930605252446,False,9.454444168160915,4063.0669152427076,964.7392008327465,162.5226766097083,330.0,700.0,1905.8050378002526,4900.0,23375.548715055193,2788.16601087477,2.3564788555133247,0.0494717151377641,0.7915474422042256
28154,Torres de la Alameda,53.0,AC22,high,0.1348206810238036,0.1348206810238036,False,9.448233326148156,4060.397793055406,964.1054414436894,162.41591172221624,330.0,700.0,1903.8764398895,4900.0,23351.30108992839,2785.2738261801096,2.3584910799703795,0.0494717151377641,0.7915474422042256
28108,Pedrezuela,54.0,AC22,high,0.1327450713986754,0.1327450713986754,False,9.302774603619172,3997.886606514024,949.2627146550175,159.91546426056098,330.0,700.0,1858.7084275984453,4900.0,22783.418576082375,2717.538486891333,2.406724261414352,0.0494717151377641,0.7915474422042256
28089,Moraleja de Enmedio,55.0,AC22,high,0.1300299533592073,0.1300299533592073,False,9.112499131413248,3916.1153292023873,929.846850144209,156.6446131680955,330.0,700.0,1799.623865890083,4900.0,22040.567878641337,2628.933462427212,2.473197535399224,0.0494717151377641,0.7915474422042256
28080,Majadahonda,56.0,AC22,high,0.12941568663424644,0.12941568663424644,False,9.06945131932799,3897.615443016988,925.4542162579583,155.90461772067954,330.0,700.0,1786.2566090383498,4900.0,21872.505769215928,2608.887513263501,2.4888000327943716,0.0494717151377641,0.7915474422042256
28164,Valdetorres de Jarama,57.0,AC22,high,0.12897315872675538,0.12897315872675538,False,9.038438963571018,3884.2878190553133,922.2896901603079,155.37151276221255,330.0,700.0,1776.6266161327926,4900.0,21751.431046151127,2594.446079963245,2.50017471354269,0.0494717151377641,0.7915474422042256
28033,Campo Real,58.0,AC22,high,0.12760679079629883,0.12760679079629883,False,8.942683899004622,3843.1368822168624,912.5187652045532,153.7254752886745,330.0,700.0,1746.8926417236344,4900.0,21377.59559761955,2549.856098185211,2.536025660756259,0.0494717151377641,0.7915474422042256
28171,Villa del Prado,59.0,AC22,high,0.12738032763658624,0.12738032763658624,False,8.926813360771964,3836.3164856210096,910.8993225277515,153.4526594248404,330.0,700.0,1741.9645036684174,4900.0,21315.635744054536,2542.465710911115,2.5420766692382895,0.0494717151377641,0.7915474422042256
28005,Alcalá de Henares,60.0,AC22,high,0.12672027745494155,0.12672027745494155,False,8.880557044042304,3816.4377379355356,906.1792902083985,152.65750951742143,330.0,700.0,1727.6009382097154,4900.0,21135.047375278893,2520.9256667428567,2.5598944585793593,0.0494717151377641,0.7915474422042256
28134,San Sebastián de los Reyes,61.0,AC22,high,0.12604607079989097,0.12604607079989097,False,8.833308641656359,3796.1326393895097,901.3580246588122,151.8453055755804,330.0,700.0,1712.9293091551167,4900.0,20950.58582456789,2498.9236409390974,2.5783785228824803,0.0494717151377641,0.7915474422042256
28049,Coslada,62.0,AC22,high,0.12146431131360956,0.12146431131360957,False,8.512218936857758,3658.14367534383,868.5937690671183,146.32574701375322,330.0,700.0,1613.2241592629584,4900.0,19697.025876007425,2349.4027341242277,2.7121546022922485,0.0494717151377641,0.7915474422042256
28040,Ciempozuelos,63.0,AC22,high,0.12007037890788154,0.12007037890788154,False,8.414532153864338,3616.162578520212,858.6257299861571,144.64650314080848,330.0,700.0,1582.8903453932458,4900.0,19315.6488438753,2303.9132146574943,2.755913541905746,0.0494717151377641,0.7915474422042256
28074,Leganés,64.0,AC22,high,0.1191490850832905,0.11914908508329049,False,8.349967882636998,3588.4159495630074,852.0375390445918,143.5366379825203,330.0,700.0,1562.8417725358954,4900.0,19063.584753033916,2273.847758688396,2.7856874414185357,0.0494717151377641,0.7915474422042256
28043,Colmenar de Oreja,65.0,AC22,high,0.11501283957219363,0.11501283957219363,False,8.06009979721933,3463.8445409537617,822.4591629815643,138.55378163815047,330.0,700.0,1472.831596334047,4900.0,17931.916509502375,2138.8657323555203,2.9284431822141475,0.0494717151377641,0.7915474422042256
28091,Morata de Tajuña,66.0,AC22,high,0.11274437388617765,0.11274437388617765,False,7.90112572194333,3395.5251036450677,806.237318565646,135.8210041458027,330.0,700.0,1423.4667809336188,4900.0,17311.268975037114,2064.836738152071,3.012163784213525,0.0494717151377641,0.7915474422042256
28144,Soto del Real,67.0,AC22,high,0.11132702935754522,0.11132702935754522,False,7.80179821737677,3352.8389033354715,796.101858915997,134.11355613341885,330.0,700.0,1392.6234882860554,4900.0,16923.48643435056,2018.5831886532928,3.0619223561677997,0.0494717151377641,0.7915474422042256
28050,Cubas de la Sagra,68.0,AC22,high,0.10407095549270094,0.10407095549270094,False,7.293292560928482,3134.307546845298,744.2135266253554,125.37230187381192,330.0,700.0,1234.7217183461307,4900.0,14938.23958584183,1781.7888419758472,3.349886674745683,0.0494717151377641,0.7915474422042256
28007,Alcorcón,69.0,AC22,high,0.1029686584681314,0.1029686584681314,False,7.2160435854466485,3101.1096400266592,736.330978106801,124.04438560106637,330.0,700.0,1210.7342763187917,4900.0,14636.653392687193,1745.8165367541392,3.399223677717931,0.0494717151377641,0.7915474422042256
28047,Collado Villalba,70.0,AC22,high,0.10089245340436805,0.10089245340436805,False,7.070543134578113,3038.5805206451396,721.4839933242972,121.54322082580559,330.0,700.0,1165.5533064950364,4900.0,14068.607968058299,1678.061765951127,3.496815998646756,0.0494717151377641,0.7915474422042256
28026,Brunete,71.0,AC22,high,0.09702349118504053,0.09702349118504053,False,6.799406262247641,2922.0588895609694,693.8169655354736,116.88235558243878,330.0,700.0,1081.359568443057,4900.0,13010.067882057654,1551.802249012618,3.6968637315837167,0.0494717151377641,0.7915474422042256
28096,Navalcarnero,72.0,AC22,high,0.0962796816682319,0.0962796816682319,False,6.747280091309691,2899.6575599016855,688.4979685009889,115.98630239606743,330.0,700.0,1065.1732890046292,4900.0,12806.563131880084,1527.5288069465835,3.7383448753848465,0.0494717151377641,0.7915474422042256
28015,Arroyomolinos,73.0,AC22,high,0.09488192292689954,0.09488192292689954,False,6.64932515871712,2857.5612252338037,678.5025672160327,114.30244900935215,330.0,700.0,1034.7562090084189,4900.0,12424.139222215937,1481.9144190377046,3.8192087455816126,0.0494717151377641,0.7915474422042256
28131,San Lorenzo de El Escorial,74.0,AC22,high,0.09480417981648034,0.09480417981648034,False,6.643876921538943,2855.219834049794,677.946624646831,114.20879336199175,330.0,700.0,1033.064416040971,4900.0,12402.868867499628,1479.3773543132704,3.8238223370095796,0.0494717151377641,0.7915474422042256
28086,El Molar,75.0,AC22,high,0.08765589128213831,0.08765589128213831,False,6.142924861052252,2639.93465103072,626.8290674543116,105.5973860412288,330.0,700.0,877.5081975351798,4900.0,10447.111863179472,1246.1004686475367,4.271255848243547,0.0494717151377641,0.7915474422042256
28023,El Boalo-Cerceda-Mataelpino,76.0,AC22,high,0.08500226292532001,0.08500226292532001,False,5.956958585806427,2560.015260015985,607.8529169190232,102.4006104006394,330.0,700.0,819.7617326963223,4900.0,9721.084616129116,1159.5020953699488,4.460631965686392,0.0494717151377641,0.7915474422042256
28052,Chinchón,77.0,AC22,high,0.08400879601559223,0.08400879601559223,False,5.8873364247727045,2530.094992464303,600.7486147727249,101.20379969857211,330.0,700.0,798.1425779930055,4900.0,9449.274118004163,1127.0813465991262,4.536784297908792,0.0494717151377641,0.7915474422042256
28085,Miraflores de la Sierra,78.0,AC22,high,0.0753416421686176,0.0753416421686176,False,5.279942283176721,2269.066105166856,538.7696207323186,90.76264420667424,330.0,700.0,609.5338402278628,4900.0,7077.958695815309,844.2378873158856,5.3129116015053945,0.0494717151377641,0.7915474422042256
28148,Torrejón de Ardoz,79.0,AC22,high,0.07208434998632723,0.07208434998632723,False,5.051671247041813,2170.9661557535064,515.4766578614094,86.83864623014026,330.0,700.0,538.6508516619565,4900.0,6186.770270778119,737.9395793590174,5.6646608939022975,0.0494717151377641,0.7915474422042256
28067,Guadalix de la Sierra,80.0,AC22,high,0.05284957726604687,0.05284957726604687,False,3.7036983748045644,1591.6720288416311,377.9284055923025,63.666881153665244,330.0,700.0,120.07674209566335,4900.0,924.176113663953,110.23298146240278,8.825568599143768,0.0494717151377641,0.7915474422042256
28180,Villarejo de Salvanés,81.0,AC22,high,0.05074787073751329,0.05074787073751329,False,3.556410781284931,1528.3748812133588,362.89905931478893,61.13499524853435,330.0,700.0,74.34082665003552,4900.0,349.15354085403953,41.64599715080998,9.32225349686229,0.0494717151377641,0.7915474422042256
28133,San Martín de Valdeiglesias,82.0,AC22,high,0.045285475515168226,0.045285475515168226,False,3.173606124102989,1363.8637888707062,323.8373596023459,54.55455155482825,330.0,700.0,-44.52812228646803,4900.0,-1145.3465293574704,-136.61353163321203,10.841776480351426,0.0494717151377641,0.7915474422042256
28132,San Martín de la Vega,83.0,AC22,high,0.045,0.045,False,3.1536,1355.2661157024793,321.795918367347,54.210644628099175,330.0,700.0,-50.740447292966905,4900.0,-1223.4520417007202,-145.9297251237696,10.93520016408559,0.0494717151377641,0.7915474422042256
28130,San Fernando de Henares,1.0,DC50,low,0.05,0.05,False,13.14,4886.7768595041325,2213.0526315789475,586.4132231404959,2250.0,4500.0,-4662.688995215311,60000.0,-84875.1016732466,-15909.330049704102,inf,0.43109630077251476,12.415573462248426
28022,Boadilla del Monte,2.0,DC50,low,0.04916228317527494,0.04916228317527494,False,12.919848018462256,4804.902155626459,2175.974403109433,576.588258675175,2250.0,4500.0,-4697.660506158149,60000.0,-85061.67210315581,-15944.301560646947,inf,0.43109630077251476,12.415573462248426
28115,Pozuelo de Alarcón,3.0,DC50,low,0.04808694592559256,0.04808694592559256,False,12.637249389245724,4699.803491868245,2128.3788445045434,563.9764190241893,2250.0,4500.0,-4742.551771660487,60000.0,-85301.16369154124,-15989.192826149285,inf,0.43109630077251476,12.415573462248426
28010,Alpedrete,4.0,DC50,low,0.047354437166526424,0.047354437166526424,False,12.444746087363145,4628.211354804475,2095.957235766424,555.385362576537,2250.0,4500.0,-4773.131243538486,60000.0,-85464.30291718118,-16019.77229802728,inf,0.43109630077251476,12.415573462248426
28181,Villaviciosa de Odón,5.0,DC50,low,0.04572635869982153,0.04572635869982153,False,12.016887066313098,4469.090231273467,2023.896769063259,536.290827752816,2250.0,4500.0,-4841.097365542608,60000.0,-85826.89716203083,-16087.738420031403,inf,0.43109630077251476,12.415573462248426
28073,Humanes de Madrid,6.0,DC50,low,0.04563414432918545,0.04563414432918545,False,11.992653129709938,4460.077610222705,2019.8152639511475,535.2093132267246,2250.0,4500.0,-4844.946966955167,60000.0,-85847.43450145816,-16091.58802144396,inf,0.43109630077251476,12.415573462248426
28079,Madrid,7.0,DC50,low,0.04561101657930126,0.04561101657930126,False,11.98657515704037,4457.817207163775,2018.7916053962729,534.938064859653,2250.0,4500.0,-4845.9124630921515,60000.0,-85852.58535209333,-16092.553517580944,inf,0.43109630077251476,12.415573462248426
28104,Paracuellos de Jarama,8.0,DC50,low,0.04545405957691477,0.04545405957691478,False,11.945326856813203,4442.4769302197865,2011.84452325275,533.0972316263743,2250.0,4500.0,-4852.464824659338,60000.0,-85887.54171747627,-16099.105879148136,inf,0.43109630077251476,12.415573462248426
28061,Galapagar,9.0,DC50,low,0.04542587313881723,0.04542587313881722,False,11.937919460881167,4439.722113550848,2010.5969618326176,532.7666536261017,2250.0,4500.0,-4853.641501907872,60000.0,-85893.81920375596,-16100.28255639667,inf,0.43109630077251476,12.415573462248426
28106,Parla,10.0,DC50,low,0.04526934143853119,0.04526934143853119,False,11.896782930045996,4424.423403736115,2003.6687040077468,530.9308084483338,2250.0,4500.0,-4860.176108719966,60000.0,-85928.68084883077,-16106.817163208761,inf,0.43109630077251476,12.415573462248426
28045,Colmenar Viejo,11.0,DC50,low,0.044907636065530214,0.044907636065530214,False,11.80172675802134,4389.071934801325,1987.659243456226,526.688632176159,2250.0,4500.0,-4875.275940831059,60000.0,-86009.23733874418,-16121.916995319854,inf,0.43109630077251476,12.415573462248426
28092,Móstoles,12.0,DC50,low,0.044630626819784976,0.04463062681978497,False,11.728928728239492,4361.998287361795,1975.3985226508617,523.4397944834153,2250.0,4500.0,-4886.840029772482,60000.0,-86070.93089979266,-16133.481084261279,inf,0.43109630077251476,12.415573462248426
28161,Valdemoro,13.0,DC50,low,0.044232748953803476,0.044232748953803476,False,11.624366425059554,4323.111480394049,1957.7880294837146,518.7733776472859,2250.0,4500.0,-4903.449926736951,60000.0,-86159.54347425286,-16150.090981225745,inf,0.43109630077251476,12.415573462248426
28009,Algete,14.0,DC50,low,0.04418072718208362,0.044180727182083615,False,11.610695103451574,4318.027104589429,1955.4854911076338,518.1632525507314,2250.0,4500.0,-4905.621639068936,60000.0,-86171.12939926708,-16152.262693557732,inf,0.43109630077251476,12.415573462248426
28066,Griñón,15.0,DC50,low,0.04397526834466629,0.04397526834466629,False,11.556700520978302,4297.946474743997,1946.3916666910827,515.7535769692796,2250.0,4500.0,-4914.198768916365,60000.0,-86216.88775399294,-16160.83982340516,inf,0.43109630077251476,12.415573462248426
28041,Cobeña,16.0,DC50,low,0.04385598269056543,0.04385598269056543,False,11.525352251080596,4286.288027261379,1941.1119580767322,514.3545632713655,2250.0,4500.0,-4919.178494086718,60000.0,-86243.45422026262,-16165.819548575515,inf,0.43109630077251476,12.415573462248426
28167,Velilla de San Antonio,17.0,DC50,low,0.043692529722483234,0.04369252972248324,False,11.482396811068595,4270.312863620552,1933.8773576536582,512.4375436344662,2250.0,4500.0,-4926.002037667572,60000.0,-86279.85732167466,-16172.643092156371,inf,0.43109630077251476,12.415573462248426
28053,Daganzo de Arriba,18.0,DC50,low,0.04364636056388944,0.043646360563889444,False,11.470263556190144,4265.800496103773,1931.8338620951824,511.89605953245274,2250.0,4500.0,-4927.929425523862,60000.0,-86290.13979364268,-16174.570480012657,inf,0.43109630077251476,12.415573462248426
28084,Mejorada del Campo,19.0,DC50,low,0.043401025381982226,0.043401025381982226,False,11.40578947038493,4241.822530308445,1920.9750686964094,509.01870363701335,2250.0,4500.0,-4938.171242024978,60000.0,-86344.77912880859,-16184.812296513772,inf,0.43109630077251476,12.415573462248426
28065,Getafe,20.0,DC50,low,0.043131504757210525,0.043131504757210525,False,11.334959450194924,4215.480787262576,1909.0458021380928,505.8576944715091,2250.0,4500.0,-4949.422709347025,60000.0,-86404.80487658983,-16196.06376383582,inf,0.43109630077251476,12.415573462248426
28160,Valdemorillo,21.0,DC50,low,0.043094253191781465,0.043094253191781465,False,11.325169738800168,4211.839985504195,1907.3970086400284,505.42079826050343,2250.0,4500.0,-4950.977821396336,60000.0,-86413.10128460238,-16197.618875885133,inf,0.43109630077251476,12.415573462248426
28177,Villanueva del Pardillo,22.0,DC50,low,0.04251985760668696,0.04251985760668696,False,11.174218579037333,4155.701124435373,1881.9736554168142,498.68413493224466,2250.0,4500.0,-4974.956665913686,60000.0,-86541.0266504134,-16221.597720402478,inf,0.43109630077251476,12.415573462248426
28046,Collado Mediano,23.0,DC50,low,0.042495839070126544,0.042495839070126544,False,11.167906507629256,4153.35365986212,1880.9105697059802,498.4024391834544,2250.0,4500.0,-4975.959349027315,60000.0,-86546.37589082449,-16222.600403516106,inf,0.43109630077251476,12.415573462248426
28083,Meco,24.0,DC50,low,0.042326638441586656,0.042326638441586656,False,11.123440582448973,4136.816745538875,1873.4215717808797,496.418009464665,2250.0,4500.0,-4983.02283570667,60000.0,-86584.05907095871,-16229.66389019546,inf,0.43109630077251476,12.415573462248426
28129,San Agustín del Guadalix,25.0,DC50,low,0.04216730770492997,0.04216730770492997,False,11.081568464855597,4121.244470400842,1866.36942565989,494.54933644810103,2250.0,4500.0,-4989.674291707149,60000.0,-86619.5440978299,-16236.315346195946,inf,0.43109630077251476,12.415573462248426
28152,Torrelodones,26.0,DC50,low,0.04187123153163859,0.04187123153163859,False,11.003759646514622,4092.307306555025,1853.2647825708837,491.076876786603,2250.0,4500.0,-5002.034352802461,60000.0,-86685.48411157496,-16248.675407291257,inf,0.43109630077251476,12.415573462248426
28072,Hoyo de Manzanares,27.0,DC50,low,0.041286728233218724,0.04128672823321873,False,10.850152179689882,4035.1805626945843,1827.3940513161908,484.2216675233501,2250.0,4500.0,-5026.435156144957,60000.0,-86815.6605965767,-16273.07621063375,inf,0.43109630077251476,12.415573462248426
28013,Aranjuez,28.0,DC50,low,0.04074315560532152,0.04074315560532152,False,10.707301293078496,3982.054199905226,1803.3349546237469,477.8465039886271,2250.0,4500.0,-5049.127258707148,60000.0,-86936.72128902122,-16295.768313195942,inf,0.43109630077251476,12.415573462248426
28903,Tres Cantos,29.0,DC50,low,0.040478418602625695,0.040478418602625695,False,10.637728408770032,3956.1799867326567,1791.6174162139002,474.7415984079188,2250.0,4500.0,-5060.179027889162,60000.0,-86995.68166196354,-16306.820082377959,inf,0.43109630077251476,12.415573462248426
28068,Guadarrama,30.0,DC50,low,0.04038137030841565,0.04038137030841565,False,10.612224117051632,3946.6949195646566,1787.3219565560644,473.60339034775876,2250.0,4500.0,-5064.230427339166,60000.0,-87017.2955790275,-16310.871481827957,inf,0.43109630077251476,12.415573462248426
28018,Becerril de la Sierra,31.0,DC50,low,0.028127853881278538,0.040124952513834765,True,7.392,2749.0909090909095,1244.9684210526316,329.89090909090913,2250.0,4500.0,-5575.768421052631,60000.0,-89746.31302291206,-16822.409475541426,inf,0.43109630077251476,12.415573462248426
28058,Fuenlabrada,32.0,DC50,low,0.04008941257127426,0.04008941257127426,False,10.535497623730876,3918.160273288343,1774.399599786253,470.17923279460115,2250.0,4500.0,-5076.418559292511,60000.0,-87082.31836348893,-16323.059613781308,inf,0.43109630077251476,12.415573462248426
28149,Torrejón de la Calzada,33.0,DC50,low,0.040063376400605887,0.040063376400605887,False,10.528655318079227,3915.6156141616966,1773.2472114659754,469.8738736994036,2250.0,4500.0,-5077.505471003682,60000.0,-87088.11695725165,-16324.146525492477,inf,0.43109630077251476,12.415573462248426
28054,El Escorial,34.0,DC50,low,0.03990909314485447,0.03990909314485446,False,10.488109678467755,3900.5366572813964,1766.4184721629902,468.0643988737676,2250.0,4500.0,-5083.946213755361,60000.0,-87122.47784449154,-16330.587268244157,inf,0.43109630077251476,12.415573462248426
28127,Las Rozas de Madrid,35.0,DC50,low,0.039743941135501386,0.039743941135501386,False,10.444707730409764,3884.3954369292514,1759.1086703848025,466.12745243151016,2250.0,4500.0,-5090.840685887061,60000.0,-87159.25934448765,-16337.481740375857,inf,0.43109630077251476,12.415573462248426
28004,El Álamo,36.0,DC50,low,0.028127853881278538,0.03970341088135248,True,7.392,2749.0909090909095,1244.9684210526316,329.89090909090913,2250.0,4500.0,-5575.768421052631,60000.0,-89746.31302291206,-16822.409475541426,inf,0.43109630077251476,12.415573462248426
28032,Camarma de Esteruelas,37.0,DC50,low,0.03047184170471842,0.03882923943292697,True,8.008,2978.1818181818185,1348.7157894736843,357.3818181818182,2250.0,4500.0,-5477.915789473684,60000.0,-89224.27645516781,-16724.556843962477,inf,0.43109630077251476,12.415573462248426
28038,Cercedilla,38.0,DC50,low,0.023105022831050228,0.03880482300345463,True,6.072,2258.1818181818185,1022.6526315789475,270.9818181818182,2250.0,4500.0,-5785.452631578947,60000.0,-90864.96281093545,-17032.093686067743,inf,0.43109630077251476,12.415573462248426
28141,Sevilla la Nueva,39.0,DC50,low,0.035494672754946735,0.03858819243038576,True,9.328000000000001,3469.09090909091,1571.0315789473689,416.29090909090917,2250.0,4500.0,-5268.231578947368,60000.0,-88105.62666714443,-16514.872633436164,inf,0.43109630077251476,12.415573462248426
28059,Fuente el Saz de Jarama,40.0,DC50,low,0.027792998477929983,0.03845250191584766,True,7.304,2716.3636363636365,1230.1473684210528,325.96363636363634,2250.0,4500.0,-5589.747368421053,60000.0,-89820.88967544696,-16836.388422909848,inf,0.43109630077251476,12.415573462248426
28082,Manzanares el Real,41.0,DC50,low,0.03829542641926479,0.03829542641926479,False,10.064038062982787,3742.824073010128,1694.995884291838,449.13888876121536,2250.0,4500.0,-5151.310700042925,60000.0,-87481.86240719532,-16397.95175453172,inf,0.43109630077251476,12.415573462248426
28075,Loeches,42.0,DC50,low,0.03819621620437128,0.03819621620437128,False,10.037965618508773,3733.1277093627673,1690.6047357488462,447.97532512353206,2250.0,4500.0,-5155.452351509611,60000.0,-87503.95781210752,-16402.093405998407,inf,0.43109630077251476,12.415573462248426
28100,Nuevo Baztán,43.0,DC50,low,0.03566210045662101,0.03814317233005349,True,9.372,3485.454545454546,1578.4421052631578,418.2545454545455,2250.0,4500.0,-5261.242105263158,60000.0,-88068.33834087699,-16507.883159751953,inf,0.43109630077251476,12.415573462248426
28172,Villalbilla,44.0,DC50,low,0.038076802359393265,0.038076802359393265,False,10.00658366004855,3721.456733075908,1685.3193532713349,446.5748079691089,2250.0,4500.0,-5160.437428164536,60000.0,-87530.55282815243,-16407.07848265333,inf,0.43109630077251476,12.415573462248426
28006,Alcobendas,45.0,DC50,low,0.03783980013833898,0.03783980013833898,False,9.944299476355484,3698.293193685924,1674.8293854914498,443.7951832423109,2250.0,4500.0,-5170.331375047837,60000.0,-87583.33630458081,-16416.972429536632,inf,0.43109630077251476,12.415573462248426
28176,Villanueva de la Cañada,46.0,DC50,low,0.03774420236708752,0.03774420236708752,False,9.9191763820706,3688.949894158488,1670.5981275066274,442.67398729901856,2250.0,4500.0,-5174.322220647158,60000.0,-87604.6271713204,-16420.96327513595,inf,0.43109630077251476,12.415573462248426
28014,Arganda del Rey,47.0,DC50,low,0.037688928052907425,0.037688928052907425,False,9.904650292304071,3683.547629369283,1668.151628177528,442.02571552431397,2250.0,4500.0,-5176.629714332559,60000.0,-87616.93747983416,-16423.270768821356,inf,0.43109630077251476,12.415573462248426
28113,Pinto,48.0,DC50,low,0.03767952680261232,0.03767952680261232,False,9.902179643726518,3682.628793121433,1667.7355189434136,441.91545517457195,2250.0,4500.0,-5177.022180996553,60000.0,-87619.0312605217,-16423.66323548535,inf,0.43109630077251476,12.415573462248426
28044,Colmenarejo,49.0,DC50,low,0.037561479708365826,0.037561479708365826,False,9.87115686735854,3671.091396951523,1662.5106302919646,440.5309676341828,2250.0,4500.0,-5181.950200974624,60000.0,-87645.3218834065,-16428.59125546342,inf,0.43109630077251476,12.415573462248426
28123,Rivas-Vaciamadrid,50.0,DC50,low,0.03752058814879352,0.03752058814879351,False,9.860410565502937,3667.0948384101835,1660.7007268215473,440.051380609222,2250.0,4500.0,-5183.657269020586,60000.0,-87654.42896544652,-16430.298323509385,inf,0.43109630077251476,12.415573462248426
28151,Torrelaguna,51.0,DC50,low,0.01884231300109311,0.036696415232332934,True,4.95175985668727,1841.5635830655135,833.9806074420665,220.9876299678616,2250.0,4500.0,-5963.404654344415,60000.0,-91814.3237191567,-17210.045708833208,inf,0.43109630077251476,12.415573462248426
28090,Moralzarzal,52.0,DC50,low,0.0366599485964833,0.0366599485964833,False,9.63423449115581,3582.979769438112,1622.607914299926,429.9575723325734,2250.0,4500.0,-5219.585717194388,60000.0,-87846.10458485888,-16466.226771683178,inf,0.43109630077251476,12.415573462248426
28154,Torres de la Alameda,53.0,DC50,low,0.027123287671232878,0.036653383779541006,True,7.128,2650.909090909091,1200.505263157895,318.1090909090909,2250.0,4500.0,-5617.7052631578945,60000.0,-89970.04298051674,-16864.34631764669,inf,0.43109630077251476,12.415573462248426
28108,Pedrezuela,54.0,DC50,low,0.026621004566210044,0.0364996349184204,True,6.996,2601.818181818182,1178.2736842105264,312.21818181818185,2250.0,4500.0,-5638.673684210526,60000.0,-90081.90795931905,-16885.31473869932,inf,0.43109630077251476,12.415573462248426
28089,Moraleja de Enmedio,55.0,DC50,low,0.030136986301369864,0.03629851506364499,True,7.92,2945.454545454546,1333.8947368421054,353.4545454545455,2250.0,4500.0,-5491.894736842105,60000.0,-89298.85310770271,-16738.5357913309,inf,0.43109630077251476,12.415573462248426
28080,Majadahonda,56.0,DC50,low,0.03625301382475899,0.03625301382475899,False,9.527292033146663,3543.207780922313,1604.596552951017,425.1849337106775,2250.0,4500.0,-5236.573705739382,60000.0,-87936.73424999724,-16483.214760228173,inf,0.43109630077251476,12.415573462248426
28164,Valdetorres de Jarama,57.0,DC50,low,0.018249619482496194,0.03622023397975966,True,4.796,1783.6363636363637,807.7473684210527,214.03636363636363,2250.0,4500.0,-5988.147368421052,60000.0,-91946.32427269136,-17234.788422909845,inf,0.43109630077251476,12.415573462248426
28033,Campo Real,58.0,DC50,low,0.028462709284627092,0.03611902154046658,True,7.48,2781.818181818182,1259.7894736842106,333.8181818181818,2250.0,4500.0,-5561.78947368421,60000.0,-89671.73637037717,-16808.430528173005,inf,0.43109630077251476,12.415573462248426
28171,Villa del Prado,59.0,DC50,low,0.015570776255707762,0.03610224649159898,True,4.092,1521.818181818182,689.1789473684211,182.61818181818182,2250.0,4500.0,-6099.978947368421,60000.0,-92542.93749297051,-17346.620001857216,inf,0.43109630077251476,12.415573462248426
28005,Alcalá de Henares,60.0,DC50,low,0.03605335388555122,0.036053353885551226,False,9.474821401122862,3523.693909508502,1595.7593938733241,422.84326914102024,2250.0,4500.0,-5244.908753505842,60000.0,-87981.20111468733,-16491.549807994637,inf,0.43109630077251476,12.415573462248426
28134,San Sebastián de los Reyes,61.0,DC50,low,0.03600341265184377,0.03600341265184377,False,9.461696844904543,3518.8128762041692,1593.5489422997127,422.2575451445003,2250.0,4500.0,-5246.993611240044,60000.0,-87992.32367683241,-16493.634665728838,inf,0.43109630077251476,12.415573462248426
28049,Coslada,62.0,DC50,low,0.03566402306026738,0.03566402306026738,False,9.372505260238267,3485.642452154728,1578.52720172434,418.27709425856733,2250.0,4500.0,-5261.161843828179,60000.0,-88067.91015204485,-16507.802898316975,inf,0.43109630077251476,12.415573462248426
28040,Ciempozuelos,63.0,DC50,low,0.035560768807991236,0.03556076880799123,False,9.345370042740097,3475.5508423413585,1573.9570598299113,417.066101080963,2250.0,4500.0,-5265.472318569516,60000.0,-88090.90621666779,-16512.11337305831,inf,0.43109630077251476,12.415573462248426
28074,Leganés,64.0,DC50,low,0.035492524820984486,0.035492524820984486,False,9.327435522954724,3468.8809796112614,1570.9365091292168,416.26571755335135,2250.0,4500.0,-5268.321247071307,60000.0,-88106.10503996794,-16514.9623015601,inf,0.43109630077251476,12.415573462248426
28043,Colmenar de Oreja,65.0,DC50,low,0.0167427701674277,0.03518613626460694,True,4.4,1636.3636363636365,741.0526315789475,196.36363636363637,2250.0,4500.0,-6051.0526315789475,60000.0,-92281.91920909839,-17297.69368606774,inf,0.43109630077251476,12.415573462248426
28091,Morata de Tajuña,66.0,DC50,low,0.013896499238964992,0.03501810176934649,True,3.652,1358.1818181818182,615.0736842105264,162.98181818181817,2250.0,4500.0,-6169.873684210526,60000.0,-92915.82075564498,-17416.514738699323,inf,0.43109630077251476,12.415573462248426
28144,Soto del Real,67.0,DC50,low,0.03491311328574409,0.03491311328574409,False,9.175166171493547,3412.2518819604106,1545.2911446725975,409.47022583524927,2250.0,4500.0,-5292.509488547436,60000.0,-88235.14752310014,-16539.15054303623,inf,0.43109630077251476,12.415573462248426
28050,Cubas de la Sagra,68.0,DC50,low,0.03437562633279266,0.03437562633279266,False,9.03391460025791,3359.7203058810414,1521.5014063592273,403.16643670572495,2250.0,4500.0,-5314.947537183911,60000.0,-88354.85285660069,-16561.588591672706,inf,0.43109630077251476,12.415573462248426
28007,Alcorcón,69.0,DC50,low,0.03429397470134307,0.03429397470134307,False,9.01245655151296,3351.7400398188697,1517.8874192021829,402.2088047782643,2250.0,4500.0,-5318.356184161577,60000.0,-88373.03773666127,-16564.997238650376,inf,0.43109630077251476,12.415573462248426
28047,Collado Villalba,70.0,DC50,low,0.0341401817336569,0.0341401817336569,False,8.972039759605034,3336.7090015060044,1511.0803805650585,400.4050801807205,2250.0,4500.0,-5324.776459239774,60000.0,-88407.28943037365,-16571.417513728567,inf,0.43109630077251476,12.415573462248426
28026,Brunete,71.0,DC50,low,0.03385359193963264,0.03385359193963264,False,8.896723961735457,3308.698994033848,1498.3956146080773,397.04387928406175,2250.0,4500.0,-5336.740499858291,60000.0,-88471.11670410215,-16583.381554347085,inf,0.43109630077251476,12.415573462248426
28096,Navalcarnero,72.0,DC50,low,0.03379849493838755,0.03379849493838755,False,8.882244469808247,3303.3140590195962,1495.9569633361261,396.3976870823515,2250.0,4500.0,-5339.040591398882,60000.0,-88483.38752271963,-16585.681645887675,inf,0.43109630077251476,12.415573462248426
28015,Arroyomolinos,73.0,DC50,low,0.0336949572538444,0.03369495725384441,False,8.85503476631031,3293.194747801355,1491.37427643121,395.18336973616255,2250.0,4500.0,-5343.362898366017,60000.0,-88506.44671139398,-16590.00395285481,inf,0.43109630077251476,12.415573462248426
28131,San Lorenzo de El Escorial,74.0,DC50,low,0.033689198504924474,0.033689198504924474,False,8.853521367094151,3292.631913382123,1491.1193881421732,395.11582960585474,2250.0,4500.0,-5343.6033043659045,60000.0,-88507.7292596609,-16590.2443588547,inf,0.43109630077251476,12.415573462248426
28086,El Molar,75.0,DC50,low,0.023942161339421612,0.033159695650528766,True,6.292,2340.0000000000005,1059.705263157895,280.80000000000007,2250.0,4500.0,-5750.505263157895,60000.0,-90678.5211795982,-16997.14631764669,inf,0.43109630077251476,12.415573462248426
28023,El Boalo-Cerceda-Mataelpino,76.0,DC50,low,0.03296313058706074,0.03296313058706074,False,8.662710718279563,3221.669275393226,1458.9828578155054,386.6003130471871,2250.0,4500.0,-5373.913895469466,60000.0,-88669.43402621322,-16620.55494995826,inf,0.43109630077251476,12.415573462248426
28052,Chinchón,77.0,DC50,low,0.012724505327245053,0.03288954044559943,True,3.344,1243.6363636363637,563.2,149.23636363636365,2250.0,4500.0,-6218.8,60000.0,-93176.8390395171,-17465.441054488794,inf,0.43109630077251476,12.415573462248426
28085,Miraflores de la Sierra,78.0,DC50,low,0.0204261796042618,0.032247529049527233,True,5.368000000000001,1996.363636363637,904.084210526316,239.56363636363642,2250.0,4500.0,-5897.284210526315,60000.0,-91461.57603121457,-17143.92526501511,inf,0.43109630077251476,12.415573462248426
28148,Torrejón de Ardoz,79.0,DC50,low,0.032006248147135354,0.032006248147135354,False,8.41124201306717,3128.1478560993614,1416.6302337797342,375.3777427319234,2250.0,4500.0,-5413.860120412296,60000.0,-88882.544188168,-16660.501174901085,inf,0.43109630077251476,12.415573462248426
28067,Guadalix de la Sierra,80.0,DC50,low,0.02360730593607306,0.030581450167855326,True,6.204000000000001,2307.272727272728,1044.884210526316,276.87272727272733,2250.0,4500.0,-5764.484210526315,60000.0,-90753.09783213309,-17011.125265015107,inf,0.43109630077251476,12.415573462248426
28180,Villarejo de Salvanés,81.0,DC50,low,0.014231354642313546,0.03042576820277876,True,3.74,1390.909090909091,629.8947368421053,166.9090909090909,2250.0,4500.0,-6155.894736842105,60000.0,-92841.24410311008,-17402.535791330898,inf,0.43109630077251476,12.415573462248426
28133,San Martín de Valdeiglesias,82.0,DC50,low,0.017914764079147643,0.030021146334456905,True,4.708000000000001,1750.9090909090914,792.9263157894738,210.10909090909095,2250.0,4500.0,-6002.126315789474,60000.0,-92020.90092522626,-17248.767370278267,inf,0.43109630077251476,12.415573462248426
28132,San Martín de la Vega,83.0,DC50,low,0.03,0.03,False,7.884,2932.0661157024797,1327.8315789473686,351.84793388429756,2250.0,4500.0,-5497.6133971291865,60000.0,-89329.36173828515,-16744.25445161798,inf,0.43109630077251476,12.415573462248426
28130,San Fernando de Henares,1.0,DC50,base,0.10500000000000001,0.10500000000000001,False,33.1128,14230.294214876034,4531.225263157896,1138.4235371900827,1500.0,3500.0,3560.645414528055,45000.0,-11272.190573514079,-1679.8887976667959,8.911320304284168,0.12259232145527185,4.2367906294941955
28022,Boadilla del Monte,2.0,DC50,base,0.1020679911134623,0.1020679911134623,False,32.18816167754147,13832.928985389724,4404.695808505676,1106.634318831178,1500.0,3500.0,3321.59885805287,45000.0,-13150.860367964971,-1959.865996564452,9.282606318334988,0.12259232145527185,4.2367906294941955
28115,Pozuelo de Alarcón,3.0,DC50,base,0.09830431073957395,0.09830431073957396,False,31.00124743483204,13322.850137283192,4242.275964766491,1065.8280109826553,1500.0,3500.0,3014.746161534046,45000.0,-15562.41944162839,-2319.259412275304,9.808676667476245,0.12259232145527185,4.2367906294941955
28010,Alpedrete,4.0,DC50,base,0.0957405300828425,0.09574053008284249,False,30.19273356692521,12975.389632067032,4131.637224947661,1038.0311705653626,1500.0,3500.0,2805.721236554009,45000.0,-17205.148869057404,-2564.074538912689,inf,0.12259232145527185,4.2367906294941955
28181,Villaviciosa de Odón,5.0,DC50,base,0.09004225544937536,0.09004225544937536,False,28.395725678515014,12203.121779196535,3885.7308823231074,976.2497423357229,1500.0,3500.0,2341.141154537704,45000.0,-20856.289383512616,-3108.202142943126,inf,0.12259232145527185,4.2367906294941955
28073,Humanes de Madrid,6.0,DC50,base,0.08971950515214909,0.08971950515214909,False,28.293943144781736,12159.380525030168,3871.8027461280276,972.7504420024135,1500.0,3500.0,2314.827336899727,45000.0,-21063.089996339222,-3139.0215325349172,inf,0.12259232145527185,4.2367906294941955
28079,Madrid,7.0,DC50,base,0.08963855802755441,0.08963855802755441,False,28.268415659569555,12148.410035517496,3868.3095113095187,971.8728028413997,1500.0,3500.0,2308.2277213665766,45000.0,-21114.956455074032,-3146.751164360694,inf,0.12259232145527185,4.2367906294941955
28104,Paracuellos de Jarama,8.0,DC50,base,0.08908920851920175,0.08908920851920175,False,28.095172798615465,12073.95855808268,3844.6025934947484,965.9166846466145,1500.0,3500.0,2263.4392799413163,45000.0,-21466.94936091998,-3199.2084871439133,inf,0.12259232145527185,4.2367906294941955
28061,Galapagar,9.0,DC50,base,0.08899055598586025,0.08899055598586025,False,28.06406173570089,12060.588514516085,3840.345290148543,964.8470811612868,1500.0,3500.0,2255.3961432062542,45000.0,-21530.160470335686,-3208.628806460111,inf,0.12259232145527185,4.2367906294941955
28106,Parla,10.0,DC50,base,0.08844269503485916,0.08844269503485916,False,27.891288306193182,11986.338776215252,3816.702610321173,958.9071020972202,1500.0,3500.0,2210.729063796859,45000.0,-21881.19959062305,-3260.943987069208,inf,0.12259232145527185,4.2367906294941955
28045,Colmenar Viejo,11.0,DC50,base,0.08717672622935575,0.08717672622935575,False,27.492052383689632,11814.766313651742,3762.070326189108,945.1813050921394,1500.0,3500.0,2107.5146823704954,45000.0,-22692.362669471968,-3381.8312059600075,inf,0.12259232145527185,4.2367906294941955
28092,Móstoles,12.0,DC50,base,0.0862071938692474,0.0862071938692474,False,27.18630065860586,11683.36887807855,3720.230616440802,934.6695102462841,1500.0,3500.0,2028.4687513914641,45000.0,-23313.585602335974,-3474.4117420116277,inf,0.12259232145527185,4.2367906294941955
28161,Valdemoro,13.0,DC50,base,0.08481462133831218,0.08481462133831218,False,26.74713898525013,11494.638241595096,3660.134808507912,919.5710593276077,1500.0,3500.0,1914.932373759576,45000.0,-24205.869374892816,-3607.3883364084713,inf,0.12259232145527185,4.2367906294941955
28009,Algete,14.0,DC50,base,0.08463254513729267,0.08463254513729267,False,26.689719434496617,11469.96207102334,3652.277396299537,917.5969656818671,1500.0,3500.0,1900.0877090419344,45000.0,-24322.5337754389,-3624.7747723710054,inf,0.12259232145527185,4.2367906294941955
28066,Griñón,15.0,DC50,base,0.08391343920633203,0.08391343920633203,False,26.46294218810887,11372.504080840175,3621.244720478056,909.8003264672141,1500.0,3500.0,1841.4590338949047,45000.0,-24783.29724641923,-3693.4421168614936,inf,0.12259232145527185,4.2367906294941955
28041,Cobeña,16.0,DC50,base,0.08349593941697903,0.08349593941697904,False,26.331279454538507,11315.921749057872,3603.227714831585,905.2737399246298,1500.0,3500.0,1807.4202943016553,45000.0,-25050.808114837248,-3733.3091248027413,inf,0.12259232145527185,4.2367906294941955
28167,Velilla de San Antonio,17.0,DC50,base,0.08292385402869135,0.08292385402869135,False,26.150866606488105,11238.388954854392,3578.539640887846,899.0711163883514,1500.0,3500.0,1760.7781975781936,45000.0,-25417.368920214598,-3787.937494204516,inf,0.12259232145527185,4.2367906294941955
28053,Daganzo de Arriba,18.0,DC50,base,0.08276226197361307,0.08276226197361307,False,26.099906935998618,11216.48893117296,3571.5662122945478,897.3191144938369,1500.0,3500.0,1747.6036043845743,45000.0,-25520.908208343175,-3803.3679013743767,inf,0.12259232145527185,4.2367906294941955
28084,Mejorada del Campo,19.0,DC50,base,0.08190358883693781,0.08190358883693781,False,25.82911577561671,11100.115870512966,3534.510579821234,888.0092696410372,1500.0,3500.0,1677.5960210506937,45000.0,-26071.098657146078,-3885.362502645488,inf,0.12259232145527185,4.2367906294941955
28065,Getafe,20.0,DC50,base,0.08096026665023685,0.08096026665023685,False,25.531629690818697,10972.270610930349,3493.8019576909796,877.7816488744279,1500.0,3500.0,1600.6870043649405,45000.0,-26675.527554591587,-3975.440232185529,inf,0.12259232145527185,4.2367906294941955
28160,Valdemorillo,21.0,DC50,base,0.08082988617123514,0.08082988617123514,False,25.490512902960717,10954.600586396342,3488.175449878835,876.3680469117073,1500.0,3500.0,1590.057089605798,45000.0,-26759.06818395707,-3987.8902494652993,inf,0.12259232145527185,4.2367906294941955
28177,Villanueva del Pardillo,22.0,DC50,base,0.07881950162340433,0.07881950162340433,False,24.85651803195679,10682.139980675645,3401.418257004613,854.5711984540517,1500.0,3500.0,1426.150525216979,45000.0,-28047.211866802645,-4179.861643888143,inf,0.12259232145527185,4.2367906294941955
28046,Collado Mediano,23.0,DC50,base,0.07873543674544292,0.07873543674544292,False,24.83000733204288,10670.746952613468,3397.790477016394,853.6597562090775,1500.0,3500.0,1419.2967193879967,45000.0,-28101.076010163677,-4187.8889896323435,inf,0.12259232145527185,4.2367906294941955
28083,Meco,24.0,DC50,base,0.07814323454555329,0.07814323454555329,False,24.643250446285684,10590.48779509798,3372.234271596989,847.2390236078385,1500.0,3500.0,1371.0144998931528,45000.0,-28480.526560347305,-4244.438311112033,inf,0.12259232145527185,4.2367906294941955
28129,San Agustín del Guadalix,25.0,DC50,base,0.07758557696725488,0.07758557696725488,False,24.467387552393497,10514.910353094727,3348.1688229591105,841.1928282475782,1500.0,3500.0,1325.5487018880376,45000.0,-28837.84281979187,-4297.688970560208,inf,0.12259232145527185,4.2367906294941955
28152,Torrelodones,26.0,DC50,base,0.07654931036073506,0.07654931036073506,False,24.140590515361406,10374.468651229696,3303.4492284178773,829.9574920983757,1500.0,3500.0,1241.061930713443,45000.0,-29501.825381920404,-4396.641952297998,inf,0.12259232145527185,4.2367906294941955
28072,Hoyo de Manzanares,27.0,DC50,base,0.07450354881626556,0.07450354881626556,False,23.495439154697507,10097.213521027028,3215.165358011238,807.7770816821622,1500.0,3500.0,1074.271081333627,45000.0,-30812.63669558681,-4591.991492152044,inf,0.12259232145527185,4.2367906294941955
28013,Aranjuez,28.0,DC50,base,0.07260104461862531,0.07260104461862531,False,22.895465430929676,9839.37357362267,3133.0636905482716,787.1498858898136,1500.0,3500.0,919.1599971845844,45000.0,-32031.656592263673,-4773.6614040653585,inf,0.12259232145527185,4.2367906294941955
28903,Tres Cantos,29.0,DC50,base,0.07167446510918994,0.07167446510918994,False,22.60325931683414,9713.797392358474,3093.0775907246725,777.1037913886779,1500.0,3500.0,843.6160102451231,45000.0,-32625.35770433258,-4862.140377235873,inf,0.12259232145527185,4.2367906294941955
28068,Guadarrama,30.0,DC50,base,0.0713347960794548,0.07133479607945478,False,22.496141291616862,9667.763199703115,3078.4193346423076,773.4210559762492,1500.0,3500.0,815.9228090845572,45000.0,-32842.99890903827,-4894.575334692578,inf,0.12259232145527185,4.2367906294941955
28018,Becerril de la Sierra,31.0,DC50,base,0.06659056316590563,0.07043733379842165,True,21.0,9024.793388429753,2873.684210526316,721.9834710743802,1500.0,3500.0,429.12570682905607,45000.0,-35882.84203961263,-5347.601602161391,inf,0.12259232145527185,4.2367906294941955
28058,Fuenlabrada,32.0,DC50,base,0.07031294399945993,0.07031294399945993,False,22.173890019669685,9529.275049775402,3034.3217921653254,762.3420039820322,1500.0,3500.0,732.6112536280443,45000.0,-33497.74543654627,-4992.15187491328,inf,0.12259232145527185,4.2367906294941955
28149,Torrejón de la Calzada,33.0,DC50,base,0.07022181740212059,0.07022181740212059,False,22.14515233593275,9516.924970814076,3030.3892670223768,761.3539976651261,1500.0,3500.0,725.181706126572,45000.0,-33556.13434071315,-5000.853543446852,inf,0.12259232145527185,4.2367906294941955
28054,El Escorial,34.0,DC50,base,0.0696818260069906,0.0696818260069906,False,21.974860649564558,9443.741766755016,3007.0861941509397,755.4993413404013,1500.0,3500.0,681.1562312636752,45000.0,-33902.13108306684,-5052.417261050677,inf,0.12259232145527185,4.2367906294941955
28127,Las Rozas de Madrid,35.0,DC50,base,0.06910379397425485,0.06910379397425485,False,21.79257246772101,9365.403043979277,2982.1414955828755,749.2322435183422,1500.0,3500.0,634.0293048780595,45000.0,-34272.50217065522,-5107.6134748621525,inf,0.12259232145527185,4.2367906294941955
28004,El Álamo,36.0,DC50,base,0.06659056316590563,0.06896193808473368,True,21.0,9024.793388429753,2873.684210526316,721.9834710743802,1500.0,3500.0,429.12570682905607,45000.0,-35882.84203961263,-5347.601602161391,inf,0.12259232145527185,4.2367906294941955
28032,Camarma de Esteruelas,37.0,DC50,base,0.06590233801524437,0.06590233801524437,False,20.782961316487466,8931.520565763209,2843.984180150916,714.5216452610567,1500.0,3500.0,373.01474035123465,45000.0,-36323.81880754307,-5413.320144413354,inf,0.12259232145527185,4.2367906294941955
28038,Cercedilla,38.0,DC50,base,0.05469939117199391,0.0658168805120912,True,17.25,7413.223140495868,2360.5263157894738,593.0578512396695,1500.0,3500.0,-540.3610265332754,45000.0,-43502.0500673081,-6483.088278805499,inf,0.12259232145527185,4.2367906294941955
28141,Sevilla la Nueva,39.0,DC50,base,0.06505867350635018,0.06505867350635018,False,20.51690327696259,8817.1815735707,2807.5762379001444,705.374525885656,1500.0,3500.0,304.2308097849,45000.0,-36864.39255436463,-5493.881573505233,inf,0.12259232145527185,4.2367906294941955
28059,Fuente el Saz de Jarama,40.0,DC50,base,0.06458375670546683,0.06458375670546682,False,20.367133514636016,8752.817708769198,2787.0814283186132,700.2254167015359,1500.0,3500.0,265.51086374904844,45000.0,-37168.69308114455,-5539.231325421495,inf,0.12259232145527185,4.2367906294941955
28082,Manzanares el Real,41.0,DC50,base,0.06403399246742676,0.06403399246742676,False,20.193759864527703,8678.310024425129,2763.356613040633,694.2648019540103,1500.0,3500.0,220.68860943048458,45000.0,-37520.95172293018,-5591.728250695933,inf,0.12259232145527185,4.2367906294941955
28075,Loeches,42.0,DC50,base,0.06368675671529947,0.06368675671529948,False,20.084255597736842,8631.25033952327,2748.371818637673,690.5000271618617,1500.0,3500.0,192.37849372373603,45000.0,-37743.44126655681,-5624.885753623055,inf,0.12259232145527185,4.2367906294941955
28100,Nuevo Baztán,43.0,DC50,base,0.06350110315518721,0.06350110315518721,False,20.025707891019838,8606.089341595303,2740.3600271921887,688.4871473276243,1500.0,3500.0,177.24216707549022,45000.0,-37862.397841762504,-5642.613791203115,inf,0.12259232145527185,4.2367906294941955
28172,Villalbilla,44.0,DC50,base,0.06326880825787644,0.06326880825787644,False,19.95245137220391,8574.607201277715,2730.335450933167,685.9685761022172,1500.0,3500.0,158.30317424233,45000.0,-38011.23961676072,-5664.795604827865,inf,0.12259232145527185,4.2367906294941955
28006,Alcobendas,45.0,DC50,base,0.062439300484186416,0.06243930048418643,False,19.690857800693028,8462.186823438327,2694.5384358843094,676.9749458750662,1500.0,3500.0,90.67344167895044,45000.0,-38542.74250744052,-5744.005208866893,inf,0.12259232145527185,4.2367906294941955
28176,Villanueva de la Cañada,46.0,DC50,base,0.06210470828480631,0.06210470828480631,False,19.58534080469652,8416.840676398504,2680.0992680111026,673.3472541118804,1500.0,3500.0,63.39415427552103,45000.0,-38757.13075889515,-5775.955380363837,inf,0.12259232145527185,4.2367906294941955
28014,Arganda del Rey,47.0,DC50,base,0.06191124818517601,0.061911248185176,False,19.524331227677106,8390.621684621567,2671.7505890505518,671.2497347697254,1500.0,3500.0,47.621360801289484,45000.0,-38881.089334626515,-5794.428863524699,inf,0.12259232145527185,4.2367906294941955
28113,Pinto,48.0,DC50,base,0.06187834380914313,0.06187834380914312,False,19.513954503651377,8386.162266031997,2670.330616289136,670.8929812825598,1500.0,3500.0,44.938668460300505,45000.0,-38902.17264635934,-5797.570898692283,inf,0.12259232145527185,4.2367906294941955
28044,Colmenarejo,49.0,DC50,base,0.0614651789792804,0.0614651789792804,False,19.38365884290587,8330.167436620704,2652.5006837660662,666.4133949296564,1500.0,3500.0,11.253357924981174,45000.0,-39166.90591151296,-5837.023961839234,inf,0.12259232145527185,4.2367906294941955
28123,Rivas-Vaciamadrid,50.0,DC50,base,0.061322058520777316,0.061322058520777316,False,19.338524375112335,8310.770805833401,2646.324388173267,664.8616644666721,1500.0,3500.0,-0.41524680653947144,45000.0,-39258.60961800316,-5850.6905183290955,inf,0.12259232145527185,4.2367906294941955
28151,Torrelaguna,51.0,DC50,base,0.0446077485821333,0.05843745331316528,True,14.067499592861559,6045.537015114059,1925.0262600757926,483.6429612091247,1500.0,3500.0,-1363.1322061708588,45000.0,-49968.21877403163,-7446.738094997535,inf,0.12259232145527185,4.2367906294941955
28090,Moralzarzal,52.0,DC50,base,0.05830982008769153,0.05830982008769153,False,18.3885848628544,7902.532337755611,2516.332665443234,632.2025870204488,1500.0,3500.0,-246.00291470807224,45000.0,-41188.686086702015,-6138.328827605543,inf,0.12259232145527185,4.2367906294941955
28154,Torres de la Alameda,53.0,DC50,base,0.05828684322839353,0.05828684322839353,False,18.381338880506185,7899.418361870426,2515.3411099640043,631.9534689496342,1500.0,3500.0,-247.87621704321282,45000.0,-41203.408392535624,-6140.522885316368,inf,0.12259232145527185,4.2367906294941955
28108,Pedrezuela,54.0,DC50,base,0.0577487222144714,0.05774872221447141,False,18.2116370375557,7826.488644238814,2492.1187525076225,626.1190915391052,1500.0,3500.0,-291.749199807914,45000.0,-41548.20669763512,-6191.9080004289635,inf,0.12259232145527185,4.2367906294941955
28089,Moraleja de Enmedio,55.0,DC50,base,0.057044802722757464,0.057044802722757464,False,17.989648986648795,7731.088820708573,2461.741440278256,618.4871056566858,1500.0,3500.0,-349.1397252263696,45000.0,-41999.23953484108,-6259.125193543359,inf,0.12259232145527185,4.2367906294941955
28080,Majadahonda,56.0,DC50,base,0.05688554838665649,0.056885548386656486,False,17.93942653921599,7709.505620158939,2454.868894840083,616.7604496127151,1500.0,3500.0,-362.1237242938605,45000.0,-42101.28094141456,-6274.3323721909355,inf,0.12259232145527185,4.2367906294941955
28164,Valdetorres de Jarama,57.0,DC50,base,0.04320459157787925,0.056770818929158806,True,13.625,5855.371900826446,1864.4736842105265,468.4297520661157,1500.0,3500.0,-1477.5315354501959,45000.0,-50867.28449408037,-7580.725399561467,inf,0.12259232145527185,4.2367906294941955
28033,Campo Real,58.0,DC50,base,0.056416575391633035,0.056416575391633035,False,17.791531215505394,7645.947299225459,2434.6305873849487,611.6757839380367,1500.0,3500.0,-400.35907209752713,45000.0,-42401.77300479439,-6319.11455075396,inf,0.12259232145527185,4.2367906294941955
28171,Villa del Prado,59.0,DC50,base,0.036862633181126335,0.05635786272059644,True,11.625,4995.8677685950415,1590.7894736842106,399.66942148760336,1500.0,3500.0,-1994.5911265767727,45000.0,-54930.86210885128,-8186.318293771657,inf,0.12259232145527185,4.2367906294941955
28005,Alcalá de Henares,60.0,DC50,base,0.0561867385994293,0.0561867385994293,False,17.719049884716025,7614.798297563911,2424.712089487456,609.1838638051129,1500.0,3500.0,-419.09765572865854,45000.0,-42549.03976143664,-6341.061640198432,inf,0.12259232145527185,4.2367906294941955
28134,San Sebastián de los Reyes,61.0,DC50,base,0.056011944281453216,0.056011944281453216,False,17.663926748599085,7591.10901592688,2417.1689234925066,607.2887212741504,1500.0,3500.0,-433.3486288397771,45000.0,-42661.03833242701,-6357.75272996793,inf,0.12259232145527185,4.2367906294941955
28049,Coslada,62.0,DC50,base,0.054824080710935814,0.05482408071093582,False,17.28932209300072,7430.121891206921,2365.907233779046,594.4097512965536,1500.0,3500.0,-530.1950938686796,45000.0,-43422.15587886625,-6471.181688752143,inf,0.12259232145527185,4.2367906294941955
28040,Ciempozuelos,63.0,DC50,base,0.05446269082796929,0.05446269082796929,False,17.175354179508396,7381.143944912698,2350.311624564307,590.4915155930158,1500.0,3500.0,-559.6591952446242,45000.0,-43653.71460990104,-6505.690768041601,inf,0.12259232145527185,4.2367906294941955
28074,Leganés,64.0,DC50,base,0.05422383687344569,0.05422383687344569,False,17.10002919640983,7348.772877795961,2340.003995298188,587.9018302236769,1500.0,3500.0,-579.1329477259042,45000.0,-43806.75906747719,-6528.498905302095,inf,0.12259232145527185,4.2367906294941955
28043,Colmenar de Oreja,65.0,DC50,base,0.03963723997970573,0.05315147692612428,True,12.5,5371.900826446281,1710.5263157894738,429.75206611570246,1500.0,3500.0,-1768.3775554588956,45000.0,-53153.046902389004,-7921.371402554699,inf,0.12259232145527185,4.2367906294941955
28091,Morata de Tajuña,66.0,DC50,base,0.03289890918315576,0.052563356192712726,True,10.375,4458.677685950413,1419.7368421052633,356.6942148760331,1500.0,3500.0,-2317.753371030883,45000.0,-57470.59811808311,-8564.813852653027,inf,0.12259232145527185,4.2367906294941955
28144,Soto del Real,67.0,DC50,base,0.05219589650010433,0.052195896500104325,False,16.4604979202729,7073.932990530503,2252.489189089976,565.9146392424402,1500.0,3500.0,-744.4708378019131,45000.0,-45106.15155630515,-6722.146703528946,inf,0.12259232145527185,4.2367906294941955
28050,Cubas de la Sagra,68.0,DC50,base,0.05031469216477433,0.05031469216477433,False,15.867241321083233,6818.979741291968,2171.3067070956004,545.5183793033574,1500.0,3500.0,-897.84534510699,45000.0,-46311.52367444628,-6901.78269398523,inf,0.12259232145527185,4.2367906294941955
28007,Alcorcón,69.0,DC50,base,0.050028911454700745,0.050028911454700745,False,15.777117516354426,6780.248850003555,2158.9739759221848,542.4199080002844,1500.0,3500.0,-921.1450339189141,45000.0,-46494.63621217326,-6929.071861856705,inf,0.12259232145527185,4.2367906294941955
28047,Collado Villalba,70.0,DC50,base,0.04949063606779913,0.049490636067799125,False,15.607366990341134,6707.2982107251155,2135.7449565729976,536.5838568580092,1500.0,3500.0,-965.0306027058914,45000.0,-46839.53343097486,-6980.471718027751,inf,0.12259232145527185,4.2367906294941955
28026,Brunete,71.0,DC50,base,0.04848757178871422,0.04848757178871422,False,15.291040639288916,6571.356307793584,2092.4581927447994,525.7085046234868,1500.0,3500.0,-1046.8103895747022,45000.0,-47482.24177052384,-7076.254213252082,inf,0.12259232145527185,4.2367906294941955
28096,Navalcarnero,72.0,DC50,base,0.04829473228435643,0.04829473228435643,False,15.230226773194643,6545.221423191087,2084.136295279267,523.617713855287,1500.0,3500.0,-1062.532585943468,45000.0,-47605.80270298803,-7094.668435840154,inf,0.12259232145527185,4.2367906294941955
28015,Arroyomolinos,73.0,DC50,base,0.04793235038845544,0.04793235038845544,False,15.115946018503308,6496.109032745223,2068.4978762162423,519.6887226196178,1500.0,3500.0,-1092.077566090637,45000.0,-47837.99706126943,-7129.272242333177,inf,0.12259232145527185,4.2367906294941955
28131,San Lorenzo de El Escorial,74.0,DC50,base,0.04791219476723564,0.04791219476723565,False,15.109589741795434,6493.377409697211,2067.6280699299014,519.4701927757769,1500.0,3500.0,-1093.7208530084677,45000.0,-47850.911673141156,-7131.196900337141,inf,0.12259232145527185,4.2367906294941955
28086,El Molar,75.0,DC50,base,0.04605893477685068,0.04605893477685068,False,14.525145671227628,6242.2113628416255,1987.6515129048337,499.37690902733004,1500.0,3500.0,-1244.8170590905384,45000.0,-49038.3785942636,-7308.16448843671,inf,0.12259232145527185,4.2367906294941955
28023,El Boalo-Cerceda-Mataelpino,76.0,DC50,base,0.0453709570547126,0.0453709570547126,False,14.308185016774164,6148.972073324435,1957.962160190149,491.9177658659548,1500.0,3500.0,-1300.9078527316692,45000.0,-49479.19682362518,-7373.859403766815,inf,0.12259232145527185,4.2367906294941955
28052,Chinchón,77.0,DC50,base,0.030124302384576356,0.045113391559597996,True,9.5,4082.6446280991736,1300.0,326.6115702479339,1500.0,3500.0,-2543.9669421487606,45000.0,-59248.41332454537,-8829.760743869983,inf,0.12259232145527185,4.2367906294941955
28085,Miraflores de la Sierra,78.0,DC50,base,0.042866351673345314,0.042866351673345314,False,13.518332663706179,5809.531392667118,1849.8771013492665,464.76251141336945,1500.0,3500.0,-1505.1082200955184,45000.0,-51084.00999407579,-7613.023890013402,inf,0.12259232145527185,4.2367906294941955
28148,Torrejón de Ardoz,79.0,DC50,base,0.042021868514973734,0.042021868514973734,False,13.252016454882115,5695.081451684877,1813.4338306680793,455.6065161347901,1500.0,3500.0,-1573.958895117993,45000.0,-51625.108286389834,-7693.663491851825,inf,0.12259232145527185,4.2367906294941955
28067,Guadalix de la Sierra,80.0,DC50,base,0.03703507558749364,0.03703507558749364,False,11.679381437271994,5019.238303621022,1598.2311440477467,401.5390642896818,1500.0,3500.0,-1980.5319047164066,45000.0,-54820.37051327249,-8169.8517877772265,inf,0.12259232145527185,4.2367906294941955
28180,Villarejo de Salvanés,81.0,DC50,base,0.033691653982749876,0.036490188709725674,True,10.625,4566.115702479339,1453.9473684210527,365.2892561983471,1500.0,3500.0,-2253.120922140061,45000.0,-56962.650916236744,-8489.114740876754,inf,0.12259232145527185,4.2367906294941955
28133,San Martín de Valdeiglesias,82.0,DC50,base,0.03507401217059917,0.03507401217059917,False,11.060940478120154,4753.462023654943,1513.6023812164422,380.27696189239543,1500.0,3500.0,-2140.4173194538957,45000.0,-56076.91193210595,-8357.113512952674,inf,0.12259232145527185,4.2367906294941955
28132,San Martín de la Vega,83.0,DC50,base,0.035,0.035,False,11.037600000000001,4743.431404958678,1510.4084210526319,379.47451239669425,1500.0,3500.0,-2146.4515284906483,45000.0,-56124.3348543095,-8364.18092680119,inf,0.12259232145527185,4.2367906294941955
28130,San Fernando de Henares,1.0,DC50,high,0.19249999999999998,0.1925,False,70.82459999999999,34534.30909090908,7455.221052631579,1381.3723636363634,750.0,2500.0,22447.715674641146,22400.0,273441.4065541888,32615.278683453944,0.9978743639071013,0.02958053459627056,1.192687154921629
28022,Boadilla del Monte,2.0,DC50,high,0.1855888361960183,0.1855888361960183,False,68.28184461323906,33294.45315852152,7187.56259086727,1331.778126340861,750.0,2500.0,21525.11244131339,22400.0,261841.82054521155,31231.71452225763,1.0372179792853642,0.02958053459627056,1.192687154921629
28115,Pozuelo de Alarcón,3.0,DC50,high,0.17671730388613863,0.17671730388613863,False,65.01783044578812,31702.90906034297,6843.982152188225,1268.1163624137187,750.0,2500.0,20340.810545741027,22400.0,246951.98361201904,29455.699004903938,1.0926391249887932,0.02958053459627056,1.192687154921629
28010,Alpedrete,4.0,DC50,high,0.17067410662384297,0.17067410662384297,False,62.794417309044306,30618.765464740613,6609.938664109928,1224.7506185896245,750.0,2500.0,19534.07618204106,22400.0,236809.17866608093,28245.89536136494,1.1341925528382337,0.02958053459627056,1.192687154921629
28181,Villaviciosa de Odón,5.0,DC50,high,0.15724245927352762,0.15724245927352762,False,57.85264561591628,28209.141250736036,6089.752170096451,1128.3656500294414,750.0,2500.0,17741.023430610145,22400.0,214265.7180997906,25556.978353057697,1.2399023339852542,0.02958053459627056,1.192687154921629
28073,Humanes de Madrid,6.0,DC50,high,0.15648169071578,0.15648169071578,False,57.57274364814978,28072.66012595733,6060.288805068398,1122.906405038293,750.0,2500.0,17639.46491585064,22400.0,212988.85640633243,25404.678083332044,1.246524169819541,0.02958053459627056,1.192687154921629
28079,Madrid,7.0,DC50,high,0.1562908867792354,0.1562908867792354,False,57.50254306381628,28038.430088968267,6052.899269875398,1121.5372035587307,750.0,2500.0,17613.99361553414,22400.0,212668.6141525566,25366.480538619493,1.2481967698089298,0.02958053459627056,1.192687154921629
28104,Paracuellos de Jarama,8.0,DC50,high,0.1549959915095469,0.15499599150954693,False,57.0261251961925,27806.127161779812,6002.7500206518425,1112.2450864711925,750.0,2500.0,17441.13205465678,22400.0,210495.2827890726,25107.252029723295,1.2596752305011187,0.02958053459627056,1.192687154921629
28061,Galapagar,9.0,DC50,high,0.154763453395242,0.154763453395242,False,56.94056977317744,27764.410054689823,5993.744186650257,1110.576402187593,750.0,2500.0,17410.089465851976,22400.0,210104.99456356541,25060.69960958255,1.2617603522067098,0.02958053459627056,1.192687154921629
28106,Parla,10.0,DC50,high,0.15347206686788228,0.15347206686788228,False,56.465442842031244,27532.736592395402,5943.730825476974,1101.309463695816,750.0,2500.0,17237.696303222612,22400.0,207937.5522166899,24802.17352509338,1.2734747287944892,0.02958053459627056,1.192687154921629
28045,Colmenar Viejo,11.0,DC50,high,0.15048799754062428,0.15048799754062428,False,55.36754405514649,26997.397514492914,5828.162532120683,1079.8959005797165,750.0,2500.0,16839.339081792514,22400.0,202929.13832287677,24204.78479393051,1.3014482463166692,0.02958053459627056,1.192687154921629
28092,Móstoles,12.0,DC50,high,0.14820267126322598,0.14820267126322598,False,54.52672681116611,26587.41224676694,5739.655453806959,1063.4964898706776,750.0,2500.0,16534.260303089308,22400.0,199093.4835091412,23747.279282018488,1.323769902959269,0.02958053459627056,1.192687154921629
28161,Valdemoro,13.0,DC50,high,0.1449201788688787,0.1449201788688787,False,53.31903220943785,25998.5363665854,5612.529706256617,1039.941454663416,750.0,2500.0,16096.065205665367,22400.0,193584.20114629105,23090.148447758438,1.35728995499913,0.02958053459627056,1.192687154921629
28009,Algete,14.0,DC50,high,0.14449099925218983,0.14449099925218983,False,53.16112844486569,25921.541968984096,5595.908257354284,1036.861678759364,750.0,2500.0,16038.772032870449,22400.0,192863.8729905303,23004.229845160047,1.361806030524326,0.02958053459627056,1.192687154921629
28066,Griñón,15.0,DC50,high,0.1427959638434969,0.1427959638434969,False,52.53749101729938,25617.454297691434,5530.262212347305,1024.6981719076573,750.0,2500.0,15812.493913436472,22400.0,190018.95286288584,22664.896223509357,1.3799572362917427,0.02958053459627056,1.192687154921629
28041,Cobeña,16.0,DC50,high,0.14181185719716483,0.14181185719716483,False,52.17541849998088,25440.90654131299,5492.149315787461,1017.6362616525196,750.0,2500.0,15681.12096387301,22400.0,188367.24411890286,22467.885311125,1.390732215122019,0.02958053459627056,1.192687154921629
28167,Velilla de San Antonio,17.0,DC50,high,0.14046337021048672,0.14046337021048672,False,51.67928316784227,25198.989313245405,5439.924543983398,1007.9595725298162,750.0,2500.0,15501.105196732191,22400.0,186103.96528083694,22197.92813466038,1.4057888499197675,0.02958053459627056,1.192687154921629
28053,Daganzo de Arriba,18.0,DC50,high,0.14008247465208792,0.14008247465208792,False,51.53914407399619,25130.657027816324,5425.173060420652,1005.2262811126529,750.0,2500.0,15450.257686283021,22400.0,185464.67631078835,22121.675645397157,1.4101043420979775,0.02958053459627056,1.192687154921629
28084,Mejorada del Campo,19.0,DC50,high,0.1380584594013534,0.1380584594013534,False,50.79446838294594,24767.5506991224,5346.786145573257,990.702027964896,750.0,2500.0,15180.062525584246,22400.0,182067.6017152114,21716.48267905222,1.4335135579950153,0.02958053459627056,1.192687154921629
28065,Getafe,20.0,DC50,high,0.13583491424698685,0.13583491424698682,False,49.976381649751396,24368.64890359779,5260.671752605411,974.7459561439116,750.0,2500.0,14883.231194848468,22400.0,178335.63934325034,21271.34529356429,1.4601946595459547,0.02958053459627056,1.192687154921629
28160,Valdemorillo,21.0,DC50,high,0.1355275888321971,0.1355275888321971,False,49.86331048314195,24313.515028970043,5248.769524541259,972.5406011588018,750.0,2500.0,14842.204903269983,22400.0,177819.82931722482,21209.821005935202,1.4639649699776633,0.02958053459627056,1.192687154921629
28177,Villanueva del Pardillo,22.0,DC50,high,0.13078882525516738,0.13078882525516736,False,48.119824587881176,23463.385542851152,5065.244693461177,938.5354217140462,750.0,2500.0,14209.605427675931,22400.0,169866.3648578386,20261.155391934928,1.524810865407025,0.02958053459627056,1.192687154921629
28046,Collado Mediano,23.0,DC50,high,0.13059067232854404,0.13059067232854404,False,48.046920163117925,23427.837104330225,5057.570543486097,937.113484173209,750.0,2500.0,14183.153076670922,22400.0,169533.7881774865,20221.48663346125,1.5274714090373376,0.02958053459627056,1.192687154921629
28083,Meco,24.0,DC50,high,0.1291947671430899,0.1291947671430899,False,47.533338727285624,23177.41309842853,5003.509339714277,927.0965239371412,750.0,2500.0,13996.807234777112,22400.0,167190.92339837007,19942.036682367656,1.5464939647790752,0.02958053459627056,1.192687154921629
28129,San Agustín del Guadalix,25.0,DC50,high,0.12788028856567218,0.12788028856567218,False,47.04971576908211,22941.596945254914,4952.601659903381,917.6638778101966,750.0,2500.0,13821.331407541336,22400.0,164984.72372662593,19678.88773930142,1.5648677930197041,0.02958053459627056,1.192687154921629
28152,Torrelodones,26.0,DC50,high,0.12543766013601834,0.12543766013601834,False,46.15102391724387,22503.39182741643,4858.002517604617,900.1356730966572,750.0,2500.0,13495.253636715155,22400.0,160885.05551424477,19189.89149348226,1.6002576366143764,0.02958053459627056,1.192687154921629
28072,Hoyo de Manzanares,27.0,DC50,high,0.12061550792405448,0.12061550792405448,False,44.37685767541813,21638.30250288983,4671.248176359803,865.5321001155933,750.0,2500.0,12851.522226414434,22400.0,152791.63291314404,18224.53208810064,1.675298315185877,0.02958053459627056,1.192687154921629
28013,Aranjuez,28.0,DC50,high,0.11613103374390248,0.11613103374390249,False,42.7269299350566,20833.79228238297,4497.571572111221,833.3516912953188,750.0,2500.0,12252.86901897643,22400.0,145264.9636815825,17326.77334102914,1.7520237809403607,0.02958053459627056,1.192687154921629
28903,Tres Cantos,29.0,DC50,high,0.11394695347166199,0.11394695347166199,False,41.923363121293875,20441.970447573047,4412.985591715145,817.6788179029219,750.0,2500.0,11961.30603795498,22400.0,141599.23853211227,16889.536534674342,1.792117711689108,0.02958053459627056,1.192687154921629
28068,Guadarrama,30.0,DC50,high,0.11314630504442912,0.11314630504442912,False,41.62878855194636,20298.33491375897,4381.977742310143,811.9333965503588,750.0,2500.0,11854.423774898467,22400.0,140255.44310806383,16729.252608398514,1.8072996789770026,0.02958053459627056,1.192687154921629
28018,Becerril de la Sierra,31.0,DC50,high,0.11103085823913676,0.11103085823913676,False,40.8504733633432,19918.825854853294,4300.049827720337,796.7530341941318,750.0,2500.0,11572.022992938826,22400.0,136704.91126402508,16305.755717320124,1.848734882217506,0.02958053459627056,1.192687154921629
28058,Fuenlabrada,32.0,DC50,high,0.11073765371301268,0.11073765371301268,False,40.742597554091624,19866.225253647983,4288.694479378067,794.6490101459193,750.0,2500.0,11532.881764123997,22400.0,136212.8015100878,16247.058327741235,1.8546347150626263,0.02958053459627056,1.192687154921629
28149,Torrejón de la Calzada,33.0,DC50,high,0.11052285530499857,0.11052285530499856,False,40.66356892381507,19827.690632273465,4280.375676191061,793.1076252909386,750.0,2500.0,11504.207330791467,22400.0,135852.2873218818,16204.057266322441,1.8589818238862326,0.02958053459627056,1.192687154921629
28054,El Escorial,34.0,DC50,high,0.1092500184450493,0.10925001844504928,False,40.19526678630253,19599.34496191611,4231.080714347636,783.9737984766444,750.0,2500.0,11334.290449091832,22400.0,133715.9784380044,15949.244688814022,1.8851835639935075,0.02958053459627056,1.192687154921629
28127,Las Rozas de Madrid,35.0,DC50,high,0.10788751436788642,0.10788751436788642,False,39.693974286232766,19354.913081716804,4178.313082761345,774.1965232686722,750.0,2500.0,11152.403475686788,22400.0,131429.17354104514,15676.48139393157,1.914097199893211,0.02958053459627056,1.192687154921629
28004,El Álamo,36.0,DC50,high,0.10755313977115795,0.10755313977115795,False,39.57095118460443,19294.926610674887,4165.36328258994,771.7970644269955,750.0,2500.0,11107.766263657953,22400.0,130867.96460374077,15609.542059028025,1.9213345838392502,0.02958053459627056,1.192687154921629
28032,Camarma de Esteruelas,37.0,DC50,high,0.10034122532164744,0.10034122532164744,False,36.917543620340524,18001.116310744554,3886.05722319374,720.0446524297821,750.0,2500.0,10145.014435121033,22400.0,118763.60355556432,14165.769830650523,2.083915839986038,0.02958053459627056,1.192687154921629
28038,Cercedilla,38.0,DC50,high,0.10013978977850067,0.10013978977850067,False,36.84343145530597,17964.97897407481,3878.2559426637863,718.5991589629924,750.0,2500.0,10118.123872448032,22400.0,118425.5173845131,14125.443916492852,2.088660747854329,0.02958053459627056,1.192687154921629
28141,Sevilla la Nueva,39.0,DC50,high,0.09835258755068257,0.09835258755068257,False,36.18588401164713,17644.356666836204,3809.0404222786456,705.7742666734482,750.0,2500.0,9879.541977884111,22400.0,115425.90595220003,13767.65917555027,2.131839641000787,0.02958053459627056,1.192687154921629
28059,Fuente el Saz de Jarama,40.0,DC50,high,0.09723314080574318,0.09723314080574319,False,35.774017165249035,17443.529030989197,3765.686017394635,697.7411612395679,750.0,2500.0,9730.101852354994,22400.0,113547.0445666671,13543.554170865866,2.1599150225589545,0.02958053459627056,1.192687154921629
28082,Manzanares el Real,41.0,DC50,high,0.0959372679589345,0.0959372679589345,False,35.29723962745118,17211.05072743487,3715.498908152756,688.4420290973949,750.0,2500.0,9557.10979018472,22400.0,111372.07245349052,13284.129958220377,2.1934608535660023,0.02958053459627056,1.192687154921629
28075,Loeches,42.0,DC50,high,0.09511878368606305,0.09511878368606305,False,34.99610289377632,17064.215460601674,3683.800304608034,682.5686184240669,750.0,2500.0,9447.846537569576,22400.0,109998.34163340813,13120.275426832288,2.2152520627088927,0.02958053459627056,1.192687154921629
28100,Nuevo Baztán,43.0,DC50,high,0.09468117172294128,0.09468117172294128,False,34.83509670030456,16985.708308412966,3666.8522842425855,679.4283323365187,750.0,2500.0,9389.427691833862,22400.0,109263.86076321607,13032.668730498854,2.2271012597444746,0.02958053459627056,1.192687154921629
28172,Villalbilla,44.0,DC50,high,0.09413361946499445,0.09413361946499446,False,34.63364127356076,16887.47797636434,3645.646449848501,675.4991190545735,750.0,2500.0,9316.332407461263,22400.0,108344.85787302199,12923.05279576426,2.2421266745455055,0.02958053459627056,1.192687154921629
28006,Alcobendas,45.0,DC50,high,0.0921783511412966,0.09217835114129659,False,33.91425895190584,16536.704778202024,3569.9219949374583,661.468191128081,750.0,2500.0,9055.314592136485,22400.0,105063.16701246166,12531.622458570951,2.29766457506681,0.02958053459627056,1.192687154921629
28176,Villanueva de la Cañada,46.0,DC50,high,0.091389669528472,0.09138966952847201,False,33.62408721291541,16395.21607902487,3539.377601359518,655.8086431609948,750.0,2500.0,8950.02983450436,22400.0,103739.45649696392,12373.734200522433,2.3209381694773192,0.02958053459627056,1.192687154921629
28014,Arganda del Rey,47.0,DC50,high,0.09093365643648625,0.09093365643648625,False,33.45631087611202,16313.40778256702,3521.716934327582,652.5363113026808,750.0,2500.0,8889.154536936758,22400.0,102974.09146847758,12282.443733532737,2.3346339538914274,0.02958053459627056,1.192687154921629
28113,Pinto,48.0,DC50,high,0.09085609612155165,0.09085609612155164,False,33.42777488504128,16299.493538987072,3518.7131457938194,651.9797415594829,750.0,2500.0,8878.80065163377,22400.0,102843.91548517227,12266.916728947372,2.3369811413456443,0.02958053459627056,1.192687154921629
28044,Colmenarejo,49.0,DC50,high,0.08988220759401806,0.08988220759401808,False,33.069461817991126,16124.77890298741,3480.995980841172,644.9911561194964,750.0,2500.0,8748.791766026741,22400.0,101209.35666719526,12071.951408791105,2.3669027242381215,0.02958053459627056,1.192687154921629
28123,Rivas-Vaciamadrid,50.0,DC50,high,0.0895448522275465,0.0895448522275465,False,32.94534203155891,16064.257684809716,3467.9307401640963,642.5703073923886,750.0,2500.0,8703.756637253231,22400.0,100643.14485396596,12004.415345708876,2.377465480431298,0.02958053459627056,1.192687154921629
28151,Torrelaguna,51.0,DC50,high,0.08274542566674671,0.08274542566674671,False,30.44369701130945,14844.447303035186,3204.5996854009954,593.7778921214075,750.0,2500.0,7796.069725512783,22400.0,89231.09683416905,10643.220158758015,2.6149150415034463,0.02958053459627056,1.192687154921629
28090,Moralzarzal,52.0,DC50,high,0.08244457592098718,0.08244457592098718,False,30.3330083728496,14790.47515700931,3192.9482497736426,591.6190062803724,750.0,2500.0,7755.907900955295,22400.0,88726.15546673883,10582.992252439528,2.6266328602371924,0.02958053459627056,1.192687154921629
28154,Torres de la Alameda,53.0,DC50,high,0.08239041618121332,0.08239041618121332,False,30.313081921392005,14780.758953406019,3190.8507285675796,591.2303581362407,750.0,2500.0,7748.677866702199,22400.0,88635.25463186516,10572.149870887575,2.6287545052808152,0.02958053459627056,1.192687154921629
28108,Pedrezuela,54.0,DC50,high,0.0811219880769683,0.0811219880769683,False,29.846401853278177,14553.20420944969,3141.7265108713873,582.1281683779877,750.0,2500.0,7579.349530200316,22400.0,86506.34533254898,10318.219893844273,2.679534474264197,0.02958053459627056,1.192687154921629
28089,Moraleja de Enmedio,55.0,DC50,high,0.07946274927507113,0.07946274927507113,False,29.235934713284173,14255.538413915423,3077.4668119246503,570.2215365566169,750.0,2500.0,7357.850065434155,22400.0,83721.50565316672,9986.052489586156,2.74927925287736,0.02958053459627056,1.192687154921629
28080,Majadahonda,56.0,DC50,high,0.07908736405426173,0.07908736405426171,False,29.097822982843972,14188.194677585077,3062.9287350362083,567.527787103403,750.0,2500.0,7307.738155445466,22400.0,83091.465144972,9910.903129379207,2.7656097505218082,0.02958053459627056,1.192687154921629
28164,Valdetorres de Jarama,57.0,DC50,high,0.07881693033301716,0.07881693033301718,False,28.998325008123675,14139.679136192535,3052.4552640130187,565.5871654477014,750.0,2500.0,7271.636706731817,22400.0,82637.57354317018,9856.764287455453,2.777505634834955,0.02958053459627056,1.192687154921629
28033,Campo Real,58.0,DC50,high,0.07798192770884928,0.07798192770884929,False,28.691110842639826,13989.880493518593,3020.1169308041926,559.5952197407437,750.0,2500.0,7160.168342973657,22400.0,81236.11858833653,9689.602903632083,2.8149468375435966,0.02958053459627056,1.192687154921629
28171,Villa del Prado,59.0,DC50,high,0.07431506849315068,0.07784353355569161,True,27.342,13332.049586776859,2878.105263157895,533.2819834710743,750.0,2500.0,6670.66234014789,22400.0,75081.72114361069,8955.52465879724,2.993217750574802,0.02958053459627056,1.192687154921629
28005,Alcalá de Henares,60.0,DC50,high,0.07744016955579762,0.07744016955579762,False,28.49178718296906,13892.689618141938,2999.135492944112,555.7075847256775,750.0,2500.0,7087.846540472148,22400.0,80326.84043047158,9581.14690608123,2.839830299123059,0.02958053459627056,1.192687154921629
28134,San Sebastián de los Reyes,61.0,DC50,high,0.07702815437771113,0.07702815437771114,False,28.34019855864748,13818.774503803317,2983.1787956471035,552.7509801521327,750.0,2500.0,7032.84472800408,22400.0,79635.32079198972,9498.664497844726,2.8590759611884793,0.02958053459627056,1.192687154921629
28049,Coslada,62.0,DC50,high,0.07422819024720585,0.07422819024720585,False,27.31003575575198,13316.4637156146,2874.7406058686297,532.658548624584,750.0,2500.0,6659.064561121388,22400.0,74935.90609498377,8938.132272958024,2.997738644324484,0.02958053459627056,1.192687154921629
28040,Ciempozuelos,63.0,DC50,high,0.0733763426659276,0.07337634266592762,False,26.996623993648086,13163.643104340801,2841.74989406822,526.545724173632,750.0,2500.0,6545.34748609895,22400.0,73506.1788354615,8767.598652617651,3.038548983372654,0.02958053459627056,1.192687154921629
28074,Leganés,64.0,DC50,high,0.07281332977312197,0.07281332977312197,False,26.789480290127035,13062.639149731363,2819.945293697583,522.5055659892546,750.0,2500.0,6470.188290044527,22400.0,72561.22706474821,8654.887612498971,3.066081675143807,0.02958053459627056,1.192687154921629
28043,Colmenar de Oreja,65.0,DC50,high,0.07028562418300723,0.07028562418300723,False,25.859486849412015,12609.171273680238,2722.0512473065282,504.36685094720957,750.0,2500.0,6132.753175426502,22400.0,68318.76671660591,8148.859544907302,3.1971896756299567,0.02958053459627056,1.192687154921629
28091,Morata de Tajuña,66.0,DC50,high,0.06632420091324201,0.06889933959710857,True,24.402,11898.495867768595,2568.631578947369,475.9398347107438,750.0,2500.0,5603.924454110482,22400.0,61669.97770814224,7355.811742998949,3.431032449101299,0.02958053459627056,1.192687154921629
28144,Soto del Real,67.0,DC50,high,0.06803318460738875,0.06803318460738875,False,25.03076928075047,12205.085847638658,2634.817819026365,488.2034339055463,750.0,2500.0,5832.064594706746,22400.0,64538.30841342431,7697.9377088063375,3.3254859276724913,0.02958053459627056,1.192687154921629
28050,Cubas de la Sagra,68.0,DC50,high,0.06359891724553947,0.06359891724553947,False,23.39931363297888,11409.58268054342,2463.0856455767243,456.38330722173686,750.0,2500.0,5240.11372774496,22400.0,57095.90549700986,6810.229997482435,3.6162034005985033,0.02958053459627056,1.192687154921629
28007,Alcorcón,69.0,DC50,high,0.06292529128608029,0.0629252912860803,False,23.15147316997466,11288.734851475248,2436.997175786807,451.54939405900996,750.0,2500.0,5150.188281629433,22400.0,55965.30253689413,6675.375034990845,3.6655414489845626,0.02958053459627056,1.192687154921629
28047,Collado Villalba,70.0,DC50,high,0.06165649930266936,0.06165649930266936,False,22.68465922343811,11061.114827957424,2387.8588656250645,442.444593118297,750.0,2500.0,4980.811369214063,22400.0,53835.78250864693,6421.372212014893,3.762735224487382,0.02958053459627056,1.192687154921629
28026,Brunete,71.0,DC50,high,0.059292133501969206,0.05929213350196921,False,21.81476175804451,10636.949948137406,2296.2907113731067,425.47799792549625,750.0,2500.0,4665.181238838803,22400.0,49867.46903210843,5948.043568882126,3.960318529565312,0.02958053459627056,1.192687154921629
28096,Navalcarnero,72.0,DC50,high,0.05883758324169728,0.05883758324169728,False,21.647523626285263,10555.404082238269,2278.686697503712,422.21616328953075,750.0,2500.0,4604.501221445026,22400.0,49104.55919680839,5857.045950042247,4.000906108967801,0.02958053459627056,1.192687154921629
28015,Arroyomolinos,73.0,DC50,high,0.05798339734421639,0.05798339734421639,False,21.333251550884096,10402.163979356706,2245.605426408852,416.08655917426825,750.0,2500.0,4490.471993773587,22400.0,47670.907345035375,5686.044215996674,4.071498235731054,0.02958053459627056,1.192687154921629
28131,San Lorenzo de El Escorial,74.0,DC50,high,0.057935887665626885,0.05793588766562688,False,21.315771789937443,10393.640790134787,2243.7654515723625,415.74563160539145,750.0,2500.0,4484.129706957033,22400.0,47591.167865739524,5676.533127781904,4.075512975824967,0.02958053459627056,1.192687154921629
28086,El Molar,75.0,DC50,high,0.0535674891168623,0.05356748911686231,False,19.70855059587598,9609.9544227825,2074.5842732501033,384.3981769113,750.0,2500.0,3900.9719726210988,22400.0,40259.318104243066,4802.01186836528,4.490354749210223,0.02958053459627056,1.192687154921629
28023,El Boalo-Cerceda-Mataelpino,76.0,DC50,high,0.05194582734325111,0.051945827343251115,False,19.111908796128947,9319.029908856264,2011.7798732767315,372.76119635425056,750.0,2500.0,3684.4888392252815,22400.0,37537.54710387459,4477.367108786892,4.671445376704863,0.02958053459627056,1.192687154921629
28052,Chinchón,77.0,DC50,high,0.051338708676195256,0.051338708676195256,False,18.888537696145757,9210.113422087601,1988.26712591008,368.404536883504,750.0,2500.0,3603.441759294017,22400.0,36518.568912081086,4355.826417066082,4.7437603156479575,0.02958053459627056,1.192687154921629
28085,Miraflores de la Sierra,78.0,DC50,high,0.04604211465859964,0.04604211465859965,False,16.93981482519198,8259.909708151461,1783.1384026517878,330.39638832605846,750.0,2500.0,2896.3749171736154,22400.0,27628.850826345868,3295.4872517680265,5.448305228147625,0.02958053459627056,1.192687154921629
28148,Torrejón de Ardoz,79.0,DC50,high,0.044051547213866636,0.04405154721386664,False,16.207445250925815,7902.803882682834,1706.046868518507,316.1121553073134,750.0,2500.0,2630.6448588570147,22400.0,24287.91448961081,2896.990290172352,5.7699710315901,0.02958053459627056,1.192687154921629
28067,Guadalix de la Sierra,80.0,DC50,high,0.03229696388480642,0.03229696388480642,False,11.882698952497979,5794.043290887444,1250.810416052419,231.76173163549774,750.0,2500.0,1061.4711431995274,22400.0,4559.211163758449,543.8091639322658,8.537074464164856,0.02958053459627056,1.192687154921629
28180,Villarejo de Salvanés,81.0,DC50,high,0.03101258767292479,0.03101258767292479,False,11.410151256622488,5563.627472237412,1201.068553328683,222.54509888949647,750.0,2500.0,890.0138200192323,22400.0,2403.534817464623,286.6864930401756,8.988972718977129,0.02958053459627056,1.192687154921629
28133,San Martín de Valdeiglesias,82.0,DC50,high,0.027674457259269473,0.027674457259269473,False,10.181986314830425,4964.770186570207,1071.7880331400447,198.5908074628083,750.0,2500.0,444.391345967354,22400.0,-3199.1295008184316,-381.58266346166755,10.29221205545022,0.02958053459627056,1.192687154921629
28132,San Martín de la Vega,83.0,DC50,high,0.027500000000000004,0.0275,False,10.1178,4933.472727272728,1065.0315789473686,197.3389090909091,750.0,2500.0,421.1022392344503,22400.0,-3491.93575475511,-416.5077236153148,10.367511218497365,0.02958053459627056,1.192687154921629
28130,San Fernando de Henares,1.0,DC150,low,0.05,0.05,False,24.09,10352.727272727274,4057.263157894737,1242.3272727272729,6750.0,8000.0,-9696.863157894739,150000.0,-201732.04929852978,-37813.465794116724,inf,0.4241583394203385,22.395560321393873
28022,Boadilla del Monte,2.0,DC150,low,0.04916228317527494,0.04916228317527494,False,23.686388033847468,10179.2741963642,3989.2864057006263,1221.512903563704,6750.0,8000.0,-9781.52511290013,150000.0,-202183.7145802537,-37898.12774912212,inf,0.4241583394203385,22.395560321393873
28115,Pozuelo de Alarcón,3.0,DC150,low,0.04808694592559256,0.04808694592559256,False,23.168290546950495,9956.620730920875,3902.027881591662,1194.7944877105049,6750.0,8000.0,-9890.201638381295,150000.0,-202763.4958231402,-38006.80427460328,inf,0.4241583394203385,22.395560321393873
28010,Alpedrete,4.0,DC150,low,0.038082191780821915,0.047354437166526424,True,18.348,7885.090909090909,3090.189473684211,946.210909090909,6750.0,8000.0,-10901.30947368421,150000.0,-208157.68150260238,-39017.912109906196,inf,0.4241583394203385,22.395560321393873
28181,Villaviciosa de Odón,5.0,DC150,low,0.04572635869982153,0.04572635869982153,False,22.030959621574013,9467.850415883047,3710.477409949308,1136.1420499059657,6750.0,8000.0,-10128.769043972226,150000.0,-204036.23532519295,-38245.371680194214,inf,0.4241583394203385,22.395560321393873
28073,Humanes de Madrid,6.0,DC150,low,0.036347031963470326,0.04563414432918545,True,17.512000000000004,7525.818181818184,2949.389473684211,903.0981818181821,6750.0,8000.0,-11076.669473684211,150000.0,-209093.21416066666,-39193.272109906204,inf,0.4241583394203385,22.395560321393873
28079,Madrid,7.0,DC150,low,0.04561101657930126,0.04561101657930126,False,21.975387787907344,9443.968305546958,3701.1179432265003,1133.2761966656349,6750.0,8000.0,-10140.425834345177,150000.0,-204098.42344153704,-38257.02847056716,inf,0.4241583394203385,22.395560321393873
28104,Paracuellos de Jarama,8.0,DC150,low,0.04545405957691478,0.04545405957691478,False,21.89976590415754,9411.469644761917,3688.381625963375,1129.37635737143,6750.0,8000.0,-10156.28833857289,150000.0,-204183.04873090584,-38272.89097479488,inf,0.4241583394203385,22.395560321393873
28061,Galapagar,9.0,DC150,low,0.04542587313881722,0.04542587313881722,False,21.88618567828214,9405.633514633646,3686.0944300264655,1128.6760217560375,6750.0,8000.0,-10159.136937148858,150000.0,-204198.24579407604,-38275.73957337084,inf,0.4241583394203385,22.395560321393873
28106,Parla,10.0,DC150,low,0.04526934143853119,0.04526934143853119,False,21.810768705084328,9373.222914581695,3673.3926240142027,1124.7867497498032,6750.0,8000.0,-10174.956459182311,150000.0,-204282.64177661066,-38291.55909540431,inf,0.4241583394203385,22.395560321393873
28045,Colmenar Viejo,11.0,DC150,low,0.044907636065530214,0.044907636065530214,False,21.636499056372458,9298.33017298651,3644.041946336414,1115.7996207583813,6750.0,8000.0,-10211.511394108285,150000.0,-204477.65965660985,-38328.114030330275,inf,0.4241583394203385,22.395560321393873
28092,Móstoles,12.0,DC150,low,0.04463062681978497,0.04463062681978497,False,21.503036001772397,9240.974149522022,3621.563958193246,1108.9168979426427,6750.0,8000.0,-10239.506706613867,150000.0,-204627.01258271435,-38356.10934283586,inf,0.4241583394203385,22.395560321393873
28161,Valdemoro,13.0,DC150,low,0.04423274895380348,0.044232748953803476,False,21.311338445942518,9158.591728834801,3589.278054053477,1099.0310074601762,6750.0,8000.0,-10279.717332678852,150000.0,-204841.53330514254,-38396.31996890085,inf,0.4241583394203385,22.395560321393873
28009,Algete,14.0,DC150,low,0.044180727182083615,0.044180727182083615,False,21.286274356327887,9147.820384537605,3585.056733697328,1097.7384461445126,6750.0,8000.0,-10284.974795304239,150000.0,-204869.5814802372,-38401.57743152623,inf,0.4241583394203385,22.395560321393873
28066,Griñón,15.0,DC150,low,0.0291324200913242,0.04397526834466629,True,14.036,6032.0,2363.9578947368423,723.8399999999999,6750.0,8000.0,-11805.797894736843,150000.0,-212983.06047577568,-39922.400530958825,inf,0.4241583394203385,22.395560321393873
28041,Cobeña,16.0,DC150,low,0.027853881278538814,0.04385598269056543,True,13.42,5767.272727272727,2260.2105263157896,692.0727272727272,6750.0,8000.0,-11935.01052631579,150000.0,-213672.40032908617,-40051.613162537775,inf,0.4241583394203385,22.395560321393873
28167,Velilla de San Antonio,17.0,DC150,low,0.03287671232876712,0.04369252972248324,True,15.84,6807.272727272727,2667.789473684211,816.8727272727272,6750.0,8000.0,-11427.389473684212,150000.0,-210964.27947679508,-39543.992109906205,inf,0.4241583394203385,22.395560321393873
28053,Daganzo de Arriba,18.0,DC150,low,0.04100456621004567,0.043646360563889444,True,19.756000000000004,8490.18181818182,3327.3263157894744,1018.8218181818183,6750.0,8000.0,-10605.966315789474,150000.0,-206582.04755217847,-38722.56895201146,inf,0.4241583394203385,22.395560321393873
28084,Mejorada del Campo,19.0,DC150,low,0.03552511415525115,0.043401025381982226,True,17.116000000000003,7355.636363636366,2882.694736842106,882.6763636363638,6750.0,8000.0,-11159.734736842105,150000.0,-209536.3612092233,-39276.33737306409,inf,0.4241583394203385,22.395560321393873
28065,Getafe,20.0,DC150,low,0.043131504757210525,0.043131504757210525,False,20.780758992024033,8930.574112274791,3499.917303919837,1071.668893472975,6750.0,8000.0,-10391.012085118022,150000.0,-205435.28259561933,-38507.61472134001,inf,0.4241583394203385,22.395560321393873
28160,Valdemorillo,21.0,DC150,low,0.043094253191781465,0.043094253191781465,False,20.76281118780031,8922.861006327406,3496.894515840053,1070.7433207592887,6750.0,8000.0,-10394.776830271934,150000.0,-205455.36723316938,-38511.37946649393,inf,0.4241583394203385,22.395560321393873
28177,Villanueva del Pardillo,22.0,DC150,low,0.04251985760668696,0.04251985760668696,False,20.486067394901777,8803.929789544565,3450.285034930826,1056.4715747453479,6750.0,8000.0,-10452.82682013161,150000.0,-205765.05964485972,-38569.429456353595,inf,0.4241583394203385,22.395560321393873
28046,Collado Mediano,23.0,DC150,low,0.023677818999761454,0.042495839070126544,True,11.407973194085068,4902.600050350608,1921.3428537406432,588.312006042073,6750.0,8000.0,-12357.05480943211,150000.0,-215923.9754317585,-40473.6574456541,inf,0.4241583394203385,22.395560321393873
28083,Meco,24.0,DC150,low,0.035799086757990865,0.042326638441586656,True,17.248,7412.363636363637,2904.926315789474,889.4836363636364,6750.0,8000.0,-11132.046315789474,150000.0,-209388.64552637108,-39248.648952011456,inf,0.4241583394203385,22.395560321393873
28129,San Agustín del Guadalix,25.0,DC150,low,0.040639269406392696,0.04216730770492997,True,19.58,8414.545454545454,3297.684210526316,1009.7454545454544,6750.0,8000.0,-10642.884210526317,150000.0,-206779.00179598152,-38759.48684674832,inf,0.4241583394203385,22.395560321393873
28152,Torrelodones,26.0,DC150,low,0.04187123153163859,0.04187123153163859,False,20.173559351943474,8669.628812405459,3397.652101379954,1040.355457488655,6750.0,8000.0,-10518.37874646315,150000.0,-206114.77433396882,-38634.98138268513,inf,0.4241583394203385,22.395560321393873
28072,Hoyo de Manzanares,27.0,DC150,low,0.029863013698630137,0.04128672823321873,True,14.388,6183.272727272727,2423.242105263158,741.9927272727272,6750.0,8000.0,-11731.96210526316,150000.0,-212589.15198816973,-39848.56474148515,inf,0.4241583394203385,22.395560321393873
28013,Aranjuez,28.0,DC150,low,0.04074315560532152,0.04074315560532152,False,19.63005237064391,8436.055564243663,3306.1140834768694,1012.3266677092395,6750.0,8000.0,-10632.385186942447,150000.0,-206722.99028001147,-38748.98782316443,inf,0.4241583394203385,22.395560321393873
28903,Tres Cantos,29.0,DC150,low,0.040478418602625695,0.040478418602625695,False,19.50250208274506,8381.24056448548,3284.6319297254845,1005.7488677382577,6750.0,8000.0,-10659.140232978261,150000.0,-206865.72647603406,-38775.74286920026,inf,0.4241583394203385,22.395560321393873
28068,Guadarrama,30.0,DC150,low,0.03616438356164384,0.04038137030841565,True,17.424,7488.0,2934.5684210526315,898.56,6750.0,8000.0,-11095.128421052632,150000.0,-209191.69128256815,-39211.73105727463,inf,0.4241583394203385,22.395560321393873
28018,Becerril de la Sierra,31.0,DC150,low,0.015342465753424657,0.040124952513834765,True,7.392,3176.727272727273,1244.9684210526316,381.20727272727277,6750.0,8000.0,-13199.448421052632,150000.0,-220418.08317933863,-41316.05105727461,inf,0.4241583394203385,22.395560321393873
28058,Fuenlabrada,32.0,DC150,low,0.040089412571274255,0.04008941257127426,False,19.31507897683994,8300.695097484931,3253.0659329414634,996.0834116981918,6750.0,8000.0,-10698.454247154725,150000.0,-207075.46384020874,-38815.05688337671,inf,0.4241583394203385,22.395560321393873
28149,Torrejón de la Calzada,33.0,DC150,low,0.03232876712328767,0.040063376400605887,True,15.576,6693.818181818182,2623.3263157894735,803.2581818181818,6750.0,8000.0,-11482.766315789475,150000.0,-211259.71084249954,-39599.368952011464,inf,0.4241583394203385,22.395560321393873
28054,El Escorial,34.0,DC150,low,0.0365296803652968,0.03990909314485446,True,17.6,7563.636363636364,2964.21052631579,907.6363636363636,6750.0,8000.0,-11058.21052631579,150000.0,-208994.7370387651,-39174.81316253778,inf,0.4241583394203385,22.395560321393873
28127,Las Rozas de Madrid,35.0,DC150,low,0.039743941135501386,0.039743941135501386,False,19.148630839084568,8229.16366638345,3225.0325623721374,987.499639966014,6750.0,8000.0,-10733.368535954702,150000.0,-207261.72899420888,-38849.97117217669,inf,0.4241583394203385,22.395560321393873
28004,El Álamo,36.0,DC150,low,0.015342465753424657,0.03970341088135248,True,7.392,3176.727272727273,1244.9684210526316,381.20727272727277,6750.0,8000.0,-13199.448421052632,150000.0,-220418.08317933863,-41316.05105727461,inf,0.4241583394203385,22.395560321393873
28032,Camarma de Esteruelas,37.0,DC150,low,0.016621004566210046,0.03882923943292697,True,8.008,3441.4545454545455,1348.7157894736843,412.9745454545454,6750.0,8000.0,-13070.235789473685,150000.0,-219728.74332602817,-41186.83842569567,inf,0.4241583394203385,22.395560321393873
28038,Cercedilla,38.0,DC150,low,0.012602739726027398,0.03880482300345463,True,6.072,2609.4545454545455,1022.6526315789475,313.13454545454545,6750.0,8000.0,-13476.332631578947,150000.0,-221895.24000786105,-41592.93526780093,inf,0.4241583394203385,22.395560321393873
28141,Sevilla la Nueva,39.0,DC150,low,0.01936073059360731,0.03858819243038576,True,9.328000000000001,4008.7272727272734,1571.0315789473689,481.0472727272728,6750.0,8000.0,-12793.351578947368,150000.0,-218251.58649750575,-40909.95421516936,inf,0.4241583394203385,22.395560321393873
28059,Fuente el Saz de Jarama,40.0,DC150,low,0.015159817351598173,0.03845250191584766,True,7.304,3138.909090909091,1230.1473684210528,376.6690909090909,6750.0,8000.0,-13217.907368421053,150000.0,-220516.56030124013,-41334.51000464304,inf,0.4241583394203385,22.395560321393873
28082,Manzanares el Real,41.0,DC150,low,0.021004566210045664,0.03829542641926479,True,10.12,4349.090909090909,1704.421052631579,521.8909090909091,6750.0,8000.0,-12627.22105263158,150000.0,-217365.2924003923,-40743.82368885357,inf,0.4241583394203385,22.395560321393873
28075,Loeches,42.0,DC150,low,0.026484018264840183,0.03819621620437128,True,12.76,5483.636363636364,2149.0526315789475,658.0363636363636,6750.0,8000.0,-12073.452631578948,150000.0,-214410.9787433474,-40190.05526780093,inf,0.4241583394203385,22.395560321393873
28100,Nuevo Baztán,43.0,DC150,low,0.019452054794520546,0.03814317233005349,True,9.372,4027.636363636364,1578.4421052631578,483.31636363636363,6750.0,8000.0,-12784.122105263159,150000.0,-218202.34793655496,-40900.72474148514,inf,0.4241583394203385,22.395560321393873
28172,Villalbilla,44.0,DC150,low,0.038076802359393265,0.038076802359393265,False,18.345403376755677,7883.975004886737,3089.752147664114,946.0770005864084,6750.0,8000.0,-10901.854143363786,150000.0,-208160.58727514514,-39018.456779585766,inf,0.4241583394203385,22.395560321393873
28006,Alcobendas,45.0,DC150,low,0.03783980013833898,0.03783980013833898,False,18.23121570665172,7834.902617734624,3070.520540067658,940.1883141281548,6750.0,8000.0,-10925.80623646119,150000.0,-208288.36992410512,-39042.40887268318,inf,0.4241583394203385,22.395560321393873
28176,Villanueva de la Cañada,46.0,DC150,low,0.03774420236708752,0.03774420236708752,False,18.185156700462766,7815.108664661684,3062.7632337621503,937.813039759402,6750.0,8000.0,-10935.467608859868,150000.0,-208339.9126328225,-39052.07024508185,inf,0.4241583394203385,22.395560321393873
28014,Arganda del Rey,47.0,DC150,low,0.03768892805290743,0.037688928052907425,False,18.1585255358908,7803.663866663815,3058.277984992135,936.4396639996577,6750.0,8000.0,-10941.053782327977,150000.0,-208369.7144560036,-39057.656418549974,inf,0.4241583394203385,22.395560321393873
28113,Pinto,48.0,DC150,low,0.037679526802612315,0.03767952680261232,False,18.153996013498613,7801.717295057256,3057.5151180629246,936.2060754068707,6750.0,8000.0,-10942.00389841254,150000.0,-208374.7832551941,-39058.60653463452,inf,0.4241583394203385,22.395560321393873
28044,Colmenarejo,49.0,DC150,low,0.02301369863013699,0.037561479708365826,True,11.088000000000001,4765.09090909091,1867.4526315789478,571.8109090909091,6750.0,8000.0,-12424.172631578947,150000.0,-216282.04405947583,-40540.775267800935,inf,0.4241583394203385,22.395560321393873
28123,Rivas-Vaciamadrid,50.0,DC150,low,0.03752058814879351,0.03752058814879351,False,18.077419370088716,7768.808324335647,3044.6179991728363,932.2569989202776,6750.0,8000.0,-10958.066673757468,150000.0,-208460.47697619282,-39074.66930997946,inf,0.4241583394203385,22.395560321393873
28151,Torrelaguna,51.0,DC150,low,0.010277625273323515,0.036696415232332934,True,4.95175985668727,2128.0290293201488,833.9806074420665,255.36348351841784,6750.0,8000.0,-13711.315061640336,150000.0,-223148.85393004242,-41827.91769786232,inf,0.4241583394203385,22.395560321393873
28090,Moralzarzal,52.0,DC150,low,0.0366599485964833,0.0366599485964833,False,17.66276323378565,7590.60899303185,2974.7811762165315,910.873079163822,6750.0,8000.0,-11045.045262348503,150000.0,-208924.50132712373,-39161.64789857049,inf,0.4241583394203385,22.395560321393873
28154,Torres de la Alameda,53.0,DC150,low,0.014794520547945205,0.036653383779541006,True,7.128,3063.2727272727275,1200.505263157895,367.5927272727273,6750.0,8000.0,-13254.825263157894,150000.0,-220713.5145450431,-41371.42789937987,inf,0.4241583394203385,22.395560321393873
28108,Pedrezuela,54.0,DC150,low,0.01452054794520548,0.0364996349184204,True,6.996,3006.5454545454545,1178.2736842105264,360.7854545454545,6750.0,8000.0,-13282.513684210526,150000.0,-220861.23022789537,-41399.11632043251,inf,0.4241583394203385,22.395560321393873
28089,Moraleja de Enmedio,55.0,DC150,low,0.01643835616438356,0.03629851506364499,True,7.92,3403.6363636363635,1333.8947368421054,408.4363636363636,6750.0,8000.0,-13088.694736842106,150000.0,-219827.22044792966,-41205.29737306409,inf,0.4241583394203385,22.395560321393873
28080,Majadahonda,56.0,DC150,low,0.03625301382475899,0.03625301382475899,False,17.46670206076888,7506.351298842826,2941.7603470768645,900.762155861139,6750.0,8000.0,-11086.171204095179,150000.0,-209143.9051911615,-39202.77384031717,inf,0.4241583394203385,22.395560321393873
28164,Valdetorres de Jarama,57.0,DC150,low,0.00995433789954338,0.03622023397975966,True,4.796,2061.090909090909,807.7473684210527,247.33090909090907,6750.0,8000.0,-13743.987368421052,150000.0,-223323.15827543277,-41860.59000464304,inf,0.4241583394203385,22.395560321393873
28033,Campo Real,58.0,DC150,low,0.015525114155251141,0.03611902154046658,True,7.48,3214.5454545454545,1259.7894736842106,385.74545454545455,6750.0,8000.0,-13180.98947368421,150000.0,-220319.60605743714,-41297.592109906196,inf,0.4241583394203385,22.395560321393873
28171,Villa del Prado,59.0,DC150,low,0.008493150684931507,0.03610224649159898,True,4.092,1758.5454545454545,689.1789473684211,211.02545454545452,6750.0,8000.0,-13891.658947368422,150000.0,-224110.97525064473,-42008.26158359041,inf,0.4241583394203385,22.395560321393873
28005,Alcalá de Henares,60.0,DC150,low,0.036053353885551226,0.036053353885551226,False,17.37050590205858,7465.010800884679,2925.558888767761,895.8012961061614,6750.0,8000.0,-11106.349383989244,150000.0,-209251.5542917043,-39222.952020211225,inf,0.4241583394203385,22.395560321393873
28134,San Sebastián de los Reyes,61.0,DC150,low,0.03600341265184377,0.03600341265184377,False,17.346444215658327,7454.670241439943,2921.5063942161396,894.5604289727931,6750.0,8000.0,-11111.396581748992,150000.0,-209278.4807192588,-39227.99921797098,inf,0.4241583394203385,22.395560321393873
28049,Coslada,62.0,DC150,low,0.03566402306026738,0.03566402306026738,False,17.182926310436823,7384.398083824089,2893.9665364946227,886.1277700588906,6750.0,8000.0,-11145.696222729424,150000.0,-209461.46677250398,-39262.29885895141,inf,0.4241583394203385,22.395560321393873
28040,Ciempozuelos,63.0,DC150,low,0.025388127853881278,0.03556076880799123,True,12.232,5256.727272727273,2060.126315789474,630.8072727272728,6750.0,8000.0,-12184.206315789474,150000.0,-215001.84147475637,-40300.80895201146,inf,0.4241583394203385,22.395560321393873
28074,Leganés,64.0,DC150,low,0.035492524820984486,0.035492524820984486,False,17.100298458750327,7348.888593843116,2880.0502667368974,881.8666312611739,6750.0,8000.0,-11163.028304154956,150000.0,-209553.93214776524,-39279.63094037695,inf,0.4241583394203385,22.395560321393873
28043,Colmenar de Oreja,65.0,DC150,low,0.0091324200913242,0.03518613626460694,True,4.4,1890.909090909091,741.0526315789475,226.9090909090909,6750.0,8000.0,-13827.052631578947,150000.0,-223766.3053239895,-41943.65526780093,inf,0.4241583394203385,22.395560321393873
28091,Morata de Tajuña,66.0,DC150,low,0.007579908675799087,0.03501810176934649,True,3.652,1569.4545454545455,615.0736842105264,188.33454545454546,6750.0,8000.0,-13983.953684210526,150000.0,-224603.3608601522,-42100.55632043251,inf,0.4241583394203385,22.395560321393873
28144,Soto del Real,67.0,DC150,low,0.03004566210045662,0.03491311328574409,True,14.476,6221.090909090909,2438.0631578947373,746.5309090909091,6750.0,8000.0,-11713.503157894738,150000.0,-212490.67486626824,-39830.10579411673,inf,0.4241583394203385,22.395560321393873
28050,Cubas de la Sagra,68.0,DC150,low,0.021826484018264845,0.03437562633279266,True,10.516000000000002,4519.272727272728,1771.1157894736846,542.3127272727273,6750.0,8000.0,-12544.155789473683,150000.0,-216922.14535183553,-40660.75842569567,inf,0.4241583394203385,22.395560321393873
28007,Alcorcón,69.0,DC150,low,0.03429397470134307,0.03429397470134307,False,16.52283701110709,7100.7233436162705,2782.7936018706678,852.0868012339524,6750.0,8000.0,-11284.15705948835,150000.0,-210200.1451179127,-39400.75969571034,inf,0.4241583394203385,22.395560321393873
28047,Collado Villalba,70.0,DC150,low,0.0341401817336569,0.0341401817336569,False,16.448739559275896,7068.879810597906,2770.3140310359404,848.2655772717486,6750.0,8000.0,-11299.699797709784,150000.0,-210283.06447923736,-39416.30243393177,inf,0.4241583394203385,22.395560321393873
28026,Brunete,71.0,DC150,low,0.024718601336512887,0.03385359193963264,True,11.90942212393191,5118.098764003796,2005.797410346427,614.1718516804555,6750.0,8000.0,-12251.870498023087,150000.0,-215362.8248932141,-40368.47313424507,inf,0.4241583394203385,22.395560321393873
28096,Navalcarnero,72.0,DC150,low,0.03379849493838755,0.03379849493838755,False,16.28411486131512,6998.132006515589,2742.587766116231,839.7758407818707,6750.0,8000.0,-11334.231600382513,150000.0,-210467.28909797687,-39450.834236604496,inf,0.4241583394203385,22.395560321393873
28015,Arroyomolinos,73.0,DC150,low,0.03369495725384441,0.03369495725384441,False,16.234230404902235,6976.694058305093,2734.186173457219,837.2032869966112,6750.0,8000.0,-11344.695402148736,150000.0,-210523.1127081492,-39461.298038370725,inf,0.4241583394203385,22.395560321393873
28131,San Lorenzo de El Escorial,74.0,DC150,low,0.03287671232876712,0.033689198504924474,True,15.84,6807.272727272727,2667.789473684211,816.8727272727272,6750.0,8000.0,-11427.389473684212,150000.0,-210964.27947679508,-39543.992109906205,inf,0.4241583394203385,22.395560321393873
28086,El Molar,75.0,DC150,low,0.013059360730593607,0.033159695650528766,True,6.292,2704.0,1059.705263157895,324.47999999999996,6750.0,8000.0,-13430.185263157895,150000.0,-221649.04720310733,-41546.78789937988,inf,0.4241583394203385,22.395560321393873
28023,El Boalo-Cerceda-Mataelpino,76.0,DC150,low,0.024292237442922374,0.03296313058706074,True,11.704,5029.818181818182,1971.2,603.5781818181819,6750.0,8000.0,-12294.960000000001,150000.0,-215592.70420616536,-40411.56263622199,inf,0.4241583394203385,22.395560321393873
28052,Chinchón,77.0,DC150,low,0.006940639269406392,0.03288954044559943,True,3.344,1437.0909090909092,563.2,172.4509090909091,6750.0,8000.0,-14048.56,150000.0,-224948.03078680742,-42165.162636221976,inf,0.4241583394203385,22.395560321393873
28085,Miraflores de la Sierra,78.0,DC150,low,0.011141552511415527,0.032247529049527233,True,5.368000000000001,2306.9090909090914,904.084210526316,276.82909090909095,6750.0,8000.0,-13624.004210526316,150000.0,-222683.05698307307,-41740.606846748306,inf,0.4241583394203385,22.395560321393873
28148,Torrejón de Ardoz,79.0,DC150,low,0.032006248147135354,0.032006248147135354,False,15.420610357289812,6627.039161810498,2597.155428596179,795.2446994172597,6750.0,8000.0,-11515.360966202941,150000.0,-211433.60089690177,-39631.96360242492,inf,0.4241583394203385,22.395560321393873
28067,Guadalix de la Sierra,80.0,DC150,low,0.012876712328767125,0.030581450167855326,True,6.204000000000001,2666.1818181818185,1044.884210526316,319.9418181818182,6750.0,8000.0,-13448.644210526316,150000.0,-221747.52432500885,-41565.246846748305,inf,0.4241583394203385,22.395560321393873
28180,Villarejo de Salvanés,81.0,DC150,low,0.007762557077625571,0.03042576820277876,True,3.74,1607.2727272727273,629.8947368421053,192.87272727272727,6750.0,8000.0,-13965.494736842105,150000.0,-224504.8837382507,-42082.09737306409,inf,0.4241583394203385,22.395560321393873
28133,San Martín de Valdeiglesias,82.0,DC150,low,0.009771689497716897,0.030021146334456905,True,4.708000000000001,2023.2727272727277,792.9263157894738,242.79272727272732,6750.0,8000.0,-13762.446315789473,150000.0,-223421.6353973343,-41879.048952011464,inf,0.4241583394203385,22.395560321393873
28132,San Martín de la Vega,83.0,DC150,low,0.03,0.03,False,14.454,6211.636363636364,2434.3578947368424,745.3963636363636,6750.0,8000.0,-11718.117894736843,150000.0,-212515.2941467436,-39834.72053095883,inf,0.4241583394203385,22.395560321393873
28130,San Fernando de Henares,1.0,DC150,base,0.10500000000000001,0.10500000000000001,False,64.38600000000001,31394.826446280993,8810.715789473685,2511.5861157024797,4500.0,6000.0,9572.524541104827,110000.0,-22705.640212724607,-3383.8099514421015,8.533110093571878,0.12011308387283604,8.071599236254581
28022,Boadilla del Monte,2.0,DC150,base,0.1020679911134623,0.1020679911134623,False,62.58809215077508,30518.1606355019,8564.68629431659,2441.452850840152,4500.0,6000.0,9012.021490345156,110000.0,-27110.640505080155,-4040.2848927223163,8.877080659228994,0.12011308387283604,8.071599236254581
28115,Pozuelo de Alarcón,3.0,DC150,base,0.09830431073957396,0.09830431073957396,False,60.28020334550675,29392.82642466858,8248.869931490399,2351.4261139734863,4500.0,6000.0,8292.530379204694,110000.0,-32765.12989746684,-4882.97055571274,9.346050314156244,0.12011308387283604,8.071599236254581
28010,Alpedrete,4.0,DC150,base,0.08500489236790607,0.09574053008284249,True,52.125,25416.322314049587,7132.894736842106,2033.3057851239669,4500.0,6000.0,5750.1217920835115,110000.0,-52745.94990259825,-7860.701944825769,inf,0.12011308387283604,8.071599236254581
28181,Villaviciosa de Odón,5.0,DC150,base,0.09004225544937537,0.09004225544937536,False,55.213911041556976,26922.485549188936,7555.587826739376,2153.7988439351147,4500.0,6000.0,6713.098878514444,110000.0,-45177.901269302325,-6732.839526571077,inf,0.12011308387283604,8.071599236254581
28073,Humanes de Madrid,6.0,DC150,base,0.08113176777560341,0.08971950515214909,True,49.75000000000001,24258.26446280992,6807.894736842107,1940.6611570247935,4500.0,6000.0,5009.708568943019,110000.0,-58564.866427632915,-8727.892099322647,inf,0.12011308387283604,8.071599236254581
28079,Madrid,7.0,DC150,base,0.0896385580275544,0.08963855802755441,False,54.96636378249636,26801.780687332935,7521.712938657397,2144.1424549866347,4500.0,6000.0,6635.9252936889025,110000.0,-45784.40941097593,-6823.227124815308,inf,0.12011308387283604,8.071599236254581
28104,Paracuellos de Jarama,8.0,DC150,base,0.08908920851920175,0.08908920851920175,False,54.62950266397451,26637.526092351207,7475.616154017565,2131.0020873880967,4500.0,6000.0,6530.907850945543,110000.0,-46609.74277064266,-6946.22613341108,inf,0.12011308387283604,8.071599236254581
28061,Galapagar,9.0,DC150,base,0.08899055598586025,0.08899055598586025,False,54.569008930529506,26608.029147944137,7467.338064177722,2128.642331835531,4500.0,6000.0,6512.0487519308845,110000.0,-46757.95665914967,-6968.314373433085,inf,0.12011308387283604,8.071599236254581
28106,Parla,10.0,DC150,base,0.08844269503485915,0.08844269503485916,False,54.23306059537563,26444.2196291501,7421.366186735613,2115.537570332008,4500.0,6000.0,6407.3158720824795,110000.0,-47581.05363556431,-7090.980094976268,inf,0.12011308387283604,8.071599236254581
28045,Colmenar Viejo,11.0,DC150,base,0.08717672622935575,0.08717672622935575,False,53.45676852384095,26065.697048815007,7315.1367453677085,2085.2557639052006,4500.0,6000.0,6165.304539542096,110000.0,-49483.02364116705,-7374.429712428418,inf,0.12011308387283604,8.071599236254581
28092,Móstoles,12.0,DC150,base,0.0862071938692474,0.0862071938692474,False,52.86225128062251,25775.808475675436,7233.781754190449,2062.064678054035,4500.0,6000.0,5979.962043430951,110000.0,-50939.63257210679,-7591.5073966379605,inf,0.12011308387283604,8.071599236254581
28161,Valdemoro,13.0,DC150,base,0.08481462133831218,0.08481462133831218,False,52.008325804653026,25359.431590698583,7116.928794320941,2028.7545272558866,4500.0,6000.0,5713.748269121752,110000.0,-53031.80986190336,-7903.303508399977,inf,0.12011308387283604,8.071599236254581
28009,Algete,14.0,DC150,base,0.08463254513729267,0.08463254513729267,False,51.89667667818786,25304.991107546146,7101.650492804656,2024.3992886036917,4500.0,6000.0,5678.941326137798,110000.0,-53305.358050111296,-7944.070255022616,inf,0.12011308387283604,8.071599236254581
28066,Griñón,15.0,DC150,base,0.06502772341813438,0.08391343920633203,True,39.875,19443.181818181816,5456.578947368422,1555.4545454545453,4500.0,6000.0,1931.1483253588503,110000.0,-82759.30882119806,-12333.577478546506,inf,0.12011308387283604,8.071599236254581
28041,Cobeña,16.0,DC150,base,0.062173842139595564,0.08349593941697904,True,38.125,18589.87603305785,5217.105263157895,1487.190082644628,4500.0,6000.0,1385.5806872553258,110000.0,-87046.9315238552,-12972.55969764947,inf,0.12011308387283604,8.071599236254581
28167,Velilla de San Antonio,17.0,DC150,base,0.07338551859099804,0.08292385402869135,True,45.0,21942.14876033058,6157.894736842106,1755.3719008264463,4500.0,6000.0,3528.882122662024,110000.0,-70202.6994777022,-10462.2724083164,inf,0.12011308387283604,8.071599236254581
28053,Daganzo de Arriba,18.0,DC150,base,0.08276226197361307,0.08276226197361307,False,50.749819042219535,24745.779532983077,6944.71207946162,1979.6623626386463,4500.0,6000.0,5321.4050908828085,110000.0,-56115.239671079005,-8362.825476294744,inf,0.12011308387283604,8.071599236254581
28084,Mejorada del Campo,19.0,DC150,base,0.07929712981082845,0.08190358883693781,True,48.62500000000001,23709.710743801657,6653.947368421054,1896.7768595041325,4500.0,6000.0,4658.986515876468,110000.0,-61321.19530791247,-9138.666383031692,inf,0.12011308387283604,8.071599236254581
28065,Getafe,20.0,DC150,base,0.08096026665023687,0.08096026665023685,False,49.644835509925244,24206.98590979826,6793.50380662135,1936.5588727838608,4500.0,6000.0,4976.923230393048,110000.0,-58822.52680200887,-8766.291093173393,inf,0.12011308387283604,8.071599236254581
28160,Valdemorillo,21.0,DC150,base,0.08082988617123514,0.08082988617123514,False,49.56488620020139,24168.00236208167,6782.5633747644015,1933.4401889665335,4500.0,6000.0,4951.998798350733,110000.0,-59018.40821654242,-8795.483200226588,inf,0.12011308387283604,8.071599236254581
28177,Villanueva del Pardillo,22.0,DC150,base,0.07881950162340433,0.07881950162340433,False,48.33211839547153,23566.90070522992,6613.868833064526,1885.3520564183937,4500.0,6000.0,4567.679815746998,110000.0,-62038.77577463645,-9245.607033086575,inf,0.12011308387283604,8.071599236254581
28046,Collado Mediano,23.0,DC150,base,0.05285227455303895,0.07873543674544292,True,32.40901475592349,15802.742732227154,4434.91780870532,1264.2194185781723,4500.0,6000.0,-396.3944950563382,110000.0,-101051.49615274406,-15059.652803717925,inf,0.12011308387283604,8.071599236254581
28083,Meco,24.0,DC150,base,0.07814323454555329,0.07814323454555329,False,47.91743142333328,23364.69796674928,6557.122194771922,1869.1758373399425,4500.0,6000.0,4438.399934637417,110000.0,-63054.78793248566,-9397.022805480856,inf,0.12011308387283604,8.071599236254581
28129,San Agustín del Guadalix,25.0,DC150,base,0.07758557696725488,0.07758557696725488,False,47.575475796320696,23197.959272586122,6510.328266864938,1855.83674180689,4500.0,6000.0,4331.794263914295,110000.0,-63892.60319516021,-9521.881985699849,inf,0.12011308387283604,8.071599236254581
28152,Torrelodones,26.0,DC150,base,0.07654931036073506,0.07654931036073506,False,46.94003711320274,22888.117270074064,6423.373499701429,1831.0493816059252,4500.0,6000.0,4133.694388766709,110000.0,-65449.47252309339,-9753.90142560989,inf,0.12011308387283604,8.071599236254581
28072,Hoyo de Manzanares,27.0,DC150,base,0.06665851272015656,0.07450354881626556,True,40.875,19930.78512396694,5593.421052631579,1594.4628099173551,4500.0,6000.0,2242.9012614180065,110000.0,-80309.238705394,-11968.444781916243,inf,0.12011308387283604,8.071599236254581
28013,Aranjuez,28.0,DC150,base,0.07260104461862531,0.07260104461862531,False,44.51896056014104,21707.592339242325,6092.068287177195,1736.607387139386,4500.0,6000.0,3378.9166649257404,110000.0,-71381.27983382379,-10637.915636177617,inf,0.12011308387283604,8.071599236254581
28903,Tres Cantos,29.0,DC150,base,0.07167446510918994,0.07167446510918994,False,43.95078200495528,21430.54659745753,6014.317537520196,1714.4437277966026,4500.0,6000.0,3201.785332140731,110000.0,-72773.35713232517,-10845.376204200082,inf,0.12011308387283604,8.071599236254581
28068,Guadarrama,30.0,DC150,base,0.0713347960794548,0.07133479607945478,False,43.74249695592168,21328.98611900313,5985.815372915598,1706.3188895202504,4500.0,6000.0,3136.8518565672803,110000.0,-73283.67010653116,-10921.427885821486,inf,0.12011308387283604,8.071599236254581
28018,Becerril de la Sierra,31.0,DC150,base,0.03424657534246575,0.07043733379842165,True,21.0,10239.669421487602,2873.684210526316,819.1735537190082,4500.0,6000.0,-3953.1883427577222,110000.0,-129004.38225699979,-19225.45712744274,inf,0.12011308387283604,8.071599236254581
28058,Fuenlabrada,32.0,DC150,base,0.07031294399945993,0.07031294399945993,False,43.115897260468834,21023.454036096373,5900.070151432577,1681.8763228877099,4500.0,6000.0,2941.507561776083,110000.0,-74818.88329493212,-11150.219922329887,inf,0.12011308387283604,8.071599236254581
28149,Torrejón de la Calzada,33.0,DC150,base,0.0702218174021206,0.07022181740212059,False,43.06001843098035,20996.207334114384,5892.423574765732,1679.6965867291508,4500.0,6000.0,2924.087172619502,110000.0,-74955.79034516794,-11170.623110025557,inf,0.12011308387283604,8.071599236254581
28054,El Escorial,34.0,DC150,base,0.0696818260069906,0.0696818260069906,False,42.72889570748664,20834.75079951828,5847.112044182382,1666.7800639614622,4500.0,6000.0,2820.858691374433,110000.0,-75767.06423466356,-11291.526842970376,inf,0.12011308387283604,8.071599236254581
28127,Las Rozas de Madrid,35.0,DC150,base,0.06910379397425485,0.06910379397425485,False,42.37444646501307,20661.920177155134,5798.608463633369,1652.9536141724109,4500.0,6000.0,2710.3580993493542,110000.0,-76635.48973121741,-11420.947850693301,inf,0.12011308387283604,8.071599236254581
28004,El Álamo,36.0,DC150,base,0.03424657534246575,0.06896193808473368,True,21.0,10239.669421487602,2873.684210526316,819.1735537190082,4500.0,6000.0,-3953.1883427577222,110000.0,-129004.38225699979,-19225.45712744274,inf,0.12011308387283604,8.071599236254581
28032,Camarma de Esteruelas,37.0,DC150,base,0.037100456621004564,0.06590233801524437,True,22.75,11092.97520661157,3113.1578947368425,887.4380165289257,4500.0,6000.0,-3407.6207046541986,110000.0,-124716.75955434264,-18586.474908339773,inf,0.12011308387283604,8.071599236254581
28038,Cercedilla,38.0,DC150,base,0.02813111545988258,0.0658168805120912,True,17.25,8411.157024793389,2360.5263157894738,672.8925619834711,4500.0,6000.0,-5122.261852979557,110000.0,-138192.14519126504,-20594.70473980623,inf,0.12011308387283604,8.071599236254581
28141,Sevilla la Nueva,39.0,DC150,base,0.04321591650358774,0.06505867350635018,True,26.500000000000004,12921.487603305786,3626.3157894736846,1033.719008264463,4500.0,6000.0,-2238.5471944323617,110000.0,-115528.99662007739,-17217.22729597628,inf,0.12011308387283604,8.071599236254581
28059,Fuente el Saz de Jarama,40.0,DC150,base,0.03383887801696021,0.06458375670546682,True,20.75,10117.768595041322,2839.4736842105267,809.4214876033058,4500.0,6000.0,-4031.126576772511,110000.0,-129616.8997859508,-19316.740301600305,inf,0.12011308387283604,8.071599236254581
28082,Manzanares el Real,41.0,DC150,base,0.046885192433137636,0.06403399246742676,True,28.75,14018.595041322315,3934.2105263157896,1121.4876033057851,4500.0,6000.0,-1537.1030882992618,110000.0,-110016.33885951826,-16395.67872855819,inf,0.12011308387283604,8.071599236254581
28075,Loeches,42.0,DC150,base,0.059116112198303976,0.06368675671529948,True,36.25,17675.619834710742,4960.526315789474,1414.0495867768593,4500.0,6000.0,801.0439321444082,110000.0,-91640.81299098778,-13657.18350383121,inf,0.12011308387283604,8.071599236254581
28100,Nuevo Baztán,43.0,DC150,base,0.04341976516634051,0.06350110315518721,True,26.625,12982.438016528926,3643.4210526315796,1038.595041322314,4500.0,6000.0,-2199.578077424969,110000.0,-115222.7378556019,-17171.5857088975,inf,0.12011308387283604,8.071599236254581
28172,Villalbilla,44.0,DC150,base,0.06326880825787644,0.06326880825787644,False,38.79643322372983,18917.269092562477,5308.985599036714,1513.3815274049982,4500.0,6000.0,1594.9019661207658,110000.0,-85401.87304763673,-12727.397474061843,inf,0.12011308387283604,8.071599236254581
28006,Alcobendas,45.0,DC150,base,0.06243930048418642,0.06243930048418643,False,38.28777905690311,18669.247639316392,5239.380291997269,1493.5398111453114,4500.0,6000.0,1436.3275361738124,110000.0,-86648.11142105807,-12913.1237416475,inf,0.12011308387283604,8.071599236254581
28176,Villanueva de la Cañada,46.0,DC150,base,0.06210470828480631,0.06210470828480631,False,38.08260712024323,18569.2051247467,5211.304132243811,1485.536409979736,4500.0,6000.0,1372.3645825231506,110000.0,-87150.79705167015,-12988.038724152984,inf,0.12011308387283604,8.071599236254581
28014,Arganda del Rey,47.0,DC150,base,0.06191124818517601,0.061911248185176,False,37.963977387149924,18511.360874725997,5195.070589820516,1480.9088699780798,4500.0,6000.0,1335.3814149274003,110000.0,-87441.44821556781,-13031.354318497864,inf,0.12011308387283604,8.071599236254581
28113,Pinto,48.0,DC150,base,0.06187834380914313,0.06187834380914312,False,37.94380042376657,18501.522520679566,5192.309531673321,1480.1218016543653,4500.0,6000.0,1329.091187351878,110000.0,-87490.88319058107,-13038.721587547841,inf,0.12011308387283604,8.071599236254581
28044,Colmenarejo,49.0,DC150,base,0.051369863013698634,0.0614651789792804,True,31.500000000000004,15359.504132231406,4310.526315789475,1228.7603305785126,4500.0,6000.0,-679.7825141365811,110000.0,-103278.6460410571,-15391.563812824967,inf,0.12011308387283604,8.071599236254581
28123,Rivas-Vaciamadrid,50.0,DC150,base,0.06132205852077731,0.061322058520777316,False,37.602686284940646,18335.194138938,5145.630754781352,1466.8155311150401,4500.0,6000.0,1222.7478530416083,110000.0,-88326.63674819666,-13163.273512916056,inf,0.12011308387283604,8.071599236254581
28151,Torrelaguna,51.0,DC150,base,0.022941127842239985,0.05843745331316528,True,14.067499592861559,6859.359305610182,1925.0262600757926,548.7487444488146,4500.0,6000.0,-6114.415698914426,110000.0,-145989.4943323292,-21756.7396954916,inf,0.12011308387283604,8.071599236254581
28090,Moralzarzal,52.0,DC150,base,0.05830982008769153,0.05830982008769153,False,35.75558167777245,17434.539826351855,4892.869071695177,1394.7631861081484,4500.0,6000.0,646.9075685485277,110000.0,-92852.17254698352,-13837.711799089571,inf,0.12011308387283604,8.071599236254581
28154,Torres de la Alameda,53.0,DC150,base,0.03302348336594912,0.05828684322839353,True,20.25,9873.96694214876,2771.0526315789475,789.9173553719008,4500.0,6000.0,-4187.003044802089,110000.0,-130841.93484385282,-19499.306649915434,inf,0.12011308387283604,8.071599236254581
28108,Pedrezuela,54.0,DC150,base,0.032411937377690804,0.05774872221447141,True,19.875,9691.11570247934,2719.7368421052633,775.2892561983472,4500.0,6000.0,-4303.910395824272,110000.0,-131760.71113727934,-19636.231411151784,inf,0.12011308387283604,8.071599236254581
28089,Moraleja de Enmedio,55.0,DC150,base,0.03669275929549902,0.057044802722757464,True,22.5,10971.07438016529,3078.947368421053,877.6859504132232,4500.0,6000.0,-3485.558938668988,110000.0,-125329.27708329368,-18677.75808249734,inf,0.12011308387283604,8.071599236254581
28080,Majadahonda,56.0,DC150,base,0.05688554838665649,0.056885548386656486,False,34.88221827069776,17008.68494191048,4773.356184411274,1360.6947953528384,4500.0,6000.0,374.6339621463667,110000.0,-94991.974130894,-14156.605335052942,inf,0.12011308387283604,8.071599236254581
28164,Valdetorres de Jarama,57.0,DC150,base,0.022219504240052184,0.056770818929158806,True,13.625,6643.595041322314,1864.4736842105265,531.4876033057851,4500.0,6000.0,-6252.366246193998,110000.0,-147073.64936105476,-21918.310765090933,inf,0.12011308387283604,8.071599236254581
28033,Campo Real,58.0,DC150,base,0.034654272667971296,0.056416575391633035,True,21.25,10361.570247933883,2907.8947368421054,828.9256198347107,4500.0,6000.0,-3875.2501087429328,110000.0,-128391.86472804876,-19134.17395328517,inf,0.12011308387283604,8.071599236254581
28171,Villa del Prado,59.0,DC150,base,0.018957925636007827,0.05635786272059644,True,11.625,5668.388429752066,1590.7894736842106,453.4710743801653,4500.0,6000.0,-6875.872118312311,110000.0,-151973.78959266288,-22648.57615835146,inf,0.12011308387283604,8.071599236254581
28005,Alcalá de Henares,60.0,DC150,base,0.0561867385994293,0.0561867385994293,False,34.453708109170044,16799.741970587045,4714.717951781165,1343.9793576469635,4500.0,6000.0,241.04466115891773,110000.0,-96041.85407197142,-14313.068405865026,inf,0.12011308387283604,8.071599236254581
28134,San Sebastián de los Reyes,61.0,DC150,base,0.05601194428145321,0.056011944281453216,False,34.34652423338711,16747.478758428424,4700.050684568762,1339.798300674274,4500.0,6000.0,207.6297731853865,110000.0,-96304.46208292327,-14352.204743464936,inf,0.12011308387283604,8.071599236254581
28049,Coslada,62.0,DC150,base,0.05482408071093582,0.05482408071093582,False,33.61812629194585,16392.309514254586,4600.37517679259,1311.384761140367,4500.0,6000.0,-19.450423678372317,110000.0,-98089.08811166171,-14618.166648043318,inf,0.12011308387283604,8.071599236254581
28040,Ciempozuelos,63.0,DC150,base,0.05446269082796929,0.05446269082796929,False,33.39652201571077,16284.254536586242,4570.050381097263,1302.7403629268995,4500.0,6000.0,-88.5362074379209,110000.0,-98632.03412639965,-14699.081615009827,inf,0.12011308387283604,8.071599236254581
28074,Leganés,64.0,DC150,base,0.05422383687344569,0.05422383687344569,False,33.250056770796895,16212.83759898361,4550.007768635364,1297.0270079186887,4500.0,6000.0,-134.197177570446,110000.0,-98990.88424596709,-14752.560864847846,inf,0.12011308387283604,8.071599236254581
28043,Colmenar de Oreja,65.0,DC150,base,0.020384866275277233,0.05315147692612428,True,12.5,6095.0413223140495,1710.5263157894738,487.60330578512395,4500.0,6000.0,-6603.088299260549,110000.0,-149829.97824133432,-22329.08504879998,inf,0.12011308387283604,8.071599236254581
28091,Morata de Tajuña,66.0,DC150,base,0.016919439008480103,0.052563356192712726,True,10.375,5058.884297520661,1419.7368421052633,404.7107438016529,4500.0,6000.0,-7265.563288386255,110000.0,-155036.37723741797,-23104.992029139292,inf,0.12011308387283604,8.071599236254581
28144,Soto del Real,67.0,DC150,base,0.052195896500104325,0.052195896500104325,False,32.00652373386397,15606.486779322102,4379.840089897175,1248.5189423457682,4500.0,6000.0,-521.8722529208426,110000.0,-102037.62737777147,-15206.61543597198,inf,0.12011308387283604,8.071599236254581
28050,Cubas de la Sagra,68.0,DC150,base,0.0487198303979126,0.05031469216477433,True,29.875000000000004,14567.14876033058,4088.157894736843,1165.3719008264463,4500.0,6000.0,-1186.381035232711,110000.0,-107260.00997923869,-15984.904444849142,inf,0.12011308387283604,8.071599236254581
28007,Alcorcón,69.0,DC150,base,0.050028911454700745,0.050028911454700745,False,30.677728504022497,14958.561832539894,4198.004953182026,1196.6849466031915,4500.0,6000.0,-936.1280672453249,110000.0,-105293.26886042907,-15691.802021513431,inf,0.12011308387283604,8.071599236254581
28047,Collado Villalba,70.0,DC150,base,0.049490636067799125,0.049490636067799125,False,30.347658036774426,14797.618381567694,4152.837415558606,1183.8094705254155,4500.0,6000.0,-1039.0285045163273,110000.0,-106101.96464834306,-15812.32154129773,inf,0.12011308387283604,8.071599236254581
28026,Brunete,71.0,DC150,base,0.04848757178871422,0.04848757178871422,False,29.73257902083956,14497.703820078794,4068.6687081148875,1159.8163056063036,4500.0,6000.0,-1230.7811936423986,110000.0,-107608.95136414327,-16036.907001026722,inf,0.12011308387283604,8.071599236254581
28096,Navalcarnero,72.0,DC150,base,0.04829473228435643,0.04829473228435643,False,29.61432983676736,14440.045127018795,4052.487240820797,1155.2036101615035,4500.0,6000.0,-1267.6457239635056,110000.0,-107898.67015625675,-16080.083644481327,inf,0.12011308387283604,8.071599236254581
28015,Arroyomolinos,73.0,DC150,base,0.04793235038845544,0.04793235038845544,False,29.392117258200877,14331.693539122742,4022.0792037538044,1146.5354831298193,4500.0,6000.0,-1336.9211477608842,110000.0,-108443.10655435828,-16161.220722518476,inf,0.12011308387283604,8.071599236254581
28131,San Lorenzo de El Escorial,74.0,DC150,base,0.04791219476723564,0.04791219476723565,False,29.379757831268897,14325.667041693097,4020.387913752586,1146.0533633354478,4500.0,6000.0,-1340.774235394936,110000.0,-108473.38801693279,-16165.733553402955,inf,0.12011308387283604,8.071599236254581
28086,El Molar,75.0,DC150,base,0.029150358773646443,0.04605893477685068,True,17.875,8715.90909090909,2446.0526315789475,697.2727272727273,4500.0,6000.0,-4927.416267942584,110000.0,-136660.85136888744,-20366.496804412305,inf,0.12011308387283604,8.071599236254581
28023,El Boalo-Cerceda-Mataelpino,76.0,DC150,base,0.0453709570547126,0.0453709570547126,False,27.821470865949767,13565.84116604162,3807.148644814179,1085.2672932833298,4500.0,6000.0,-1826.5747720558884,110000.0,-112291.30034250817,-16734.715075173717,inf,0.12011308387283604,8.071599236254581
28052,Chinchón,77.0,DC150,base,0.015492498369210697,0.045113391559597996,True,9.5,4632.231404958678,1300.0,370.57851239669424,4500.0,6000.0,-7538.347107438017,110000.0,-157180.18858874653,-23424.483138690775,inf,0.12011308387283604,8.071599236254581
28085,Miraflores de la Sierra,78.0,DC150,base,0.024869536855838228,0.042866351673345314,True,15.250000000000002,7435.950413223141,2086.8421052631584,594.8760330578514,4500.0,6000.0,-5745.767725097869,110000.0,-143092.28542287316,-21324.970133066756,inf,0.12011308387283604,8.071599236254581
28148,Torrejón de Ardoz,79.0,DC150,base,0.042021868514973734,0.042021868514973734,False,25.767809773381895,12564.469228343238,3526.121337410154,1005.157538267459,4500.0,6000.0,-2466.8096473343767,110000.0,-117322.91401339826,-17484.57388786768,inf,0.12011308387283604,8.071599236254581
28067,Guadalix de la Sierra,80.0,DC150,base,0.0287426614481409,0.03703507558749364,True,17.625,8594.00826446281,2411.8421052631584,687.5206611570247,4500.0,6000.0,-5005.354501957374,110000.0,-137273.36889783846,-20457.779978569873,inf,0.12011308387283604,8.071599236254581
28180,Villarejo de Salvanés,81.0,DC150,base,0.017327136333985648,0.036490188709725674,True,10.625,5180.785123966942,1453.9473684210527,414.46280991735534,4500.0,6000.0,-7187.625054371467,110000.0,-154423.85970846697,-23013.70885498173,inf,0.12011308387283604,8.071599236254581
28133,San Martín de Valdeiglesias,82.0,DC150,base,0.021811806914546643,0.03507401217059917,True,13.375000000000002,6521.694214876034,1830.2631578947373,521.7355371900827,4500.0,6000.0,-6330.304480208786,110000.0,-147686.16689000576,-22009.593939248498,inf,0.12011308387283604,8.071599236254581
28132,San Martín de la Vega,83.0,DC150,base,0.035,0.035,False,21.462,10464.94214876033,2936.905263157895,837.1953719008264,4500.0,6000.0,-3809.158486298392,110000.0,-127872.4498634983,-19056.765821599554,inf,0.12011308387283604,8.071599236254581
28130,San Fernando de Henares,1.0,DC150,high,0.1925,0.1925,False,143.3355,81736.77272727272,15087.947368421053,3269.470909090909,2250.0,4500.0,56629.35444976076,56000.0,684256.7627711955,81616.11399697761,0.9888864272623998,0.027199371931688532,2.219468749625784
28022,Boadilla del Monte,2.0,DC150,high,0.1855888361960183,0.1855888361960183,False,138.1894474315552,78802.24688245711,14546.257624374235,3152.0898752982844,2250.0,4500.0,54353.899382784584,56000.0,655648.2170762591,78203.77165158463,1.0277859414793176,0.027199371931688532,2.219468749625784
28115,Pozuelo de Alarcón,3.0,DC150,high,0.17671730388613863,0.17671730388613863,False,131.58370447361884,75035.33560892312,13850.91626038093,3001.413424356925,2250.0,4500.0,51433.005924185265,56000.0,618924.7874673306,73823.51005916174,1.0814260246079395,0.027199371931688532,2.219468749625784
28010,Alpedrete,4.0,DC150,high,0.16464947622884768,0.17067410662384297,True,122.59799999999998,69911.2561983471,12905.052631578947,2796.450247933884,2250.0,4500.0,47459.753318834264,56000.0,568970.3935672289,67865.09835024607,1.1648806607349416,0.027199371931688532,2.219468749625784
28181,Villaviciosa de Odón,5.0,DC150,high,0.15724245927352762,0.15724245927352762,False,117.08273517506866,66766.18782710527,12324.498439480914,2670.647513084211,2250.0,4500.0,45021.04187454014,56000.0,538309.2793121509,64207.93172439924,1.2233187455602603,0.027199371931688532,2.219468749625784
28073,Humanes de Madrid,6.0,DC150,high,0.15648169071578,0.15648169071578,False,116.51626690696979,66443.16046761087,12264.870200733663,2657.7264187044348,2250.0,4500.0,44770.563848172766,56000.0,535160.1017401977,63832.30717862446,1.2296774146966225,0.027199371931688532,2.219468749625784
28079,Madrid,7.0,DC150,high,0.1562908867792354,0.1562908867792354,False,116.37419429581867,66362.1438546404,12249.915189033545,2654.485754185616,2250.0,4500.0,44707.74291142123,56000.0,534370.2748322802,63738.09897132315,1.2312832476733617,0.027199371931688532,2.219468749625784
28104,Paracuellos de Jarama,8.0,DC150,high,0.15499599150954693,0.15499599150954693,False,115.41001527800863,65812.32276183963,12148.422660843016,2632.492910473585,2250.0,4500.0,44281.40719052303,56000.0,529010.096497092,63098.75282255131,1.2423003111871869,0.027199371931688532,2.219468749625784
28061,Galapagar,9.0,DC150,high,0.154763453395242,0.154763453395242,False,115.23686739809719,65713.58554106369,12130.19656822076,2628.5434216425474,2250.0,4500.0,44204.84555120038,56000.0,528047.5122699501,62983.93863540914,1.2443010185984378,0.027199371931688532,2.219468749625784
28106,Parla,10.0,DC150,high,0.15347206686788228,0.15347206686788228,False,114.27530098982514,65165.25428345401,12028.979051560542,2606.6101713381604,2250.0,4500.0,43779.6650605553,56000.0,522701.8582635279,62346.324905426256,1.2555377265942755,0.027199371931688532,2.219468749625784
28045,Colmenar Viejo,11.0,DC150,high,0.15048799754062428,0.15048799754062428,False,112.05336296874884,63898.19871771628,11795.090838815668,2555.9279487086515,2250.0,4500.0,42797.17993019195,56000.0,510349.39692314767,60872.96001120621,1.2823471047694217,0.027199371931688532,2.219468749625784
28092,Móstoles,12.0,DC150,high,0.14820267126322598,0.14820267126322598,False,110.35170902259806,62927.834070737736,11615.969370799798,2517.1133628295097,2250.0,4500.0,42044.75133710843,56000.0,500889.360511173,59744.59497015296,1.3037161138239863,0.027199371931688532,2.219468749625784
28161,Valdemoro,13.0,DC150,high,0.1449201788688787,0.1449201788688787,False,107.90756518576708,61534.06609766884,11358.691072186011,2461.3626439067534,2250.0,4500.0,40964.01238157607,56000.0,487301.58624906355,58123.885620273504,1.3357661248429027,0.027199371931688532,2.219468749625784
28009,Algete,14.0,DC150,high,0.14449099925218983,0.14449099925218983,False,107.58799804318056,61351.83359487156,11325.052425597954,2454.0733437948625,2250.0,4500.0,40822.707825478734,56000.0,485525.0106933944,57911.98096552299,1.3400805283403303,0.027199371931688532,2.219468749625784
28066,Griñón,15.0,DC150,high,0.12595487510072523,0.1427959638434969,True,93.786,53481.27272727273,9872.21052631579,2139.2509090909093,2250.0,4500.0,34719.81129186602,56000.0,408795.3064301739,48759.889775749216,1.5594544011088436,0.027199371931688532,2.219468749625784
28041,Cobeña,16.0,DC150,high,0.12042707493956487,0.14181185719716483,True,89.67,51134.13223140496,9438.947368421053,2045.3652892561986,2250.0,4500.0,32899.8195737277,56000.0,385913.15112488024,46030.57426510679,1.6403943561143295,0.027199371931688532,2.219468749625784
28167,Velilla de San Antonio,17.0,DC150,high,0.14046337021048672,0.14046337021048672,False,104.58902545872841,59641.67567481207,11009.371100918783,2385.667026992483,2250.0,4500.0,39496.6375469008,56000.0,468852.7666618707,55923.36522433334,1.3820543950065398,0.027199371931688532,2.219468749625784
28053,Daganzo de Arriba,18.0,DC150,high,0.14008247465208792,0.14008247465208792,False,104.30541062594467,59479.9449023982,10979.516907994177,2379.197796095928,2250.0,4500.0,39371.23019830809,56000.0,467276.0614503444,55735.30051049347,1.3861683975904515,0.027199371931688532,2.219468749625784
28084,Mejorada del Campo,19.0,DC150,high,0.1380584594013534,0.1380584594013534,False,102.79832887024774,58620.53464501731,10820.876723183974,2344.8213858006925,2250.0,4500.0,38704.836536032635,56000.0,458897.7138333299,54735.956095617425,1.4084710372327642,0.027199371931688532,2.219468749625784
28065,Getafe,20.0,DC150,high,0.13583491424698682,0.13583491424698682,False,101.14267714830639,57676.402671348274,10646.597594558569,2307.056106853931,2250.0,4500.0,37972.74896993577,56000.0,449693.4184414595,53638.09508373299,1.4338629172288957,0.027199371931688532,2.219468749625784
28160,Valdemorillo,21.0,DC150,high,0.1355275888321971,0.1355275888321971,False,100.91384264445395,57545.91026832498,10622.509752047787,2301.8364107329994,2250.0,4500.0,37871.56410554419,56000.0,448421.2545307788,53486.35515158171,1.437448646737272,0.027199371931688532,2.219468749625784
28177,Villanueva del Pardillo,22.0,DC150,high,0.13078882525516738,0.13078882525516736,False,97.38535928499763,55533.79992284989,10251.090451052383,2221.3519969139957,2250.0,4500.0,36311.3574748835,56000.0,428805.291405603,51146.621341570106,1.495233694457793,0.027199371931688532,2.219468749625784
28046,Collado Mediano,23.0,DC150,high,0.1023717468519098,0.13059067232854404,True,76.22600270593205,43467.72055131662,8023.789758519164,1738.7088220526648,2250.0,4500.0,26955.221970744788,56000.0,311173.68708046584,37115.87301638613,1.9795336209158165,0.027199371931688532,2.219468749625784
28083,Meco,24.0,DC150,high,0.1291947671430899,0.1291947671430899,False,96.19842361474473,54856.95230923459,10126.149854183655,2194.2780923693836,2250.0,4500.0,35786.52436268155,56000.0,422206.73787204624,50359.565477878175,1.5157887528328193,0.027199371931688532,2.219468749625784
28129,San Agustín del Guadalix,25.0,DC150,high,0.12788028856567218,0.12788028856567218,False,95.21966286599951,54298.816014495584,10023.122406947317,2171.9526405798233,2250.0,4500.0,35353.740966968435,56000.0,416765.4950490351,49710.55019781055,1.533191404759643,0.027199371931688532,2.219468749625784
28152,Torrelodones,26.0,DC150,high,0.12543766013601834,0.12543766013601834,False,93.40088173727925,53261.65983365511,9831.67176181887,2130.4663933462043,2250.0,4500.0,34549.52167849003,56000.0,406654.3113139249,48504.51823836452,1.566671185518266,0.027199371931688532,2.219468749625784
28072,Hoyo de Manzanares,27.0,DC150,high,0.12061550792405447,0.12061550792405448,False,89.81030720025096,51214.14212245715,9453.716547394839,2048.5656848982862,2250.0,4500.0,32961.85989016403,56000.0,386693.16355116636,46123.611830194204,1.6374903033731671,0.027199371931688532,2.219468749625784
28013,Aranjuez,28.0,DC150,high,0.11613103374390249,0.11613103374390249,False,86.47116772570979,49310.004736148556,9102.228181653663,1972.4001894459423,2250.0,4500.0,31485.37636504895,56000.0,368129.82340478944,43909.43176215155,1.7096594809095629,0.027199371931688532,2.219468749625784
28903,Tres Cantos,29.0,DC150,high,0.113946953471662,0.11394695347166199,False,84.84490155499952,48382.6298123551,8931.042268947318,1935.3051924942042,2250.0,4500.0,30766.28235091357,56000.0,359088.89165407576,42831.05628009311,1.7472763508163305,0.027199371931688532,2.219468749625784
28068,Guadarrama,30.0,DC150,high,0.11314630504442913,0.11314630504442912,False,84.24873873608193,48042.6691966087,8868.288288008624,1921.7067678643482,2250.0,4500.0,30502.674140735726,56000.0,355774.6326138148,42435.741307172764,1.7615031834900314,0.027199371931688532,2.219468749625784
28018,Becerril de la Sierra,31.0,DC150,high,0.06633360193392425,0.11103085823913676,True,49.392,28165.685950413223,5199.1578947368425,1126.627438016529,2250.0,4500.0,15089.900617659849,56000.0,161994.9170659358,19322.272482391778,3.2576317564998742,0.027199371931688532,2.219468749625784
28058,Fuenlabrada,32.0,DC150,high,0.11073765371301268,0.11073765371301268,False,82.45525695470924,47019.9399163218,8679.500732074657,1880.797596652872,2250.0,4500.0,29709.641587594262,56000.0,345804.09601066017,41246.485319817315,1.805799843250301,0.027199371931688532,2.219468749625784
28149,Torrejón de la Calzada,33.0,DC150,high,0.11052285530499856,0.11052285530499856,False,82.29531806010192,46928.73509212424,8662.665058958099,1877.1494036849697,2250.0,4500.0,29638.920629481167,56000.0,344914.9447410388,41140.42999770683,1.809863336667696,0.027199371931688532,2.219468749625784
28054,El Escorial,34.0,DC150,high,0.1092500184450493,0.10925001844504928,False,81.3475637341837,46388.28014593946,8562.901445703548,1855.5312058375785,2250.0,4500.0,29219.84749439833,56000.0,339646.0765007753,40511.975045810075,1.834339325255973,0.027199371931688532,2.219468749625784
28127,Las Rozas de Madrid,35.0,DC150,high,0.10788751436788642,0.10788751436788642,False,80.33304319832823,45809.75190648469,8456.109810350341,1832.3900762593878,2250.0,4500.0,28771.252019874963,56000.0,334006.0336286046,39839.24748643797,1.8613162043148117,0.027199371931688532,2.219468749625784
28004,El Álamo,36.0,DC150,high,0.06633360193392425,0.10755313977115795,True,49.392,28165.685950413223,5199.1578947368425,1126.627438016529,2250.0,4500.0,15089.900617659849,56000.0,161994.9170659358,19322.272482391778,3.2576317564998742,0.027199371931688532,2.219468749625784
28032,Camarma de Esteruelas,37.0,DC150,high,0.07186140209508461,0.10034122532164744,True,53.508,30512.82644628099,5632.42105263158,1220.5130578512396,2250.0,4500.0,16909.89233579817,56000.0,184877.07237122938,22051.587993034187,2.9731626994265157,0.027199371931688532,2.219468749625784
28038,Cercedilla,38.0,DC150,high,0.054488315874294924,0.10013978977850067,True,40.572,23136.099173553717,4270.736842105263,925.4439669421487,2250.0,4500.0,11189.918364506306,56000.0,112961.72712602094,13473.739245300898,4.12237136143898,0.027199371931688532,2.219468749625784
28141,Sevilla la Nueva,39.0,DC150,high,0.08370668815471392,0.09835258755068257,True,62.32799999999999,35542.41322314049,6560.8421052631575,1421.6965289256195,2250.0,4500.0,20809.87458895171,56000.0,233910.2623111442,27900.121230125067,2.479427415978747,0.027199371931688532,2.219468749625784
28059,Fuente el Saz de Jarama,40.0,DC150,high,0.06554391619661563,0.09723314080574319,True,48.804,27830.380165289254,5137.263157894738,1113.2152066115702,2250.0,4500.0,14829.901800782947,56000.0,158726.03773660812,18932.37026658572,3.3030668005370383,0.027199371931688532,2.219468749625784
28082,Manzanares el Real,41.0,DC150,high,0.09081385979049154,0.0959372679589345,True,67.62,38560.1652892562,7117.894736842106,1542.406611570248,2250.0,4500.0,23149.86394084384,56000.0,263330.17627509317,31409.2411723796,2.259848202504735,0.027199371931688532,2.219468749625784
28075,Loeches,42.0,DC150,high,0.09511878368606305,0.09511878368606305,False,70.82544633264254,40388.06443762261,7455.310140278163,1615.5225775049046,2250.0,4500.0,24567.231719839536,56000.0,281150.2736527196,33534.769450857035,2.146420063849258,0.027199371931688532,2.219468749625784
28100,Nuevo Baztán,43.0,DC150,high,0.08410153102336825,0.09468117172294128,True,62.62199999999999,35710.06611570247,6591.789473684211,1428.4026446280989,2250.0,4500.0,20939.87399739016,56000.0,235544.70197580804,28095.072338028094,2.4659977108178306,0.027199371931688532,2.219468749625784
28172,Villalbilla,44.0,DC150,high,0.09413361946499446,0.09413361946499446,False,70.09189305363488,39969.75719587443,7378.094005645777,1598.7902878349773,2250.0,4500.0,24242.872902393676,56000.0,277072.2172739634,33048.35100035212,2.1712520228599907,0.027199371931688532,2.219468749625784
28006,Alcobendas,45.0,DC150,high,0.09217835114129659,0.09217835114129659,False,68.63600025980945,39139.53733823844,7224.84213261152,1565.5814935295377,2250.0,4500.0,23599.11371209738,56000.0,268978.4454041453,32082.949935235443,2.2224788856914226,0.027199371931688532,2.219468749625784
28176,Villanueva de la Cañada,46.0,DC150,high,0.091389669528472,0.09138966952847201,False,68.04874793090025,38804.657911009235,7163.0260979895,1552.1863164403694,2250.0,4500.0,23339.44549657936,56000.0,265713.7226166099,31693.543499386862,2.2439100072427753,0.027199371931688532,2.219468749625784
28014,Arganda del Rey,47.0,DC150,high,0.09093365643648625,0.09093365643648625,False,67.70920058260766,38611.03173718949,7127.284271853439,1544.4412694875798,2250.0,4500.0,23189.306195848472,56000.0,263826.0707319812,31468.38999008354,2.2565116637556306,0.027199371931688532,2.219468749625784
28113,Pinto,48.0,DC150,high,0.09085609612155165,0.09085609612155164,False,67.65144917210736,38578.09911467279,7121.205176011302,1543.1239645869116,2250.0,4500.0,23163.769974074574,56000.0,263505.0122421445,31430.095087158377,2.258670604334549,0.027199371931688532,2.219468749625784
28044,Colmenarejo,49.0,DC150,high,0.08988220759401806,0.08988220759401808,False,66.92629177450586,38164.579606949614,7044.872818369037,1526.5831842779846,2250.0,4500.0,22843.123604302593,56000.0,259473.63124294626,30949.24393727236,2.286173619398233,0.027199371931688532,2.219468749625784
28123,Rivas-Vaciamadrid,50.0,DC150,high,0.0895448522275465,0.0895448522275465,False,66.67509696863112,38021.33628789709,7018.431259855909,1520.8534515158835,2250.0,4500.0,22732.051576525293,56000.0,258077.15928961572,30782.676911065682,2.295874255591013,0.027199371931688532,2.219468749625784
28151,Torrelaguna,51.0,DC150,high,0.04443561515231047,0.08274542566674671,True,33.08675904241038,18867.655982862114,3482.816741306356,754.7062393144846,2250.0,4500.0,7880.133002241273,56000.0,71348.88794013408,8510.283403113044,5.265883900600408,0.027199371931688532,2.219468749625784
28090,Moralzarzal,52.0,DC150,high,0.08244457592098718,0.08244457592098718,False,61.38823123076706,35006.51202415642,6461.919076922849,1400.2604809662569,2250.0,4500.0,20394.33246626731,56000.0,228685.7883245911,27276.961492932456,2.52345189965835,0.027199371931688532,2.219468749625784
28154,Torres de la Alameda,53.0,DC150,high,0.06396454472199839,0.08239041618121332,True,47.628,27159.76859504132,5013.473684210527,1086.390743801653,2250.0,4500.0,14309.90416702914,56000.0,152188.27907795284,18152.565834973604,3.398450991163385,0.027199371931688532,2.219468749625784
28108,Pedrezuela,54.0,DC150,high,0.06278001611603545,0.0811219880769683,True,46.746,26656.80991735537,4920.631578947369,1066.2723966942149,2250.0,4500.0,13919.905941713787,56000.0,147284.96008396134,17567.712511264515,3.4742407914473517,0.027199371931688532,2.219468749625784
28089,Moraleja de Enmedio,55.0,DC150,high,0.07107171635777598,0.07946274927507113,True,52.92,30177.520661157025,5570.526315789474,1207.100826446281,2250.0,4500.0,16649.893518921268,56000.0,181608.19304190174,21661.685777228133,3.0125218504026043,0.027199371931688532,2.219468749625784
28080,Majadahonda,56.0,DC150,high,0.07908736405426171,0.07908736405426171,False,58.88845127480327,33581.01766910269,6198.784344716135,1343.2407067641077,2250.0,4500.0,19288.992617622447,56000.0,214788.71515126177,25619.359887732026,2.6493511402568517,0.027199371931688532,2.219468749625784
28164,Valdetorres de Jarama,57.0,DC150,high,0.04303787268331989,0.07881693033301718,True,32.04599999999999,18274.165289256194,3373.263157894736,730.9666115702478,2250.0,4500.0,7419.935519791208,56000.0,65562.97685076988,7820.157116113042,5.470540795532661,0.027199371931688532,2.219468749625784
28033,Campo Real,58.0,DC150,high,0.06712328767123288,0.07798192770884929,True,49.98,28500.99173553719,5261.0526315789475,1140.0396694214876,2250.0,4500.0,15349.89943453675,56000.0,165263.79639526343,19712.174698197836,3.2136079402798696,0.027199371931688532,2.219468749625784
28171,Villa del Prado,59.0,DC150,high,0.03672038678485093,0.07784353355569161,True,27.342,15591.719008264463,2878.105263157895,623.6687603305785,2250.0,4500.0,5339.944984775988,56000.0,39411.942216148665,4700.939389664579,6.627975981471785,0.027199371931688532,2.219468749625784
28005,Alcalá de Henares,60.0,DC150,high,0.07744016955579762,0.07744016955579762,False,57.66195025124691,32881.6079945127,6069.678973815464,1315.264319780508,2250.0,4500.0,18746.66470091672,56000.0,207970.20521367234,24806.068277573824,2.7162867276946683,0.027199371931688532,2.219468749625784
28134,San Sebastián de los Reyes,61.0,DC150,high,0.07702815437771113,0.07702815437771114,False,57.35516374964371,32706.663625829882,6037.385657857234,1308.2665450331954,2250.0,4500.0,18611.011422939453,56000.0,206264.68131297946,24602.638453161453,2.733609339047153,0.027199371931688532,2.219468749625784
28049,Coslada,62.0,DC150,high,0.07422819024720585,0.07422819024720585,False,55.27031045806948,31517.7803438578,5817.927416638893,1260.711213754312,2250.0,4500.0,17689.141713464593,56000.0,194674.317657354,23220.17430687684,2.8580044152076165,0.027199371931688532,2.219468749625784
28040,Ciempozuelos,63.0,DC150,high,0.07337634266592762,0.07337634266592762,False,54.636024749049696,31156.080228796935,5751.160499899968,1246.2432091518774,2250.0,4500.0,17408.676519745088,56000.0,191148.1213255467,22799.580083405875,2.8983265686944932,0.027199371931688532,2.219468749625784
28074,Leganés,64.0,DC150,high,0.07281332977312197,0.07281332977312197,False,54.21680534906661,30917.021232112365,5707.032142007012,1236.6808492844946,2250.0,4500.0,17223.308240820857,56000.0,188817.54712306737,22521.59611578293,2.9256593826207404,0.027199371931688532,2.219468749625784
28043,Colmenar de Oreja,65.0,DC150,high,0.0394842868654311,0.07028562418300723,True,29.399999999999995,16765.289256198346,3094.7368421052633,670.6115702479339,2250.0,4500.0,6249.940843845146,56000.0,50853.019868795425,6065.597144985779,6.081658206599326,0.027199371931688532,2.219468749625784
28091,Morata de Tajuña,66.0,DC150,high,0.03277195809830782,0.06889933959710857,True,24.402,13915.190082644627,2568.631578947369,556.6076033057851,2250.0,4500.0,4039.9509003914736,56000.0,23067.545569510374,2751.428310634284,7.593880302768645,0.027199371931688532,2.219468749625784
28144,Soto del Real,67.0,DC150,high,0.06803318460738875,0.06803318460738875,False,50.65750925866166,28887.33999047648,5332.369395648596,1155.4935996190593,2250.0,4500.0,15649.476995208825,56000.0,169030.28621000357,20161.430414492566,3.1645481897275745,0.027199371931688532,2.219468749625784
28050,Cubas de la Sagra,68.0,DC150,high,0.06359891724553947,0.06359891724553947,False,47.35575378102869,27004.52075116512,4984.816187476705,1080.1808300466048,2250.0,4500.0,14189.523733641807,56000.0,150674.77561250568,17972.039637657726,3.421440155301895,0.027199371931688532,2.219468749625784
28007,Alcorcón,69.0,DC150,high,0.0629252912860803,0.0629252912860803,False,46.854171891615394,26718.494715053403,4932.018093854253,1068.739788602136,2250.0,4500.0,13967.736832597013,56000.0,147886.32209164128,17639.44118512297,3.464738564996126,0.027199371931688532,2.219468749625784
28047,Collado Villalba,70.0,DC150,high,0.06165649930266935,0.06165649930266936,False,45.9094293807676,26179.75725018979,4832.57151376501,1047.1902900075916,2250.0,4500.0,13549.995446417182,56000.0,142634.19749088035,17012.983364807103,3.5497828865033516,0.027199371931688532,2.219468749625784
28026,Brunete,71.0,DC150,high,0.059292133501969206,0.05929213350196921,False,44.14892260556627,25175.831899041925,4647.255011112239,1007.033275961677,2250.0,4500.0,12771.543611968005,56000.0,132846.97945245024,15845.593071282314,3.721645848340988,0.027199371931688532,2.219468749625784
28096,Navalcarnero,72.0,DC150,high,0.05883758324169727,0.05883758324169728,False,43.81046448176779,24982.826853239483,4611.627840186084,999.3130741295794,2250.0,4500.0,12621.885938923817,56000.0,130965.38291379737,15621.16182565886,3.7568748440687303,0.027199371931688532,2.219468749625784
28015,Arroyomolinos,73.0,DC150,high,0.05798339734421639,0.05798339734421639,False,43.17443766250352,24620.133873659033,4544.677648684582,984.8053549463614,2250.0,4500.0,12340.650870028087,56000.0,127429.50719544533,15199.41307371461,3.8251540792895025,0.027199371931688532,2.219468749625784
28131,San Lorenzo de El Escorial,74.0,DC150,high,0.05793588766562688,0.05793588766562688,False,43.139061955825774,24599.96095001635,4540.953890086924,983.998438000654,2250.0,4500.0,12325.00862192877,56000.0,127232.84237177316,15175.955477763322,3.82903395449351,0.027199371931688532,2.219468749625784
28086,El Molar,75.0,DC150,high,0.0535674891168623,0.05356748911686231,False,39.88635239641567,22745.110044237033,4198.563410149019,909.8044017694814,2250.0,4500.0,10886.742232318535,56000.0,109149.9936590824,13019.087000573612,4.2045200003337415,0.027199371931688532,2.219468749625784
28023,El Boalo-Cerceda-Mataelpino,76.0,DC150,high,0.051945827343251115,0.051945827343251115,False,38.67886303978478,22056.54173343099,4071.4592673457664,882.2616693372396,2250.0,4500.0,10352.820796747983,56000.0,102437.17563480712,12218.402007865081,4.3591659125454925,0.027199371931688532,2.219468749625784
28052,Chinchón,77.0,DC150,high,0.03000805801772764,0.051338708676195256,True,22.344,12741.619834710744,2352.0,509.66479338842976,2250.0,4500.0,3129.9550413223133,56000.0,11626.467916863583,1386.7705553130797,8.425635051082994,0.027199371931688532,2.219468749625784
28085,Miraflores de la Sierra,78.0,DC150,high,0.04604211465859964,0.04604211465859965,False,34.28295857479329,19549.786294716836,3608.732481557189,781.9914517886734,2250.0,4500.0,8409.062361370972,56000.0,77998.94223462035,9303.48212457949,5.052682902443158,0.027199371931688532,2.219468749625784
28148,Torrejón de Ardoz,79.0,DC150,high,0.04405154721386664,0.04405154721386664,False,32.800782055445104,18704.57819690671,3452.713900573169,748.1831278762684,2250.0,4500.0,7753.681168457271,56000.0,69759.0507609603,8320.65234718226,5.320225060249156,0.027199371931688532,2.219468749625784
28067,Guadalix de la Sierra,80.0,DC150,high,0.03229696388480642,0.03229696388480642,False,24.048319308626862,13713.504399134326,2531.4020324870385,548.5401759653731,2250.0,4500.0,3883.562190681914,56000.0,21101.321927993435,2516.902995576113,7.7293684873926125,0.027199371931688532,2.219468749625784
28180,Villarejo de Salvanés,81.0,DC150,high,0.031012587672924787,0.03101258767292479,False,23.091972781259795,13168.149767825833,2430.7339769747155,526.7259907130333,2250.0,4500.0,3460.6898001380832,56000.0,15784.686902509604,1882.750563435213,8.114631931132333,0.027199371931688532,2.219468749625784
28133,San Martín de Valdeiglesias,82.0,DC150,high,0.027674457259269473,0.027674457259269473,False,20.60640087525205,11750.757523904062,2169.0948289739003,470.0303009561625,2250.0,4500.0,2361.6323939739978,56000.0,1966.6008053901032,234.57030204455194,9.25888982109081,0.027199371931688532,2.219468749625784
28132,San Martín de la Vega,83.0,DC150,high,0.0275,0.0275,False,20.4765,11676.681818181818,2155.421052631579,467.0672727272727,2250.0,4500.0,2304.1934928229657,56000.0,1244.4404550958907,148.43316072495887,9.324708204312522,0.027199371931688532,2.219468749625784
