ocm_id,title,operator,access_class,is_public,max_power_kw,n_points,lat,lon,ine_code
280529,Nissan Aranjuez (Allego),Allego BV,public_membership,True,50.0,1.0,40.05536617249558,-3.614461533744248,28013
204229,Opel Aranjuez,(Business Owner at Location),restricted,False,7.4,2.0,40.05773348285217,-3.614657719810566,28013
210115,Hotel Occidental Aranjuez,Endesa,restricted,False,11.0,4.0,40.05744982070146,-3.6049308592492935,28013
212945,Hospital del Tajo Aranjuez,Wenea,public_membership,True,22.0,14.0,40.056093673579,-3.611550722425932,28013
204230,"Garaje Infantas, S.A.",(Business Owner at Location),restricted,False,7.4,2.0,40.05959645740057,-3.614255477392021,28013
312027,E.Leclerc - Gasolinera Moreras,PowerDot (Es),public_membership,True,100.0,2.0,40.034333789818135,-3.5815289074677423,28013
209641,Ahorramas Aranjuez,EDP,public_membership,True,22.0,2.0,40.03132515850098,-3.5874558109114787,28013
216879,Mercadona Aranjuez,Mercadona,public_membership,True,22.0,2.0,40.03343743759697,-3.595327756831693,28013
470461,Indra Aranjuez,Wenea,restricted,False,22.0,2.0,40.03261078352179,-3.6117594168892992,28013
312596, Supeco Carrefour Aranjuez,Endesa,public_membership,True,150.0,4.0,40.02876949957098,-3.608239737895161,28013
204232,NH Collection Palacio de Aranjuez,(Business Owner at Location),restricted,False,7.4,2.0,40.03323918549504,-3.608323703161204,28013
474917,Cepsa Fuente La Reina,Moeve (ES),public_membership,True,150.0,1.0,40.02626701132922,-3.6054672806491226,28013
204233,Leroy Merlin Aranjuez,Iberdrola | BP Pulse (ES),public_membership,True,22.0,2.0,40.02017806303877,-3.606140602087408,28013
204236,Aldi Aranjuez,ALDI SÜD (DE),public,True,22.0,2.0,40.02102735622486,-3.606415665667214,28013
204234,VW Aranjuez,(Business Owner at Location),public_membership,True,22.0,1.0,40.020436233798335,-3.6084694992150617,28013
204235,Comerco Aranjuez,(Business Owner at Location),restricted,False,22.0,2.0,40.02079643747757,-3.607494906209581,28013
202259,McDonalds Aranjuez,Endesa,public_membership,True,50.0,2.0,40.025167702590124,-3.617786125636712,28013
296139,E.S. E.Leclerc Aranjuez,PowerDot (Es),public_membership,True,150.0,2.0,40.02318392612196,-3.6191206093129153,28013
204231,C.C. El Deleite,(Business Owner at Location),public,True,11.0,2.0,40.02401939974379,-3.617791289471143,28013
312597,Repsol Casarrubuelos,Repsol - Ibil (ES),public_membership,True,50.0,2.0,40.1706475770217,-3.821705916447968,28036
210383,Burger King Ciempozuelos,Iberdrola | BP Pulse (ES),public_membership,True,50.0,2.0,40.13338824452265,-3.6561014709607207,28040
210382,Ordesa Ciempozuelos,Iberdrola | BP Pulse (ES),public_membership,True,120.0,4.0,40.16592057132206,-3.629621671859241,28040
209688,Ahorramas Ciempozuelos,EDP,public_membership,True,22.0,4.0,40.16574685765431,-3.634692830887616,28040
297943,Plenoil Ciempozuelos,Plenergy (ES),public_membership,True,60.0,2.0,40.16548864425292,-3.633695915550448,28040
204196,Mercadona Ciempozuelos,Mercadona,public_membership,True,22.0,6.0,40.16570418182954,-3.6329218761384254,28040
204195,Aldi Ciempozuelos,ALDI SÜD (DE),public,True,22.0,2.0,40.16550069906941,-3.6320710380300634,28040
212942,Repsol Valdemoro,Repsol - Ibil (ES),public_membership,True,180.0,1.0,40.1661863594511,-3.669454110421356,28161
265950,Burger King Valdemoro,Iberdrola | BP Pulse (ES),public_membership,True,50.0,2.0,40.16403372178968,-3.665301947943476,28161
238612,BP Pulse Rompecubas,Iberdrola | BP Pulse (ES),public_membership,True,150.0,2.0,40.1631087727199,-3.66462641355679,28161
266142,Super Gasoil Valdemoro,TotalEnergies (ES),public_membership,True,150.0,2.0,40.17223428356655,-3.665626332981248,28161
204192,Lidl Valdemoro,Lidl,public_membership,True,22.0,3.0,40.17521435895313,-3.669700296071824,28161
272914,Mercadona Valdemoro,Mercadona,public_membership,True,22.0,4.0,40.17590526344787,-3.669271043268509,28161
204191,Aldi Valdemoro,ALDI SÜD (DE),public,True,22.0,1.0,40.1772957919801,-3.670853273767534,28161
295947,E.S. Galp Villarejo de Salvanés,PowerDot (Es),public_membership,True,150.0,2.0,40.17219870815544,-3.2919722237475924,28180
202423,Ahorramas Villarejo Salvanés,EDP,public_membership,True,7.4,2.0,40.16927269543032,-3.2798094045576818,28180
202424,Mercadona Villarejo Salvanés,Mercadona,public_membership,True,22.0,4.0,40.16481729025628,-3.269485926470338,28180
235244,Estanco CavaMariaJesus,(Business Owner at Location),restricted,False,7.4,1.0,40.11854688661498,-3.1617189586196446,28060
305828,Residencia Adavir Cenicientos,Endesa,restricted,False,22.0,2.0,40.259745497927184,-4.46190487712019,28037
235120,Cenicientos,Electromaps,public_membership,True,22.0,2.0,40.26381449757256,-4.464416820366381,28037
209184,Ayunt. Cenicientos,Electromaps,public_membership,True,22.0,2.0,40.26565025137191,-4.469470603359014,28037
301081,Parking El Álamo,(Unknown Operator),public,True,22.0,2.0,40.23031548970823,-3.9926685526938286,28004
209693,Ahorramás El Álamo,EDP,public_membership,True,22.0,2.0,40.22881033513076,-3.987218384423386,28004
202905,Mercadona Arroyomolinos,Mercadona,public_membership,True,22.0,6.0,40.276686897684925,-3.913929817224584,28015
280882,Parking Municipal Arroyomolinos,Electromaps,public_membership,True,22.0,4.0,40.26785405048582,-3.9195419943822,28015
460497,R5-Polvoranca (Dir. Madrid),PowerGo,public_membership,True,400.0,4.0,40.26018663890267,-3.975662936577777,28096
460496,R5- Polvoranca (Dir. Extremadura),PowerGo,public_membership,True,400.0,4.0,40.26147244058453,-3.974956466370287,28096
235607,Burger King Fuenlabrada,Iberdrola | BP Pulse (ES),public_membership,True,60.0,2.0,40.27722785085277,-3.803672552183912,28058
297971,Ahorramas Luis Sauquillo,EDP,public_membership,True,22.0,2.0,40.27803885646827,-3.8031647311833865,28058
202927,Mercadona (Barrio Arroyo),Mercadona,public_membership,True,22.0,4.0,40.27511263636697,-3.798956985067889,28058
210369,McDonalds  Luis Sauquillo,Iberdrola | BP Pulse (ES),public_membership,True,50.0,2.0,40.27693809990794,-3.803560738028864,28058
298528,Residencia Amavir Humanes,Endesa,restricted,False,7.0,2.0,40.2463211525006,-3.816118202657776,28073
128090,Mercadona Humanes de Madrid,Mercadona,public_membership,True,22.0,2.0,40.2594312429904,-3.82062972674248,28073
238247,Hotel Humanes,TotalEnergies (ES),restricted,False,7.4,2.0,40.27175211480707,-3.819325496948636,28073
273752,Hotel Humanes,TotalEnergies (ES),public_membership,True,100.0,2.0,40.27147371400284,-3.8189175140553857,28073
306119,Galp Fuenlabrada,GALP Electric,public_membership,True,120.0,2.0,40.27498452831389,-3.8055410641129583,28058
267594,BP Pulse Valdonaire,Iberdrola | BP Pulse (ES),public_membership,True,150.0,2.0,40.274180992703,-3.81323958284486,28073
274699,BP Pulse El Molino,Iberdrola | BP Pulse (ES),public_membership,True,150.0,2.0,40.26812367802839,-3.832763942377341,28073
472504,Plenoil Moraleja de Enmedio I,Plenergy (ES),public,True,60.0,2.0,40.26268107239778,-3.847350981094792,28089
460422,Moeve Moraleja Del Medio,Moeve (ES),public_membership,True,150.0,1.0,40.26138786219269,-3.8494890464376113,28089
216904,Ahorramás Moraleja ,EDP,public_membership,True,22.0,2.0,40.26009738373045,-3.857367137414826,28089
480127,Henergy Serranillos Del Valle,(Business Owner at Location),public,True,60.0,1.0,40.19586306940138,-3.874388702003216,28140
209691,Ahorramas Serranillos,EDP,public_membership,True,22.0,4.0,40.20721348410788,-3.876651357732726,28140
209692,Ahorramas Griñón,EDP,public_membership,True,22.0,2.0,40.21567399913337,-3.8584791210564617,28066
288783,Burger King Griñón,Iberdrola | BP Pulse (ES),public_membership,True,150.0,2.0,40.22680116867926,-3.8437795432773214,28066
204198,Mercadona Cubas de la Sagra,Mercadona,public_membership,True,22.0,6.0,40.20020545634566,-3.8481373926950937,28050
461565,Hiper Usera Cubas de la Sagra,(Business Owner at Location),public,True,11.0,1.0,40.19978399227864,-3.84733061825807,28050
461564,Cash Mayorista Hiper Usera,GALP Electric,restricted,False,11.0,2.0,40.189119727633454,-3.801958102652634,28149
204202,Mercadona Torrejon de la Calzada,Mercadona,public_membership,True,22.0,4.0,40.19283275832254,-3.803870045492317,28149
204201,Ayunt. Torrejón de la Calzada,Electromaps,public_membership,True,22.0,2.0,40.19883386756109,-3.8006117883817296,28149
204200,Ayunt. Torrejón de la Calzada,Electromaps,public_membership,True,22.0,2.0,40.201157385400506,-3.8018274922065984,28149
202932,Hospital Infanta Cristina.,Wenea,public_membership,True,22.0,2.0,40.21961849096383,-3.783267509180064,28106
202930,Citroen Parla,(Business Owner at Location),restricted,False,22.0,1.0,40.22760912990873,-3.7820191120947584,28106
202931,Renault Parla,Renault,restricted,False,22.0,2.0,40.228449141378434,-3.781717941043553,28106
300399,Galp Fuenlabrada,Endesa,public_membership,True,50.0,2.0,40.27437151886619,-3.7605889246365214,28058
202929,Hotel Ciudad Fuenlabrada,Endesa,restricted,False,22.0,2.0,40.274370748909774,-3.761245405353861,28058
461544,Hotel Ibis Fuenlabrada (Electra),Electra,public_membership,True,200.0,4.0,40.27359886806008,-3.7541315438472793,28058
235230,Repsol Cantueña,Repsol - Ibil (ES),public_membership,True,50.0,1.0,40.259232038546685,-3.761455673679962,28058
506297,Galp Fuenlabrada Cantueña,GALP Electric,public_membership,True,60.0,2.0,40.26581838739182,-3.758942243253358,28058
312157,Galp Parla,GALP Electric,public_membership,True,120.0,2.0,40.25135996259846,-3.764090634781837,28106
210378,Ballenoil Parla,Iberdrola | BP Pulse (ES),public_membership,True,50.0,2.0,40.24939647399884,-3.766816914514948,28106
301441,Repsol Fuenlabrada,Repsol - Ibil (ES),public_membership,True,50.0,1.0,40.27723594656615,-3.765300599214356,28058
210380,Burger King Parla,Iberdrola | BP Pulse (ES),public_membership,True,50.0,4.0,40.22776035419327,-3.77938159305279,28106
290108,Plenoil Parla,Plenergy (ES),public_membership,True,60.0,2.0,40.22828481048734,-3.778233065846848,28106
296574,Repsol Calle Toledo,Repsol - Ibil (ES),public_membership,True,50.0,1.0,40.23092819248399,-3.776040212873909,28106
235071,Mercadona Parla,Mercadona,public_membership,True,22.0,6.0,40.22964559126305,-3.777246185634681,28106
201775,MacDonald's Parla,Iberdrola | BP Pulse (ES),public_membership,True,50.0,4.0,40.24440176270329,-3.7780440688345607,28106
216885,Mercadona Parla,Mercadona,public_membership,True,22.0,2.0,40.245332451565446,-3.777324103639216,28106
235221,Repsol Parla,Repsol - Ibil (ES),public_membership,True,50.0,1.0,40.24719431889474,-3.765161894907465,28106
211055,Hotel Ilunion Parla,(Business Owner at Location),restricted,False,7.4,2.0,40.23053519824472,-3.761691014138364,28106
235233,BARATOIL PARLA,(Business Owner at Location),public,True,22.0,2.0,40.23735789117444,-3.755923521989303,28106
305156,Aldi Parla (Atlante),Atlante,public_membership,True,100.0,4.0,40.23668560394526,-3.758535305438613,28106
202933,Mercadona Parla,Mercadona,public_membership,True,22.0,2.0,40.23778508066263,-3.7578612790912302,28106
210379,Burger King Parla,Iberdrola | BP Pulse (ES),public_membership,True,50.0,2.0,40.23969908480581,-3.7559765352536942,28106
235223,Repsol Parla,Repsol - Ibil (ES),public_membership,True,50.0,1.0,40.23968160776383,-3.753110334520329,28106
280375,E.S. SerParla (Atlante),Atlante,public_membership,True,60.0,2.0,40.240679641542016,-3.753650501929173,28106
273872,E.S. Leclerc Parla,PowerDot (Es),public_membership,True,150.0,2.0,40.236694154216735,-3.749628160333714,28106
202934,Mercadona Parla 2,Mercadona,public_membership,True,22.0,4.0,40.23658396962756,-3.7520932510230978,28106
461566,AhorraMas Parla,EDP,public_membership,True,22.0,4.0,40.22559090826982,-3.752402699603749,28106
492191,Galp Valdemoro,GALP Electric,public_membership,True,60.0,2.0,40.18549293460359,-3.6925386583594673,28161
235533,Trenasa,ACCIONA - Cargacoches,restricted,False,11.0,1.0,40.20862022922316,-3.682644992224709,28161
209689,Ahorramás Valdemoro,EDP,public_membership,True,22.0,2.0,40.19090719085517,-3.683464585536967,28161
235606,Mercadona Valdemoro,Mercadona,public_membership,True,22.0,4.0,40.19349305227533,-3.690946076282444,28161
235220,BP Airón Valdemoro,ACCIONA - Cargacoches,public_membership,True,50.0,2.0,40.19504022349457,-3.692321489809757,28161
210381,Burger King Valdemoro,Iberdrola | BP Pulse (ES),public_membership,True,50.0,2.0,40.19436164451332,-3.69055576670246,28161
202943,Ahorramas Valdemoro,EDP,public_membership,True,22.0,2.0,40.19445662947069,-3.6900477407289145,28161
202282,Rest. 3000,Endesa,public_membership,True,50.0,2.0,40.21018636169771,-3.6808638410827834,28161
301054,Repsol Pinto,Repsol - Ibil (ES),public_membership,True,50.0,1.0,40.24597776322787,-3.6906135744187054,28113
462095,Repsol Pinto,Repsol - Ibil (ES),public_membership,True,50.0,1.0,40.24637580885917,-3.6894885121541847,28113
478805,C.C.Óptima  Pinto (Zunder),Zunder,public_membership,True,400.0,8.0,40.243584099175536,-3.6890793287615216,28113
202942,C.C. Plaza de Éboli,(Business Owner at Location),public,True,22.0,2.0,40.24004395661476,-3.69146290027561,28113
304522,Tesla Supercharger Pinto (C.C. Óptima),Tesla (including non-tesla),public_membership,True,250.0,12.0,40.243032308442736,-3.687542001964374,28113
279870,E.Leclerc C.C. Eboli,PowerDot (Es),public_membership,True,150.0,2.0,40.23961982457635,-3.6903672022091314,28113
202941,Hotel Princesa de Éboli,(Business Owner at Location),restricted,False,3.7,2.0,40.24006926918349,-3.692868197875214,28113
202940,Ahorramas Pinto,EDP,public,True,7.4,6.0,40.24178290909927,-3.6937768074308224,28113
301055,Aldi Pinto,ALDI SÜD (DE),public,True,7.4,1.0,40.24576852190714,-3.7010728400765354,28113
202938,Nissan Pinto,Nissan (ES) Dealer Network,restricted,False,22.0,1.0,40.24700020037167,-3.706190019511496,28113
202937,Grupo AUTOSAE,(Business Owner at Location),restricted,False,22.0,6.0,40.24676874406961,-3.707013350600505,28113
496637,Burger King Pinto,Iberdrola | BP Pulse (ES),public_membership,True,100.0,2.0,40.245817898041736,-3.707112880092836,28113
202281,Las Aves Parque Empresarial Endesa,Endesa,public_membership,True,50.0,5.0,40.24672155028611,-3.7105240739018654,28113
207270,Zonauto Sur Pinto,(Business Owner at Location),restricted,False,22.0,1.0,40.245237317803856,-3.7109125604689552,28113
492615,E.S. Ballenoil,Ballenoil (ES),public_membership,True,60.0,2.0,40.24724435778231,-3.711684928951172,28113
478742,E.S. Ballenoil Odibar (Zunder),Zunder,public_membership,True,50.0,2.0,40.246971801786856,-3.711814550492079,28113
202939,Mercadona Pinto,Mercadona,public_membership,True,22.0,2.0,40.23931725954736,-3.703320411448317,28113
235232,Repsol Fuenlabrada,Repsol - Ibil (ES),public_membership,True,50.0,1.0,40.26600825754903,-3.7426722101212135,28058
473145,Repsol GLP,Repsol - Ibil (ES),restricted,False,22.0,2.0,40.26477471745381,-3.7386068045462935,28113
461567,Madrid Hi-Fi,(Business Owner at Location),restricted,False,11.0,4.0,40.27196557835967,-3.705812123859573,28065
309397,Findamc,Wenea,restricted,False,11.0,6.0,40.27486260194979,-3.729278299988465,28065
301052,Elion Tecnogetafe,(Business Owner at Location),restricted,False,50.0,1.0,40.27408025294096,-3.739902398747972,28065
204194,Saltoki Getafe,Electromaps,public_membership,True,22.0,5.0,40.27577224581151,-3.6973147985702326,28065
299675,Saltoki Construcción Getafe,Electromaps,public_membership,True,22.0,2.0,40.27879659233079,-3.7020351963233793,28065
462094,K-Flex ,(Business Owner at Location),restricted,False,22.0,6.0,40.2774361790766,-3.701656595158397,28065
279378,Decathlon Getafe (Efimob),(Business Owner at Location),public_membership,True,11.0,4.0,40.275448967494896,-3.702298173711569,28065
312155,Repsol Getafe,Repsol - Ibil (ES),public_membership,True,50.0,1.0,40.27626847973892,-3.699356204416944,28065
279377,Decathlon Getafe (EDP),EDP,public_membership,True,150.0,14.0,40.27464837963373,-3.702376198582442,28065
201776,C.C. Nassica,Iberdrola | BP Pulse (ES),public_membership,True,50.0,4.0,40.27161657389061,-3.696980796519029,28065
210609,McDonalds  Getafe Nassica,Iberdrola | BP Pulse (ES),public_membership,True,50.0,2.0,40.27070718989205,-3.6969759388343846,28065
207268,SGS ITV,ACCIONA - Cargacoches,restricted,False,22.0,2.0,40.270627847946486,-3.6962435556051783,28065
280878,Norauto Getafe,Iberdrola | BP Pulse (ES),public_membership,True,50.0,2.0,40.270631768925824,-3.695317670411356,28065
202935,Factory Nassica,Endesa,public_membership,True,22.0,4.0,40.27268815911074,-3.694666188170686,28065
202936,Mercedes Pinto,(Business Owner at Location),restricted,False,22.0,1.0,40.26263684609125,-3.692630966713637,28113
260349,Hotel Posadas de España - Pinto,TotalEnergies (ES),public_membership,True,100.0,2.0,40.26406477074448,-3.692214498471799,28113
301053,Hotel Eurostars Arenas de Pinto,GALP Electric,restricted,False,7.4,4.0,40.26763713260473,-3.6894531429232975,28113
265949,Leroy Merlin Getafe,Iberdrola | BP Pulse (ES),public_membership,True,22.0,8.0,40.27013144417984,-3.69933134226676,28065
202017,Hotel las Artes,ACCIONA - Cargacoches,restricted,False,22.0,2.0,40.25635164746032,-3.69418790268378,28113
207269,"Ahorramas Pinto, Las Artes",EDP,public_membership,True,22.0,4.0,40.25676499877002,-3.6945808967273024,28113
474923,Mercadona Pinto,Mercadona,public_membership,True,22.0,4.0,40.25341025389884,-3.699125984103148,28113
209690,Ahorramas Pinto María Blanchard,EDP,public_membership,True,22.0,2.0,40.251958943815936,-3.698894806612884,28113
306077,Daimler Trucks,Wenea,public_membership,True,100.0,2.0,40.254854609785326,-3.689480155739119,28113
460483,Parque Warner,PowerGo,public_membership,True,22.0,86.0,40.23467156882518,-3.5932764647517104,28132
235219,Parking de Parque Blanco,(Unknown Operator),public,True,22.0,2.0,40.20329898712066,-3.582654488575116,28132
297483,C.C. El Restón,PowerDot (Es),public_membership,True,100.0,22.0,40.18392429152263,-3.67836751004279,28161
97229,El Restón Mall,(Business Owner at Location),public,True,7.4,2.0,40.1842308,-3.67937029999996,28161
305187,Aldi Valdemoro (Atlante),Atlante,public_membership,True,150.0,4.0,40.196133364481966,-3.673989525829597,28161
297803,Cepsa Valdemoro,Moeve (ES),public_membership,True,150.0,1.0,40.18955577133548,-3.6734968941196655,28161
495061,Ayunt. Valdemoro. Calle Marqués de Alcañices,Iberdrola | BP Pulse (ES),public_membership,True,22.0,4.0,40.196505735014654,-3.666671940542954,28161
209687,Ahorramas San Martín de la Vega,EDP,public_membership,True,22.0,2.0,40.21395567381643,-3.5754721853191995,28132
202944,Mercadona San Martín de la Vega,Mercadona,public_membership,True,22.0,4.0,40.21472627734354,-3.576126660607059,28132
309396,Galp Perales de Tajuña,GALP Electric,public_membership,True,60.0,2.0,40.22350888006585,-3.3347476657752395,28110
171270,Perales de Tajuña - ELECTRICA POPULAR,Zunder,public_membership,True,50.0,2.0,40.23961926847025,-3.352512594178961,28110
207197,Rest. Huerta de Carabaña,Repsol - Ibil (ES),restricted,False,11.0,2.0,40.24973331167132,-3.235958511183753,28035
312524,Ayunt. Brea de Tajo,(Unknown Operator),public,True,11.0,1.0,40.23003290375797,-3.1094553759915016,28025
235121,Ayto San Martín De Valdeiglesias - Crta Toledo (Acciona),ACCIONA - Cargacoches,public_membership,True,100.0,2.0,40.36023531271283,-4.402934269792439,28133
235123,Ayto San Martín De Valdeiglesias -  Calle de Salamanca,(Unknown Operator),public_membership,True,7.4,2.0,40.366457906043,-4.402008288484126,28133
265815,Mercadona San Martín de Valdeiglesias,Mercadona,public_membership,True,22.0,6.0,40.35926488704155,-4.4097849054471965,28133
235122,Ayto San Martín De Valdeiglesias - Avda Madrid (Acciona),ACCIONA - Cargacoches,public_membership,True,100.0,2.0,40.36081705018739,-4.39658090185776,28133
284854,Repsol Pelayos de la Presa,Repsol - Ibil (ES),public_membership,True,50.0,1.0,40.36546675228706,-4.314781339779074,28109
235125,Camping Ardilla Roja,(Business Owner at Location),restricted,False,3.7,1.0,40.37123580979571,-4.324912237432613,28133
235124,Camping La Enfermería,(Business Owner at Location),restricted,False,3.7,1.0,40.36463940880475,-4.325036014568127,28109
209695,Ahorramas Aldea del Fresno,EDP,public_membership,True,11.0,4.0,40.32249263484613,-4.197537021253197,28008
489706,Ayunt. Navalcarnero. Calle Coníferas,Qwello,public_membership,True,22.0,2.0,40.30047744613657,-3.982871459575108,28096
494665,Ayunt. Navalcarnero. Avenida de la Dehesa,Qwello,public_membership,True,22.0,2.0,40.30252300180524,-4.005033328602792,28096
508300,Ayunt. Navalcarnero. Calle de Antonio Zenón,Qwello,public_membership,True,22.0,2.0,40.28832821670324,-4.020632994533457,28096
508299,Ayunt. Navalcarnero. Carretera de El Escorial,Qwello,public_membership,True,22.0,2.0,40.28389185941907,-4.02266304147102,28096
491732,Ayunt. Navalcarnero. Calle Felguera,Qwello,public_membership,True,22.0,2.0,40.2831826823186,-4.018483130824052,28096
508301,Ayunt. Navalcarnero. Camino de Villaviciosa,Qwello,public_membership,True,22.0,2.0,40.29033577982898,-4.001175615953684,28096
202904,Mercadona Navalcarnero,Mercadona,public_membership,True,22.0,4.0,40.2887672337784,-4.004749936055987,28096
508304,Lidl Navalcarnero,Lidl,public,True,11.0,4.0,40.28802191080459,-4.004401642909528,28096
492582,Ayun. Navalcarnero. Calle de la Constitución,Qwello,public_membership,True,22.0,2.0,40.28671992533768,-4.007465957255363,28096
495533,Ayunt. Navalcarnero. Plaza De Toros,Qwello,public_membership,True,22.0,2.0,40.29012715800712,-4.006900151646619,28096
209694,Ahorramas Navalcarnero,EDP,public_membership,True,22.0,2.0,40.291340866629184,-4.005320027989114,28096
495532,Ayunt. Navalcarnero. Calle de Feliciano Hernández,Qwello,public_membership,True,22.0,2.0,40.29376058858114,-4.005858640398571,28096
202280,E.S. Maxpetrol,Endesa,public_membership,True,50.0,2.0,40.29136619713961,-4.003056487870026,28096
508302,Dia Navalcarnero,REMO Mobility (ES),public,True,120.0,2.0,40.29197718370608,-3.998801434680104,28096
507822,Ayunt. Navalcarnero. Ciudad Deportiva,Qwello,public_membership,True,22.0,2.0,40.29403650375468,-3.99313101850521,28096
201771,E.S. Ballenoil Navalcarnero,Iberdrola | BP Pulse (ES),public_membership,True,50.0,2.0,40.29074185889448,-3.994081219911891,28096
305155,Aldi Navalcarnero (Atlante),Atlante,public_membership,True,100.0,4.0,40.28987406224746,-3.996746977031961,28096
202947,Mercadona Sevilla la Nueva,Mercadona,public_membership,True,22.0,2.0,40.350168733623576,-4.0218120782503775,28141
202946,Ayunt. Sevilla La Nueva,Electromaps,public_membership,True,22.0,4.0,40.34724187166398,-4.027671207680896,28141
190945,Ahorramas Arroyomolinos,EDP,public_membership,True,50.0,6.0,40.30262202634816,-3.90563389029694,28015
202913,Polideportivo Body Factory,Endesa,public_membership,True,22.0,4.0,40.326985802425895,-3.887368835530424,28092
202909,Carrefour Planet (Interior),Carrefour (ES),public,True,7.4,2.0,40.33026602483548,-3.887198256723423,28092
471772,E.S. Carrefour Móstoles,Carrefour (ES),public,True,50.0,1.0,40.3292703785433,-3.888424144950818,28092
202910,Carrefour Planet (Exterior),Carrefour (ES),public,True,7.4,2.0,40.3310785426624,-3.88726766367472,28092
24185,Estacion Servicio Repsol Mostoles,Repsol - Ibil (ES),public_membership,True,50.0,1.0,40.33411193667051,-3.8868320405101686,28092
202906,Hotel Ciudad de Móstoles,Electromaps,restricted,False,22.0,2.0,40.33493444761987,-3.887479213650636,28092
266295,Repsol Lab-Tech,Repsol - Ibil (ES),restricted,False,7.4,2.0,40.33688811414257,-3.8859040141811647,28092
207284,AMC engine,(Business Owner at Location),restricted,False,22.0,1.0,40.34933282627509,-3.9020339220033975,28181
209700,Ahorramás Villaviciosa de Odón,EDP,public_membership,True,7.4,4.0,40.350719211227954,-3.899297142576188,28181
210377,McDonalds Villaviciosa de Odón,Iberdrola | BP Pulse (ES),public_membership,True,50.0,2.0,40.35045222566336,-3.9022830501191943,28181
306105,Hotel Villa de Odón,Electromaps,restricted,False,7.4,3.0,40.35064927672411,-3.894559962315697,28181
306107,Pádel 2.0 Mostoles,emovili Fast (ES),public_membership,True,7.4,6.0,40.34829916638543,-3.8811991642755856,28092
207283,CIMOSA MOTOR,(Business Owner at Location),restricted,False,22.0,1.0,40.35184425548968,-3.880330148093549,28092
305150,Aldi Villaviciosa de Odón (Atlante),Atlante,public_membership,True,150.0,4.0,40.35157858535399,-3.881983137922589,28092
472024,Instituto IMEDA energía,Electromaps,restricted,False,22.0,10.0,40.33994968375137,-3.8809788264101135,28092
202908,Lidl Móstoles,Lidl,public,True,7.4,2.0,40.33198574905825,-3.885706549175552,28092
201770,McDonalds Móstoles,Iberdrola | BP Pulse (ES),public_membership,True,50.0,2.0,40.331453444558605,-3.88430509179409,28092
202911,Mercadona El Soto,Mercadona,public_membership,True,22.0,6.0,40.329785410447954,-3.883321218523861,28092
61026,Universidad Europea,(Unknown Operator),restricted,False,7.3,,40.37231,-3.916852,28181
306104,Lidl Monte de la Villa,Lidl,public,True,11.0,4.0,40.36648046610856,-3.923333869310909,28181
265943,Mercadona Villaviciosa de Odón,Mercadona,public_membership,True,22.0,4.0,40.35966074647792,-3.910547159693124,28181
235070,Mercadona Parque Coimbra,Mercadona,public_membership,True,22.0,4.0,40.30597413397064,-3.9263741728492505,28092
61021,Madrid Xanadú El Corte Inglés,(Business Owner at Location),public,True,11.0,3.0,40.29829351903447,-3.9287053937976,28015
306781,C.C. Arroyomolinos,Wenea,public_membership,True,150.0,8.0,40.2880088660491,-3.9177708804357394,28015
266788,C.C. Xanadú,GALP Electric,public_membership,True,22.0,100.0,40.29743545057667,-3.923977601190586,28015
235191,Repsol Parque Coimbra,Repsol - Ibil (ES),public_membership,True,50.0,1.0,40.30209285267421,-3.922635985449915,28015
266787,C.C. Xanadú (DC),GALP Electric,public_membership,True,180.0,16.0,40.29996097152079,-3.923196611566368,28015
280881,Centro de Padel Las Matillas,Electromaps,public_membership,True,22.0,1.0,40.2819035594033,-3.907490621342106,28015
296573,C.C. Los Carrizos,PowerDot (Es),public_membership,True,200.0,4.0,40.28163750290213,-3.922055708072151,28015
508305,Ahorramas  Pino Negro,EDP,public_membership,True,22.0,3.0,40.29992494656565,-3.978000306454817,28096
201620,Repsol Paseo de Extremadura,Repsol - Ibil (ES),public_membership,True,50.0,1.0,40.37879668571344,-3.79101548878873,28079
311583,E.S. Free San José de Valderas,Wenea,public_membership,True,100.0,2.0,40.35310011403792,-3.797833252158057,28074
265944,Makro Alcorcón,Iberdrola | BP Pulse (ES),public_membership,True,22.0,4.0,40.35850300926211,-3.8244864668595255,28007
207290,El Corte Inglés San José Valderas - Alcorcón,(Business Owner at Location),public,True,11.0,5.0,40.35783707919544,-3.816431156033104,28007
265945,Alonso Hipercas,ACCIONA - Cargacoches,public_membership,True,22.0,4.0,40.3575262468292,-3.8225069705090102,28007
306108,Hotel Ibis Alcorcon Tresaguas,PowerDot (Es),public_membership,True,100.0,6.0,40.35702817790917,-3.822655554901075,28007
235207,Nissan GAMBOA AUTOMOCIÓN - Alcorcón  (Allego),Allego BV,public_membership,True,50.0,1.0,40.35648412237089,-3.824064335533421,28007
491258,Ayunt. Alcorcón,Iberdrola | BP Pulse (ES),public_membership,True,7.4,1.0,40.349528240951685,-3.816062976093434,28007
304351,E.S. Repsol Alcorcón,Repsol - Ibil (ES),public_membership,True,50.0,1.0,40.34629606185592,-3.805486772160407,28007
209717,Ahorramas Alcorcón,EDP,public_membership,True,22.0,2.0,40.3446318893244,-3.808328846352424,28007
305148,Aldi Avenida del Pinar,Atlante,public,True,100.0,4.0,40.344049057355846,-3.807306809236138,28007
265753,BP Pulse Valderas,Iberdrola | BP Pulse (ES),public_membership,True,150.0,2.0,40.3432183551208,-3.8056482989241,28007
260352,Euroindoor Alcorcón,Wenea,public_membership,True,50.0,4.0,40.34041365140829,-3.808557605032206,28007
207294,Mercadona Urtinsa,Mercadona,public_membership,True,22.0,4.0,40.342062577191626,-3.813410912637892,28007
202402,E.S. BP OLIMPICA,(Business Owner at Location),public_membership,True,11.0,1.0,40.3424775242805,-3.814254568406795,28007
207293,B&B Hotel Madrid Alcorcón,Endesa,public_membership,True,60.0,6.0,40.343490513960376,-3.809780397341001,28007
201778,Burger King  Alcorcon,Iberdrola | BP Pulse (ES),public_membership,True,50.0,2.0,40.33288569989327,-3.824609256267763,28007
201779,E.S. Ballenoil Alcorcón,Iberdrola | BP Pulse (ES),public_membership,True,50.0,1.0,40.33257331559764,-3.8182696121848494,28007
306333,Bluespace Alcorcón,Umbrella eMobility (ES),public_membership,True,120.0,2.0,40.34269101946481,-3.804074359607995,28007
207292,Emba Bosch Car Service,ACCIONA - Cargacoches,restricted,False,22.0,2.0,40.34797860354195,-3.802376007516728,28074
235211,Repsol la Fortuna 2,Repsol - Ibil (ES),public_membership,True,50.0,1.0,40.36129782190693,-3.7805455832678954,28074
207265,Parking Estación de Parque Polvoranca,Iberdrola | BP Pulse (ES),public_membership,True,360.0,47.0,40.3132515667067,-3.783499449971714,28074
305410,Plenoil Fuenlabrada V,Plenergy (ES),public_membership,True,60.0,2.0,40.28068881841477,-3.783339686738032,28058
235608,Mercadona Fuenlabrada C. Brasil,Mercadona,public_membership,True,22.0,4.0,40.28329607388213,-3.7838562143311942,28058
209256,B&B Hotel Madrid Fuelbrada,Endesa,public_membership,True,60.0,4.0,40.28409642688041,-3.785134981494707,28058
102028,B&B Hotel Fuenlabrada,(Business Owner at Location),restricted,False,17.0,2.0,40.28380913573747,-3.784950819034492,28058
472762,Mercadona. Calle de Lima,Mercadona,public_membership,True,22.0,2.0,40.28558093183318,-3.792234937765557,28058
128811,Parking Centro Comercial Plaza Estación,Place To Plug,public_membership,True,7.4,10.0,40.2829236844836,-3.8018072308904,28058
299407,Hotel LCB Fuenlabrada,Place To Plug,restricted,False,7.4,3.0,40.28243554412765,-3.8012551360874056,28058
204197,Mercadona Fuenlabrada,Mercadona,public_membership,True,22.0,2.0,40.2849872658995,-3.809656120447357,28058
148045,Supermercado FROIZ,(Business Owner at Location),public,True,7.4,2.0,40.28465990574526,-3.8160467351426632,28058
202926,URJC Fuenlabrada,Iberdrola | BP Pulse (ES),public_membership,True,22.0,6.0,40.28532671417622,-3.818314157236728,28058
312690,Mercadona Babilonia,Mercadona,public_membership,True,22.0,4.0,40.29093025829184,-3.822987824044418,28058
304987,Supermercado BM Fuenlabrada,Eranovum (ES),public_membership,True,120.0,2.0,40.28848175294692,-3.820010362379009,28058
202923,Mercadona Calle de Móstoles,Mercadona,public_membership,True,22.0,4.0,40.29622869284279,-3.815220474333501,28058
288913,Nexum Fuenlabrada,Iberdrola | BP Pulse (ES),public_membership,True,180.0,26.0,40.295988736034616,-3.818674318628695,28058
305729,Ballenoil Fuenlabrada IV,Ballenoil (ES),public_membership,True,150.0,1.0,40.29667540613775,-3.819051744433324,28058
201211,Tesla Supercharger Fuenlabrada (Service Center),Tesla (including non-tesla),public_membership,True,250.0,8.0,40.29818399025342,-3.820964089662653,28058
272463,Repuestos Reyes (Fuenlabrada),ACCIONA - Cargacoches,public_membership,True,50.0,2.0,40.297722080147736,-3.818360294643867,28058
470462,Sport Padel Center S7,Wenea,public_membership,True,100.0,4.0,40.29752079719515,-3.8129655138636736,28058
299119,Plenoil Fuenlabrada IV,Plenergy (ES),public_membership,True,60.0,2.0,40.29546176176791,-3.8128140007573847,28058
265528,BP Pulse El Naranjo,Iberdrola | BP Pulse (ES),public_membership,True,150.0,2.0,40.2936093643216,-3.81111855948689,28058
202924,C.C. Plaza de las  Provincias,Place To Plug,public_membership,True,7.4,4.0,40.29647869506511,-3.8009321532649674,28058
202925,Hotel Avenida de España,Endesa,restricted,False,22.0,2.0,40.29209629545736,-3.798158134629375,28058
209697,Ahorramas Fuenlabrada,EDP,public_membership,True,22.0,4.0,40.2911714247183,-3.79736351021154,28058
209696,Ahorramas Fuenlabrada - Calle de Málaga,EDP,public_membership,True,22.0,2.0,40.2880432333495,-3.793996995363841,28058
274129,BP Pulse Avanzada,Iberdrola | BP Pulse (ES),public_membership,True,150.0,2.0,40.29624612256035,-3.788982850230013,28058
235234,Aldi Fuenlabrada,ALDI SÜD (DE),public,True,3.7,2.0,40.295017118860216,-3.7893758115060905,28058
201777,McDonald's Fuenlabrada,Iberdrola | BP Pulse (ES),public_membership,True,50.0,2.0,40.29388005440049,-3.790538465382042,28058
272918,Mercadona Humanes de Madrid,Mercadona,public_membership,True,22.0,4.0,40.311610673975366,-3.795584296629613,28074
299738,Supermercado BM Arroyo Culebro (Eranovum),Eranovum (ES),public_membership,True,60.0,2.0,40.32159885939609,-3.787213095176213,28074
305152,Aldi Móstoles (Atlante),Atlante,public_membership,True,100.0,2.0,40.31539358650366,-3.8439202005423567,28092
235196,BP Pulse La Princesa II,Iberdrola | BP Pulse (ES),public_membership,True,150.0,2.0,40.32512287355596,-3.847086059161256,28007
235195,Repsol La Princesa,Repsol - Ibil (ES),public_membership,True,50.0,1.0,40.32408568231344,-3.847348296324298,28007
235194,Repsol Torres de Quevedo,Repsol - Ibil (ES),public_membership,True,50.0,1.0,40.31681336279905,-3.848754640206721,28092
290101,Plenoil Mostoles I,Plenergy (ES),public_membership,True,60.0,2.0,40.31683707064792,-3.8492853593360503,28092
216905,Ahorramas Móstoles,EDP,public_membership,True,22.0,4.0,40.31704140192792,-3.860490043574828,28092
202916,Hospital HM Puerta del Sur,Endesa,public_membership,True,60.0,6.0,40.31466682431992,-3.860280092598487,28092
305151,Aldi Móstoles (Atlante),Atlante,public_membership,True,150.0,2.0,40.3103673986478,-3.8635302154079625,28092
300485,C.C. Fuensanta,Eranovum (ES),public_membership,True,60.0,10.0,40.315819198696175,-3.850365743319117,28092
202917,Automóviles MA,(Business Owner at Location),restricted,False,22.0,1.0,40.3149640459352,-3.847572343433512,28092
235193,Froiz Móstoles,(Business Owner at Location),public,True,7.4,2.0,40.305697813380334,-3.8646182884347127,28092
280330,C.C. Plaza Loranca 2,Electra,public_membership,True,400.0,10.0,40.30139410008337,-3.831510922230251,28058
288934,C.C. Plaza Loranca 2 (Parking Interior),GALP Electric,public_membership,True,150.0,,40.30319274434112,-3.831650696208129,28058
201917,Centro Comercial Loranca (Parking Exterior),EDP,public_membership,True,50.0,2.0,40.301996552721306,-3.830880985590312,28058
272915,Mercadona Moraleja de Enmedio,Mercadona,public_membership,True,22.0,4.0,40.31308103868,-3.8693934300913497,28092
297751,Taco Bell Móstoles (Atlante),Atlante,public_membership,True,150.0,4.0,40.313999270327145,-3.8672780972352143,28092
210370,Rest. Popeyes Luisiana Kitchen,Iberdrola | BP Pulse (ES),public_membership,True,50.0,2.0,40.313550030779794,-3.868982566597424,28092
306637,BP Pulse Xanadú Móstoles,Iberdrola | BP Pulse (ES),public_membership,True,100.0,2.0,40.313843251833305,-3.8693078690366742,28092
305409,Plenoil Móstoles II,Plenergy (ES),public_membership,True,60.0,2.0,40.314619616656216,-3.872227930646261,28092
24184,Renault Talleres Clemente,Repsol - Ibil (ES),restricted,False,7.4,2.0,40.31371051646221,-3.871554838783141,28092
306330,Bluspace Móstoles,Umbrella eMobility (ES),public_membership,True,120.0,2.0,40.310895068934514,-3.875228158146456,28092
280880,C.C. Dos de Mayo,PowerDot (Es),public_membership,True,50.0,4.0,40.31951039849338,-3.870322007838439,28092
209344,CEPSA Móstoles,Moeve (ES),public_membership,True,150.0,1.0,40.320038638643695,-3.8758140981808538,28092
209698,Ahorramas Móstoles,EDP,public_membership,True,22.0,4.0,40.31681513996526,-3.878527309675292,28092
202914,Mecadona Hospital Móstoles,Mercadona,public_membership,True,22.0,2.0,40.31656364032307,-3.878954098281952,28092
306106,Carrefour Market,(Business Owner at Location),public,True,11.0,3.0,40.354109512119805,-3.879998051358712,28181
207282,Saltoki Móstoles,Electromaps,restricted,False,22.0,4.0,40.35160030072288,-3.868136874256152,28092
265942,Mercadona ,Mercadona,public_membership,True,22.0,6.0,40.34260500165729,-3.870445331332832,28092
307302,ThyssenKrupp Elevator,(Business Owner at Location),restricted,False,7.0,14.0,40.34261893735035,-3.87822874247172,28092
202919,URJC Móstoles,Iberdrola | BP Pulse (ES),public_membership,True,7.4,6.0,40.334079456006805,-3.8768903661454033,28092
285159,Mercadona Móstoles,Mercadona,public_membership,True,22.0,4.0,40.33154115769017,-3.856150538646148,28092
209699,Ahorramas Móstoles,EDP,public_membership,True,22.0,2.0,40.33503624564384,-3.860860979914378,28092
306332,Bluespace Mostoles Los Rosales I,Umbrella eMobility (ES),public_membership,True,30.0,1.0,40.34151644399216,-3.8612631705680656,28092
202918,Talleres Clemente,(Business Owner at Location),restricted,False,11.0,1.0,40.34177612789216,-3.862521767366616,28092
207280,Ballenoil Móstoles,Iberdrola | BP Pulse (ES),public_membership,True,50.0,1.0,40.34165448218423,-3.860267461655212,28092
176028,Alcora Plaza,(Business Owner at Location),public,True,7.4,9.0,40.34427318643202,-3.852852558865834,28007
290076,Lavaplus Alcorcón,Zunder,public_membership,True,50.0,2.0,40.34681955279359,-3.851476336165547,28007
279508,C.C. Alcora Plaza,ACCIONA - Cargacoches,public_membership,True,120.0,15.0,40.34325286376645,-3.8521756460135066,28007
235210,Leroy Merlín Alcorcón,Iberdrola | BP Pulse (ES),public_membership,True,22.0,8.0,40.34304629429576,-3.851183206309997,28007
207301,Mercadona Parque Oeste,Mercadona,public_membership,True,22.0,4.0,40.3436211958699,-3.8491902600457024,28007
207299,C.C. X-Madrid,(Business Owner at Location),public,True,7.4,55.0,40.33983455352225,-3.8479170087539383,28007
306120,Hotel IBIS Alcorcón,PowerDot (Es),public_membership,True,65.0,3.0,40.33435627974745,-3.8542958430196,28007
267593,BP Pulse Mostoles II,Iberdrola | BP Pulse (ES),public_membership,True,150.0,2.0,40.3327591912288,-3.8543154501499,28007
216878,Mercadona Alcorcón,Mercadona,public_membership,True,22.0,6.0,40.32987118903,-3.8367306206249054,28007
235209,Aldi Alcorcón,ALDI SÜD (DE),public,True,3.7,4.0,40.3294645850857,-3.8364395350465657,28007
207295,Bálamo Alcorcón,Iberdrola | BP Pulse (ES),public_membership,True,7.4,3.0,40.32981639375532,-3.829440752807159,28007
279198,C.C. Bálamo-Alcampo (Zunder),Zunder,public_membership,True,120.0,8.0,40.330658153325885,-3.8299065344809833,28007
235208,Popeye's,Iberdrola | BP Pulse (ES),public_membership,True,50.0,1.0,40.33342247305211,-3.8253157695869504,28007
298529,Residencia Amavir Alcorcón,Endesa,restricted,False,7.0,2.0,40.33546871244252,-3.82833627538497,28007
207296,Ahorramas Las Retamas,EDP,public_membership,True,22.0,3.0,40.3382380265812,-3.8262545513697432,28007
272841,Mercadona Los Cantos,Mercadona,public_membership,True,22.0,2.0,40.342337333980026,-3.828418949800607,28007
207297,AhorraMas Los Robles,EDP,public_membership,True,7.4,2.0,40.34053647420993,-3.838505428419325,28007
207298,Renault Retail Alcorcón,Renault,restricted,False,22.0,2.0,40.33930518834447,-3.844069093932262,28007
207302,URJC Alcorcón,Iberdrola | BP Pulse (ES),public_membership,True,7.4,6.0,40.35019568506692,-3.8437800375304505,28007
280030,BP Pulse San Martín I,Iberdrola | BP Pulse (ES),public_membership,True,150.0,2.0,40.35752204770648,-3.837817880346108,28007
280056,BP Pulse San Martín II,Iberdrola | BP Pulse (ES),public_membership,True,150.0,2.0,40.3569866239736,-3.8374635276344975,28007
207291,Peugeot Mabusa,(Business Owner at Location),restricted,False,30.0,3.0,40.35337374648094,-3.829075867537085,28007
207288,SEAT Sealco,(Business Owner at Location),restricted,False,11.0,1.0,40.356537929824526,-3.827004961431953,28007
163569,Centro Comercial Tresaguas,(Business Owner at Location),public_membership,True,11.0,4.0,40.358225,-3.832359,28007
485910,Petropix Alcorcón,EDP,public_membership,True,60.0,2.0,40.35877884182733,-3.8286149415646378,28007
207289,Kia Takaimotor Alcorcon,(Business Owner at Location),restricted,False,50.0,2.0,40.35768352158206,-3.836828603708227,28007
205463,Hotel NH Alcorcón,Wenea,restricted,False,22.0,2.0,40.35107069956962,-3.8462491663124174,28007
270938,C.C. Alcor Plaza,Electromaps,public_membership,True,7.4,13.0,40.3501471960727,-3.846691474744091,28007
209409,Burger King C.C. Parque del Oeste,Iberdrola | BP Pulse (ES),public_membership,True,50.0,2.0,40.34821911613162,-3.8500375677896272,28007
459018,C.C. Parque Oeste (Acciona),ACCIONA - Cargacoches,public_membership,True,100.0,6.0,40.349846162586914,-3.84784660390153,28007
201769,McDonald's Parque Oeste,Iberdrola | BP Pulse (ES),public_membership,True,50.0,2.0,40.34865655848176,-3.851224704006541,28007
300230,Norauto Parque Oeste,Iberdrola | BP Pulse (ES),public_membership,True,100.0,2.0,40.34811525666194,-3.852270369505277,28007
300145,IKEA Alcorcón,ACCIONA - Cargacoches,public_membership,True,120.0,40.0,40.350088960301605,-3.8558310431018574,28007
161982,IKEA Alcorcón,(Business Owner at Location),restricted,False,3.6,56.0,40.34906035576938,-3.85610033244916,28007
296280,Obramat Alcorcón (Zunder),Zunder,public_membership,True,120.0,10.0,40.34877323655999,-3.858696984169626,28007
298168,E.S. Repsol Area Atalaya (Este),Repsol - Ibil (ES),public_membership,True,200.0,4.0,40.37592325691,-3.871451561871368,28181
298169,E.S. Repsol Atalaya (Oeste),Repsol - Ibil (ES),public_membership,True,200.0,4.0,40.37665197127825,-3.874741486957873,28181
306334,Bluespace Carabanchel,Umbrella eMobility (ES),public_membership,True,120.0,2.0,40.371221261441576,-3.744028465420598,28079
290258,Ayunt. Madrid: Parque Eugenia de Montijo (Iberdrola),Iberdrola | BP Pulse (ES),public_membership,True,100.0,3.0,40.379213942154365,-3.7526099324727222,28079
202293,Mercado de las Aguilas,BarterGo (ES),public_membership,True,45.0,4.0,40.37809591989421,-3.768564943479646,28079
312178,Repsol Av. de la Aviación,Repsol - Ibil (ES),public_membership,True,50.0,1.0,40.37364239261089,-3.770902734794845,28079
207306,LIDL Avenida de la Aviación,Lidl,public,True,22.0,4.0,40.37387169508412,-3.7729426277076072,28079
207305,AhorraMás Cuatro Vientos,EDP,public_membership,True,11.0,4.0,40.373793667476605,-3.7738420703982456,28079
508025,Shell Avenida de la Aviación,PRIOE,public_membership,True,60.0,2.0,40.374153862048246,-3.7738474621216938,28079
101125,Marisqueria Circulo,(Business Owner at Location),restricted,False,13.8,1.0,40.379074,-3.778919,28079
235261,Burger King  Aviación,Iberdrola | BP Pulse (ES),public_membership,True,50.0,2.0,40.37449271186412,-3.776060555640697,28079
235262,Popeyes Aviación,Iberdrola | BP Pulse (ES),public_membership,True,60.0,2.0,40.37355558794633,-3.775094054863075,28079
285165,Mercadona Aviación,Mercadona,public_membership,True,22.0,6.0,40.37296344837483,-3.774476739318061,28079
201780,E.S. Ballenoil Aviación,Iberdrola | BP Pulse (ES),public_membership,True,50.0,2.0,40.37423408746295,-3.776792758752549,28079
207307,Plus Ultra,Iberdrola | BP Pulse (ES),public_membership,True,7.4,1.0,40.378674275046535,-3.7795243068986792,28079
235224,Repsol Leganés Mendiguchía,Repsol - Ibil (ES),public_membership,True,50.0,1.0,40.333668437432806,-3.7746050119859262,28074
297972,Ahorramas Leganés,EDP,public_membership,True,22.0,4.0,40.33069200894528,-3.77020133465777,28074
265946,Parking Univ. UC3,Iberdrola | BP Pulse (ES),restricted,False,22.0,4.0,40.332410023456816,-3.76805969441898,28074
207279,Lidl Leganés,Lidl,public,True,22.0,2.0,40.33721997192109,-3.766123897220268,28074
485911,Carrefour Express Leganés,Endesa,public_membership,True,50.0,2.0,40.338760325449584,-3.7723220489607456,28074
201781,Sambil Leganes,Iberdrola | BP Pulse (ES),public_membership,True,50.0,4.0,40.360481762360905,-3.777578641311493,28074
201622,Repsol Carabanchel,Repsol - Ibil (ES),public_membership,True,50.0,1.0,40.36855796188416,-3.765983483365062,28079
207304,Mercadona Cuatro Vientos,Mercadona,public_membership,True,22.0,4.0,40.362687360685385,-3.765742699559496,28079
306395,Petropix Leganés,EDP,public_membership,True,150.0,2.0,40.35763145823469,-3.773936988877381,28074
201621,REPSOL La Fortuna,Repsol - Ibil (ES),public_membership,True,50.0,1.0,40.35711105872721,-3.7733473456154334,28074
201623,Repsol Montejano,Repsol - Ibil (ES),public_membership,True,160.0,3.0,40.3583559161066,-3.754979082375257,28079
207303,AhorraMas La Peseta,EDP,public_membership,True,11.0,2.0,40.36279920721469,-3.75061201086362,28079
207308,Volkswagen M.Conde,(Business Owner at Location),restricted,False,3.7,1.0,40.3698029706286,-3.744278972197321,28079
297346,Petropix Carabanchel,EDP,public_membership,True,150.0,2.0,40.370689255538366,-3.743614145408913,28079
472119,Node Living,eTecnic,restricted,False,7.0,10.0,40.3675818741041,-3.744952211206737,28079
299868,BAUHAUS Leganés,Eranovum (ES),public_membership,True,120.0,6.0,40.3583605772485,-3.7467743286906634,28074
266296,Mercadona Avenida Puerta de Alcalá,Mercadona,public_membership,True,22.0,4.0,40.341315352273085,-3.7575177619146416,28074
494664,Carrefour Leganes,Carrefour (ES),public,True,50.0,1.0,40.34326282201496,-3.7573454597495015,28074
207256,Saltoki Leganés,Electromaps,restricted,False,22.0,4.0,40.32779747145023,-3.7485443985231086,28074
460540,Bluespace Leganés,Umbrella eMobility (ES),public_membership,True,120.0,2.0,40.3225995219174,-3.753568947427709,28074
290099,Plenoil Leganes II,Plenergy (ES),public_membership,True,60.0,2.0,40.323294549064855,-3.751496300009876,28074
280875,Makro Leganés,Iberdrola | BP Pulse (ES),public_membership,True,22.0,12.0,40.32110771632912,-3.750110377384516,28074
207257,Rexel Leganés,(Business Owner at Location),restricted,False,7.4,1.0,40.323857835184015,-3.744650497832936,28074
489151,BP Getafe,Iberdrola | BP Pulse (ES),public_membership,True,300.0,8.0,40.317347144352624,-3.744078450197094,28065
209945,C.C. E. Torroja Getafe,Iberdrola | BP Pulse (ES),public_membership,True,120.0,8.0,40.31844352978263,-3.744769442765687,28074
207258,VW ,(Business Owner at Location),restricted,False,22.0,1.0,40.3186254779045,-3.745920577471225,28074
279682,EDP Petroprix ,EDP,public_membership,True,150.0,2.0,40.31480023252371,-3.760677012521569,28074
235227,NISSAN GAMBOA AUTOMOCIÓN - Getafe (Allego),Allego BV,public_membership,True,50.0,1.0,40.3181117224201,-3.763558390451863,28074
235226,Toyota Comautosur,(Business Owner at Location),restricted,False,50.0,1.0,40.31875496373269,-3.762657969412686,28074
235225,Parking Plaza Comunidad de Madrid,Iberdrola | BP Pulse (ES),public_membership,True,22.0,4.0,40.32681516046,-3.758006745168928,28074
207276,Ahorramás Leganés,EDP,public_membership,True,22.0,2.0,40.32026183084864,-3.767080282857705,28074
207278,Parking Plaza Mayor,Iberdrola | BP Pulse (ES),public_membership,True,22.0,4.0,40.325552818013136,-3.769123689345747,28074
207277,Mercadona Valdepelayos,Mercadona,public_membership,True,22.0,6.0,40.32684186960526,-3.778234580966682,28074
290100,Plenoil Leganés I,Plenergy (ES),public_membership,True,60.0,2.0,40.327026677161456,-3.777084484657621,28074
207263,Renault Qualytauto,Renault,restricted,False,3.7,1.0,40.31323982071797,-3.774530666408509,28074
312156,City Car sur,Electromaps,public_membership,True,60.0,10.0,40.3139075016322,-3.771710315065064,28074
473146,Parking Hospital Severo Ochoa,Repsol - Ibil (ES),public_membership,True,22.0,6.0,40.31875756420854,-3.770162691197697,28074
235228,MG Electric Albión Motor,(Business Owner at Location),restricted,False,11.0,2.0,40.31653340445615,-3.767236729198089,28074
207275,MERCADONA Hospital Leganés,Mercadona,public_membership,True,22.0,6.0,40.31836092466071,-3.767481637388528,28074
207260,BMW momento,(Business Owner at Location),restricted,False,7.4,1.0,40.31485930633821,-3.7650983904700297,28074
207261,Tanatorio de Leganés,(Business Owner at Location),restricted,False,22.0,1.0,40.30977425606662,-3.764130177837501,28074
207264,REXEL Oficinas Centrales,(Business Owner at Location),restricted,False,7.4,1.0,40.30625279199813,-3.776011596384933,28074
272461,Hotel Holiday Inn (Leganés),ACCIONA - Cargacoches,public_membership,True,50.0,2.0,40.30519209678425,-3.7749956375432703,28074
235229,Repsol Leganes Recomba,Repsol - Ibil (ES),public_membership,True,50.0,1.0,40.30851452596403,-3.77771788431636,28074
97233,C.C Arroyosur,(Business Owner at Location),unknown,False,11.0,11.0,40.3008455,-3.77622640000004,28074
298527,Residencia Adavir Getafe,Endesa,restricted,False,7.0,2.0,40.29476488584877,-3.761018981234656,28065
508026,Shell Arroyo Leganés,PRIOE,public_membership,True,90.0,2.0,40.29554272505021,-3.7617206862423984,28074
210365,Verdedecora Leganés,Iberdrola | BP Pulse (ES),public_membership,True,120.0,10.0,40.29635689353015,-3.7635378974745777,28074
207266,AhorraMas Mari Pepa Colomer,EDP,public_membership,True,7.4,2.0,40.30333648398434,-3.750526571647242,28065
201345,Centro Comercial Getafe III  (Zunder),Zunder,public_membership,True,120.0,4.0,40.295846043851725,-3.745279239167303,28065
459928,Hospital FREMAP Getafe,eTecnic,public,True,22.0,2.0,40.296824879758816,-3.752066826823921,28065
235235,FUENLAMOVIL,(Business Owner at Location),restricted,False,7.4,2.0,40.28068024922413,-3.776435872673233,28058
202928,Renault Fuenlamovil,Renault,restricted,False,22.0,3.0,40.28035942224125,-3.776391654437248,28058
207267,Vehinter Getafe,(Business Owner at Location),restricted,False,7.4,1.0,40.29130014316689,-3.7399048570430296,28065
273731,E.S. Bagarciva,TotalEnergies (ES),public_membership,True,100.0,2.0,40.30406288453878,-3.726382816532237,28065
266297,Mercadona Calle Escaño,Mercadona,public_membership,True,22.0,4.0,40.30709876766082,-3.727102393426151,28065
207274,Parking General Palacio,(Business Owner at Location),public,True,3.7,1.0,40.30885762251384,-3.728566642744113,28065
462093,Ahorramas Getefe,EDP,public_membership,True,22.0,2.0,40.30744740319852,-3.730771931457639,28065
60896,Parking Plaza de la Constitución,(Business Owner at Location),public,True,3.7,4.0,40.3058559,-3.732334700000024,28065
207273,Mercadona Getafe Centro,Mercadona,public_membership,True,22.0,4.0,40.30907207794323,-3.7346187207130015,28065
486643,Calle Alcalde Ángel Arroyo,Qwello,public_membership,True,22.0,4.0,40.31622354081017,-3.7354311197173047,28065
279683,Mercadona Kelvinator ,Iberdrola | BP Pulse (ES),public_membership,True,22.0,2.0,40.31553681857781,-3.735252539394537,28065
265804,Hotel B&B Madrid Getafe,Endesa,public_membership,True,60.0,6.0,40.31681176944497,-3.734286538997992,28065
260760,Hotel EXE Getafe,GALP Electric,public_membership,True,120.0,2.0,40.31695020224368,-3.741563817591668,28065
284829,McDonald's Getafe ,Iberdrola | BP Pulse (ES),public_membership,True,50.0,2.0,40.31626896861664,-3.7431004601361337,28065
207259,AhorraMas - Glaser,EDP,public_membership,True,7.4,5.0,40.3172146280817,-3.743246441390284,28065
462092,Lidl Leganés,Lidl,public,True,11.0,4.0,40.329115145515885,-3.742518222521312,28074
209716,Ahorramas Leganes,EDP,public_membership,True,22.0,5.0,40.32899860927674,-3.736093284549952,28074
300335,Calle de Eduardo Torroja,Plenergy (ES),public_membership,True,60.0,2.0,40.32851986775376,-3.736894285940025,28074
235237,Dimel suministros eléctricos,(Business Owner at Location),restricted,False,11.0,3.0,40.33035025384447,-3.734451847950908,28074
209946,MOEVE El Bercial,Moeve (ES),public_membership,True,150.0,2.0,40.3230975960704,-3.7326207387206978,28065
207255,El Corte Inglés (El Bercial),(Business Owner at Location),public,True,11.0,3.0,40.329365219597975,-3.728096957568255,28065
210983,Repsol La Amistosina,Repsol - Ibil (ES),public_membership,True,150.0,2.0,40.32098850477632,-3.7267741366192695,28065
209714,Ahorramas Doctor Sánchez Morate,EDP,public_membership,True,7.4,2.0,40.31656217605402,-3.721598021778618,28065
309389,Foster's Hollywood Getafe,Atlante,public_membership,True,60.0,2.0,40.32702855722204,-3.717395865477357,28065
209715,Ahorramas Getafe,EDP,public_membership,True,22.0,2.0,40.32204509281789,-3.71728122918762,28065
472763,Mad Cool,Iberdrola | BP Pulse (ES),public_membership,True,22.0,8.0,40.32743232308789,-3.7116421133262074,28079
148938,Mercadona Los Molinos Getafe,Mercadona,public_membership,True,22.0,6.0,40.31769961744237,-3.7068955990271206,28065
459802,Estacionamiento El Casar ,(Unknown Operator),public,True,1.0,16.0,40.31864203609638,-3.709225165465624,28065
207271,Airbus,(Business Owner at Location),restricted,False,11.0,1.0,40.29435852209591,-3.7078298838943056,28065
474976,Alfen San Marcos,GALP Electric,restricted,False,7.4,1.0,40.29654359570071,-3.6976151962010135,28065
280877,VW Calle Eratóstenes,(Business Owner at Location),public_membership,True,22.0,2.0,40.29510744257959,-3.696645829427922,28065
303278,Cepsa Los Ángeles,Moeve (ES),public_membership,True,150.0,2.0,40.29686,-3.69216,28065
207272,J.Abad Codelco SL,(Business Owner at Location),restricted,False,7.4,1.0,40.31014391745518,-3.695217519243556,28065
174182,E.S. Ballenoil Getafe,Iberdrola | BP Pulse (ES),public_membership,True,50.0,4.0,40.3027299,-3.696051,28065
267591,BP Pulse Getafe Pg San Marcos,Iberdrola | BP Pulse (ES),public_membership,True,150.0,2.0,40.3039688722432,-3.70227258718592,28065
201362,Hotel Los Olivos,TotalEnergies (ES),public_membership,True,140.0,4.0,40.31437134051484,-3.69119376190406,28065
279379,Decathlon (Centro Logístico),EDP,restricted,False,22.0,4.0,40.28060153830936,-3.680694840456482,28065
297085,Costco Getafe,(Business Owner at Location),public,True,150.0,20.0,40.283544637776686,-3.6868227693380495,28065
163480,Tesla Supercharger Getafe,Tesla (including non-tesla),public_membership,True,250.0,8.0,40.29037,-3.69629,28065
472120,Logistica Integra2,eTecnic,restricted,False,7.0,1.0,40.284760182841126,-3.701329146690142,28065
211068,Hotel E-Kilibrio,eTecnic,restricted,False,22.0,4.0,40.37779538516696,-3.694522596269053,28079
298793,BlueSpace Usera,Umbrella eMobility (ES),public_membership,True,120.0,2.0,40.37918537355483,-3.6951991029723104,28079
285163,Mercadona Antonio López,Mercadona,public_membership,True,22.0,4.0,40.37987689807673,-3.694864310607386,28079
205466,Parking Hospital 12 de Octubre,Wenea,public_membership,True,7.4,28.0,40.37567433716157,-3.698929596578069,28079
202275,Automóviles Alhambra,Endesa,public_membership,True,50.0,4.0,40.37409366359125,-3.6959065364083017,28079
459930,Funway Academic Resort,eTecnic,public,True,22.0,5.0,40.377329907098016,-3.69483275558548,28079
298557,Residencia Amavir Usera,Endesa,restricted,False,7.0,3.0,40.37317849703794,-3.69367728727957,28079
290264,Ayunt. Madrid: Calle de Santa Florencia (Iberdrola),Iberdrola | BP Pulse (ES),public_membership,True,100.0,3.0,40.34953073621608,-3.691044879640344,28079
207249,Talleres Otiauto,(Business Owner at Location),restricted,False,22.0,1.0,40.34220072163248,-3.692348734648817,28079
290252,Ayunt. Madrid: Calle de Godella (TotalEnergies),TotalEnergies (ES),public_membership,True,100.0,3.0,40.340742328897306,-3.688602948324615,28079
305838,Logística Marconi,Endesa,restricted,False,50.0,4.0,40.33518400856397,-3.69332178893842,28079
189143,Hotel Vertice Roomspace,ACCIONA - Cargacoches,public_membership,True,50.0,2.0,40.332126169922674,-3.702529286164861,28079
290098,Plenoil Madrid VI Villaverde,Plenergy (ES),public_membership,True,60.0,2.0,40.34330210658214,-3.695261706934957,28079
207248,Renault Av. Andalucía,Renault,restricted,False,22.0,3.0,40.34535079249369,-3.693939423401389,28079
207246,Taller Luna Nueva,(Business Owner at Location),restricted,False,11.0,1.0,40.347456067217,-3.702444727745615,28079
272919,Mercadona Alcocér,Mercadona,public_membership,True,22.0,2.0,40.34941821357344,-3.7024268519184034,28079
207247,Mercadona Rosales,Mercadona,public_membership,True,22.0,6.0,40.35557001900557,-3.685041566015002,28079
312180,Carrefour Los Angeles,Carrefour (ES),public_membership,True,150.0,2.0,40.36248369464866,-3.691795376949443,28079
216880,Mercadona Avda. Rosales,Mercadona,public_membership,True,22.0,6.0,40.364561,-3.687264,28079
295948,Plenoil Madrid,Plenergy (ES),public_membership,True,60.0,2.0,40.367643369751306,-3.691165794060311,28079
235065,Mercadona Avenida de Andalucía,Mercadona,public_membership,True,22.0,2.0,40.37205706192259,-3.695128337363713,28079
201625,REPSOL Avda. Andalucía Este,Repsol - Ibil (ES),public_membership,True,50.0,1.0,40.3673928176093,-3.69386385115854,28079
207243,Kia,(Business Owner at Location),restricted,False,11.0,1.0,40.36731611665155,-3.6930731509826273,28079
202276,McDonald’s Avda. Andalucia,Endesa,public_membership,True,50.0,2.0,40.366521324206445,-3.6937777590758287,28079
201624,REPSOL Avda. Andalucía Oeste,Repsol - Ibil (ES),public_membership,True,50.0,1.0,40.36665495825417,-3.694715068669325,28079
202277,Ballenoil Orovilla,Endesa,public_membership,True,50.0,2.0,40.3656700324888,-3.6929605802585,28079
280870,Decathlon Usera,EDP,public_membership,True,150.0,10.0,40.36575079550784,-3.711167023263045,28079
309025,E.S. BP Cheyper,Iberdrola | BP Pulse (ES),public_membership,True,300.0,8.0,40.36838638784721,-3.7210870568291057,28079
207245,Ahorramas Puente Alcocer,EDP,public_membership,True,22.0,4.0,40.35601551921721,-3.705036543340839,28079
216908,Ahorramás Eduardo Barreiros,EDP,public_membership,True,50.0,2.0,40.35580284960599,-3.7050674741584544,28079
265803,MacDonald's Eduardo Barreiros,Endesa,public_membership,True,50.0,2.0,40.355937715057934,-3.7047251517302575,28079
201782,Ballenoil Villaverde,Iberdrola | BP Pulse (ES),public_membership,True,50.0,2.0,40.33615169328891,-3.714897320719956,28079
207251,Gasolinera LowCostRepost,Endesa,public_membership,True,11.0,2.0,40.33199951790726,-3.714261976661192,28079
210610,Burger King Villaverde,Iberdrola | BP Pulse (ES),public_membership,True,50.0,2.0,40.33124405120017,-3.715788727638028,28079
207252,Ardasa 2000,(Business Owner at Location),restricted,False,11.0,2.0,40.34928885252825,-3.726419721474599,28074
207254,Renault Automocion Qualitauto Getafe,Renault,restricted,False,22.0,6.0,40.33211168561647,-3.725888194029381,28065
510836,C.C. Parquesur (Acciona),ACCIONA - Cargacoches,public_membership,True,120.0,64.0,40.33939156337374,-3.736922209883005,28074
160812,Mercadona Leganés,Mercadona,public_membership,True,22.0,6.0,40.33198889360028,-3.736115224547007,28074
296572,McDonald's Lengua Española,Iberdrola | BP Pulse (ES),public_membership,True,50.0,2.0,40.330709123651104,-3.742037119476578,28074
509302,BM Leganés,Eranovum (ES),public_membership,True,60.0,3.0,40.33569732962229,-3.742156575556237,28074
207253,C.C Parquesur (Endesa),Endesa,public_membership,True,150.0,10.0,40.340621659128345,-3.737154208242941,28074
296571,E.S. Leclerc,PowerDot (Es),public_membership,True,150.0,2.0,40.36344531603538,-3.7352191564827137,28079
494647,C.C. Isla Azul,Electra,public_membership,True,400.0,8.0,40.36347600649387,-3.7376199087810846,28079
297345,C.C. Isla Azul (Acciona),ACCIONA - Cargacoches,public_membership,True,100.0,54.0,40.364071553898185,-3.737022127590592,28079
210373,Burger King Madrid Thaler,Iberdrola | BP Pulse (ES),public_membership,True,50.0,2.0,40.365879450294045,-3.738551569244436,28079
280376,Rest. Carl's Jr. Carabanchel (Atlante),Atlante,public_membership,True,150.0,4.0,40.36550457940038,-3.738749314094889,28079
163736,Centro Comercial Islazul,(Business Owner at Location),public_membership,True,11.0,9.0,40.363669,-3.739337,28079
496638,Parking EMT Calle Catorce Olivas,Electro-EMT,public_membership,True,11.0,4.0,40.3646199834557,-3.740984069519072,28079
273875,BP Pulse Isla Azul,Iberdrola | BP Pulse (ES),public_membership,True,180.0,6.0,40.36810721360376,-3.7409752092855513,28079
207309,Renault Cota Automoción ,Renault,restricted,False,11.0,1.0,40.370410945927546,-3.73962202897269,28079
507892,B& B Hotel Carabanchel ,(Unknown Operator),public_membership,True,11.0,2.0,40.36904228964798,-3.742155759808156,28079
285162,Mercadona Carabanchel,Mercadona,public_membership,True,22.0,4.0,40.37192122088351,-3.7426550783389994,28079
309026,Galp Carabanchel,GALP Electric,public_membership,True,100.0,2.0,40.373647934145794,-3.743357307349356,28079
207311,Renault Cota Automoción,Renault,restricted,False,11.0,1.0,40.37967089955831,-3.7325166144703417,28079
280871,Tanatorio Servisa Carabanchel,Iberdrola | BP Pulse (ES),public_membership,True,22.0,4.0,40.37159846615131,-3.730869498013334,28079
210374,Burger King ,Iberdrola | BP Pulse (ES),public_membership,True,50.0,2.0,40.37263065205869,-3.7305952370493287,28079
210375,Rest. Popeyes,Iberdrola | BP Pulse (ES),public_membership,True,50.0,2.0,40.37218282865774,-3.728907138489376,28079
207310,LOW COST REPOST CARABANCHEL,Endesa,public_membership,True,50.0,4.0,40.37253841840084,-3.729301337319384,28079
265947,Mercadona Abrantes,Mercadona,public_membership,True,22.0,6.0,40.37167480597486,-3.729293277472607,28079
304426,Electrolinera Carabanchel ,Electra,public_membership,True,600.0,16.0,40.3716801113566,-3.728811445624444,28079
235260,Repsol Av Princesa de Austria,Repsol - Ibil (ES),public_membership,True,50.0,1.0,40.37829418831001,-3.718765946700387,28079
487278,Calle Confianza,Endesa,public_membership,True,300.0,2.0,40.314787907328906,-3.676365154607652,28065
497781,Calle Confianza,Endesa,public_membership,True,50.0,2.0,40.317261893706814,-3.67655328719934,28065
473115,TNT Transporte,Endesa,restricted,False,22.0,2.0,40.31753072543293,-3.678509268685957,28065
472463,ATG Getafe,Moeve (ES),restricted,False,180.0,2.0,40.28529891524167,-3.672172677699109,28065
298140,Supermercado Hiber Perales del Río,Eranovum (ES),public_membership,True,150.0,3.0,40.32192536963899,-3.655887734751332,28065
201212,MercaMadrid-BarterGo,BarterGo (ES),public_membership,True,180.0,5.0,40.35669585457421,-3.661973949876369,28079
304352,Repsol Mercamadrid,Repsol - Ibil (ES),public_membership,True,50.0,1.0,40.35809208094551,-3.660027251782026,28079
202295,Mercamadrid - Frutas,BarterGo (ES),public_membership,True,50.0,2.0,40.36255959810336,-3.6582373754310993,28079
207237,Mercamadrid - Pescados,BarterGo (ES),public_membership,True,150.0,6.0,40.359244729906976,-3.6620534762497527,28079
202294,Mercamadrid - Zona Comercial,BarterGo (ES),public_membership,True,50.0,8.0,40.36003365233941,-3.6616215970896064,28079
279602,Repsol,Repsol - Ibil (ES),public_membership,True,180.0,2.0,40.36622644753845,-3.655313578762957,28079
298128,CTM (Privado),Zunder,restricted,False,400.0,2.0,40.36575463878049,-3.655030051368726,28079
207238,CTM Vallecas Gas Natural,Naturgy (ES),public_membership,True,80.0,4.0,40.36397735403571,-3.6559199168302143,28079
312160,CTM Madrid (AC) (Zunder),Zunder,public_membership,True,22.0,10.0,40.36516524472026,-3.6544105814180057,28079
279495,Centro Transportes Madrid (Zunder),Zunder,public_membership,True,400.0,16.0,40.36558895284176,-3.654700524984719,28079
207236,Ballenoil Entrevías,Endesa,public_membership,True,22.0,2.0,40.37338975091919,-3.649746748846383,28079
473147,Seur Madrid,Repsol - Ibil (ES),restricted,False,22.0,28.0,40.37085651693639,-3.6456466547683695,28079
472436,SEUR,GALP Electric,restricted,False,60.0,2.0,40.3706473499492,-3.6458552317908186,28079
300334,Plenoil Madrid I,Plenergy (ES),public_membership,True,60.0,2.0,40.37164553885373,-3.642639917318462,28079
207233,Saltoki Vallecas,Electromaps,public_membership,True,11.0,2.0,40.37091501967819,-3.6405565861587377,28079
297880,Vallecas La Atalayuela (Zunder),Zunder,public_membership,True,400.0,28.0,40.37079201232154,-3.6416942530256895,28079
306335,Bluespace Vallecas,Umbrella eMobility (ES),public_membership,True,90.0,2.0,40.37213585167032,-3.640995666495911,28079
207232,Gran Bazar Vallecas,(Business Owner at Location),restricted,False,3.7,1.0,40.37203798345405,-3.6392914648441774,28079
201627,Repsol La Atalayuela,Repsol - Ibil (ES),public_membership,True,50.0,1.0,40.37217362629849,-3.63904184975388,28079
304500,Aldi Mayorazgo (Atlante),Atlante,public_membership,True,150.0,4.0,40.37282817860333,-3.6376747837125833,28079
307345,Popeye's Mayorazgo,Iberdrola | BP Pulse (ES),public_membership,True,100.0,2.0,40.372009897680414,-3.637546442271372,28079
497639,Merkacash Vallecas,Umbrella eMobility (ES),public_membership,True,120.0,2.0,40.37130272915263,-3.6357941976986297,28079
300470,Plenoil Madrid VIII,Plenergy (ES),public_membership,True,60.0,2.0,40.371628985711936,-3.636431841767262,28079
298560,Residencia Amavir La Gavia,Endesa,restricted,False,7.0,2.0,40.37040663075078,-3.6342465014440393,28079
212425,Galp Avenida del Mayorazgo,GALP Electric,public_membership,True,180.0,4.0,40.36907271442027,-3.631221525810816,28079
207231,Burger King Mayorazgo,Iberdrola | BP Pulse (ES),public_membership,True,50.0,2.0,40.36954807855571,-3.631770562759357,28079
266265,Mercadona TINEO,Mercadona,public_membership,True,22.0,6.0,40.374013110424016,-3.628554928498261,28079
474972,Hiper Usera,GALP Electric,public_membership,True,60.0,2.0,40.37401119678668,-3.627006132691207,28079
298187,E.S. Repsol Valdemingomez (Sur),Repsol - Ibil (ES),public_membership,True,80.0,5.0,40.34404710282925,-3.588964477530226,28079
472980,E.S. Repsol Valdemingomez (Norte),Repsol - Ibil (ES),public_membership,True,120.0,4.0,40.34540986246188,-3.5893804582574376,28079
298186,E.S. Repsol Valdemingomez (Norte),Repsol - Ibil (ES),public_membership,True,50.0,1.0,40.345871153312686,-3.5881626294199407,28079
285166,Mercadona Ensanche Vallecas,Mercadona,public_membership,True,22.0,2.0,40.364377736286656,-3.5993867606277945,28079
209713,Ahorramas Vallecas,EDP,public_membership,True,22.0,2.0,40.3627008811354,-3.5952851287659087,28079
207222,E.S. Ballenoil Vallecas,Endesa,public_membership,True,22.0,2.0,40.36539619035247,-3.584647217419388,28079
207223,Mercadona Gran Vía del Sureste,Mercadona,public_membership,True,22.0,2.0,40.36404417023988,-3.5898576699391924,28079
195444,Burger King ,Endesa,public_membership,True,50.0,2.0,40.36781716156133,-3.5883672147755306,28079
235242,La Gavia CC,EDP,public_membership,True,60.0,20.0,40.36927677647248,-3.5989637842296816,28079
207230,Mercadona Ensanche de Vallecas,Mercadona,public_membership,True,22.0,4.0,40.370871136951735,-3.611454672001855,28079
295945,Supermercado BM Vallecas (Zunder),Zunder,public_membership,True,150.0,4.0,40.36958322894756,-3.6094694936365386,28079
312162,Carrefour La Gavia,Carrefour (ES),public,True,50.0,1.0,40.369069482674576,-3.601576798175415,28079
209720,Ahorramas La Gavia,EDP,public_membership,True,22.0,7.0,40.37130624081482,-3.612633210715103,28079
304926,CEPSA Ensanche Vallecas,Moeve (ES),public_membership,True,150.0,2.0,40.37840614075202,-3.614411924190137,28079
201628,Repsol PAU Vallecas,Repsol - Ibil (ES),public_membership,True,50.0,1.0,40.37578265326317,-3.604182571770707,28079
312781,Repsol Rivas,Repsol - Ibil (ES),public_membership,True,50.0,1.0,40.37988171332333,-3.5961248862072352,28079
290775,E.S. Plenoil Madrid V,Plenergy (ES),public_membership,True,60.0,2.0,40.37721182347562,-3.631021541719889,28079
207234,Ballenoil Zero-E,(Business Owner at Location),public,True,22.0,2.0,40.37586982060017,-3.63934916567905,28079
207235,Renault Karfer Motor,Renault,restricted,False,22.0,1.0,40.37496386840832,-3.647987501063199,28079
209243,Endesa Calle Eje Mercamadrid,Endesa,public_membership,True,150.0,4.0,40.35613243669712,-3.669280457438703,28079
202296,Mercamadrid - Carnes,BarterGo (ES),public_membership,True,50.0,2.0,40.35962581470528,-3.669468747115872,28079
201626,REPSOL Avenida de los Rosales,Repsol - Ibil (ES),public_membership,True,50.0,1.0,40.33949301257224,-3.668617640771004,28079
207250,Mercadona Butarque,Mercadona,public_membership,True,22.0,2.0,40.34006011038932,-3.675210159038216,28079
312159,Ballenoil Butarque,Moeve (ES),public_membership,True,150.0,1.0,40.33751829610026,-3.679320830491065,28079
298526,Residencia Amavir Villaverde,Endesa,restricted,False,7.0,2.0,40.34417520583773,-3.6767982437997935,28079
207170,Ahorramás Velilla de San Antonio,EDP,public_membership,True,7.4,2.0,40.374276268266215,-3.4856397498326714,28167
207173,Centro deportivo Supera Rivas,(Business Owner at Location),public,True,3.7,6.0,40.37780632926061,-3.5378489496014254,28123
207174,Rivas Vaciamadrid Ocho de Marzo,Electromaps,public_membership,True,22.0,2.0,40.37903086161703,-3.5380414864453087,28123
207176,Rivas Vaciamadrid Bhima Sangha,Electromaps,public_membership,True,22.0,2.0,40.36809828315518,-3.54999926806272,28123
207179,Rivas Vaciamadrid El Vivero,Electromaps,public_membership,True,22.0,2.0,40.35960006139831,-3.5504143003961417,28123
207177,Rivas Vaciamadrid Abogados de Atocha,Electromaps,public_membership,True,22.0,2.0,40.36664264837492,-3.548538785292408,28123
274462,Rivas Vaciamadrid Avenida de Covibar,Electromaps,public_membership,True,22.0,2.0,40.364596769830655,-3.5518433807777114,28123
492187,E.S. Repsol Jamac,Repsol - Ibil (ES),public_membership,True,50.0,1.0,40.35739398717959,-3.558774586332447,28079
235610,Burger King  Rivas,Iberdrola | BP Pulse (ES),public_membership,True,50.0,4.0,40.35374598208938,-3.548948987048675,28123
305146,Aldi Rivas (Atlante),Atlante,public_membership,True,100.0,4.0,40.353518522054486,-3.5501621088997126,28123
202274,E.S Atenoil Stor,Endesa,public_membership,True,50.0,2.0,40.35422508805999,-3.5495899759489475,28123
207181,Rivas Vaciamadrid Ayuntamiento,Electromaps,public,True,22.0,1.0,40.354729368378656,-3.547114833966816,28123
207180,Rivas Vaciamadrid. Pol. Cerro del Telegrafo,Electromaps,public_membership,True,22.0,2.0,40.35659814657305,-3.546504422303542,28123
290068,Plenoil Rivas,Plenergy (ES),public_membership,True,60.0,2.0,40.354193760731874,-3.5435821262523746,28123
207185,Hyundai Rivas,(Business Owner at Location),restricted,False,22.0,1.0,40.3548344109598,-3.5435769365815304,28123
235252,Nissan GAMBOA AUTOMOCIÓN - RIVAS (Allego),Allego BV,restricted,False,50.0,1.0,40.35441377256424,-3.543175163547972,28123
207186,Mercadona Rivas-Vaciamadrid,Mercadona,public_membership,True,22.0,4.0,40.35541801049135,-3.541652783605514,28123
312167,Kaidrive,Place To Plug,public_membership,True,60.0,2.0,40.35349386090439,-3.542786393534556,28123
207188,VW Jarmauto,(Business Owner at Location),restricted,False,3.7,2.0,40.348650021202445,-3.543475155167698,28123
460136,Ionity Rivas,Ionity,public_membership,True,400.0,6.0,40.33940056434327,-3.5360164937458194,28123
299867,Carrefour Rivas,Carrefour (ES),public_membership,True,150.0,2.0,40.34071164014654,-3.5363572798692644,28123
235251,Avenida de la Técnica,Iberdrola | BP Pulse (ES),public_membership,True,50.0,5.0,40.34184886057392,-3.5345080866241574,28123
312523,Be Casa Rivas Apartments,(Business Owner at Location),restricted,False,3.7,20.0,40.34042814737839,-3.530860629475143,28123
235587,Hotel AB Rivas,(Business Owner at Location),restricted,False,7.4,2.0,40.33941653860288,-3.532551349499641,28123
192961,Parque Comercial Rivas Futura ,(Unknown Operator),public,True,4.6,4.0,40.33674524514837,-3.532844341260443,28123
209257,Atenoil - Avenida de Aurelio Álvarez,Endesa,public_membership,True,60.0,2.0,40.33887525036855,-3.5312423368867485,28123
460202,C.C. Rivas Futura (Acciona),ACCIONA - Cargacoches,public_membership,True,150.0,40.0,40.337386875698826,-3.5292354152724954,28123
299291,FuelExpress C.C Rivas Futura,(Business Owner at Location),public_membership,True,60.0,2.0,40.33690283925003,-3.5290602417305763,28123
460498,JYSK Rivas,PowerGo,public_membership,True,300.0,4.0,40.33847179843767,-3.5297153274097752,28123
207190,Lidl Rivas,Lidl,public,True,11.0,2.0,40.33932957115729,-3.5265800112224497,28123
162282,Centro Comercial Rivas H2O,(Business Owner at Location),public,True,22.0,3.0,40.33693899121607,-3.5265617305013848,28123
207182,Rivas Vaciamadrid - Eduardo Mendoza,Electromaps,public_membership,True,22.0,2.0,40.34132370648166,-3.522808929259895,28123
209683,Ahoramas Rivas,EDP,public_membership,True,22.0,4.0,40.3424245917324,-3.5222220763132555,28123
300469,Plenoil Rivas 2,Plenergy (ES),public_membership,True,90.0,2.0,40.34517009593421,-3.5306658097142645,28123
188922,Rivas Vaciamadrid - Biblioteca Gloria Fuertes,Electromaps,public_membership,True,22.0,2.0,40.349266454550985,-3.526694851436787,28123
207189,Renault Rycauto,Renault,restricted,False,22.0,1.0,40.34889885703655,-3.536470886417078,28123
312163,NISSAN CAETANO REIMCONSA,Allego BV,restricted,False,50.0,1.0,40.34862925583073,-3.536355272536724,28123
207187,Ahorramás Rivas,EDP,public_membership,True,3.7,2.0,40.35306292398337,-3.537901746653688,28123
209684,Ahorramas Rivas - Lolo Rico,EDP,public_membership,True,22.0,4.0,40.376598900911375,-3.5358150150798338,28123
207172,Mercadona Barrio de la Luna,Mercadona,public_membership,True,22.0,6.0,40.37611747387001,-3.533310509616399,28123
207175,"Rivas Vaciamadrid, Cerpa",(Business Owner at Location),public_membership,True,22.0,2.0,40.37409203700884,-3.5275851410533505,28123
311696,Burger King Rivas,Iberdrola | BP Pulse (ES),public_membership,True,100.0,2.0,40.34865504344771,-3.518023235626856,28123
461981,Ayunt. Rivas Vaciamadrid - Av. Aurelio Álvarez,Electromaps,public_membership,True,22.0,2.0,40.343067607300526,-3.5191835330506365,28123
209682,Ahorramas Rivas,EDP,public_membership,True,22.0,2.0,40.33716351504313,-3.517926048071104,28123
207184,Rivas Vaciamadrid. Parque del Sureste,Electromaps,public_membership,True,22.0,2.0,40.323671530339055,-3.5127374180150355,28123
207183,Rivas Vaciamadrid Casa + Grande,Electromaps,public_membership,True,22.0,2.0,40.32958757017539,-3.5209863683251115,28123
129308,E.S. Adenor - Rivas Vaciamadrid,Iberdrola | BP Pulse (ES),public_membership,True,50.0,2.0,40.33063306488978,-3.5242934001535104,28123
306600,Tesla Supercharger Rivas,Tesla (including non-tesla),public_membership,True,250.0,12.0,40.33584328135407,-3.524267237789246,28123
289539,Decathlon Rivas,EDP,public_membership,True,150.0,26.0,40.33417726748005,-3.5280926313497787,28123
306709,C.C. Rivas Futura (Electra),Electra,public_membership,True,400.0,8.0,40.33634056328072,-3.5318723217503702,28123
202283,McDonalds Arganda,Endesa,public_membership,True,60.0,2.0,40.31219481281795,-3.4869986792411964,28014
305839,Atenoil Arganda,Endesa,public_membership,True,50.0,2.0,40.30940386225296,-3.4804051688222444,28014
201464,B&B Hotel Arganda,Endesa,public_membership,True,60.0,6.0,40.30992619830323,-3.4810435345370934,28014
88854,Ibis Madrid Arganda,(Business Owner at Location),restricted,False,22.0,3.0,40.30948347712032,-3.481481328527593,28014
265770,Avenida de Madrid,Endesa,public_membership,True,60.0,2.0,40.3111179059031,-3.482732699399918,28014
460494,R3-Támbora (Dir. Norte),PowerGo,public_membership,True,400.0,4.0,40.34525807603424,-3.448819684743853,28075
460495,R3-Támbora (Dir. Sur),PowerGo,public_membership,True,400.0,4.0,40.34604229042972,-3.4509994606764,28075
461982,Talleres Jota Car,(Business Owner at Location),restricted,False,11.0,1.0,40.356798529192616,-3.4756077973677293,28167
235250,Ayuntamiento de Arganda,eTecnic,public_membership,True,22.0,2.0,40.313522752794654,-3.4762830746358304,28014
207227,Centro Comercial La Milla de Arganda,Endesa,public,True,22.0,4.0,40.30957628111324,-3.4764334086044077,28014
505219,Hiperusera Arganda,GALP Electric,public_membership,True,120.0,2.0,40.30992396828293,-3.4740299815073854,28014
207226,Hotel AB Arganda del Rey,(Business Owner at Location),restricted,False,22.0,1.0,40.30679482828799,-3.468127814532181,28014
306011,BP Pulse Arganda,Iberdrola | BP Pulse (ES),public_membership,True,150.0,2.0,40.30566994647944,-3.4625222743547965,28014
300333,Plenoil Arganda I,Plenergy (ES),public_membership,True,60.0,2.0,40.30640347590864,-3.4635806846182504,28014
235249,Ballenoil Arganda I,Iberdrola | BP Pulse (ES),public_membership,True,50.0,2.0,40.303134698751,-3.456485377424769,28014
207224,AhorraMas Arganda,EDP,public_membership,True,7.4,3.0,40.3045808880824,-3.457080535313139,28014
306010,Aldi Arganda,ALDI SÜD (DE),public,True,7.4,1.0,40.30427905673415,-3.4518689557212383,28014
288921,Mercadona Arganda,Mercadona,public_membership,True,22.0,6.0,40.30218045424854,-3.4522097487043766,28014
490136,Supeco Arganda,Endesa,public_membership,True,150.0,2.0,40.30185056325848,-3.4524133755711546,28014
209681,Ahorramas Arganda,EDP,public_membership,True,22.0,4.0,40.30901124834031,-3.4472930574327165,28014
472564,Dia Arganda,REMO Mobility (ES),public_membership,True,150.0,2.0,40.29403174431479,-3.426294495882047,28014
235248,Ayuntamiento de Arganda,eTecnic,public_membership,True,22.0,2.0,40.29614745977747,-3.4322076513145703,28014
260351,Hospital Universitario del Sureste,Wenea,public_membership,True,22.0,14.0,40.29664930060409,-3.457491188166074,28014
235246,Repsol Campo Real,Repsol - Ibil (ES),public_membership,True,50.0,1.0,40.33129659236397,-3.4033574358393253,28033
209680,Ahorramas Campo Real,EDP,public_membership,True,22.0,2.0,40.34100138520111,-3.377148947310161,28033
279514,Nuevo Baztán (Acciona),ACCIONA - Cargacoches,public_membership,True,22.0,4.0,40.36455831122368,-3.2451246834589256,28100
235243,Orusco de Tajuña (Acciona),ACCIONA - Cargacoches,public_membership,True,100.0,2.0,40.28284948179624,-3.20726526330688,28102
235126,Ayunt. Colmenar del Arroyo,ACCIONA - Cargacoches,public_membership,True,22.0,2.0,40.41920204347386,-4.197072396612612,28042
299118,Plenoil Navas del Rey I,Plenergy (ES),public_membership,True,60.0,2.0,40.38330825561826,-4.241553394181096,28099
202948,Ayunt. Navas del Rey,(Unknown Operator),public,True,22.0,6.0,40.38386647393591,-4.250096533381907,28099
202949,Ayunt. Chapinería,ACCIONA - Cargacoches,public_membership,True,11.0,2.0,40.38216883077564,-4.2106605411339615,28051
202967,Ayunt. Navalagamella,Iberdrola | BP Pulse (ES),public_membership,True,7.4,2.0,40.46874998278992,-4.123903585878651,28095
307187,Ayunt. Navalgamella (Acciona),ACCIONA - Cargacoches,public_membership,True,100.0,2.0,40.4693545,-4.1238856,28095
209548,Ayunt. Navaluenga Calle Las Escuelas,Iberdrola | BP Pulse (ES),public_membership,True,7.4,2.0,40.469501659320514,-4.122658687371427,28095
509303,Ayunt. Brunete. Calle río Perales,Qwello,public_membership,True,22.0,2.0,40.39735122340935,-3.99511714748337,28026
460703,Hiper Usera - Brunete,GALP Electric,public_membership,True,150.0,2.0,40.39780187878549,-3.994608381700573,28026
202951,Aldi Brunete,ALDI SÜD (DE),public,True,7.4,2.0,40.394624398537786,-3.992712975541963,28026
305154,Aldi Brunete (Atlante),Atlante,public_membership,True,150.0,4.0,40.395121462883736,-3.992737007796933,28026
456383,Aquopolis Villanueva de la Cañada (PowerGo),PowerGo,public_membership,True,22.0,14.0,40.45546468039095,-3.992148882357668,28176
460488,Aquopolis (Endesa),Endesa,public_membership,True,22.0,4.0,40.45573126610037,-3.992254831893973,28176
509598,Aquopolis Villanueva de la Cañada (PowerGo),PowerGo,public_membership,True,12.7,,40.45634841918945,-3.991952896118164,28176
202961,Ahorramas Villanueva de la Cañada,EDP,public_membership,True,60.0,6.0,40.44709742293793,-3.9934189512650846,28176
301082,Residencia AMMA Villanueva,Endesa,restricted,False,22.0,4.0,40.44787088186982,-3.99203788238313,28176
202960,C.C. Las Cárcavas,Iberdrola | BP Pulse (ES),public_membership,True,50.0,10.0,40.43387826073055,-4.00184885134604,28176
202950,Ayunt. Brunete,Qwello,public_membership,True,22.0,4.0,40.403507584806704,-3.9993149033253994,28026
509304,Ayunt. Brunete. Polideportivo,Qwello,public_membership,True,22.0,2.0,40.41262330096984,-4.002802187116913,28026
271079,Club Golf Dehesa,BarterGo (ES),public_membership,True,60.0,6.0,40.450070981068336,-3.9813537882479855,28176
267314,Calle de la Granja del Conde,Endesa,public_membership,True,60.0,4.0,40.474068082717565,-3.8832111960942655,28080
207328,ALDI Majadahonda,Endesa,public_membership,True,22.0,2.0,40.45467195517344,-3.887882075118796,28080
207332,BM Majadahonda,Endesa,public,True,22.0,8.0,40.450713568857935,-3.882670158747146,28080
298533,Verdedecora Majadahonda,Endesa,public_membership,True,60.0,10.0,40.45213640979611,-3.881526097845722,28080
298167,E.S. Repsol Majadahonda,Repsol - Ibil (ES),public_membership,True,50.0,1.0,40.45054448796961,-3.8814462157761223,28080
202397,Supermercado Sánchez Romero,Fenie Energía (Spain),public_membership,True,7.4,2.0,40.44956614252746,-3.8812238796760994,28080
207329,Bricomart Majadahonda,(Business Owner at Location),public,True,22.0,10.0,40.454025441807744,-3.8818326481072063,28080
209701,Ahorramas Boadilla,EDP,public_membership,True,22.0,4.0,40.45397212382545,-3.885286910502714,28080
472756,Ayunt. . Calle Islas Loberias,Iberdrola | BP Pulse (ES),public_membership,True,22.0,2.0,40.4330072980205,-3.885431017444944,28022
472754,Ayunt. Boadilla. Calle Sardinero,Iberdrola | BP Pulse (ES),public_membership,True,22.0,2.0,40.44247776390984,-3.882485882885362,28022
202398,Ayunt. Boadilla. Playa de la Concha,Iberdrola | BP Pulse (ES),public_membership,True,60.0,2.0,40.44532950408524,-3.882306594219557,28022
478740,Ayunt. Boadilla. Calle Playa de la Lanzada,Iberdrola | BP Pulse (ES),public_membership,True,22.0,2.0,40.44317472542289,-3.8936586277011713,28022
472755,Ayunt. Boadilla. Calle del Sella,Iberdrola | BP Pulse (ES),public_membership,True,22.0,2.0,40.43977883826784,-3.89987609917398,28022
472757,Ayunt. Boadilla. Calle Miguel Ángel Cantero Oliva,Iberdrola | BP Pulse (ES),public_membership,True,22.0,2.0,40.42239436227541,-3.898672930715975,28022
472758,Ayunt. Boadilla. Calle de Monte Guadalupe,Iberdrola | BP Pulse (ES),public_membership,True,22.0,2.0,40.41986469042624,-3.902167214787141,28022
202956,Parking Polideportivo,Iberdrola | BP Pulse (ES),public,True,7.4,4.0,40.411683312652656,-3.896928850289896,28022
306099,C.C. Boadilla del Monte,Iberdrola | BP Pulse (ES),public_membership,True,50.0,4.0,40.41342082155239,-3.898409111201545,28022
195460,Burger King Boadilla,Iberdrola | BP Pulse (ES),public_membership,True,320.0,2.0,40.41288282639857,-3.898289672134752,28022
235603,Popeyes Boadilla ,Iberdrola | BP Pulse (ES),public_membership,True,50.0,2.0,40.41282209743838,-3.898649160163245,28022
463342,BM Boadilla (Zunder),Zunder,public_membership,True,100.0,4.0,40.40898025612927,-3.905057864900982,28022
202401,Supermercado Ahorramas Boadilla,EDP,public_membership,True,7.4,4.0,40.40885941557232,-3.904079833253377,28022
202955,Carrefour Market Boadilla,(Business Owner at Location),public,True,7.4,4.0,40.40816767347857,-3.902633965461263,28022
472759,Ayunt. Boadilla. Avenida Condesa de Chinchón,Iberdrola | BP Pulse (ES),public_membership,True,22.0,2.0,40.4111408841959,-3.899821565792763,28022
61034,Ayunt. Boadilla del Monte - Hermanos Machado,Iberdrola | BP Pulse (ES),public_membership,True,22.0,2.0,40.409003291823694,-3.896715292247336,28022
471414,Ayunt. Boadilla. Parque Severo Ochoa,Iberdrola | BP Pulse (ES),public_membership,True,60.0,2.0,40.410863341133705,-3.8922989701264896,28022
472433,Galp Boadilla,GALP Electric,public_membership,True,150.0,2.0,40.412935952538845,-3.8935836674265545,28022
202957,Lidl Boadilla,Lidl,public,True,11.0,6.0,40.41335514992798,-3.89515324785566,28022
202958,Supercor Boadilla,(Business Owner at Location),public,True,11.0,2.0,40.41348535655391,-3.895919790911648,28022
479968,Ayunt. Boadilla del Monte - Calle María Estuardo,Iberdrola | BP Pulse (ES),public_membership,True,22.0,2.0,40.40951484992911,-3.884763491169792,28022
478177,Ayunt. Boadilla. Calle Nájera,Iberdrola | BP Pulse (ES),public_membership,True,60.0,2.0,40.40524286333428,-3.882316171828961,28022
471412,Ayunt. Boadilla. Calle Tomás Bretón,Iberdrola | BP Pulse (ES),public_membership,True,60.0,2.0,40.40303035794267,-3.885621949558072,28022
235218,McDonalds Boadilla,Endesa,public_membership,True,50.0,2.0,40.40117155782156,-3.881799124032682,28022
500999,Ayunt. Boadilla. Ferial de Boadilla,Iberdrola | BP Pulse (ES),public_membership,True,22.0,2.0,40.40107536812528,-3.880027280040281,28022
176316,Ayunt. Boadilla. Centro de Salud Infante Don Luis,Iberdrola | BP Pulse (ES),public_membership,True,60.0,2.0,40.40256299267969,-3.89464946738724,28022
471413,Ayunt. Boadilla. Parque Azorín,Iberdrola | BP Pulse (ES),public_membership,True,60.0,2.0,40.40466218406414,-3.897998668941909,28022
202953,Mercadona Boadilla,Mercadona,public_membership,True,22.0,4.0,40.399901332647175,-3.896874660688809,28022
235197,Camping Madrid Arco Iris,(Business Owner at Location),restricted,False,3.7,1.0,40.38106047535419,-3.9076389446786095,28181
306103,La Despensa Villaviciosa de Odón,(Business Owner at Location),public,True,3.7,3.0,40.38460826416173,-3.9317813665185497,28181
202952,Imeyca S.L.,(Business Owner at Location),restricted,False,11.0,1.0,40.38618902273299,-3.930952639591624,28181
235187,Hotel La Ermita,(Business Owner at Location),restricted,False,3.7,1.0,40.42361520826566,-3.977784410370532,28026
267312,Urb. Guadamonte,Place To Plug,restricted,False,7.4,2.0,40.412753356978016,-3.95631856959082,28176
285160,Mercadona Boadilla,Mercadona,public_membership,True,22.0,6.0,40.40965771408665,-3.9073303274935256,28022
472760,Ayunt. Boadilla. Calle Cristóbal Colón,Iberdrola | BP Pulse (ES),public_membership,True,22.0,2.0,40.41183088791331,-3.911476906774851,28022
235534,Carrefour Market,(Business Owner at Location),public,True,11.0,2.0,40.4217882995317,-3.910434421494045,28022
489150,Ayunt. Boadilla. Calle Méndez Nuñez,Iberdrola | BP Pulse (ES),public_membership,True,60.0,2.0,40.42819870430648,-3.9186382073933146,28022
301083,UCJC Villafranca del Castillo,(Unknown Operator),restricted,False,22.0,2.0,40.476497432040645,-3.93971189204936,28176
207137,Club Internacional de Tenis,(Business Owner at Location),restricted,False,11.0,1.0,40.47511890949005,-3.843336507130971,28080
308842,Club Tenis Majadahonda,Eranovum (ES),public_membership,True,100.0,3.0,40.475207933291415,-3.8414533908864423,28080
280883,Parking Globelas 35,(Business Owner at Location),restricted,False,22.0,6.0,40.47374104662643,-3.82664057498485,28079
459927,Hospital FREMAP,eTecnic,public,True,22.0,12.0,40.45233287501546,-3.8502564259693486,28080
312783,Repsol Mahadahonda I,Repsol - Ibil (ES),public_membership,True,50.0,1.0,40.448829404093374,-3.8600593310586646,28080
235214,Zona Comercial c/ Manuel de Falla,Endesa,public_membership,True,22.0,6.0,40.44904998035753,-3.860482572798702,28080
235215,Ahorramas Majadahonda,Endesa,public_membership,True,22.0,4.0,40.44867297802455,-3.860790114232543,28080
474977,Calle de Joaquín Turina,Endesa,public_membership,True,22.0,2.0,40.44887646255631,-3.8654387668009065,28080
235213,Repsol Carretera de Majadahonda - El Plantío,Repsol - Ibil (ES),public_membership,True,50.0,1.0,40.47423391776718,-3.848553367380134,28080
266828,E-Leclerc Carretera de El Plantío,PowerDot (Es),public_membership,True,120.0,10.0,40.47391146667891,-3.8491138808570895,28080
207138,BMW El plantio,(Business Owner at Location),restricted,False,11.0,2.0,40.474947314321184,-3.850201081211253,28080
458987,Parking - Los Morrones,Telpark (ES),public,True,22.0,10.0,40.47116044638676,-3.874045980968504,28080
298138,Supermercado Hiber Majadahonda,Eranovum (ES),public_membership,True,60.0,3.0,40.47522111806546,-3.875045862918398,28080
267313,Repsol Majadahonda,Repsol - Ibil (ES),public_membership,True,50.0,1.0,40.47365534680711,-3.8759059535398137,28080
303775,Hospital Puerta de Hierro (Parking Interior),PowerDot (Es),public_membership,True,150.0,16.0,40.44953795427253,-3.875759035983634,28080
289866,Hospital Puerta de Hierro (Parking Exterior),PowerDot (Es),public_membership,True,100.0,21.0,40.45108803717585,-3.875942265882827,28080
307054,Fronda Majadahonda,Wenea,public_membership,True,90.0,6.0,40.45621388508658,-3.877807329749942,28080
271089,Parking Hotel Majadahonda,ACCIONA - Cargacoches,public_membership,True,100.0,4.0,40.45855087058109,-3.872669254511038,28080
207322,Renault Retail Group,Renault,restricted,False,22.0,2.0,40.45841626130044,-3.871690094037831,28080
312175,Lidl Majadahonda,Lidl,public,True,50.0,3.0,40.46532015056519,-3.870637061133976,28080
235337,Norauto Majadahonda,Iberdrola | BP Pulse (ES),public_membership,True,120.0,2.0,40.454064100449415,-3.8696982427003377,28080
280532,Nissan Pozuelo (Allego),Allego BV,public_membership,True,50.0,1.0,40.45508399501162,-3.8701073135266313,28080
201768,C.C. Millenium Mahadahonda,Iberdrola | BP Pulse (ES),public_membership,True,50.0,14.0,40.4562884290859,-3.8686883350092094,28080
304625,Leroy Merlin Majadahonda,Iberdrola | BP Pulse (ES),public_membership,True,22.0,6.0,40.457505509218976,-3.874506978962444,28080
207326,McDonald's Majadahonda,Endesa,public_membership,True,50.0,2.0,40.4560884777689,-3.873430350761964,28080
207327,Equinoccio Majadahonda,Endesa,public_membership,True,150.0,8.0,40.45532400211968,-3.8739531220025194,28080
207323,Pista de Hielo La Nevera,Endesa,public_membership,True,22.0,4.0,40.45343583897983,-3.871990052855836,28080
207325,VW Majadahonda,(Business Owner at Location),public_membership,True,22.0,2.0,40.45506408477121,-3.8715820813175696,28080
174625,Centro Porsche MADRID OESTE,Porsche Smart Mobility GmbH,restricted,False,320.0,4.0,40.45548975127974,-3.871470876418158,28080
498832,Guaw Majadahonda,REMO Mobility (ES),public_membership,True,100.0,2.0,40.453198000620944,-3.871144677923781,28080
474371,Carrefour Majadahonda,Carrefour (ES),public,True,22.0,3.0,40.4529240902142,-3.869547036402565,28080
170702,Carrefour Majadahonda (DC),Carrefour (ES),public,True,150.0,2.0,40.4530962253489,-3.869201915484382,28080
298532,Calle de Goya,Endesa,public_membership,True,60.0,4.0,40.45160998805207,-3.866405376441037,28080
472753,Ayunt. Boadilla. Calle Comunidad Navarra,Iberdrola | BP Pulse (ES),public_membership,True,22.0,2.0,40.44329125765424,-3.875178164597173,28022
306100,Parking Plaza Concordia,Iberdrola | BP Pulse (ES),public_membership,True,7.4,4.0,40.40755454004366,-3.877149660720761,28022
85394,Ayunt. Boadilla del Monte - Camino de San Sebastián,Iberdrola | BP Pulse (ES),public_membership,True,22.0,2.0,40.4075168539176,-3.87742042946514,28022
202399,Ayunt. Boadilla (Complejo Ángel Nieto),Iberdrola | BP Pulse (ES),public_membership,True,22.0,2.0,40.41714919093306,-3.860818515014671,28022
163729,Centro Comercial Monteclaro,(Business Owner at Location),public_membership,True,13.0,2.0,40.442883,-3.845569,28115
312176,Ballenoil Pozuelo de Alarcón,Ballenoil (ES),public_membership,True,60.0,2.0,40.440674127565416,-3.840147891998441,28115
265378,C.C. Monteclaro,Wenea,public_membership,True,30.0,2.0,40.44234913644127,-3.845144877391817,28115
298531,Univ. Francisco Vitoria,Endesa,public_membership,True,11.0,8.0,40.43995443823607,-3.834389811202726,28115
207320,Universidad Francisco de Vitoria,Endesa,public_membership,True,22.0,7.0,40.44170127535367,-3.832771301878438,28115
305837,Universidad Francisco de Vitoria,Endesa,public_membership,True,60.0,2.0,40.44210248099111,-3.834664539775304,28115
235216,Arroyo Motor Bosch Car Service,(Business Owner at Location),restricted,False,3.7,1.0,40.41183026133814,-3.8426219761815616,28022
307650,BP Pulse Pozuelo,Iberdrola | BP Pulse (ES),public_membership,True,300.0,12.0,40.42742522517656,-3.822880904197632,28115
235204,Parque Empresarial La Finca,Repsol - Ibil (ES),restricted,False,3.7,2.0,40.41857657815533,-3.799755100095865,28115
210101,Hotel AC La Finca,Endesa,restricted,False,11.0,4.0,40.42031789360732,-3.803388891284385,28115
306831,Apartamentos The Oliver. Arte Hotel,Zunder,restricted,False,22.0,2.0,40.43204406430141,-3.8039296429192007,28115
296560,ESIC Campus Valdenigrales,Wenea,restricted,False,7.0,3.0,40.43699426064464,-3.801414997528582,28115
202269,McDonald's  Pozuleo Carretera de Húmera,Endesa,public_membership,True,60.0,2.0,40.43140701122096,-3.7949580521199096,28115
235203,Aldi Pozuelo,Endesa,public_membership,True,11.0,2.0,40.43106341350435,-3.794283723815397,28115
235201,Aldi Pozuelo,ALDI SÜD (DE),public,True,7.4,2.0,40.44897385415496,-3.7966784619304974,28115
235376,Taller Mr. Cap,(Business Owner at Location),restricted,False,11.0,1.0,40.44913227041508,-3.799071505424081,28115
460541,Bluespace Pozuelo,Umbrella eMobility (ES),public_membership,True,30.0,1.0,40.44832290083525,-3.798450867119044,28115
235202,Renault Gabella Motor Pozuelo,Renault,restricted,False,22.0,2.0,40.4472563724178,-3.7972797895280905,28115
485909,Ahorramas Pozuelo,EDP,public_membership,True,60.0,6.0,40.44742162187478,-3.799479693097169,28115
279871,C.C. Estación Pozuelo,PowerDot (Es),public_membership,True,22.0,2.0,40.44788308747172,-3.8014735308999263,28115
470242,Aparcamiento Matadero,Electromaps,public,True,22.0,8.0,40.448198809765245,-3.800309431777123,28115
280885,E.S. Sudel,EDP,public_membership,True,50.0,4.0,40.449602052255386,-3.799558885011351,28115
288234,C.C. El Torreón,Eranovum (ES),public_membership,True,30.0,8.0,40.44515744015885,-3.808474325421344,28115
298530,Residencia Amavir Pozuelo,Endesa,restricted,False,7.0,2.0,40.43861852261452,-3.804594702125769,28115
299956,Parking Plaza Padre Vallet,REMO Mobility (ES),public_membership,True,100.0,8.0,40.43560891728856,-3.814604599606355,28115
299957,Shell Pozuelo I,PRIOE,public_membership,True,50.0,2.0,40.45637934231149,-3.810944125448259,28115
209947,Shell Pozuelo II,PRIOE,public_membership,True,50.0,2.0,40.45549223781504,-3.8119969913824434,28115
163515,El Corte Ingles Centro Comercial Pozuelo,(Business Owner at Location),public_membership,True,11.0,14.0,40.462721,-3.806132,28115
298166,E.S. Repsol Concordy,Repsol - Ibil (ES),public_membership,True,50.0,1.0,40.46535353853537,-3.805118762184719,28079
207136,Estación de Cercanías El Barrial,(Unknown Operator),public,True,11.0,2.0,40.46500100297106,-3.807793111405317,28079
207135,Revival Club Cafe,(Business Owner at Location),restricted,False,11.0,2.0,40.4661314623967,-3.809434722724404,28079
163735,Centro Comercial Sexta Avenida,(Business Owner at Location),public_membership,True,11.0,5.0,40.467567,-3.81407,28079
201619,REPSOL Aravaca el Plantío,Repsol - Ibil (ES),public_membership,True,50.0,1.0,40.46891001136896,-3.820005765313226,28079
304305,Eulen Gobelas,Repsol - Ibil (ES),restricted,False,7.4,6.0,40.47307596622181,-3.824404537005876,28079
290262,Ayunt. Madrid: Camino de la Zarzuela (Iberdrola),Iberdrola | BP Pulse (ES),public_membership,True,100.0,3.0,40.46531384930245,-3.786342698303997,28079
305836,Hospital La Zarzuela,Endesa,public_membership,True,11.0,8.0,40.46324910361875,-3.784848076917229,28079
485908,Edif. Oficor,Repsol - Ibil (ES),restricted,False,22.0,8.0,40.46651430705214,-3.801389085941878,28079
62712,Nissan Iberauto,Nissan (ES) Dealer Network,restricted,False,50.0,1.0,40.46513,-3.801653,28079
207134,Aldi Aravaca,ALDI SÜD (DE),public,True,7.4,3.0,40.46476249226441,-3.798450191924303,28079
272903,Mercadona Aravaca,Mercadona,public_membership,True,22.0,6.0,40.46048785196942,-3.800176396634328,28079
280884,BM Pozuelo,Iberdrola | BP Pulse (ES),public_membership,True,7.4,4.0,40.45827444242519,-3.800555122181521,28115
235198,Mad4Padel Pozuelo,emovili Fast (ES),restricted,False,22.0,3.0,40.46048742307463,-3.8031318981888944,28115
210577,LAravaca Car Wash,Wenea,public_membership,True,100.0,2.0,40.4646309476623,-3.7829680351153456,28079
207133,Hospital Vithas Pardo de Aravaca,Endesa,public_membership,True,50.0,2.0,40.46661402916786,-3.782883717021548,28079
312177,Hospital Vithas Pardo de Aravaca,Endesa,public_membership,True,22.0,2.0,40.46737205429281,-3.783077991774036,28079
205465,C.C. Zielo Shopping,Wenea,public_membership,True,7.4,4.0,40.44109701311493,-3.7841088588934326,28115
202313,Parking EMT Calle Fuente de Lima,Electro-EMT,public_membership,True,7.0,10.0,40.38301095720834,-3.7834788645215554,28079
207333,Carrefour Ciudad de la Imagen,(Business Owner at Location),public,True,22.0,1.0,40.39872978924524,-3.783671766779776,28115
307053,RTVE Madrid,Wenea,restricted,False,7.4,36.0,40.410061297076254,-3.789033542334437,28115
309140,C.C. Carrefour Pozuelo,Iberdrola | BP Pulse (ES),public_membership,True,100.0,2.0,40.398461810980535,-3.7854571036126288,28115
195459,Ciudad de La Imagen,Endesa,public_membership,True,150.0,46.0,40.39740670186725,-3.7845470701852255,28115
61029,Kinépolis,Wenea,public_membership,True,22.0,8.0,40.39404,-3.7966,28115
192063,McDonald's Pozuelo,Endesa,public,True,50.0,2.0,40.39452874425598,-3.798129049810882,28115
279963,La Finca Grand Café - Parking Lago,Wenea,public_membership,True,22.0,6.0,40.40383430538344,-3.797955716281649,28115
279962,La Finca Grand Café,Wenea,public_membership,True,120.0,24.0,40.404781237500885,-3.797692673140517,28115
192255,Citroën Mosancar,(Business Owner at Location),restricted,False,50.0,1.0,40.39451300976657,-3.8448125495202703,28022
205464,Coolab Coworking ,Wenea,restricted,False,22.0,2.0,40.39590847150024,-3.8441635420423097,28022
305411,Plenoil Alcorcón II,Plenergy (ES),public_membership,True,60.0,2.0,40.39496455976797,-3.84125041290406,28007
192253,Ballenoil Ventorro del Cano,Endesa,public_membership,True,22.0,2.0,40.3946401954596,-3.8416446270053655,28007
192256,Demac motor,(Business Owner at Location),restricted,False,11.0,1.0,40.3928763459034,-3.8458075333608974,28022
272916,Prado Espino ,Iberdrola | BP Pulse (ES),public_membership,True,22.0,2.0,40.39296472931915,-3.851018641408672,28022
306101,Prado del Espino 2,Iberdrola | BP Pulse (ES),public_membership,True,22.0,2.0,40.39412206943405,-3.851074304208396,28022
202400,Ayunt. Boadilla  Juan García Serrano,Iberdrola | BP Pulse (ES),public_membership,True,60.0,2.0,40.40574826959437,-3.878127700394885,28022
235217,Ayunt. Boadilla. Paseo Madrid ,Iberdrola | BP Pulse (ES),public_membership,True,60.0,2.0,40.40320376379947,-3.8762262130449017,28022
297686,El Faro Centro Negocios,(Business Owner at Location),restricted,False,3.0,8.0,40.39674622777443,-3.871965663860436,28022
306110,Hotel Eurostars Zarzuela Park,GALP Electric,restricted,False,22.0,2.0,40.47062680076422,-3.7688336980801855,28079
235200,La Alameda,(Business Owner at Location),restricted,False,3.7,1.0,40.46540234605462,-3.7502952568463854,28079
191257,Repsol Hipódromo,Repsol - Ibil (ES),public_membership,True,80.0,3.0,40.46088635592821,-3.75749647105468,28079
508015,CSIC ICIFOR,(Unknown Operator),restricted,False,7.4,4.0,40.45538362203217,-3.749855957357113,28079
280886,IESE Madrid,Electromaps,public_membership,True,7.4,12.0,40.45087602646012,-3.7582986257133086,28079
280887,IESE Madrid,Electromaps,public_membership,True,7.4,12.0,40.45074414483452,-3.759353202827157,28079
272917,Mercadona Olivillo La Latina,Mercadona,public_membership,True,22.0,4.0,40.406184602042174,-3.74581822088885,28079
207318,Mercadona Latina,Mercadona,public_membership,True,22.0,2.0,40.40146766057026,-3.751612461022887,28079
207317,Parking CicletaPark,(Business Owner at Location),public,True,7.4,8.0,40.406535886378265,-3.7491295871403736,28079
235205,E.S. Repsol Batan Madrid,Repsol - Ibil (ES),public_membership,True,50.0,1.0,40.40168959347051,-3.761420518563824,28079
306400,Ahorramas Fátima,EDP,public_membership,True,22.0,2.0,40.38546157031149,-3.7445658693666815,28079
207314,Centro Comercial Plaza de Aluche,eTecnic,public,True,11.0,2.0,40.38636193359088,-3.764015752591149,28079
290261,Ayunt. Madrid: Plaza Distrito Latina (Iberdrola),Iberdrola | BP Pulse (ES),public_membership,True,100.0,3.0,40.38487002951479,-3.7646662343190656,28079
458972,Hotel Madrid Centro Atocha,Wenea,public_membership,True,150.0,8.0,40.39697774074281,-3.6823378087195806,28079
306113,Edificio Méndez Álvaro 61,GALP Electric,restricted,False,7.4,16.0,40.397481564645744,-3.68187886504586,28079
191836,Hotel Agumar,(Business Owner at Location),restricted,False,22.0,4.0,40.40716340550742,-3.682980626372256,28079
311732,Parking Atocha Renfe 3 (Planta 2),(Business Owner at Location),public,True,7.4,20.0,40.40490865217228,-3.686165235545104,28079
190435,Ferrolinera Estación de Atocha,Porsche Smart Mobility GmbH,public_membership,True,150.0,2.0,40.40386076879747,-3.6855530348805994,28079
61033,Edificio RENFE Atocha,(Unknown Operator),restricted,False,3.7,2.0,40.40572309021309,-3.686530441737659,28079
190436,Only you Hotel,Endesa,restricted,False,22.0,6.0,40.407298469532606,-3.688390025080963,28079
280869,Parking Colonial,(Business Owner at Location),restricted,False,7.4,4.0,40.40820576252216,-3.689066903322981,28079
209999,Parking Saba Estación de Atocha,(Business Owner at Location),public,True,11.0,2.0,40.40560096445094,-3.687823050038105,28079
298555,Parking Aparca&Go Atocha,Endesa,public_membership,True,150.0,4.0,40.40322317235126,-3.690436700735802,28079
260737,Parking Calle del Cenicero,(Business Owner at Location),public,True,3.7,2.0,40.410157224240606,-3.693351503689371,28079
297631,Hotel Paseo del Arte,(Business Owner at Location),restricted,False,3.7,2.0,40.40988960084874,-3.693388008142136,28079
470251,Parking APK Atocha Reina Sofía,EDP,public,True,22.0,4.0,40.40943361644153,-3.693973598666048,28079
207373,Parking Atocha i70,Endesa,public,True,22.0,2.0,40.41166978768027,-3.697805014283972,28079
61032,Ayunt. Madrid: RONDA Valencia (Wenea),Wenea,public_membership,True,50.0,2.0,40.405731,-3.699459,28079
272920,Parking Ruiz Ronda Atocha 12,Iberdrola | BP Pulse (ES),public_membership,True,22.0,4.0,40.40692387431494,-3.696335786554698,28079
298556,Hotel Hard Rock,Endesa,restricted,False,22.0,4.0,40.40611652924915,-3.695451104094218,28079
260735,Repsol Paseo de Santa María de la Cabeza,Repsol - Ibil (ES),public_membership,True,50.0,1.0,40.40591610858755,-3.69507897315475,28079
194517,Parking DELICIAS 82,(Business Owner at Location),public,True,22.0,6.0,40.398063625028215,-3.6945747011129697,28079
285161,Mercadona Delicias,Mercadona,public_membership,True,22.0,2.0,40.39896265042762,-3.69549316283792,28079
191819,Junta Municipal Arganzuela,(Unknown Operator),restricted,False,22.0,2.0,40.39311658670909,-3.6991212281858736,28079
271801,Parking Juan de Vera,(Business Owner at Location),public,True,7.4,2.0,40.39590621489975,-3.693224654021265,28079
272838,Parking General Lacy,Repsol - Ibil (ES),restricted,False,3.7,2.0,40.40113500276186,-3.6918663961199623,28079
274415,Ayunt. Madrid: Calle General Lacy (TotalEnergies),TotalEnergies (ES),public_membership,True,100.0,3.0,40.40171688948536,-3.690740618204672,28079
260736,Repsol Calle del Áncora,Repsol - Ibil (ES),public_membership,True,50.0,1.0,40.40283329555345,-3.6898427225662553,28079
163640,Rafael Hoteles Atocha,Repsol - Ibil (ES),restricted,False,22.0,5.0,40.401365,-3.687091,28079
24186,Repsol Campus,Repsol - Ibil (ES),restricted,False,7.4,34.0,40.39789778626137,-3.68400873815915,28079
305847,Residencia Amavir Arganzuela,Endesa,restricted,False,7.0,2.0,40.38604250230526,-3.688731213706774,28079
191272,Mercadona Legazpi,Mercadona,public_membership,True,22.0,2.0,40.38628274056231,-3.6906610421728487,28079
191820,Ahorramás Legazpi,EDP,public_membership,True,22.0,4.0,40.39021931818186,-3.6892510768261673,28079
271802,Repsol Legazpi,Repsol - Ibil (ES),public_membership,True,50.0,1.0,40.39169484833042,-3.695360916361892,28079
191818,Plaza Rio 2,(Unknown Operator),public_membership,True,3.7,20.0,40.39172675920824,-3.701505224146331,28079
280332,C.C. Plaza Río 2 (Electra),Electra,public_membership,True,200.0,8.0,40.39071743908741,-3.701563812498279,28079
265948,Mercadona Río,Mercadona,public_membership,True,22.0,2.0,40.38975113834962,-3.700529328192829,28079
288961,Ayunt. Madrid: Calle Matilde Gayo (Wenea),Wenea,public_membership,True,100.0,3.0,40.38970074805397,-3.7026688829982106,28079
209718,Ahorramas Calle de Amparo Usera,EDP,public_membership,True,7.4,2.0,40.38795047021006,-3.702775450903914,28079
288950,Ayunt. Madrid: Avenida de Córdoba 3 (TotalEnergies),TotalEnergies (ES),public_membership,True,100.0,3.0,40.38604328169498,-3.698409245157535,28079
474975,Repaol Carabanchel,Repsol - Ibil (ES),public_membership,True,50.0,1.0,40.38301132817856,-3.6961497008688298,28079
207312,Hipercor Vista Alegre,(Business Owner at Location),public,True,3.7,3.0,40.38562778451424,-3.738797370023008,28079
307303,C.C. Vistalegre,Wenea,public_membership,True,180.0,20.0,40.38592353706298,-3.738569659985359,28079
265560,Ahorramas Carabanchel,EDP,public_membership,True,22.0,2.0,40.38841205896719,-3.7348194575054094,28079
288969,Repsol Avenida de Abrantes,Repsol - Ibil (ES),public_membership,True,150.0,2.0,40.3835568505051,-3.724291763806292,28079
288951,Ayunt. Madrid: Avenida de Abrantes (TotalEnergies),TotalEnergies (ES),public_membership,True,100.0,3.0,40.38103740343561,-3.727573789655935,28079
307414,Parking Azorín Hermanos S.A.,(Business Owner at Location),restricted,False,22.0,7.0,40.38011310073779,-3.731623528392959,28079
288960,Ayunt. Madrid: Travesía de Santoña (Iberdrola),Iberdrola | BP Pulse (ES),public_membership,True,100.0,3.0,40.38141166718773,-3.715035509112681,28079
279499,Mercado Usera,BarterGo (ES),public_membership,True,60.0,2.0,40.38706396906335,-3.706227355793743,28079
288962,Ayunt. Madrid: Calle del Marqués de Jura Real (Wenea),Wenea,public_membership,True,100.0,3.0,40.39130722452407,-3.710727415714473,28079
207241,Taller Kia Selikar,(Business Owner at Location),restricted,False,11.0,2.0,40.39109751920515,-3.715141815397829,28079
235259,Goofit Madrid,Iberdrola | BP Pulse (ES),restricted,False,22.0,2.0,40.38401609066321,-3.717529862041033,28079
308261,Shell Plaza Elíptica,PRIOE,public_membership,True,60.0,2.0,40.38609861142351,-3.716957138348846,28079
305122,Parking EMT San Epifanio,Electro-EMT,public_membership,True,7.4,14.0,40.40056401059252,-3.719413809668168,28079
265971,Makro Paseo Imperial,Iberdrola | BP Pulse (ES),public_membership,True,22.0,4.0,40.40201000797518,-3.715479163540493,28079
207242,Parking GoFit,Iberdrola | BP Pulse (ES),public_membership,True,3.7,2.0,40.39226944233499,-3.717218073649093,28079
202308,Hotel Praga,BarterGo (ES),restricted,False,22.0,5.0,40.39400906422168,-3.707022607040699,28079
207239,Parking Jose,Zunder,public_membership,True,7.4,4.0,40.39532053344686,-3.707859510886692,28079
274416,Ayunt. Madrid: Calle del Laurel (Wenea),Wenea,public_membership,True,100.0,3.0,40.4018067393273,-3.703962661857247,28079
191823,Oterojls,(Business Owner at Location),restricted,False,7.4,1.0,40.40244727801533,-3.7036862404745534,28079
266298,Mercadona Paseo de Yeserías,Mercadona,public_membership,True,22.0,2.0,40.400543968996885,-3.712279659849401,28079
274116,Calle de Carmen Cobeña,(Unknown Operator),restricted,False,7.4,1.0,40.4013240043252,-3.71162013962396,28079
191824,Mercadona Ronda de Toledo,Mercadona,public_membership,True,22.0,4.0,40.40478359894814,-3.7061805280656017,28079
191825,Parking - Casino de la Reina,Telpark (ES),public,True,22.0,5.0,40.407036220325125,-3.703983628713928,28079
273074,Parking Cascorro,Endesa,public_membership,True,22.0,2.0,40.40879843590128,-3.706160821369167,28079
297515,Parking Embajadores 35,TotalEnergies (ES),public_membership,True,7.4,2.0,40.40815482075769,-3.7042872869042185,28079
297516,The Central House Hotel,(Business Owner at Location),restricted,False,3.0,1.0,40.41079814537784,-3.7058790685831298,28079
202309,Mercado de la Cebada,GALP Electric,public_membership,True,50.0,4.0,40.410973656154425,-3.709919059426284,28079
207372,Hotel Ganivet,(Business Owner at Location),restricted,False,7.4,1.0,40.40821004961927,-3.710819483196588,28079
189119,Parking Promoparc Hospital VOT,Wenea,public,True,7.4,4.0,40.40857309631636,-3.714504007736423,28079
475336,Mahou Calderon,TotalEnergies (ES),public_membership,True,100.0,3.0,40.40290466810043,-3.716516437534267,28079
305846,Residencia Los Nogales,Endesa,restricted,False,22.0,2.0,40.405585961257344,-3.717111730327332,28079
210114,Parking Los Nogales Pontones,Endesa,public_membership,True,150.0,4.0,40.40712896715357,-3.719616327248559,28079
211104,Oficinas Iberdrola,Iberdrola | BP Pulse (ES),restricted,False,50.0,10.0,40.406915841298144,-3.7205301403788553,28079
304641,Mercadona Paseo Melancólicos,Mercadona,public_membership,True,22.0,8.0,40.402850057417055,-3.720913430172317,28079
210581,Hotel NH Ribera Manzanares,Wenea,restricted,False,30.0,3.0,40.40631467534956,-3.721549601988727,28079
24600,Ayunt. Madrid: Paseo de los Chulapos (Iberdrola),Iberdrola | BP Pulse (ES),public_membership,True,50.0,2.0,40.407388941049845,-3.72027036650627,28079
235206,HERRAMAR (Carrocería),(Business Owner at Location),restricted,False,3.7,1.0,40.410113527646445,-3.7332168657887914,28079
496639,Parking EMT Calle de Zaida,Electro-EMT,public_membership,True,22.0,2.0,40.397531099248,-3.735377314678658,28079
297944,Mercadona Calle de Cañete,Mercadona,public_membership,True,22.0,8.0,40.39172661864211,-3.7350096156164057,28079
207315,TALLERES JUMY,(Business Owner at Location),restricted,False,3.7,1.0,40.39334663464905,-3.73468317260415,28079
207313,Mercadona Calle Pinzón,Mercadona,public_membership,True,22.0,2.0,40.39177568394197,-3.741426621361143,28079
207316,Parking Bingo Madrid,(Business Owner at Location),restricted,False,11.0,1.0,40.411699444564846,-3.735629317995063,28079
308843,Supermercado BM Paseo Extremadura,Eranovum (ES),public_membership,True,60.0,2.0,40.41031222451716,-3.738527794277616,28079
279791,Parking Casa de Campo,eTecnic,public,True,7.0,26.0,40.41540460183143,-3.7406150505305504,28079
202314,Parking EMT Avenida de Portugal,Electro-EMT,public,True,7.0,18.0,40.41525047394953,-3.727564620864996,28079
191834,El Rincón del Café,(Business Owner at Location),restricted,False,3.7,1.0,40.4291279354442,-3.729770501053281,28079
191835,Vivienda Particular,(Unknown Operator),restricted,False,7.4,1.0,40.43015753337039,-3.734575148258614,28079
191266,Parking Complutense,REMO Mobility (ES),public_membership,True,22.0,6.0,40.44250938191223,-3.7268481850510966,28079
470248,C.G. Ejercito Aire,(Unknown Operator),restricted,False,11.0,4.0,40.43332965869016,-3.720812392915377,28079
299740,Hotel EXE Moncloa,GALP Electric,restricted,False,7.4,2.0,40.43365805395797,-3.717460758511635,28079
486647,Univ. San Pablo CEU,Iberdrola | BP Pulse (ES),restricted,False,7.4,12.0,40.44295698282423,-3.715797130913643,28079
191267,Parking - Hospital La Concepción,Telpark (ES),public,True,120.0,13.0,40.43955593610187,-3.718175729687687,28079
307418,"FUNDACIÓN EOI, F.S.P.",(Business Owner at Location),restricted,False,7.4,2.0,40.44597711773369,-3.720496453090675,28079
298552,Hospital Viamed Santa Elena,Endesa,public_membership,True,150.0,4.0,40.44587685775133,-3.7170584026454776,28079
274418,Ayunt. Madrid: Calle de Santander (Iberdrola),Iberdrola | BP Pulse (ES),public_membership,True,100.0,3.0,40.44337912825347,-3.710403177464968,28079
191268,Cruz Roja Oficina Central,(Business Owner at Location),restricted,False,22.0,1.0,40.44777882164587,-3.7094685741082,28079
210105,"Parking los Nogales - C. de los Vascos, 10",Endesa,public_membership,True,22.0,2.0,40.44787373705876,-3.710950307776216,28079
191269,Mercadona Los Vascos,Mercadona,public_membership,True,22.0,2.0,40.44888905562635,-3.7119570344442536,28079
207339,Hotel Jardin Metropolitano,(Business Owner at Location),restricted,False,7.4,3.0,40.44736678552826,-3.7057341992581314,28079
61049,"Ayunt. Madrid: Fernández de los Ríos, 42",Wenea,public_membership,True,50.0,2.0,40.43521747482015,-3.709286263506215,28079
207394,NISSAN GAMBOA ,Nissan (ES) Dealer Network,restricted,False,50.0,1.0,40.43681876141784,-3.704471218043068,28079
210106,Parking Calle de Bravo Murillo 30,Endesa,public_membership,True,22.0,4.0,40.43688995046719,-3.703975635637107,28079
24603,San Bernardo 122,Repsol - Ibil (ES),public_membership,True,3.7,1.0,40.432228,-3.704729,28079
191843,Ayunt. Madrid: Plaza del Conde del Valle de Súchil (Iberdrola),Iberdrola | BP Pulse (ES),public_membership,True,50.0,2.0,40.43166223406698,-3.7072045247865617,28079
191845,Parking Indigo Quevedo,TotalEnergies (ES),public,True,7.4,4.0,40.43177468569698,-3.706466829209091,28079
207380,Parking Plaza Mostenses,Endesa,public_membership,True,22.0,2.0,40.42301813868778,-3.708818867643714,28079
313551,Parquing Plaza Mostenses (Iberdrola-BP Pulse),Iberdrola | BP Pulse (ES),public_membership,True,400.0,14.0,40.42333498060006,-3.709337852439262,28079
207379,Hotel Riu Plaza España,(Business Owner at Location),restricted,False,11.0,2.0,40.424427356582726,-3.711207203876029,28079
472052,Parking Plaza de España,Electro-EMT,public_membership,True,400.0,26.0,40.42301733773215,-3.71194575825632,28079
202403,Parking Indigo Princesa,TotalEnergies (ES),public_membership,True,7.4,2.0,40.42524057151664,-3.712852733825912,28079
201642,Repsol Alberto Aguilera,Repsol - Ibil (ES),public_membership,True,300.0,4.0,40.42962323280227,-3.708408262851435,28079
207393,Parking Vallehermoso,Electromaps,public_membership,True,7.4,2.0,40.43046861397284,-3.709237909161743,28079
207392,Parking AUCENSA,(Business Owner at Location),public,True,22.0,1.0,40.43244487874085,-3.7101988724056127,28079
207382,El Corte Inglés (Princesa),(Business Owner at Location),public,True,11.0,3.0,40.430332835736266,-3.715551477796225,28079
210107,"Parking Calle de Andrés Mellado, 5",Endesa,public_membership,True,11.0,4.0,40.43090359734447,-3.714819827548809,28079
274417,Ayunt. Madrid: Calle del Buen Suceso (TotalEnergies),TotalEnergies (ES),public_membership,True,100.0,3.0,40.42783348509755,-3.720105381720032,28079
207381,PARKIA Marqués de Urquijo (Endesa),Endesa,public_membership,True,22.0,4.0,40.429808327513456,-3.719066580230219,28079
299739,Parking PARKIA Marqués de Urquijo (Wenea),Wenea,public_membership,True,22.0,5.0,40.42992349467698,-3.7186188386600074,28079
191833,Parking Klepierre - Príncipe Pío,EDP,public_membership,True,22.0,19.0,40.42253237822058,-3.7211560982387937,28079
207383,Parking Princesa 25 iPark,Endesa,public,True,22.0,2.0,40.42685544590424,-3.714287265266876,28079
205468,Hotel Melia Madrid Princesa,Wenea,restricted,False,22.0,1.0,40.42731733014841,-3.714053443352668,28079
235537,Suites Viena,eTecnic,restricted,False,11.0,2.0,40.42462970831778,-3.7149774258423633,28079
163723,Parking&apartosuites Jardines de Sabatini,(Business Owner at Location),restricted,False,22.0,2.0,40.421088,-3.71479,28079
510825,Tesla Supercharger Principe Pio,Tesla (including non-tesla),public_membership,True,250.0,8.0,40.422004939041216,-3.720691660739618,28079
191832,Hotel Acta Madford,(Business Owner at Location),restricted,False,11.0,1.0,40.42172709404738,-3.721778605913329,28079
191826,Parking APK2 Plaza de Oriente,EDP,public_membership,True,22.0,4.0,40.41877336988688,-3.71156614027376,28079
163555,Hotel VP Plaza España Design,emovili Fast (ES),restricted,False,7.4,8.0,40.422713,-3.711732,28079
207375,Hotel Mayorazgo,(Business Owner at Location),restricted,False,11.0,2.0,40.42214203676451,-3.7095891431793007,28079
274724,Tesla Supercharger Parking Plaza Mostenses,Tesla (including non-tesla),public_membership,True,250.0,8.0,40.42286427292533,-3.708850637560147,28079
207377,Parking APK2 Isabel la Católica,EDP,public_membership,True,7.4,2.0,40.42158040974672,-3.70914585757032,28079
211107,Parking Hotel Melia Palacio de los Duques,Wenea,public_membership,True,30.0,3.0,40.41959520609558,-3.7099894601853975,28079
191829,Parking Descalzas,(Business Owner at Location),public,True,11.0,4.0,40.41856674059287,-3.7070232210646736,28079
256445,Hotel Indigo Gran Via,(Business Owner at Location),restricted,False,22.0,2.0,40.42069273584417,-3.707366273899993,28079
191830,El Corte Inglés Callao,(Business Owner at Location),public,True,11.0,3.0,40.419585448948,-3.7048394739123296,28079
191828,El Corte Inglés Preciados,(Business Owner at Location),public,True,11.0,2.0,40.418025601365485,-3.7053245006510735,28079
306627,Hotel Liabeny,(Business Owner at Location),restricted,False,11.0,2.0,40.41864130587831,-3.704058460118063,28079
311707,Parking Plaza Del Carmen (Telpark),Telpark (ES),public,True,120.0,40.0,40.41877682173868,-3.703505197971481,28079
191827,Parking EMT Plaza Mayor,Electro-EMT,public_membership,True,7.0,10.0,40.41602347053828,-3.707700759390889,28079
235265,Parking mimoto Jacinto Benavente,(Business Owner at Location),restricted,False,3.7,1.0,40.41399365596735,-3.7053266985747655,28079
86084,Parking EMT Jacinto Benavente,Electro-EMT,public_membership,True,50.0,10.0,40.4143508846259,-3.70393946382365,28079
201410,Parking Pza. Canalejas 360 (planta -1) (EMT),Electro-EMT,public_membership,True,400.0,12.0,40.41677012457217,-3.700637707160695,28079
290530,Parking C.C. Canalejas (planta -3) (Eranovum),Eranovum (ES),public_membership,True,150.0,20.0,40.41778257897249,-3.699952877960442,28079
297517,Parking Cedaceros,(Business Owner at Location),public,True,7.4,2.0,40.4172277718682,-3.6985750763855663,28079
209734,Parking Plaza Canalejas (planta -2) (Endesa),Endesa,public_membership,True,22.0,12.0,40.418121534615096,-3.698095187776517,28079
99982,Hotel Vincci Soho,(Business Owner at Location),restricted,False,22.0,4.0,40.415024,-3.698171,28079
70954,Parking Cortes (Telpark),Telpark (ES),public,True,120.0,40.0,40.41562719217214,-3.695468509878083,28079
506645,Congreso Diputados,(Unknown Operator),restricted,False,7.4,8.0,40.416316017942734,-3.6967674293408654,28079
207385,Parking APK2 Plaza del Rey,EDP,public_membership,True,7.4,2.0,40.42027242142194,-3.695874386583796,28079
475776,ONCE madrid,Repsol - Ibil (ES),restricted,False,22.0,14.0,40.42206543943794,-3.69478637487623,28079
256447,"Parking Gravina, 21",(Business Owner at Location),public,True,22.0,2.0,40.42279662698411,-3.696397140630779,28079
61039,Mercado San Antón,Endesa,public_membership,True,22.0,6.0,40.422047,-3.697554,28079
305121,Parking EMT Plaza Pedro Zelozo,Electro-EMT,public_membership,True,7.4,4.0,40.42071493896455,-3.6992488714658975,28079
470249,Parking de la Reina,(Business Owner at Location),public,True,11.0,1.0,40.41989227891855,-3.698880500431642,28079
210113,"Parking Calle de Hernán Cortés, 8",Endesa,public_membership,True,11.0,4.0,40.42341243594666,-3.699989500345055,28079
101396,Parking Escuela San Anton ,Fenie Energía (Spain),public_membership,True,7.4,3.0,40.424175,-3.699349,28079
78991,Urso Hotel & Spa,(Business Owner at Location),restricted,False,11.0,4.0,40.426818,-3.698358,28079
207384,Parking Mercado Barceló,Electromaps,public_membership,True,7.4,4.0,40.42716809032282,-3.699222474758699,28079
470250,Inerparking Hispania Barceló,Interparking (ES),public,True,8.0,8.0,40.42633087384877,-3.7007728888708016,28079
202317,Parking EMT Calle Fuencarral,Electro-EMT,public_membership,True,7.0,6.0,40.42941441558648,-3.702345036704856,28079
235344,Ayunt. Madrid: Calle de Fuencarral 114 (TotalEnergies),TotalEnergies (ES),public_membership,True,50.0,4.0,40.42969966090078,-3.7025893092798015,28079
305123,Parking EMT Plaza Olavide,Electro-EMT,public_membership,True,7.4,4.0,40.43219674631322,-3.700828187471757,28079
191840,GMP - Luchana 23,EDP,public_membership,True,22.0,9.0,40.43139874400342,-3.699781852173885,28079
191841,Parking Juan de Austria Ballesol,(Business Owner at Location),public,True,22.0,1.0,40.43245913977006,-3.699393611165732,28079
61044,Ayunt. Madrid: Manuel Silvela 16 (TotalEnergies),TotalEnergies (ES),public_membership,True,50.0,2.0,40.430516,-3.699094,28079
256490,Parking Manuel Cortina 2,(Business Owner at Location),public,True,22.0,4.0,40.430019862333126,-3.699679359971725,28079
485433,Parking Apk,(Unknown Operator),public_membership,True,11.0,1.0,40.432800873833,-3.695748160695871,28079
298553,Hotel Santo Mauro,Endesa,restricted,False,22.0,2.0,40.4308676144336,-3.693101122666008,28079
210063,Parking EMT Calle de Almagro 15,Electro-EMT,public_membership,True,7.4,12.0,40.43028016272112,-3.693090412706283,28079
191785,Hotel Orfila,(Business Owner at Location),restricted,False,2.3,1.0,40.42733666331805,-3.693288549707177,28079
191784,Parking Colonial - Génova 17,(Business Owner at Location),restricted,False,7.4,12.0,40.426649151669125,-3.693327335384652,28079
280867,Parking Colonial,(Business Owner at Location),restricted,False,7.4,10.0,40.4279184872164,-3.6967082626814554,28079
488195,Parking Centro Colón (Eranovum),Eranovum (ES),public_membership,True,100.0,4.0,40.4239344077034,-3.6916320511509184,28079
191783,Parking Centro Colon,GALP Electric,public_membership,True,7.4,4.0,40.4242284226753,-3.691643363604129,28079
305085,Parking EMT Villa de Paris,Electro-EMT,public_membership,True,7.4,6.0,40.42485825157698,-3.6922882045933534,28079
60887,Aparcamiento de Serrano 2,(Business Owner at Location),public,True,3.7,,40.42499721388367,-3.688098169547459,28079
191780,Parking - Plaza de Colón (Telpark),Telpark (ES),public,True,120.0,39.0,40.4251478688052,-3.6889786255435695,28079
191777,EMT Plaza de Colón,Electro-EMT,public_membership,True,50.0,4.0,40.42503709715285,-3.689903682037766,28079
205469,Hotel Melia Fenix,Wenea,restricted,False,7.4,2.0,40.426198261359644,-3.689326037057299,28079
191781,NH Collection Madrid Colón,Wenea,restricted,False,7.4,4.0,40.4262061110108,-3.68869111422066,28079
61042,Parking Serrano 3,(Business Owner at Location),public,True,3.7,6.0,40.426973,-3.687714,28079
470465,Edif. Byrsa Serrano 33,Wenea,restricted,False,7.4,6.0,40.42748354866194,-3.6879806148273246,28079
472025,Parking Paseo de la Castellana,Electromaps,public_membership,True,22.0,4.0,40.42703685772341,-3.69070515547321,28079
85403,"Ayunt. Madrid: GENOVA, 24 (Iberdrola)",Iberdrola | BP Pulse (ES),public_membership,True,50.0,2.0,40.4260082252444,-3.692407880753876,28079
459934,Parking MM,eTecnic,restricted,False,22.0,2.0,40.43144076627365,-3.689994097694665,28079
61047,Ayunt. Madrid: Paseo de la Castellana 33 (Wenea),Wenea,public_membership,True,50.0,2.0,40.43194159853144,-3.689120308106794,28079
485906,Parking M.M. Paseo de la Castellana 33,eTecnic,restricted,False,22.0,1.0,40.43251375907175,-3.6895866371010015,28079
280862,Parking  Castellana 35,(Business Owner at Location),restricted,False,22.0,5.0,40.43350980923523,-3.68910392664796,28079
163596,Centro Comercial ABC Serrano,Endesa,public_membership,True,22.0,9.0,40.4322368920667,-3.688093133349639,28079
299211,Parking Castellana 20,Wenea,restricted,False,7.4,10.0,40.42937584596408,-3.688517804080135,28079
191847,Parking - Serrano 41 (Telpark),Telpark (ES),public,True,120.0,20.0,40.42882067254183,-3.687549403992108,28079
191846,El Corte Ingles Calle Serrano,(Unknown Operator),public_membership,True,7.4,1.0,40.43035189287062,-3.687355510828894,28079
207399,Parking Marques de Villamejor 5,eTecnic,restricted,False,7.4,5.0,40.43154642869212,-3.68744257702565,28079
191851,Serrano Park 1,(Business Owner at Location),public,True,3.7,13.0,40.4330075164448,-3.685976812655781,28079
478121,Parking Saba-Interparking Velázquez-Juan Bravo,Interparking (ES),public,True,7.4,60.0,40.43244206160418,-3.683484850230428,28079
191850,Ayunt. Madrid: Velázquez 74 (Wenea),Wenea,public_membership,True,50.0,2.0,40.42949516258892,-3.683587935340711,28079
191849,Velázquez 74 (motos),(Unknown Operator),public_membership,True,3.7,1.0,40.42966799848094,-3.6835952026239056,28079
280619,Parking Ayala,Electrico.es,public_membership,True,22.0,3.0,40.42749150696534,-3.6830944051855568,28079
459935,Parking Gewiss Mazarrón,eTecnic,restricted,False,7.4,2.0,40.4265061962214,-3.6835274067632326,28079
502112,Parking Saba-Interparking Velázquez-Ayala,Interparking (ES),public,True,7.4,60.0,40.42726624109838,-3.683927494489552,28079
205470,Hotel NH Lagasca,Wenea,restricted,False,7.4,1.0,40.42751405049842,-3.6849514545747297,28079
470464,Edif. Byrsa Claudio Coello 57,Wenea,restricted,False,7.4,6.0,40.42746663944507,-3.686459018784717,28079
207400,Mercado de La Paz,Iberdrola | BP Pulse (ES),public_membership,True,22.0,6.0,40.42718068744946,-3.685213026157726,28079
207386,Parking Saba-Interparking Velázquez - Jorge Juan,Interparking (ES),public,True,7.4,60.0,40.42372834074297,-3.684258255730583,28079
470253,Parking Nuñed de Balboa 12,(Business Owner at Location),public,True,7.4,4.0,40.42442223259897,-3.682654331976323,28079
78703,Hotel Wellington Madrid,(Business Owner at Location),restricted,False,22.0,3.0,40.42192000327012,-3.684046653747373,28079
61038,Parking Serrano 1,(Business Owner at Location),public,True,3.7,6.0,40.421521,-3.688698,28079
298554,Parking Hotel AC Recoletos,Endesa,public_membership,True,60.0,4.0,40.4213045620217,-3.6894362797912654,28079
478176,Arrend. Recoletos,Endesa,restricted,False,7.0,1.0,40.42250116123307,-3.69020550621417,28079
470254,VP Jardin de Recoletos,(Business Owner at Location),restricted,False,11.0,4.0,40.42262133843937,-3.689263961798247,28079
305084,Parking EMT Paseo de Recoletos,Electro-EMT,public_membership,True,50.0,8.0,40.42145467645395,-3.691740916282299,28079
24601,"Ayunt. Madrid: Calle Alfonso XII, 2 (TotalEnergies)",TotalEnergies (ES),public_membership,True,50.0,2.0,40.41922754005225,-3.6888801347561184,28079
202318,Parking EMT Calle de Montalbán,Electro-EMT,public,True,7.4,4.0,40.41819087044416,-3.691156759748992,28079
85402,Ayunt. Madrid: Plaza Lealtad (Iberdrola),Iberdrola | BP Pulse (ES),public_membership,True,50.0,4.0,40.4161266324797,-3.69217161534424,28079
97377,Hotel H10 Puerta de Alcalá,Electromaps,restricted,False,7.4,2.0,40.4221803433862,-3.68110131093329,28079
61040,Ayunt. Madrid: Goya 36 (TotalEnergies),TotalEnergies (ES),public_membership,True,50.0,2.0,40.42493799468244,-3.6811008908422025,28079
300020,Parking Publico El Pilar,Eranovum (ES),public_membership,True,30.0,6.0,40.42736210451616,-3.68070180439986,28079
191852,Parking Juan Bravo 13 ,Iberdrola | BP Pulse (ES),public_membership,True,22.0,25.0,40.4330804277165,-3.682500953449676,28079
205471,Hotel NH Madrid Balboa,Wenea,restricted,False,7.4,1.0,40.435830100034224,-3.681671292198189,28079
191853,Ayunt. Madrid: CASTELLO (Wenea),Wenea,public_membership,True,50.0,2.0,40.43511268097791,-3.680739211529499,28079
191854,Parking SEPI-GEWISS,eTecnic,restricted,False,7.4,10.0,40.43833826669601,-3.6823841288812673,28079
265619,Parking CNMV,(Business Owner at Location),public_membership,True,7.0,3.0,40.43953351915337,-3.680499725138191,28079
280844,Parking Calle de San Juan de la Salle,(Business Owner at Location),restricted,False,22.0,2.0,40.45158808559981,-3.689600570008281,28079
280839,Parking Paseo de la Castellana 79,(Business Owner at Location),restricted,False,22.0,2.0,40.44796357316668,-3.6920053711893672,28079
61051,Parking Nuevos Ministerios,(Unknown Operator),public,True,7.4,2.0,40.447020889481365,-3.691888278281112,28079
24606,Ayunt. Madrid: Paseo Castellana 106 (TotalEnergies),TotalEnergies (ES),public_membership,True,50.0,2.0,40.445533,-3.690724,28079
163904,Madrid Tesla Supercharger,Tesla (including non-tesla),public_membership,True,250.0,18.0,40.443856,-3.691665,28079
307641,Parking Nuevos Ministerios (BP Pulse-Iberdrola),Iberdrola | BP Pulse (ES),public_membership,True,360.0,26.0,40.44439909972522,-3.69125543121109,28079
280847,EAE Business School,Electromaps,restricted,False,7.4,2.0,40.44379377054864,-3.683497021129398,28079
307417,CSIC Residencia Estudiantes,Fenie Energía (Spain),restricted,False,7.4,6.0,40.44005541674471,-3.687520127254743,28079
280851,Instituto de Empresa,(Business Owner at Location),restricted,False,22.0,2.0,40.439928261951735,-3.6844731287697527,28079
210100,Parking María de Molina 27,Endesa,public_membership,True,11.0,4.0,40.43792317055784,-3.683613015295464,28079
298211,E.S. Repsol María de Molina,Repsol - Ibil (ES),public_membership,True,50.0,1.0,40.437874388309325,-3.6845199885772217,28079
238245,Parking Galdós Hotel Meliá Serrano,Wenea,public_membership,True,30.0,2.0,40.43529590649359,-3.685784259517561,28079
280852,Instituto de Empresa,(Business Owner at Location),restricted,False,22.0,2.0,40.43822604670319,-3.686746054606459,28079
280853,Parking Castellana 66,(Business Owner at Location),restricted,False,7.4,9.0,40.43737700582327,-3.689231400962001,28079
80083,Hotel Intercontinental Madrid,(Business Owner at Location),restricted,False,22.0,3.0,40.436415,-3.690211,28079
280860,Parking Colonial,(Business Owner at Location),restricted,False,7.4,2.0,40.43570717298675,-3.6881769836419096,28079
24605,Ayunt. Madrid: Paseo Castellana 52 (TotalEnergies),TotalEnergies (ES),public_membership,True,50.0,2.0,40.43531430267518,-3.6880387835282136,28079
280859,Parking Colonial,(Business Owner at Location),restricted,False,7.4,6.0,40.43549866252104,-3.689853227081386,28079
207398,Mercadona Martínez Campos,Mercadona,public_membership,True,22.0,2.0,40.43550434501401,-3.6914460475401256,28079
207397,Parking  del General Martínez Campos,Iberdrola | BP Pulse (ES),public_membership,True,7.4,2.0,40.43492834206546,-3.692201607184188,28079
280858,"Parking Miguel Angel, 11",(Business Owner at Location),restricted,False,22.0,12.0,40.43528209278759,-3.6918643970339247,28079
280855,Parking Calle de José Abascal 56,(Business Owner at Location),restricted,False,7.4,8.0,40.4377202220966,-3.6921120697478784,28079
79514,Hotel Regency Hesperia Madrid,Wenea,restricted,False,22.0,4.0,40.438894,-3.691474,28079
307416,CSIC,Fenie Energía (Spain),restricted,False,7.4,2.0,40.44184941166441,-3.6882207104476654,28079
161671,Porsche DC City Charging - Nuevos Ministerios,(Unknown Operator),public,True,50.0,2.0,40.44275588480008,-3.6913544030869616,28079
307415,CAMPUS CSIC. PARKING ITEFI,Fenie Energía (Spain),restricted,False,7.4,2.0,40.443199501299176,-3.694505836929096,28079
207362,Parking Pablo Augusto,Zunder,public_membership,True,11.0,10.0,40.44070403517725,-3.6970411639667873,28079
207364,NH Collection Abascal,(Business Owner at Location),restricted,False,7.4,2.0,40.4386612660646,-3.695160717897807,28079
207363,Renault Gabella Motor,Renault,restricted,False,22.0,1.0,40.44087307384538,-3.6944002684098223,28079
238248,Hotel NH Zurbano,Wenea,restricted,False,7.4,2.0,40.43886144431934,-3.6930094923857553,28079
274203,ClimiParking,Wenea,public_membership,True,30.0,4.0,40.43735185809194,-3.695160906285082,28079
280857,Parking Colonial,(Business Owner at Location),restricted,False,7.4,10.0,40.43831418456944,-3.6955611853629193,28079
85408,Ayunt. Madrid: Calle Santa Engracia 115 (Iberdrola),Iberdrola | BP Pulse (ES),public_membership,True,50.0,2.0,40.4381756842859,-3.70028322698363,28079
279411,Parking Arturo,Zunder,public_membership,True,4.0,8.0,40.43760624416515,-3.700765233557036,28079
207361,Garaje Premier Ponzano,(Business Owner at Location),public,True,22.0,1.0,40.43994199257321,-3.6992733822185073,28079
499817,Parking Pryorato Ponzano,TotalEnergies (ES),restricted,False,11.0,2.0,40.4410916332003,-3.698845173521022,28079
202404,WPP Calle de Ríos Rosas,(Business Owner at Location),restricted,False,7.4,2.0,40.44186540741828,-3.7004554496961646,28079
210612,Parking Calle de Ponzano,Telpark (ES),public_membership,True,22.0,6.0,40.44466401844653,-3.6990442160318935,28079
475721,Ed. Byrsa Ponzano,Wenea,restricted,False,7.4,10.0,40.44449743010526,-3.69852795531412,28079
305967,Nuevos Ministerios,(Unknown Operator),restricted,False,7.4,61.0,40.44524511528604,-3.693399148743623,28079
165078,El Corte Ingles Castellana Interparking,Interparking (ES),public_membership,True,8.0,4.0,40.446884,-3.69471,28079
207343,Edificio Bronce Azca,Iberdrola | BP Pulse (ES),public_membership,True,7.4,4.0,40.44815291685492,-3.694260598529354,28079
207342,Parking Hernani Interparking,(Business Owner at Location),public,True,8.0,4.0,40.4480800685225,-3.6959700419623687,28079
207341,Parking APK2 Moscardó,EDP,public_membership,True,22.0,2.0,40.4473378889374,-3.6970600855286193,28079
207340,Nissan Madrid  (Allego),Allego BV,public_membership,True,50.0,1.0,40.44700204625755,-3.697669194604032,28079
280841,Parking Torre Picasso,(Business Owner at Location),restricted,False,7.4,16.0,40.45008918650191,-3.693154493935936,28079
235264,Parking Orense 24,(Business Owner at Location),public,True,3.7,12.0,40.45114772751006,-3.694865771081851,28079
280175,Parking Ed. Masters,Eranovum (ES),restricted,False,22.0,4.0,40.451968439297445,-3.69280982774518,28079
207345,Parking APK2 Holiday Park,EDP,public_membership,True,22.0,6.0,40.452136224680345,-3.6937767394587127,28079
202316,Parking EMT  Avenida del General Perón,Electro-EMT,public,True,7.4,5.0,40.45267324106285,-3.693898990329785,28079
207347,First Stop,(Business Owner at Location),restricted,False,22.0,1.0,40.45362107325829,-3.694362572762657,28079
207346,Parking público Presidente Carmona ,Endesa,public_membership,True,22.0,4.0,40.45300056311624,-3.6964899219498193,28079
209255,Parking público Presidente Carmona,Endesa,public_membership,True,50.0,2.0,40.452607867643,-3.695604942702971,28079
265802,Parkin Davila - Calle de Oviedo,Endesa,public_membership,True,22.0,4.0,40.44887508724307,-3.701104666363335,28079
202311,Mercado Maravillas,BarterGo (ES),public_membership,True,180.0,6.0,40.44925968845462,-3.702829685045913,28079
279509,Mercado San Enrique,ACCIONA - Cargacoches,public_membership,True,22.0,2.0,40.45573438792124,-3.700495461343678,28079
460543,Bluespace Bravo Murillo,Umbrella eMobility (ES),public_membership,True,30.0,1.0,40.45543612381206,-3.702308660278504,28079
472117,Orbis,eTecnic,restricted,False,7.0,1.0,40.45630086828194,-3.7001958977071183,28079
280888,Parking G 3 Galeón,Electromaps,restricted,False,7.4,2.0,40.458476371262776,-3.699410777794526,28079
211070,Funway,eTecnic,restricted,False,22.0,2.0,40.45853520003283,-3.697892214913395,28079
499816,PArking San German 14,Iberdrola | BP Pulse (ES),restricted,False,7.4,1.0,40.45640876238076,-3.6979768429346223,28079
500998,Hub  Manuel Luna ,Repsol - Ibil (ES),public_membership,True,200.0,8.0,40.45409229328229,-3.699579263140066,28079
207348,GMP - Iberia Mart II,EDP,public_membership,True,22.0,15.0,40.45447793404526,-3.694603457752237,28079
488568,Parking Orense 34,Plenitude On The Road (EU),public_membership,True,7.0,6.0,40.45463026437477,-3.69362860058618,28079
207349,Parking APK2 Avenida de Brasil ,EDP,public_membership,True,22.0,4.0,40.45618280709485,-3.693552170605926,28079
85497,Hotel H10 Tribeca,Electromaps,restricted,False,7.4,4.0,40.455272,-3.694315,28079
312648,Carrefour Orense,Endesa,public_membership,True,150.0,2.0,40.457406606716006,-3.6942839717565903,28079
202405,Parking Indigo Orense,TotalEnergies (ES),public_membership,True,7.4,5.0,40.458044726989726,-3.694035521193996,28079
470247,CIC Madrid,Electromaps,restricted,False,7.4,1.0,40.46173184356161,-3.6937918937850327,28079
207354,Parking POWEN,(Business Owner at Location),public,True,22.0,1.0,40.46312600222922,-3.696461015519162,28079
306112,Galp Sinesio Delgado,GALP Electric,public_membership,True,60.0,2.0,40.47379606571451,-3.7012885941533966,28079
209730,Ahorramas Sorolla,EDP,public_membership,True,22.0,2.0,40.47159268388401,-3.69713001288585,28079
192263,Parking Gomasa,Electromaps,public_membership,True,7.4,6.0,40.46547694035189,-3.6932082802374,28079
290263,Ayunt. Madrid: Calle de José Castán Tobeñas (Iberdrola),Iberdrola | BP Pulse (ES),public_membership,True,100.0,3.0,40.4642828520802,-3.692497916517027,28079
207355,PARKING JOSE CASTAN TOBEÑAS,(Business Owner at Location),public,True,7.4,2.0,40.46410016698852,-3.6924220697763994,28079
201786,Parking Intercambiador Plaza España,Iberdrola | BP Pulse (ES),public_membership,True,50.0,8.0,40.46774181015442,-3.6904496042861865,28079
202406,Parking Indigo Plaza de Castilla,TotalEnergies (ES),public_membership,True,7.4,3.0,40.4676424006332,-3.6903435964326254,28079
459931,Metro Madrid,eTecnic,restricted,False,7.4,11.0,40.46829722068176,-3.691778796547339,28079
52580,Ayunt. Madrid:  Paseo de la Castellana 257B (Iberdrola),Iberdrola | BP Pulse (ES),public_membership,True,50.0,2.0,40.47433052601224,-3.687726535335969,28079
235066,Mercadona Mauricio Legendre,Mercadona,public_membership,True,22.0,2.0,40.47095887226891,-3.686544864132429,28079
61060,Parking Estación ADIF,(Business Owner at Location),public,True,3.7,,40.47133391546879,-3.682985852835032,28079
210104,Hotel Barceló Image,Endesa,restricted,False,22.0,4.0,40.47024544900981,-3.684966308893422,28079
192262,Repsol Mateo Inurrua,Repsol - Ibil (ES),public_membership,True,300.0,2.0,40.46633068322132,-3.685558415824176,28079
237692,"Paseo de la Castellana, 71",Iberdrola | BP Pulse (ES),public_membership,True,7.4,2.0,40.46275685783294,-3.689022556610439,28079
260353,Hotel Melia Castilla,Wenea,restricted,False,30.0,8.0,40.46124984868163,-3.6923489607690394,28079
61055,Ministerio de Economía,Repsol - Ibil (ES),restricted,False,11.0,1.0,40.457343,-3.688678,28079
256683,"Ayunt. Madrid: Paseo de la Castellana,160 (Wenea)",Wenea,public_membership,True,150.0,4.0,40.45810080842088,-3.689619345930964,28079
207351,Parking Castellana 123,(Business Owner at Location),public,True,3.7,2.0,40.458064771480366,-3.690645670248841,28079
207350,Parking Cuzco,Iberdrola | BP Pulse (ES),public_membership,True,7.4,2.0,40.4586144055381,-3.6909110946871806,28079
287673,Hotel AC cuzco,Endesa,restricted,False,22.0,2.0,40.45882571738977,-3.691142953798135,28079
216882,Mercadona Cuzco,Mercadona,public_membership,True,22.0,2.0,40.45721437677449,-3.691417486340925,28079
205472,NH Eurobuilding,Wenea,restricted,False,7.4,3.0,40.4581721707149,-3.685904630490313,28079
207356,Parking Mundial,Endesa,public_membership,True,50.0,6.0,40.45917718361847,-3.686102657067863,28079
207357,Garaje O’Donnell,(Business Owner at Location),public,True,3.7,2.0,40.457813275208935,-3.685478715589852,28079
210580,Hotel NH Paseo de La Habana,Wenea,restricted,False,7.4,1.0,40.45583180372668,-3.6819749571275215,28079
274413,Repsol Paseo de la Habana,Repsol - Ibil (ES),public_membership,True,100.0,2.0,40.45911028292849,-3.681330588736273,28079
459933,INECO,(Business Owner at Location),restricted,False,7.4,21.0,40.45746070168576,-3.680694065356704,28079
207358,Hospital Fraternidad-Muprespa Habana,(Business Owner at Location),public,True,7.4,16.0,40.456972991286136,-3.6815736539809913,28079
473152,Universida Comillas,Repsol - Ibil (ES),restricted,False,22.0,11.0,40.46782311505408,-3.680282878319417,28079
313312,Electrolinera Castellana,ACCIONA - Cargacoches,public_membership,True,400.0,12.0,40.47466612657777,-3.6860457184911866,28079
459932,Parking Torre de Cristal,eTecnic,restricted,False,22.0,31.0,40.478070471820246,-3.6873502650792034,28079
212435,Paseo de la Castellana 257 (GIC),GIC,public_membership,True,7.3,1.0,40.47812496268128,-3.686422115010771,28079
304360,Torre Emperador,Repsol - Ibil (ES),restricted,False,22.0,90.0,40.47899225953179,-3.686739469436901,28079
210579,C.C. Caleido ,Repsol - Ibil (ES),public_membership,True,7.4,71.0,40.47835828361556,-3.689031476146965,28079
470112,C.C. Caleido (Repsol - Uber/Auro),Repsol - Ibil (ES),restricted,False,210.0,20.0,40.4772637443437,-3.6890285954985984,28079
291222,EUROSTARS MADRID TOWER,GALP Electric,restricted,False,120.0,6.0,40.476539630522666,-3.6878020211123896,28079
191244,GOfit Peñagrande,Iberdrola | BP Pulse (ES),public_membership,True,7.4,1.0,40.47696779653219,-3.718167478453324,28079
238426,Parking los Nogales,Endesa,public_membership,True,22.0,2.0,40.47400172028665,-3.721591543622395,28079
209729,Ahorramas Betanzos,EDP,public_membership,True,22.0,2.0,40.47497367897253,-3.711731614122641,28079
191275,Mercadona El Pilar,Mercadona,public_membership,True,22.0,4.0,40.47182096681527,-3.707967381994962,28079
191274,KITUR MADRID | KIA,(Business Owner at Location),restricted,False,50.0,1.0,40.4723131383316,-3.706447494685847,28079
265969,Mercadona Lope de Haro,Mercadona,public_membership,True,22.0,2.0,40.45732214383071,-3.703470415087054,28079
290250,Ayunt. Madrid: Calle de Pamplona (TotalEnergies),TotalEnergies (ES),public_membership,True,100.0,3.0,40.456370267269534,-3.707741606980676,28079
201641,Repsol Ofelia Nieto,Repsol - Ibil (ES),public_membership,True,50.0,1.0,40.4613762805545,-3.7085275717485047,28079
191543,Particular,(Unknown Operator),restricted,False,3.7,1.0,40.46555269263939,-3.723642550900763,28079
191265,Ciemat,(Unknown Operator),restricted,False,7.4,1.0,40.45431223287943,-3.72891980674126,28079
307056,RTVE Instituto,Wenea,restricted,False,7.4,8.0,40.45622331471327,-3.731770464878167,28079
306111,Hotel Eurostars Montereal,GALP Electric,restricted,False,7.4,2.0,40.475095437533895,-3.743174917868601,28079
191238,Clínica veterinaria Peñagrande,(Business Owner at Location),restricted,False,3.7,1.0,40.47690850047428,-3.730230020319056,28079
191577,Fundación LUIKE,(Business Owner at Location),restricted,False,3.7,1.0,40.47886160494784,-3.727465728849865,28079
235346,Repsol  Cardenal Herrera Oria,Repsol - Ibil (ES),public_membership,True,80.0,2.0,40.47906508275628,-3.725814984407748,28079
235064,Mercadona de Santa Eugenia,Mercadona,public_membership,True,22.0,2.0,40.38512561495193,-3.611720152592966,28079
265618,Parking Hospital Infanta Leonor,REMO Mobility (ES),public_membership,True,60.0,32.0,40.387206056655344,-3.6170671524045295,28079
460490,Faunia (PowerGo),PowerGo,public_membership,True,22.0,34.0,40.39349768235834,-3.61309183576563,28079
209719,Ahorramas Santa Eugenia,EDP,public_membership,True,22.0,2.0,40.38642182853741,-3.609312980140999,28079
312780,Repsol Rivas,Repsol - Ibil (ES),public_membership,True,50.0,1.0,40.380041302971904,-3.597571186707228,28079
303311,Zunder Vicálvaro,Zunder,public_membership,True,400.0,16.0,40.39179774501218,-3.5857859391066143,28079
279143,Almacén de laVilla,(Unknown Operator),restricted,False,50.0,6.0,40.39409878509417,-3.5979690441967307,28079
297598,Plenoil Madrid III Vicálvaro,Plenergy (ES),public,True,60.0,2.0,40.397762307215885,-3.5985181296885003,28079
288955,Ayunt. Madrid: Calle de Minerva (TotalEnergies),TotalEnergies (ES),public_membership,True,100.0,3.0,40.40285818576439,-3.599018098706239,28079
207166,Lidl Vicalvaro,Lidl,public,True,22.0,4.0,40.40518148272983,-3.5920103668174197,28079
210611,Burger King Vicálvaro,Iberdrola | BP Pulse (ES),public_membership,True,50.0,4.0,40.40488519905091,-3.591545972957306,28079
291058,Electrolinera Vicálvaro (Acciona),ACCIONA - Cargacoches,public_membership,True,400.0,32.0,40.39712244863159,-3.5941250678498307,28079
462096,Paddle Espirit,Eranovum (ES),public_membership,True,60.0,5.0,40.39622765626089,-3.5908804824382514,28079
488887,Madrid Central Padel,Qwello,public_membership,True,22.0,4.0,40.40394792089123,-3.5876042602615144,28079
289864,E.S. Plenoil Madrid VII Vicálvaro,Plenergy (ES),public_membership,True,60.0,2.0,40.404897454727546,-3.590924466442289,28079
312181,Ballenoil - Vicálvaro II,Ballenoil (ES),public_membership,True,60.0,2.0,40.40595595860381,-3.5905224544377177,28079
272921,Mercadona Vicálvaro,Mercadona,public_membership,True,22.0,6.0,40.40572980813468,-3.5910564236287428,28079
288954,Ayunt. Madrid: Calle de Villardondiego (TotalEnergies),TotalEnergies (ES),public_membership,True,100.0,3.0,40.40584485705642,-3.6083064324601537,28079
288956,Ayunt. Madrid: Paseo Polideportivo (TotalEnergies),TotalEnergies (ES),public_membership,True,100.0,3.0,40.40922507630188,-3.603983286655591,28079
470170,C.C. Vicálvaro,(Business Owner at Location),public,True,7.4,3.0,40.40439721431798,-3.608528310380052,28079
305083,Parking EMT Paseo de los Artilleros,Electro-EMT,public,True,22.0,8.0,40.40460166304047,-3.609133443922048,28079
285067,Repsol Vicálvaro,Repsol - Ibil (ES),public_membership,True,50.0,1.0,40.40432119829222,-3.6107104004919393,28079
470172,Petropix Vicálvaro,Wenea,public_membership,True,50.0,2.0,40.40318796534771,-3.615578980067085,28079
313987,Ballenoil Valdebernardo I,Moeve (ES),public_membership,True,150.0,2.0,40.40067249427645,-3.6161996600324073,28079
313986,Ballenoil Valdebernardo II,Moeve (ES),public_membership,True,150.0,2.0,40.40060023374088,-3.61534760007936,28079
207165,Centro Comercial Valdebernardo,(Business Owner at Location),public,True,11.0,7.0,40.39758989887537,-3.618214101705803,28079
290235,Ayunt. Madrid: Bulevar José Prat (Iberdrola),Iberdrola | BP Pulse (ES),public_membership,True,100.0,3.0,40.39734962359114,-3.620376304062745,28079
207167,URJC Vicálvaro,Iberdrola | BP Pulse (ES),public_membership,True,7.4,6.0,40.40622183690823,-3.612644749695733,28079
191758,jim3cantos (solo para emergencias),(Unknown Operator),restricted,False,3.7,1.0,40.40958763892118,-3.6285667172719513,28079
475777,ONCE Doctor García Tapia,Repsol - Ibil (ES),restricted,False,7.4,4.0,40.40724555156712,-3.634638806375733,28079
290234,Ayunt. Madrid: Calle Hacienda de Pavones (Iberdrola),Iberdrola | BP Pulse (ES),public_membership,True,100.0,3.0,40.40051835234638,-3.6346268307351854,28079
235258,Repsol Pavones,Repsol - Ibil (ES),public_membership,True,50.0,1.0,40.40164708387786,-3.63603439898364,28079
307419,COLEGIO GSD MORATALAZ,(Business Owner at Location),restricted,False,7.4,2.0,40.403559271081605,-3.6285548493881095,28079
235068,Mercadona Ladera de los Almendros,Mercadona,public_membership,True,22.0,18.0,40.3989865994146,-3.625808923066217,28079
298559,Residencia AMMA Vicálvaro,Endesa,restricted,False,7.0,2.0,40.39603332480317,-3.626278420887928,28079
460689,Indie Padel club,emovili Fast (ES),public_membership,True,7.4,2.0,40.38640827503784,-3.6249388502558304,28079
312161,Power3oil - Avda. Democracia,(Business Owner at Location),public_membership,True,50.0,2.0,40.38793130033415,-3.623637644729598,28079
278618,Mercadona,Iberdrola | BP Pulse (ES),public_membership,True,22.0,4.0,40.38292364391685,-3.6259918419972337,28079
309136,Supeco,(Business Owner at Location),public,True,50.0,2.0,40.3827896498818,-3.627874884775565,28079
207228,Ford Almoauto,(Business Owner at Location),restricted,False,22.0,2.0,40.383393968600274,-3.630439320759024,28079
207229,Ballenoil Vallecas,Endesa,public_membership,True,22.0,2.0,40.383636812456416,-3.629559686710991,28079
132703,Albufera 319,Iberdrola | BP Pulse (ES),public_membership,True,50.0,4.0,40.38395390109065,-3.631976389500892,28079
235239,Repsol Av. Albufera,Repsol - Ibil (ES),public_membership,True,50.0,1.0,40.3841247040692,-3.632516759937744,28079
290233,Ayunt. Madrid: Calle San Claudio Centro Salud (TotalEnergies),TotalEnergies (ES),public_membership,True,100.0,3.0,40.38868688528203,-3.6389405663194903,28079
298558,Parking Setex Albufera,Endesa,public_membership,True,22.0,20.0,40.38618237610285,-3.6372608103014272,28079
272839,"Mercadona, Pablo Neruda",Mercadona,public_membership,True,22.0,6.0,40.38094004015619,-3.6614180726859615,28079
266802,C.C. Albufera Plaza,PowerDot (Es),public_membership,True,120.0,6.0,40.39232642818629,-3.6559605275303113,28079
271799,Mercado Numancia,(Business Owner at Location),public,True,11.0,2.0,40.393173580178285,-3.657871341015607,28079
298561,Residencia Amavir Numancia,Endesa,restricted,False,22.0,2.0,40.402031133332684,-3.6597284112154114,28079
191264,First Stop Moratalaz,(Business Owner at Location),restricted,False,22.0,1.0,40.40616897691825,-3.649713396817333,28079
201629,Repsol Moratalaz,Repsol - Ibil (ES),public_membership,True,50.0,1.0,40.407396297684585,-3.652026888733303,28079
288953,Ayunt. Madrid: Calle Carmen Amaya (TotalEnergies),TotalEnergies (ES),public_membership,True,100.0,3.0,40.41177462341725,-3.654909153444805,28079
209721,Ahorramas Vinateros,EDP,public_membership,True,22.0,2.0,40.41007567781833,-3.655124024606721,28079
235256,Repsol Moratalaz,Repsol - Ibil (ES),public_membership,True,50.0,1.0,40.40764061988156,-3.6602478389687008,28079
285167,Mercadona Moratalaz,Mercadona,public_membership,True,22.0,2.0,40.41157434984029,-3.6592207351818615,28079
191270,Ayre Gran Hotel Colón,Endesa,restricted,False,22.0,2.0,40.413308473269154,-3.668991380978923,28079
210062,E.S. Repsol Calle del Doctor Esquerdo,Repsol - Ibil (ES),public,True,120.0,2.0,40.409798550689686,-3.669653087142251,28079
237785,Mercadona Calle de las Adelfas,Mercadona,public_membership,True,22.0,2.0,40.40462014639729,-3.670125779457664,28079
191686,Parking Prosegur Calle Carlos y Guillermo Fernández Shaw,(Business Owner at Location),restricted,False,22.0,10.0,40.40575974951605,-3.6694742067981,28079
79413,Hotel Claridge,(Business Owner at Location),restricted,False,22.0,11.0,40.40590719050087,-3.66924912508307,28079
130819,Hotel Claridge,BarterGo (ES),public_membership,True,50.0,2.0,40.40624839329729,-3.669277624776442,28079
271078,Mercado Puente de Vallecas,BarterGo (ES),public_membership,True,50.0,4.0,40.395112260965504,-3.667757123360104,28079
205467,Hotel Catalonia El Retiro,(Business Owner at Location),restricted,False,22.0,4.0,40.3991512113131,-3.6699128588754775,28079
191839,Valderribas motor,(Business Owner at Location),restricted,False,50.0,2.0,40.40309184703628,-3.670102793713113,28079
274396,E.S. Cepsa Ciudad de Barcelona,Moeve (ES),public_membership,True,150.0,1.0,40.402126072141584,-3.6760804254685127,28079
61030,Ayunt. Madrid: Cerro de la Plata (TotalEnergies),TotalEnergies (ES),public_membership,True,50.0,2.0,40.400157953127575,-3.6749051270412,28079
287675,Parking Los Nogales,Endesa,public_membership,True,22.0,2.0,40.400660724879,-3.6741909103046737,28079
191838,Renault Jurado (Taller),Renault,restricted,False,3.7,1.0,40.3996378444171,-3.6728642697939904,28079
274414,Ayunt. Madrid: Calle de Luis Peidró (Iberdrola),Iberdrola | BP Pulse (ES),public_membership,True,100.0,3.0,40.39682202843301,-3.6731448953748327,28079
216909,Edificio Ombú,(Business Owner at Location),restricted,False,7.4,6.0,40.39530950328901,-3.676772040988311,28079
191837,Parking Daoiz y Velarde,Endesa,public_membership,True,22.0,2.0,40.40246545149009,-3.677727956371882,28079
259285,Parking Juan de Vera,(Business Owner at Location),public,True,7.4,1.0,40.405277800420606,-3.678978659420409,28079
299210,Exolum (Parking),Wenea,restricted,False,7.4,20.0,40.390979740117245,-3.679572828125629,28079
191867,Ayunt. Madrid: Calle Ibiza (Wenea),Wenea,public_membership,True,50.0,2.0,40.41844119177014,-3.678494507197172,28079
191868,Parking Arregax,Endesa,public_membership,True,22.0,2.0,40.42050168645949,-3.67835862519928,28079
163860,Europar Plazas,(Business Owner at Location),public_membership,True,22.0,4.0,40.420352,-3.673746,28079
191865,Parking APK2 Maiquez Planta -2,Iberdrola | BP Pulse (ES),public_membership,True,7.3,2.0,40.41751648155682,-3.672723284588756,28079
191866,Parking APK2 Maiquez Planta -1,EDP,public_membership,True,7.36,5.0,40.41744233043525,-3.673038037808965,28079
470252,Hospital Gregorio Marañón,Electromaps,public,True,22.0,4.0,40.41810592752245,-3.668521456355848,28079
259291,Citroen Doctor Esquerdo,(Business Owner at Location),restricted,False,7.4,4.0,40.41530809076147,-3.669763028155217,28079
207366,Parking Magalar,Endesa,public,True,22.0,8.0,40.41730836230175,-3.664741685761896,28079
307055,RTVE Torrespaña,Wenea,restricted,False,7.4,28.0,40.42074478577689,-3.662573092961338,28079
210097,Parking Calle de O'Donnell 50,Endesa,public_membership,True,11.0,4.0,40.420998136834015,-3.6704937879683257,28079
279412,Novotel Madrid Center,Zunder,restricted,False,22.0,10.0,40.42157553816958,-3.672442368758567,28079
207389,Wizink Center (Porsche DC),(Business Owner at Location),public,True,11.0,2.0,40.424034641886834,-3.671530256875883,28079
207390,PARKING GOYA 115,(Business Owner at Location),public,True,7.4,3.0,40.42495489724166,-3.671866660658452,28079
24602,Ayunt. Madrid: Goya 123 (Iberdrola),Iberdrola | BP Pulse (ES),public_membership,True,50.0,2.0,40.424590406845226,-3.6712368502833215,28079
209560,Iberdrola Wizik Center,Iberdrola | BP Pulse (ES),public_membership,True,7.4,2.0,40.42416740033491,-3.6714159901534913,28079
207365,Parking Príncipe de Asturias,Electromaps,public_membership,True,22.0,2.0,40.4276254748408,-3.671619249401488,28079
191864,Renault Jurado Alcalá,Renault,restricted,False,3.7,1.0,40.42769438151396,-3.670299282361242,28079
265970,Parking Doctor Esquerdo 6,Iberdrola | BP Pulse (ES),public_membership,True,7.4,2.0,40.42637952283951,-3.668927938274464,28079
191862,Renault Jurado Vizconde de Matamala,Renault,restricted,False,22.0,2.0,40.426669548907256,-3.663726174909357,28079
191863,La Nube Sofás,(Business Owner at Location),restricted,False,3.7,1.0,40.43030353889378,-3.663901609851223,28079
296556,Parking San Cayetano (Wenea),Wenea,public_membership,True,22.0,8.0,40.43395901406584,-3.670240081811244,28079
202270,Parking Parkia San Cayetano,Endesa,public_membership,True,50.0,4.0,40.43426357399778,-3.670697351828835,28079
280863,Parking Colonial,(Business Owner at Location),restricted,False,7.4,9.0,40.433338022272295,-3.6726951002989674,28079
299762,Hotel Zenit,(Business Owner at Location),restricted,False,7.4,1.0,40.43180436798761,-3.673788671970783,28079
191860,Parking GO Ortega y Gasset (Iberdrola),Iberdrola | BP Pulse (ES),public_membership,True,22.0,4.0,40.43043109839263,-3.675410727017834,28079
191859,Parking Ortega y Gasset (Endesa),Endesa,public_membership,True,22.0,6.0,40.430408830508384,-3.676423833710373,28079
299761,Club Arsenal ,POWY,restricted,False,11.0,4.0,40.429203878623525,-3.673039908209205,28079
280864,Parking Colonial,(Business Owner at Location),restricted,False,7.4,6.0,40.42846312646444,-3.6741552432474407,28079
299763,Parking Pryorato Alcalá,TotalEnergies (ES),public_membership,True,11.0,2.0,40.42551681903703,-3.673693315747414,28079
84266,El Corte Ingles Goya,(Business Owner at Location),public_membership,True,11.0,3.0,40.424557,-3.673235,28079
306548,Parking iPark General Pardiñas,Endesa,public_membership,True,120.0,3.0,40.42542600168193,-3.678702853558889,28079
210096,Hotel Vincci Soma,Endesa,restricted,False,22.0,4.0,40.42531635091669,-3.6779196068742976,28079
191858,Parking EMT Marqués de Salamanca,Electro-EMT,public_membership,True,50.0,10.0,40.43041841561981,-3.679370716519657,28079
191857,NH Príncipe de Vergara,Wenea,restricted,False,7.4,1.0,40.436396453731646,-3.678566212076703,28079
472118,Hospital Nuestra Señora Del Rosario,eTecnic,public_membership,True,22.0,4.0,40.43534964526938,-3.679577553078474,28079
288805,"Parking Calle de María de Molina, 41",Zunder,restricted,False,22.0,2.0,40.43772629752749,-3.6788639064023982,28079
266299,Reale Seguros,Repsol - Ibil (ES),restricted,False,22.0,20.0,40.44186443761134,-3.679121404578609,28079
280848,Parking Colonial,(Business Owner at Location),restricted,False,7.4,2.0,40.44098078728962,-3.679811947888112,28079
280849,Parking Colonial,(Business Owner at Location),restricted,False,7.4,14.0,40.439707221869554,-3.678220214852786,28079
470257,Parking Pavapark Lopez de Hoyos,Pavapark (ES),public,True,11.0,4.0,40.44321671651952,-3.676637882771957,28079
163557,My Car Wash Madrid Canillas,(Business Owner at Location),restricted,False,22.0,2.0,40.441895,-3.674985,28079
470255,Hotel Abba Madrid,(Business Owner at Location),restricted,False,11.0,2.0,40.43879856061298,-3.672761680346184,28079
287674,Hotel AC Avenida de America,Endesa,restricted,False,60.0,4.0,40.43797268263839,-3.672658005251037,28079
210003,Tesla Supercharger Avda. América (Uber),Tesla (Tesla-only charging),restricted,False,150.0,8.0,40.43871831976983,-3.675640768486687,28079
201787,Intercambiador de Avenida de América,Iberdrola | BP Pulse (ES),public_membership,True,50.0,14.0,40.43820770553396,-3.676452948428164,28079
207359,Parking Coslada 3,Endesa,public,True,75.0,4.0,40.43725760996642,-3.675732120524685,28079
191855,VP El Madroño,(Business Owner at Location),public,True,7.4,6.0,40.43512127088846,-3.676466868633497,28079
191856,Interparking Diego de León,Interparking (ES),public_membership,True,8.0,6.0,40.43484096959631,-3.675439330689983,28079
306336,Bluspace Salamanca,Umbrella eMobility (ES),public_membership,True,30.0,1.0,40.436852933619065,-3.668621620390837,28079
192258,Parking Urbasa Clara Del Rey,Endesa,public_membership,True,22.0,2.0,40.44348370983696,-3.6686724055643936,28079
297983,Mercadona  Corazón de María,Mercadona,public_membership,True,22.0,2.0,40.4423325749803,-3.669415993883291,28079
192257,Hotel Silken Puerta América,(Business Owner at Location),restricted,False,11.0,4.0,40.440412142925055,-3.670259271208153,28079
192260,Mercadona López de Hoyos,Mercadona,public_membership,True,22.0,2.0,40.44870652935674,-3.6687256974726097,28079
209731,Ahorramas Santa Rita,EDP,public_membership,True,22.0,2.0,40.44529053922918,-3.667666018082628,28079
192259,Parking APK2 Corazón de María,EDP,public_membership,True,22.0,6.0,40.44457726276221,-3.666977415788097,28079
470256,Cepsa Corazón de María,Moeve (ES),public_membership,True,150.0,1.0,40.44763137809304,-3.665991621333092,28079
279141,Junta Municipal Chamartín,(Unknown Operator),restricted,False,7.4,3.0,40.4447337596792,-3.677419446373335,28079
266300,Uría Menéndez,Repsol - Ibil (ES),restricted,False,7.4,9.0,40.44709518368225,-3.677282238066482,28079
284808,Calle de las Caleras,Repsol - Ibil (ES),restricted,False,7.4,16.0,40.447106758491714,-3.6786758734771183,28079
470258,Parking Príncipe de Vergara,Endesa,public_membership,True,22.0,4.0,40.449720766205786,-3.678268737492431,28079
297495,Ayunt. Madrid: Calle del Príncipe de Vergara (Wenea),Wenea,public_membership,True,100.0,3.0,40.45035663823092,-3.677850810659322,28079
192261,ROISA HOSTAL BOUTIQUE 1,Iberdrola | BP Pulse (ES),restricted,False,7.4,2.0,40.4545298030973,-3.678191103326356,28079
307306,Parking Del Olmo,eTecnic,public_membership,True,7.0,3.0,40.45525503736462,-3.6785574422610807,28079
191948,Parking Alcampo Pío XII,Iberdrola | BP Pulse (ES),public_membership,True,7.4,1.0,40.46257497936901,-3.675296908220446,28079
505220,Parking Parkia Republica Dominicana (Wenea),Wenea,public_membership,True,7.4,2.0,40.45874339521126,-3.6761781076022544,28079
191262,Parking Indigo Republica Dominicana,TotalEnergies (ES),public_membership,True,7.4,2.0,40.45890736874219,-3.676519844998353,28079
191259,Mercadona calle Guatemala Madrid,Mercadona,public_membership,True,22.0,4.0,40.45952678727372,-3.672402837611571,28079
191258,Repsol José María Soler,Repsol - Ibil (ES),public_membership,True,300.0,5.0,40.45877901999074,-3.667559564501176,28079
266146,Parking Club de Tenis Chamartín,ACCIONA - Cargacoches,restricted,False,11.0,4.0,40.46046104888933,-3.6676390387765423,28079
307307,Edificio IPG,eTecnic,restricted,False,7.0,7.0,40.4610323524501,-3.6696014187996298,28079
61059,Ayunt. Madrid: Marcelo Spínola 10 (Iberdrola),Iberdrola | BP Pulse (ES),public_membership,True,50.0,2.0,40.46681154310431,-3.670339090929019,28079
207153,Hotel Nuevo Madrid,(Business Owner at Location),restricted,False,7.4,3.0,40.4694928072594,-3.6693386046365504,28079
61062,Naturgy. Gas Natural Fenosa,Naturgy (ES),public_membership,True,50.0,2.0,40.472723747881616,-3.662978400814495,28079
302115,Torre Ágora,(Business Owner at Location),restricted,False,7.4,12.0,40.4738545832314,-3.671847180417444,28079
302116,Torre Ágora,(Business Owner at Location),restricted,False,7.4,12.0,40.4738545832314,-3.671847180417444,28079
302153,Tirre Ágora,(Business Owner at Location),restricted,False,7.4,12.0,40.4738545832314,-3.671847180417444,28079
307305,HNA Chamartín,ACCIONA - Cargacoches,restricted,False,22.0,1.0,40.47435036546276,-3.676240482618141,28079
207337,Hote Ilunion Pio XII Madrid,emovili Fast (ES),restricted,False,22.0,6.0,40.46894427869461,-3.674163673945145,28079
61295,Parking EMT Ntra. Sra. del Recuerdo,Electro-EMT,public_membership,True,50.0,30.0,40.47268302735057,-3.6788897753308447,28079
499815,C.D. La Chara Chamartín,Iberdrola | BP Pulse (ES),restricted,False,7.4,1.0,40.476907256022486,-3.675286928138576,28079
209725,Parking GMP parque Norte,EDP,restricted,False,22.0,41.0,40.47623656865835,-3.671922287481721,28079
209724,Ahorramas Chirivel,EDP,public_membership,True,22.0,2.0,40.47835156446473,-3.662560807006116,28079
191594,AhorraMas Barajas,EDP,public_membership,True,7.4,4.0,40.47599653268884,-3.588444775659326,28079
191593,Mercadona Ensanche de Barajas,Mercadona,public_membership,True,22.0,4.0,40.47089853553885,-3.589011459971374,28079
461980,Ballenoil Barajas,Ballenoil (ES),public_membership,True,60.0,2.0,40.46919433333312,-3.590458820090589,28079
296463,Parking Larga Estancia Aeropuerto Madrid,(Business Owner at Location),public,True,11.0,8.0,40.464203769371125,-3.582061655172538,28079
163633,Hotel Senator Barajas,(Business Owner at Location),restricted,False,22.0,2.0,40.45869,-3.582419,28079
191751,SERCOTEL MADRID AEROPUERTO,(Business Owner at Location),restricted,False,11.0,2.0,40.45791967390159,-3.5834082705970047,28079
274092,Cepsa Barajas,Moeve (ES),public_membership,True,300.0,2.0,40.463964609124645,-3.5874252710798373,28079
266804,C.C. Bay Center,PowerDot (Es),public_membership,True,120.0,6.0,40.4654071947939,-3.592839573940978,28079
271077,Golf Olivar de la Hijosa,BarterGo (ES),public_membership,True,120.0,6.0,40.468126672001546,-3.610017287488972,28079
191753,Hotel Novotel,(Business Owner at Location),restricted,False,3.7,4.0,40.46285273208108,-3.614793811082251,28079
191752,"Hotel Pullman, Campo de las Naciones",(Business Owner at Location),restricted,False,2.76,4.0,40.4627481305923,-3.6157083775624415,28079
169727,Campo de las Naciones [Ionity],Ionity,public_membership,True,350.0,6.0,40.45859383902581,-3.616607994852188,28079
308177,Cepsa Campo de Las Naciones,Moeve (ES),public_membership,True,500.0,6.0,40.45893356317524,-3.615952440581424,28079
8724,Endesa Ribera del Loira,Endesa,restricted,False,7.4,13.0,40.45906582295317,-3.6173857054757264,28079
279140,Edificio APOT ,(Business Owner at Location),restricted,False,22.0,4.0,40.46220678011284,-3.617884745246727,28079
191754,IFEMA - Parking Egeo,(Business Owner at Location),restricted,False,7.4,14.0,40.46309886577785,-3.61879039652672,28079
201784,Parking IFEMA,Iberdrola | BP Pulse (ES),public_membership,True,50.0,34.0,40.46461293184271,-3.618588475697948,28079
191755,ING / CBRE,(Unknown Operator),restricted,False,22.0,3.0,40.476631468168506,-3.6367868692547054,28079
290260,Ayunt. Madrid: Glorieta de Sandro Pertini (Iberdrola),Iberdrola | BP Pulse (ES),public_membership,True,100.0,3.0,40.469173207104745,-3.642133220047498,28079
192753,Mercadona Hortaleza,Mercadona,public_membership,True,22.0,2.0,40.475206695589634,-3.6476943822958674,28079
307304,Edificio La Magdalena. Campus Acciona,ACCIONA - Cargacoches,restricted,False,22.0,2.0,40.46747765637068,-3.658719710337948,28079
191584,Mercadona Ricardo San Juan,Mercadona,public_membership,True,22.0,2.0,40.46619837339071,-3.653919471901645,28079
201630,REPSOL Arturo Soria,Repsol - Ibil (ES),public_membership,True,100.0,3.0,40.45738150093382,-3.658297237313718,28079
470158,Carrefour Moscatelar,(Business Owner at Location),public,True,7.4,2.0,40.45683529674557,-3.649881320861596,28079
77710,E.S. Shell Av. Machu Pichu (GIC),GIC,public_membership,True,50.0,1.0,40.4648787,-3.63614889999997,28079
235255,Repsol Silvano,Endesa,public_membership,True,60.0,2.0,40.46227160242444,-3.6384256038157616,28079
70981,CC Gran Vía de Hortaleza,(Business Owner at Location),public,True,7.4,4.0,40.46954679014819,-3.640454311578423,28079
298562,Residencia Los Nogales Hortaleza,Endesa,restricted,False,22.0,2.0,40.47564399878903,-3.640640281688974,28079
470157,Lidl Bucaramanga,Lidl,public,True,11.0,4.0,40.47180827577486,-3.635271938225287,28079
271087,E.S. Shell Campo Naciones,PRIOE,public_membership,True,150.0,2.0,40.46943458294624,-3.627293181917168,28079
489152,Ed. Iberdrola,Iberdrola | BP Pulse (ES),restricted,False,7.4,10.0,40.47363822531716,-3.6309094082580486,28079
508024,Shell Valdebebas,PRIOE,public_membership,True,180.0,2.0,40.4734759756349,-3.624263086101593,28079
306115,Camara Comercio,(Business Owner at Location),restricted,False,7.4,40.0,40.46638491946703,-3.625326251769735,28079
209727,Ahorramas Silvano,EDP,public_membership,True,22.0,2.0,40.46291748129696,-3.6298173635564126,28079
209726,Ahorramas Hortaleza,EDP,public_membership,True,22.0,4.0,40.46056596344005,-3.631751541770427,28079
280831,Parking Colonial,(Business Owner at Location),restricted,False,7.4,8.0,40.455038119853526,-3.6226106148390897,28079
210037,CEPSA Glorieta del Yucatán,Moeve (ES),public_membership,True,150.0,2.0,40.45075079839188,-3.62705741401112,28079
191516,Hotel Melia Avenida de America,(Business Owner at Location),restricted,False,11.0,2.0,40.44771025519808,-3.6279058269398377,28079
191517,Clínica Universidad de Navarra,Place To Plug,public,True,22.0,8.0,40.44808345033592,-3.62501217486878,28079
298563,CUN  Parking Postgrado,Endesa,public_membership,True,7.0,6.0,40.44791201126614,-3.6223353346238696,28079
191541,Repsol San Blas,Repsol - Ibil (ES),public_membership,True,50.0,1.0,40.44100961987763,-3.625297082686074,28079
191542,Renault Retail Group Alcalá 520,Renault,restricted,False,11.0,1.0,40.4415781347185,-3.623726671936652,28079
460542,Bluespace Alcalá,Umbrella eMobility (ES),public_membership,True,30.0,1.0,40.43820224755192,-3.622848476246901,28079
191540,Hotel Bestprice,(Business Owner at Location),restricted,False,7.0,1.0,40.44032641501343,-3.6253711612772577,28079
191539,Ibis calle Alcalá,(Business Owner at Location),restricted,False,3.7,1.0,40.43960709346635,-3.6263427072954073,28079
210578,WeTaxi ,TotalEnergies (ES),public_membership,True,150.0,4.0,40.43645128008521,-3.630124974176113,28079
209343,Hotel Elba (parking interior),TotalEnergies (ES),restricted,False,22.0,4.0,40.43892876836418,-3.631577618687743,28079
280530,Nissan Caetano (Allego),Allego BV,restricted,False,50.0,1.0,40.43812941055967,-3.631053856072299,28079
209342,Hotel Elba (Wenea),TotalEnergies (ES),public_membership,True,100.0,2.0,40.43941783844983,-3.63185761786454,28079
191536,Bosch CGN 01 - Madrid,(Business Owner at Location),restricted,False,22.0,8.0,40.436972704680414,-3.632596128136015,28079
191534,Bosch CGN 07 - Madrid,(Business Owner at Location),restricted,False,22.0,8.0,40.437016022982135,-3.633802694669015,28079
191530,Bosch CGN 10 - Madrid,(Business Owner at Location),restricted,False,7.4,1.0,40.43554457554771,-3.634488418611454,28079
191515,Repsol Artuo Soria,Endesa,public_membership,True,22.0,1.0,40.44116496876342,-3.641392366067748,28079
238101,Hotel Puerta de Madrid,Endesa,public_membership,True,50.0,4.0,40.44784952955519,-3.636263381542818,28079
165071,Hotel Silken Puerta Madrid,(Business Owner at Location),restricted,False,11.0,3.0,40.447802,-3.63562,28079
216883,Mercadona  Calle Telémaco,Mercadona,public_membership,True,22.0,4.0,40.44809242393228,-3.646114280290476,28079
299404,Cemex,Place To Plug,restricted,False,22.0,4.0,40.44717991788414,-3.651601450062799,28079
163594,Centro Comercial Arturo Soria Plaza,(Business Owner at Location),public_membership,True,22.0,5.0,40.450133,-3.651345,28079
210095,Hospital VITHAS CLINSA,Endesa,public_membership,True,60.0,2.0,40.45016928124309,-3.6521330113416752,28079
207155,Mercadona C. de Asura,Mercadona,public,True,22.0,2.0,40.45512126927196,-3.652121620657909,28079
85407,Calle Bueso Pineda 29,GIC,public_membership,True,50.0,2.0,40.4539366,-3.65569049999999,28079
61054,Ayunt. Madrid: Bueso Pineda (TotalEnergies),TotalEnergies (ES),public_membership,True,50.0,2.0,40.453937,-3.65569,28079
207156,Hotel Ilunion Atrium,emovili Fast (ES),restricted,False,22.0,6.0,40.44805053038411,-3.655139102080284,28079
235339,Cepsa Santa Marta,Moeve (ES),public_membership,True,150.0,2.0,40.44700337874247,-3.652209480684036,28079
191511,Cargacoches HQ,ACCIONA - Cargacoches,restricted,False,7.4,2.0,40.44474319523528,-3.65367140078763,28079
472764,Coloplast,Iberdrola | BP Pulse (ES),restricted,False,7.4,2.0,40.44468724759997,-3.653853520086273,28079
191583,Parking GMP - Condesa de Venadito 1,EDP,public_membership,True,7.4,7.0,40.44393382972783,-3.6566896316302007,28079
191510,PRIVADO - Parking Colonial | Martinez Villergas 49,GALP Electric,restricted,False,7.4,17.0,40.44440699258266,-3.657861497541433,28079
289468,Parking Ed. Los Cubos,Eranovum (ES),restricted,False,3.6,8.0,40.44316956414914,-3.657892490867198,28079
211069,Hotel Ilunion Hipoges,Place To Plug,restricted,False,7.4,4.0,40.44224029276313,-3.65761649294106,28079
501601,Novotel Madrid City,PowerDot (Es),public_membership,True,100.0,5.0,40.44121778358596,-3.657434090356986,28079
202271,Parking  Verdaguer y García,Endesa,public_membership,True,50.0,4.0,40.439691425899866,-3.6566731361504026,28079
290259,Ayunt. Madrid: Calle de Esteban Mora (Iberdrola),Iberdrola | BP Pulse (ES),public_membership,True,100.0,3.0,40.43876778050537,-3.654122505375312,28079
209722,Ahorramas José del Hierro,EDP,public_membership,True,22.0,2.0,40.4411201081864,-3.643387571271688,28079
470160,Ayunt. Madrid. Calle Hermanos de Pablo (Wenea),Wenea,public_membership,True,150.0,3.0,40.436244543337295,-3.645232645769397,28079
265956,Mercadona Francisco Madariaga,Mercadona,public_membership,True,22.0,2.0,40.434380798451,-3.6421726690800815,28079
191513,Parking Mercado Las Ventas,Place To Plug,public_membership,True,7.4,5.0,40.43336697600324,-3.656985662135412,28079
235343,Ayunt. Madrid: Ventas (Wenea),Wenea,public_membership,True,150.0,8.0,40.43409795393052,-3.661033892418658,28079
311868,Parking Puente Ventas,Telpark (ES),public,True,120.0,8.0,40.43196506438247,-3.658818464901344,28079
209616,E.S. BP-Sudel Elipa,Wenea,public_membership,True,50.0,2.0,40.42602677378713,-3.658420018711212,28079
210099,"Parking Calle de Luis Ruiz, 46",Endesa,public_membership,True,22.0,4.0,40.42962213357396,-3.637579647322582,28079
473148,Repsol Ascao,Repsol - Ibil (ES),public_membership,True,50.0,1.0,40.4303599170679,-3.640803489340669,28079
191529,Bosch AILE - Madrid,(Business Owner at Location),restricted,False,22.0,1.0,40.43519479565356,-3.635676811925009,28079
207157,COYSA clientes,(Business Owner at Location),restricted,False,7.4,1.0,40.43306354703233,-3.633740006305743,28079
297347,Cepsa San Blas-Canillejas,Moeve (ES),public_membership,True,150.0,1.0,40.432707456045534,-3.633964677053001,28079
209864,Parking Hermanos García Noblejas,Eranovum (ES),public_membership,True,7.4,8.0,40.430737242761865,-3.6321955161133994,28079
191522,Mercadona Luis Ruiz,Mercadona,public_membership,True,22.0,4.0,40.42574912627904,-3.633266683128795,28079
298564,Residencia Amavir Ciudad Lineal,Endesa,restricted,False,7.0,2.0,40.42539465198661,-3.6303466870772354,28079
209723,Ahorramas Emilio Muñoz,EDP,public_membership,True,22.0,2.0,40.43143032351821,-3.629770992067165,28079
279142,DG Sostenibilidad y Control Ambiental,(Business Owner at Location),restricted,False,7.4,1.0,40.43249877204616,-3.630875900317619,28079
237786,Mercadona  Calle de Julián Camarillo,Mercadona,public_membership,True,22.0,4.0,40.43425979735369,-3.631478292678111,28079
191528,Share Now Parking HOMELY Julián Camarillo,(Business Owner at Location),public,True,22.0,6.0,40.43502038581156,-3.631376565727493,28079
470463,Indra Miguel Yuste,Wenea,restricted,False,22.0,2.0,40.43554800185808,-3.622685010911482,28079
191538,"GALP. Avenida de Arcentales, 7",GALP Electric,public_membership,True,50.0,2.0,40.42634108336438,-3.62632968917444,28079
470165,BP Daroca,Iberdrola | BP Pulse (ES),public_membership,True,100.0,2.0,40.41798961169499,-3.629582259976928,28079
207158,Hotel Silken Torre Garden,(Business Owner at Location),restricted,False,11.0,1.0,40.419520646652416,-3.625301862956349,28079
191523,Carrefour Las Rosas (Carrefour),(Business Owner at Location),public,True,7.4,1.0,40.41824370528079,-3.621833466529438,28079
191524,Privado Emilio - Solo emergencias BEV,(Unknown Operator),restricted,False,7.4,1.0,40.417182595818645,-3.6159470629572175,28079
306396,AhorraMas Calle de Sofía,EDP,public_membership,True,22.0,2.0,40.42230345709987,-3.601683234818097,28079
191526,E.S. Repsol Cerdeira,Repsol - Ibil (ES),public_membership,True,50.0,1.0,40.4243120060178,-3.6111656546311215,28079
191525,Mercadona Rosas,Mercadona,public_membership,True,22.0,4.0,40.42685170186962,-3.608010685486761,28079
191527,"GALP Avenida Canillejas a Vicálvaro, 80",GIC,public_membership,True,50.0,2.0,40.42649274531354,-3.611655211045672,28079
191519,ABB OFICINAS,(Business Owner at Location),restricted,False,50.0,1.0,40.43899414219038,-3.6213077190412832,28079
191520,Valoriza,(Business Owner at Location),restricted,False,7.4,1.0,40.43843080337342,-3.621344469906433,28079
191518,Mercadona Alcalá 552,Mercadona,public_membership,True,22.0,2.0,40.44387076013717,-3.615172715830681,28079
492583,Ed. Sienna Calle de Alcalá,Repsol - Ibil (ES),restricted,False,7.4,17.0,40.44266793671366,-3.618713043904222,28079
299405,Residencia Monteparis,Place To Plug,restricted,False,22.0,6.0,40.44795387712773,-3.620759121161655,28079
202272,McDonald's Avda. de los Andes,Endesa,public_membership,True,50.0,4.0,40.45528177337312,-3.6187633015607616,28079
86078,Hipercor Campo de las Naciones,(Business Owner at Location),public,True,11.0,3.0,40.45560354325298,-3.61700617136512,28079
207147,Mercedes Benz Madrid,(Business Owner at Location),restricted,False,3.7,23.0,40.44946679176434,-3.5925599195456925,28079
163884,Hotel Maydrit,(Business Owner at Location),restricted,False,11.0,2.0,40.451572,-3.592847,28079
205474,Hotel NH Madrid Barajas Airport,Wenea,restricted,False,7.4,2.0,40.451017914429,-3.594861345344839,28079
280832,HAYA REAL ESTATE,(Business Owner at Location),restricted,False,7.4,3.0,40.453233387083145,-3.5849526863177914,28079
235069,Mercadona Alameda de Osuna,Mercadona,public_membership,True,22.0,16.0,40.454918,-3.585874,28079
296666,BLUESPACE - BARAJAS,Umbrella eMobility (ES),public_membership,True,120.0,2.0,40.453762585249166,-3.583085879510975,28079
79919,Hilton Madrid Airport,(Business Owner at Location),restricted,False,11.0,2.0,40.451867,-3.585918,28079
163875,Axor Hoteles,(Business Owner at Location),restricted,False,22.0,1.0,40.447451,-3.583039,28079
312169,E.S. Shell Barajas,PRIOE,public_membership,True,60.0,2.0,40.44477250595537,-3.582291148389629,28079
494378,Tesla Supercharger Barajas,Tesla (including non-tesla),public_membership,True,250.0,8.0,40.445866112595695,-3.5884935829185736,28079
207148,Centro Comercial Plenilunio,(Business Owner at Location),public,True,7.4,2.0,40.4468230993196,-3.588295860108701,28079
207151,Naturgy Calle de Deyanira,Naturgy (ES),public_membership,True,50.0,2.0,40.442739989290914,-3.5864007739916133,28079
191521,Parking EMT - Estadio Wanda Metropolitano,Electro-EMT,public,True,7.4,16.0,40.43406722007046,-3.599905131384844,28079
284802,Mercadona Estocolmo,Mercadona,public_membership,True,22.0,4.0,40.42888263438061,-3.5999994663518464,28079
74930,Volkswagen parking,(Business Owner at Location),restricted,False,,2.0,40.4243516909364,-3.6001515445605,28079
207149,Makro Barajas,(Business Owner at Location),public,True,7.4,3.0,40.44533800600263,-3.5808706185958954,28079
207150,COMPOSTELA SUITES,Wenea,restricted,False,22.0,2.0,40.44708352742353,-3.580406511297724,28079
501207,Parking CLASA A2P Aeropuerto Madrid ,AENA EV (ES),restricted,False,11.0,28.0,40.45364185482288,-3.5809644781113548,28079
306948,Supermercado BM Barajas,Eranovum (ES),public_membership,True,60.0,3.0,40.46997014514199,-3.580713761920549,28079
298210,E.S. Repsol Barajas,Repsol - Ibil (ES),public_membership,True,50.0,1.0,40.47090203890306,-3.5803190893445844,28079
207159,Mercadona Barrio del Puerto,Mercadona,public_membership,True,22.0,6.0,40.42106042409696,-3.5733130640957143,28049
297742,BP Pulse Coslada,Iberdrola | BP Pulse (ES),public_membership,True,300.0,2.0,40.42155866031126,-3.5735261972864407,28049
235253,Gasolinera Q8 Coslada,PowerDot (Es),public_membership,True,100.0,2.0,40.42083802268221,-3.573867338517971,28049
470473,Indra Nave Simulación,Wenea,restricted,False,7.4,2.0,40.43310882118652,-3.5632366251086296,28049
480789,CTT Express,(Unknown Operator),restricted,False,,1.0,40.4355504921916,-3.5629299079827206,28049
299408,C.T. Coslada,Place To Plug,public_membership,True,22.0,4.0,40.43525997329985,-3.561060588338933,28049
201783,Porta Firal Barajas,Iberdrola | BP Pulse (ES),public_membership,True,50.0,4.0,40.44652465398721,-3.576060063315708,28079
74929,Leroy Merlin,Iberdrola | BP Pulse (ES),public_membership,True,22.0,8.0,40.445731806399806,-3.5786876859084487,28079
280833,Estee Lauder,(Business Owner at Location),restricted,False,7.4,4.0,40.44581799346497,-3.5764509841982037,28079
305153,Aldi Rejas (Atlante),Atlante,public_membership,True,100.0,2.0,40.443207199692296,-3.579472712152892,28079
501208,Parking CLASA A3 Aeropuerto Madrid ,AENA EV (ES),restricted,False,11.0,16.0,40.45108762389543,-3.575190634678165,28079
201706,Audi Madrid F. Tomé,Iberdrola | BP Pulse (ES),public_membership,True,150.0,2.0,40.4502566917931,-3.56901889048504,28079
207113,VW F. Tome,(Business Owner at Location),restricted,False,50.0,2.0,40.45043802809084,-3.5693010033774044,28079
501209,Parking CLSA A6 Aeropuerto Madrid ,AENA EV (ES),restricted,False,11.0,40.0,40.45298387322072,-3.569883052014575,28079
201631,Repsol Barajas,Repsol - Ibil (ES),public_membership,True,100.0,2.0,40.4493062360506,-3.5654286548107166,28079
296555,Hotel Ibis Budget Madrid Aeropuerto,Wenea,public_membership,True,150.0,10.0,40.4477107483944,-3.551325372128673,28079
271354,Rest. Asador 7 de Julio,TotalEnergies (ES),public_membership,True,100.0,2.0,40.44723911728627,-3.558147423615594,28079
207114,Hotel Madrid Marriott Auditorium,(Business Owner at Location),restricted,False,11.0,2.0,40.44833834177709,-3.55910677849215,28079
308542,AP Hotel Airport,Electra,public_membership,True,400.0,4.0,40.44901449679011,-3.548591394292913,28079
207115,Parking Go Barajas,Iberdrola | BP Pulse (ES),restricted,False,7.4,6.0,40.44966163749092,-3.5462553968845896,28079
235156,B&B Hotel Madrid Airport,(Business Owner at Location),restricted,False,22.0,4.0,40.4474829073516,-3.543070902833506,28079
461975,Hotel Crowne Plaza Madrid Barajas,(Business Owner at Location),restricted,False,7.4,4.0,40.44684214755412,-3.5422101278077207,28079
303968,Madrid Airport Suites,(Business Owner at Location),restricted,False,22.0,6.0,40.445375762060905,-3.5436303171733243,28079
303966,Hotel Zleep Madrid Airport,(Business Owner at Location),restricted,False,11.0,6.0,40.447712408872405,-3.54849362379548,28079
303967,Hotel Holiday Inn Express Madrid Airport,(Business Owner at Location),restricted,False,3.7,3.0,40.44766183384206,-3.54923489390373,28079
461977,Polígono Coslada,(Business Owner at Location),restricted,False,22.0,10.0,40.432900797386566,-3.550875151075161,28049
461978,Polígono Coslada,(Business Owner at Location),restricted,False,22.0,8.0,40.431961476046325,-3.551299554534012,28049
207162,Mercadona Coslada,Mercadona,public_membership,True,22.0,4.0,40.42919406853156,-3.551662904283148,28049
205475,Parque Comercial Plaza Coslada,Wenea,public_membership,True,100.0,16.0,40.42817384430688,-3.5520138667964147,28049
301429,Repsol Coslada,Repsol - Ibil (ES),public_membership,True,60.0,2.0,40.42700896735832,-3.551385444413313,28049
304626,Mercadona Coslada,Mercadona,public_membership,True,22.0,2.0,40.42015911008849,-3.5563001851310787,28049
71193,Lidl Coslada,Lidl,public,True,20.0,4.0,40.4205934,-3.55533939999998,28049
207160,AhorraMas Coslada,EDP,public_membership,True,11.0,4.0,40.42013490279234,-3.5546991018027256,28049
298525,Residencia AMMA,Endesa,restricted,False,22.0,2.0,40.42039774423782,-3.5537150157766746,28049
460569,C.C. La Rambla,GALP Electric,public_membership,True,22.0,20.0,40.42488096218912,-3.543017056837129,28049
209712,Ahorramas Avenida de Berlín,EDP,public_membership,True,22.0,4.0,40.41862475069067,-3.541553295694144,28049
205476,Hospital del Henares,Wenea,public_membership,True,22.0,24.0,40.41836256821239,-3.5317913683352344,28049
207161,Ahorramas Vicente Gaos,EDP,public_membership,True,11.0,4.0,40.42209183684321,-3.53444585839236,28049
209711,Ahorramas de Jesús de San Antonio,EDP,public_membership,True,22.0,2.0,40.42528975519864,-3.5394454214634834,28049
207163,Mas Ruedas,(Business Owner at Location),restricted,False,22.0,1.0,40.432916181131134,-3.538207132348816,28049
207164,Repsol Coslada,Repsol - Ibil (ES),public_membership,True,50.0,1.0,40.434232076856034,-3.533307752528458,28049
273873,BP Pulse Coslada  ,Iberdrola | BP Pulse (ES),public_membership,True,150.0,2.0,40.43645288008264,-3.532834269657912,28049
312168,McDonalds Coslada,Iberdrola | BP Pulse (ES),public_membership,True,50.0,2.0,40.43114143695763,-3.5328494106755386,28049
306116,Galp Coslada,GALP Electric,public_membership,True,120.0,2.0,40.4326915130392,-3.533541451913692,28049
462480,Plenergy Coslada III,Plenergy (ES),public,True,60.0,1.0,40.43277503401262,-3.5349143417039386,28049
260768,BP Pulse San Fernando,Iberdrola | BP Pulse (ES),public_membership,True,150.0,2.0,40.4304914894775,-3.52874165231844,28130
470471,Indra Nave Lean,Wenea,restricted,False,7.4,2.0,40.44635344767664,-3.500586125832683,28130
235157,Rest. Toledano II,(Business Owner at Location),restricted,False,7.4,1.0,40.44910702494187,-3.5085034488793667,28130
479965,San Fernando Business Park,GALP Electric,restricted,False,22.0,6.0,40.449956395170176,-3.509932299982552,28130
203043,Saltoki San Fernando,Electromaps,public_membership,True,11.0,2.0,40.45292062781292,-3.505007107767824,28130
266264,Indra,Wenea,restricted,False,7.4,6.0,40.45085557838104,-3.511045460593323,28130
135171,P.E. San Fernando de Henares,Repsol - Ibil (ES),restricted,False,3.7,3.0,40.4495225,-3.5121677,28130
308669,Carrefour San Fernando De Henares,Carrefour (ES),public,True,50.0,2.0,40.44915148534256,-3.5280640200152504,28130
312656,Repsol San Fernando De Henares,Repsol - Ibil (ES),public_membership,True,180.0,2.0,40.44978866691727,-3.5239652870580755,28130
298188,E.S. Repsol Puente San Fernando,Repsol - Ibil (ES),public_membership,True,50.0,1.0,40.44886118819903,-3.5223207536175494,28130
207116,Restaurante Las Moreras,Endesa,public_membership,True,22.0,2.0,40.4473251814932,-3.534275359561548,28079
510432,Paseo de las Flores,Endesa,public_membership,True,150.0,4.0,40.44059753504664,-3.537755150740537,28049
461976,Hotel AC Coslada Aeropuero,Endesa,public_membership,True,60.0,4.0,40.4450493466843,-3.540741840339137,28079
290037,Rest. Las Moreras (Zunder),Zunder,public,True,360.0,8.0,40.447583702078646,-3.5357604229348567,28079
280835,Iberia LAE - La Muñoza,Electromaps,restricted,False,22.0,60.0,40.455470741446646,-3.5365321371707523,28079
501204,Parking express T2,AENA EV (ES),public,True,11.0,8.0,40.468448929782426,-3.570475866857805,28079
501203,Terminal 2 Salidas,AENA EV (ES),public,True,11.0,4.0,40.46793042156787,-3.5691698079008347,28079
298209,E.S. Repsol Aeropuerto T2,Repsol - Ibil (ES),public_membership,True,50.0,1.0,40.466826772095686,-3.572914005465464,28079
501205,Parking P2 Aeropuerto Madrid ,AENA EV (ES),public,True,11.0,8.0,40.46769647410713,-3.57250889266561,28079
492186,Repsol Barajas Industrial,Repsol - Ibil (ES),public_membership,True,150.0,2.0,40.46416418499405,-3.575545644080876,28079
296462,Parking P1 Aeropuerto Madrid,AENA EV (ES),public,True,11.0,8.0,40.46434106704726,-3.572671658972922,28079
235155,Parking Dique Sur T1 Aeropuerto Madrid,AENA EV (ES),public,True,11.0,28.0,40.46149521408742,-3.5762095057785075,28079
207112,Sky Valet - Executive Aviation Terminal Madrid Barajas,(Business Owner at Location),restricted,False,11.0,1.0,40.457960073724166,-3.578418435466233,28079
501206,Parking P5 Aeropuerto Madrid ,AENA EV (ES),public,True,11.0,40.0,40.46716865033147,-3.5765606775469223,28079
212447,E.S. Galp Barajas,GALP Electric,public_membership,True,60.0,2.0,40.46804847169776,-3.578604479270893,28079
191591,Parking P2 Aeropuerto Madrid,AENA EV (ES),public,True,11.0,4.0,40.46838385830577,-3.5717991080972524,28079
285168,Mercadona Torrejón,Mercadona,public_membership,True,22.0,4.0,40.46073381604458,-3.490240500096661,28148
290066,Plenoil Torrejón de Ardoz I,Plenergy (ES),public_membership,True,60.0,2.0,40.454872130129786,-3.4898231496576955,28148
235158,Renault Garcia Villalvilla,Renault,restricted,False,2.3,1.0,40.45727560955257,-3.4852991783882032,28148
304353,Repsol Torrejón Gaserto,Repsol - Ibil (ES),public_membership,True,50.0,1.0,40.45469040459042,-3.492297573464469,28130
473150,Mobis Parts,Repsol - Ibil (ES),restricted,False,22.0,4.0,40.44143525642323,-3.4956591986367584,28130
312165,Last Milei Fuel,Place To Plug,public_membership,True,60.0,2.0,40.44296955193482,-3.4865182033650512,28148
461971,Indra Vidrieros,Wenea,restricted,False,7.4,2.0,40.44583300227157,-3.490103377794526,28130
203044,Hotel Avant,(Business Owner at Location),restricted,False,22.0,1.0,40.44538449690597,-3.4880862723568957,28148
461972,K-in Punto Limpio,Ferrovial (ES),public,True,7.4,2.0,40.44632426943954,-3.486864651781161,28148
474444,E.S. Shell Torrejón,PRIOE,public_membership,True,90.0,2.0,40.446049977031606,-3.4835438864040498,28148
479575,Plenoil Torrejón De Ardoz IV,Plenergy (ES),public_membership,True,60.0,2.0,40.44548085689851,-3.482143751931517,28148
461973,E.S. Area 117 Valcarce,(Business Owner at Location),public_membership,True,180.0,4.0,40.43982339533713,-3.488549755258191,28148
461979,Transahaer,(Business Owner at Location),restricted,False,22.0,2.0,40.43951957620362,-3.49017095450688,28130
460557,Galp Mejorada Del Campo,GALP Electric,public_membership,True,180.0,2.0,40.38563864346574,-3.4904892361995508,28084
474974,Repsol Mejorada Del Campo,Repsol - Ibil (ES),public_membership,True,50.0,1.0,40.394931185665286,-3.4933453554478437,28084
235611,Burger King Mejorada,Iberdrola | BP Pulse (ES),public_membership,True,50.0,4.0,40.38962571860111,-3.4940757046726105,28084
472981,Repsol  Esla,Repsol - Ibil (ES),public_membership,True,120.0,2.0,40.38980452887648,-3.4929529188161723,28084
272840,Mercadona Esla,Mercadona,public_membership,True,22.0,2.0,40.389132662705066,-3.492928171292192,28084
207168,CITROEN MEJORAUTO,(Business Owner at Location),restricted,False,11.0,2.0,40.38849409155952,-3.483676080162013,28084
260291,Golf Negralejo - BarterGo,BarterGo (ES),public_membership,True,180.0,6.0,40.40947561661608,-3.51499242954074,28123
207171,Ahorramas Rivas,EDP,public_membership,True,7.4,4.0,40.38097051645178,-3.532460205110283,28123
266803,BP Pulse Torrelavega 7  San Fernado,Iberdrola | BP Pulse (ES),public_membership,True,150.0,2.0,40.4127789276685,-3.52108964365959,28130
300332,Plenoil Madrid IX,Plenergy (ES),public_membership,True,60.0,2.0,40.40956244891393,-3.5469359279585437,28079
279044,E.S. Nieves Torrejón (Atlante),Atlante,public_membership,True,150.0,2.0,40.47061574033435,-3.429788218458043,28148
297343,Petropix Torrejón,EDP,public_membership,True,150.0,2.0,40.46771383977023,-3.4340833544396503,28148
296885,Parking Hospital Torrejón,Endesa,public_membership,True,3.7,17.0,40.46474202119103,-3.4337913393370627,28148
510150,Fastned Oasiz,FastNed,public_membership,True,,2.0,40.4702433273294,-3.437273687447032,28148
296876,Centro Comercial Oasiz,eTecnic,public,True,7.4,10.0,40.470819429831664,-3.441157516334215,28148
296879,C.C. Oasiz (CCS Rápido),(Business Owner at Location),public,True,15.0,2.0,40.47138875925285,-3.441322830134112,28148
296877,Centro Comercial Oasiz (Parking Subterráneo),eTecnic,public,True,7.4,24.0,40.471627641185336,-3.4418000193618923,28148
511251,OASIZ - Zona Interior - Alpitronic,Chargia,public_membership,True,22.2,,40.4714,-3.4428,28148
308543,C.C. Oasiz Madrid (Electra),Electra,public_membership,True,300.0,16.0,40.47088540245409,-3.4427125099506384,28148
192760, Centro Comercial Oasiz,eTecnic,public,True,7.4,60.0,40.470511058297575,-3.4433427868936235,28148
203056,Hospital Quirón Valle de Henares,(Business Owner at Location),public,True,7.4,4.0,40.46593898196642,-3.440795672459103,28148
474438,Hub Torrejón de Ardoz (Wenea),Wenea,public_membership,True,360.0,22.0,40.46543646741597,-3.441611307742164,28148
290067,Plenoil Torrejón de Ardoz II,Plenergy (ES),public_membership,True,60.0,2.0,40.46527258325665,-3.442236095119142,28148
203055,Mercadona Torrejon 3,Mercadona,public_membership,True,22.0,2.0,40.46436617869628,-3.446026751962449,28148
296880,Ayunt. Torrejón - Campos Fútbol,Ferrovial (ES),public_membership,True,11.0,2.0,40.46300098958611,-3.448047513939173,28148
296875,Centro Comercial Oasiz,eTecnic,public,True,7.4,12.0,40.47015868297001,-3.445945694534913,28148
296878,Centro Comercial Oasiz (Parking Subterráneo),eTecnic,public,True,7.4,12.0,40.47092746817822,-3.446592935490372,28148
97202,Parque Corredor Mall,Iberdrola | BP Pulse (ES),public_membership,True,150.0,36.0,40.47498209437671,-3.4796253671762543,28148
296882,Ayunt. Torrejón - Centro Polivalente,Ferrovial (ES),public_membership,True,11.0,2.0,40.46130952393585,-3.467379986902756,28148
296881,Ayunt. Torrejón - El Juncal,Ferrovial (ES),public_membership,True,11.0,2.0,40.46188446730375,-3.4613220000201466,28148
203053,Opel Torrejón,(Business Owner at Location),restricted,False,22.0,1.0,40.45948436278397,-3.462010753792356,28148
203052,Ahorramas Torrejón 2,EDP,public_membership,True,50.0,6.0,40.45973048966994,-3.4600841028504874,28148
210608,McDonalds Torrejón ,Iberdrola | BP Pulse (ES),public_membership,True,50.0,4.0,40.458594319141326,-3.466352722077886,28148
203048,Aldi Torrejón,ALDI SÜD (DE),public,True,11.0,4.0,40.45817094120781,-3.467521230388684,28148
203047,C.C. On Plaza,Endesa,public_membership,True,22.0,6.0,40.45769771741237,-3.4700209772170183,28148
297978,Mercadona Torrejón,Mercadona,public_membership,True,22.0,2.0,40.4575344095594,-3.4688402735637,28148
203049,Ahorramas Torrejón de Ardoz,EDP,public_membership,True,7.4,4.0,40.45821797218446,-3.4670060783912504,28148
280377,C.C. Nasas Torrejón (Atlante),Atlante,public_membership,True,60.0,4.0,40.45189398367438,-3.4601053726179885,28148
296903,Ayunt. Torrejón - Centro Cultural El Parque,Ferrovial (ES),public_membership,True,11.0,2.0,40.44924722579685,-3.4644929348128244,28148
274093,BP Pulse Loeches,Iberdrola | BP Pulse (ES),public_membership,True,150.0,2.0,40.44220094031383,-3.4639059034710726,28148
203050,Mercadona Torrejon,Mercadona,public_membership,True,22.0,4.0,40.44472952895265,-3.462476047837299,28148
296902,Ayunt. Torrejón - Caja del Arte,Ferrovial (ES),public_membership,True,11.0,2.0,40.447050086538496,-3.4693162698269475,28148
307717,Ahorramas Joaquín Blume,EDP,public_membership,True,22.0,3.0,40.44699426320796,-3.468661015614572,28148
312166,Bluespace Torrejón,Umbrella eMobility (ES),public_membership,True,120.0,2.0,40.44635327704651,-3.466766728346528,28148
306399,Carrefour Torrejón,EDP,public_membership,True,22.0,6.0,40.449836716785455,-3.4707982767510543,28148
296883,Aldi Torrejón,ALDI SÜD (DE),public,True,7.4,2.0,40.45073753853012,-3.4711631370374505,28148
470472,Indra Torrejón,Wenea,restricted,False,7.4,2.0,40.45459574189229,-3.472692972364257,28148
296905,Ayunt. Torrejón - Teatro José María Rodero,Ferrovial (ES),public_membership,True,11.0,2.0,40.459908726744345,-3.47439153291316,28148
472765,GoFit Torrejon,Iberdrola | BP Pulse (ES),restricted,False,22.0,2.0,40.45922158785939,-3.476195222275692,28148
296906,Ayunt. Torrejón - Parking Plaza Mayor,Ferrovial (ES),public_membership,True,11.0,4.0,40.458792738624766,-3.4785678981245383,28148
203046,Ayunt. Torrejón - Parking Central,Ferrovial (ES),public_membership,True,11.0,4.0,40.45994468589456,-3.4797217449204254,28148
460568,Legrand Torrejón,GALP Electric,restricted,False,22.0,2.0,40.44903233542351,-3.4549409094333043,28148
203051,Mercadona Torrejon 2,Mercadona,public_membership,True,22.0,4.0,40.45873590216343,-3.457274479969328,28148
209686,Ahorramas Torrejón - Avenida de la Unión Europea,EDP,public_membership,True,22.0,2.0,40.45805408234372,-3.453370331330916,28148
298524,Residencia Amavir Torrejón,Endesa,restricted,False,7.0,2.0,40.45711317475815,-3.451821421524073,28148
209685,Ahorramas Torrejon - Plaza de Austria,EDP,public_membership,True,22.0,2.0,40.45871317630935,-3.447654239606436,28148
296904,"Ayunt. Torrejón -  Paseo de la Democracia, cruce con Avda. Carmen Martín Gaite y C/ Eduardo Chillida",Ferrovial (ES),public_membership,True,11.0,2.0,40.45983785231809,-3.440877419387561,28148
289586,Centro Deportivo INACUA Torrejón,Endesa,public_membership,True,150.0,4.0,40.45110737870601,-3.447929577113996,28148
207169,ITV Mejorada,(Business Owner at Location),restricted,False,7.4,4.0,40.38689485298411,-3.477200913912725,28084
460556,Hotel Los Prados,EDP,restricted,False,11.0,2.0,40.40032434510769,-3.415126290660908,28075
235247,Repsol Loeches,Repsol - Ibil (ES),public_membership,True,50.0,1.0,40.385096675544446,-3.407853387385785,28075
284786,BM Loeches,Repsol - Ibil (ES),restricted,False,22.0,4.0,40.401696594431314,-3.4105906284186176,28075
207214,Peugeot Auto Rallye Alcalá de Henares,(Business Owner at Location),restricted,False,22.0,1.0,40.47994754155468,-3.380117575562849,28005
207215,Factory Discount Lidl Alcalá,Lidl,public,True,7.4,2.0,40.47991259178028,-3.380673131678577,28005
90183,Hotel Ibis Alcala de Henares la Garena,PowerDot (Es),public_membership,True,50.0,10.0,40.475131,-3.392466,28005
201635,REPSOL Alcalá de Henares II,Repsol - Ibil (ES),public_membership,True,50.0,1.0,40.476070671022825,-3.393070081412702,28005
300331,Plenoil Alcalá de Henares I,Plenergy (ES),public_membership,True,60.0,2.0,40.47445805261788,-3.400846902879266,28005
304530,Pol. Las Matillas,Endesa,public_membership,True,150.0,4.0,40.47380688304662,-3.4018160970005056,28005
201633,REPSOL Alcalá de Henares,Repsol - Ibil (ES),public_membership,True,50.0,1.0,40.47129158024819,-3.413074642196534,28005
459964,Meiji Pharma,eTecnic,restricted,False,7.4,5.0,40.47044078918569,-3.4155914606951683,28005
304298,Green Gas,e-totem,public_membership,True,100.0,2.0,40.40778725837242,-3.371275522170407,28154
209679,Ahorramas Torres de la Alameda,EDP,public_membership,True,22.0,2.0,40.40913127301101,-3.3646509993866403,28154
207192,Ayto. Villalbilla El Viso,(Unknown Operator),public,True,22.0,1.0,40.4425026972815,-3.3671596252759173,28172
472766,Ayunt. Villablina. Calle Generalife,Iberdrola | BP Pulse (ES),public_membership,True,22.0,2.0,40.44545009109612,-3.3505187991305547,28172
461983,Cementerio Jardín de Alcalá de Henares - Tanatorio,(Unknown Operator),public,True,3.7,2.0,40.46210880230723,-3.362888811969924,28005
460555,Lidl Los Hueros,Lidl,public,True,11.0,3.0,40.44556127120933,-3.3608738888815424,28172
207194,Ahorramas Los Hueros,EDP,public_membership,True,22.0,4.0,40.445637870780246,-3.362018465422807,28172
235588,Burger King Los Hueros,Iberdrola | BP Pulse (ES),public_membership,True,50.0,2.0,40.44525234942233,-3.3624311376815967,28172
207193,Mercadona Los Hueros,Mercadona,public_membership,True,22.0,4.0,40.44518590653783,-3.363524095076855,28172
209678,Ahorramas Alcalá de Henares,EDP,public_membership,True,22.0,2.0,40.469717412999216,-3.3698348202183297,28005
472767,Ayunt. Villablina. Peñalara,Iberdrola | BP Pulse (ES),public_membership,True,22.0,2.0,40.45053987971619,-3.335310748076949,28172
460554,Galp Villalbilla,GALP Electric,public_membership,True,150.0,2.0,40.44696013842474,-3.325674535211931,28172
271072,BP Pulse Villalbilla,Iberdrola | BP Pulse (ES),public_membership,True,150.0,2.0,40.4443385753412,-3.32230190494511,28172
207191,Ayto. Villalbilla Centro Salud,(Unknown Operator),public,True,22.0,1.0,40.433778721728345,-3.3002921565184806,28172
304297,Ballenoil Villalbilla,Moeve (ES),public_membership,True,150.0,2.0,40.4343896094413,-3.2807469536483893,28172
460553,Ayunt. Villalbilla El Robledal,Iberdrola | BP Pulse (ES),public_membership,True,22.0,2.0,40.43396251004333,-3.2813800150926795,28172
274405,"E.S. MAcOil, La Paradilla (eTotem)",e-totem,public,True,100.0,2.0,40.56035289913524,-4.244126586963148,28135
306123,Ayunt. Zarzalejo,Zunder,public_membership,True,7.4,2.0,40.54704491212672,-4.1806058747740735,28183
202965,Ayunt. Robledo Chavela Parking Plaza de España,Iberdrola | BP Pulse (ES),public,True,22.0,2.0,40.50113211956281,-4.23812635458205,28125
209187,Hotel Los Cinco Enebros,(Business Owner at Location),restricted,False,3.7,1.0,40.51087404992393,-4.257458024280254,28125
312525,Ayunt. Peralejo,Iberdrola | BP Pulse (ES),public_membership,True,11.0,2.0,40.53987573757351,-4.125097804130462,28054
202966,Ayunt. Fresnedillas - Museo Lunar,ACCIONA - Cargacoches,public_membership,True,22.0,2.0,40.48514719141176,-4.169995012591016,28056
209188,ESM CALLE OLIVA,ACCIONA - Cargacoches,restricted,False,3.7,1.0,40.48977751793362,-4.169884084185355,28056
306124,Ayunt. Zarzalejo. Avenida de la Estación,Zunder,public_membership,True,7.4,2.0,40.53948337083486,-4.162683376093355,28183
235129,Parque Galapagar,TotalEnergies (ES),public_membership,True,100.0,4.0,40.575042781663456,-4.009071193936478,28061
209707,Ahorramas Galapagar,EDP,public_membership,True,7.4,2.0,40.574423821890974,-4.004981027379927,28061
290064,Plenoil Galapagar,Plenergy (ES),public_membership,True,60.0,2.0,40.574369989624586,-4.0066952379391125,28061
202970,Mercadona Colmenarejo,Mercadona,public_membership,True,22.0,4.0,40.56376957018188,-4.013579243267486,28044
472115,Ardagh,eTecnic,restricted,False,7.0,2.0,40.50059308878724,-4.054950101141969,28160
202969,Cocinas Alemanas,(Business Owner at Location),restricted,False,11.0,1.0,40.547125104900005,-4.0730959786003496,28160
202968,Mercadona Valdemorillo,Mercadona,public_membership,True,22.0,4.0,40.49966367317237,-4.070138298190727,28160
209703,Ahorramas Torrelodones,EDP,public_membership,True,22.0,4.0,40.578309126937,-3.9530499539263246,28152
202972,Ayunt. Torrelodones. Calle de José Luis Velasco,Repsol - Ibil (ES),public_membership,True,60.0,2.0,40.578296198941445,-3.952435709935912,28152
235179,XR Motos,(Business Owner at Location),restricted,False,7.4,3.0,40.57640072837435,-3.932066903270737,28152
235180,Ayunt. Torrelodones,Repsol - Ibil (ES),public_membership,True,60.0,2.0,40.57565619842859,-3.929602371318765,28152
202974,Rest El Trasgu,(Business Owner at Location),restricted,False,11.0,1.0,40.570003613296365,-3.924745760403084,28152
202973,Parking Policlínico HM Torrelodones,Endesa,public_membership,True,22.0,4.0,40.56949228101686,-3.926526760747606,28152
157618,Hotel Pax - Torrelodones,Iberdrola | BP Pulse (ES),public_membership,True,50.0,4.0,40.57145766373179,-3.926236475526821,28152
290533,Mercadona Torrelodones,Mercadona,public_membership,True,22.0,4.0,40.57092117602917,-3.9246599246522464,28152
202975,Lidl Torrelodones,Lidl,public,True,22.0,3.0,40.570748105628695,-3.9238313652047054,28152
163693,Centro Comercial Espacio Torrelodones,(Business Owner at Location),public_membership,True,11.0,8.0,40.5685035226393,-3.920269028837879,28152
235602,Burger King Torrelodones,Iberdrola | BP Pulse (ES),public_membership,True,50.0,2.0,40.568502006421056,-3.918247468255004,28152
312784,Ayunt. Torrelodones,Repsol - Ibil (ES),public_membership,True,60.0,2.0,40.57494524599514,-3.926397153915559,28152
306098,Hotel EXE Gran Hotel Almenar,GALP Electric,restricted,False,7.4,4.0,40.554605400166224,-3.900215388864922,28127
312174,Repsol,Repsol - Ibil (ES),public_membership,True,50.0,1.0,40.55251046026473,-3.897494740210078,28127
472023,Hotel Plaza Las Matas,Electromaps,restricted,False,22.0,2.0,40.55112736119085,-3.895519428758917,28127
458936,Ayunt. Las Matas,Zunder,public_membership,True,50.0,7.0,40.55186867286292,-3.8960161666370814,28127
287641,Hotel B&B Las Rozas,Endesa,public_membership,True,60.0,6.0,40.54550105189418,-3.895694795678594,28127
273253,Hotel ATTICA21 Las Rozas,Electrico.es,restricted,False,22.0,4.0,40.545099113297255,-3.8952660400586874,28127
202980,Supercor Las Matas,(Business Owner at Location),public,True,3.7,2.0,40.54436297975937,-3.898040616697358,28127
202978,Ahorramas Las Rozas,EDP,public_membership,True,11.0,3.0,40.53569680732383,-3.896956437897188,28127
202979,Europa Empresarial Business Park,Electromaps,restricted,False,3.7,12.0,40.53848391817914,-3.8927416874353193,28127
202977,BMW Movilnorte,(Business Owner at Location),restricted,False,22.0,2.0,40.5312365186235,-3.889315728624752,28127
207146,Carrefour Las Rozas,Carrefour (ES),public,True,22.0,4.0,40.52364759284271,-3.884710435834336,28127
235181,Renfe Pinar de las Rozas,(Unknown Operator),public,True,3.7,2.0,40.52216503722971,-3.8831451041959326,28127
311979,Carrefour Las Rozas (DC),Carrefour (ES),public_membership,True,150.0,2.0,40.52398123032353,-3.884884754686652,28127
299403,MD101,Place To Plug,restricted,False,22.0,8.0,40.52560927280834,-3.889417695125559,28127
202963,GIREVE Oficinas,(Business Owner at Location),restricted,False,7.4,1.0,40.52062177908513,-3.890306781419724,28127
305572,Sede DIA,REMO Mobility (ES),restricted,False,7.4,3.0,40.52110555618498,-3.89083443408731,28127
267310,Metrovacesa (parking),(Business Owner at Location),restricted,False,7.4,7.0,40.52224276190893,-3.8885413238488127,28127
307413,C.C. EL Palmeral,(Business Owner at Location),public_membership,True,7.4,4.0,40.52265362435696,-3.8904925410869566,28127
279955,Parking Biblioteca,Zunder,public_membership,True,22.0,9.0,40.52362139519414,-3.891267570941807,28127
462277,Ayunt. Las Rozas. Navalcarbón,Zunder,public_membership,True,22.0,8.0,40.51623582156688,-3.8993214244108,28127
473114,C.C. Las Rozas Village,Endesa,public_membership,True,22.0,6.0,40.51815644627087,-3.901828534658193,28127
201766,Style Outlet Las Rozas,Iberdrola | BP Pulse (ES),public_membership,True,50.0,4.0,40.51684712113939,-3.89088956939554,28127
265941,Leroy Merlin Pinar de Las Rozas,Iberdrola | BP Pulse (ES),public_membership,True,22.0,8.0,40.51765646549916,-3.888110936224848,28127
285068,Repsol Las Rozas,Repsol - Ibil (ES),public_membership,True,50.0,1.0,40.50403931107499,-3.888580264916897,28127
201767,Europolis,Iberdrola | BP Pulse (ES),public_membership,True,22.0,2.0,40.501661148273286,-3.8877126129268618,28127
207144,Lidl Las Rozas,Lidl,public,True,22.0,6.0,40.50140715481521,-3.8863006043803807,28127
207143,VW Las Rozas,(Business Owner at Location),restricted,False,22.0,2.0,40.4989305649178,-3.8878053383732833,28127
280533,Nissan Las Rozas (Allego),Allego BV,public_membership,True,50.0,1.0,40.49928677234956,-3.887835559272304,28127
280331,C.C. Gran Plaza 2 (Electra),Electra,public_membership,True,200.0,8.0,40.49144238553436,-3.899219721455808,28080
207139,Gran Plaza 2 Majadahonda,(Business Owner at Location),public,True,22.0,4.0,40.49111930061164,-3.898515834530031,28080
487821,C.C. Arco,Endesa,public_membership,True,300.0,6.0,40.48942629524976,-3.896157880712877,28080
258238,Tesla Supercharger Majadahonda C.C. Gran Plaza (P. Interior),Tesla (including non-tesla),public_membership,True,250.0,20.0,40.489947780097054,-3.897978703646999,28080
207142,Renault RG Las Rozas,Renault,restricted,False,22.0,1.0,40.49639107239796,-3.887168613880135,28127
489149,Cepsa Villanueva del Pradillo,Moeve (ES),public_membership,True,300.0,2.0,40.485890866413854,-3.942416851378539,28177
235186,Centro Cívico Príncipe de Asturias,(Unknown Operator),public,True,3.7,2.0,40.49681236469496,-3.96557732136364,28177
235185,Centro Cultural Villanueva del Pardillo,(Unknown Operator),public,True,3.7,2.0,40.49218831151256,-3.962923508606423,28177
235184,Ayunt. Villanueva del Pardillo,(Unknown Operator),public,True,3.7,2.0,40.48732765086047,-3.9668062845876193,28177
129712,Mercadona Pardillo,Mercadona,public_membership,True,22.0,4.0,40.490078987082,-3.95560212885653,28177
209702,Ahorramas Villanueva del Pardillo,EDP,public_membership,True,22.0,4.0,40.48954455710381,-3.95496844379386,28177
492184,E.S. Repsol Jovipe,Repsol - Ibil (ES),public_membership,True,50.0,1.0,40.50691922428666,-3.913722970671188,28127
160808,Ayuntamiento Las Rozas - El Cantizal,(Unknown Operator),public,True,22.0,2.0,40.51923504135053,-3.9341275021151887,28127
306309,Real Club de Golf Las Rozas,Eranovum (ES),public_membership,True,60.0,4.0,40.54758368348976,-3.9160968387380137,28127
298165,E.S. Repsol Torrelodones,Repsol - Ibil (ES),public_membership,True,50.0,1.0,40.56827796037675,-3.917624710963139,28152
193404,Verdecora Torrelodones,Endesa,public_membership,True,60.0,6.0,40.567603281068926,-3.91715777489776,28152
207145,COSTCO Las Rozas,(Business Owner at Location),public,True,180.0,16.0,40.5110272378204,-3.8778836386014746,28127
474437,Hub Las Rozas (Wenea),Wenea,public_membership,True,360.0,32.0,40.508202154775006,-3.877135874109285,28127
462278,Centro Deportivo La Marazuela,(Business Owner at Location),public,True,22.0,12.0,40.50020752418149,-3.8688994655595934,28127
235182,Estación Renfe Cercanías Las Rozas,(Unknown Operator),public,True,11.0,2.0,40.49451880282126,-3.86820176911192,28127
279954,Parking Avenida de la Constitución,Zunder,public_membership,True,22.0,24.0,40.491693438555046,-3.87534196599006,28127
207140,Centro Comercial Burgocentro,Endesa,public_membership,True,22.0,6.0,40.48943676266666,-3.875646943068432,28127
304624,Mercadona Las Rozas,Mercadona,public_membership,True,22.0,4.0,40.48878687093304,-3.8753122200961343,28127
266794,BP Las Rozas,Iberdrola | BP Pulse (ES),public_membership,True,150.0,4.0,40.489904124622825,-3.874137466103917,28127
298139,Supermercado Hiber Las Rozas,Eranovum (ES),public_membership,True,3.6,8.0,40.496411946006646,-3.861121665112052,28127
191239,Club de tiro,(Business Owner at Location),public,True,5.75,1.0,40.489964733847245,-3.7439845465072494,28079
290236,Ayunt. Madrid: Calle Lezama  (TotalEnergies),TotalEnergies (ES),public_membership,True,100.0,3.0,40.49066622254065,-3.689485488443381,28079
272837,"Mercadona, Orduña, Madrid",Mercadona,public_membership,True,22.0,4.0,40.49029470359574,-3.688658697164328,28079
307301,Ed. Essilor,Wenea,restricted,False,7.0,4.0,40.48836688779997,-3.688100410415018,28079
306337,Bluspace Ramon Y Cajal,Umbrella eMobility (ES),public_membership,True,90.0,2.0,40.488943622231744,-3.690423664367671,28079
207128,Interparking La Paz,Interparking (ES),public,True,8.0,29.0,40.481726239963365,-3.687585347508957,28079
311478,Univ. Autonoma. Medicina,Qwello,public_membership,True,22.0,4.0,40.48101639262467,-3.691068877910652,28079
470968, Univ. Autonoma. Instituto Biomedicina,Qwello,public_membership,True,22.0,4.0,40.48269245474253,-3.691372839392784,28079
237691,Zity,Iberdrola | BP Pulse (ES),restricted,False,50.0,3.0,40.4882983378466,-3.693394809650812,28079
472597,Parking Hospital Ramón Y Cajal (Telpark),Telpark (ES),public_membership,True,22.0,6.0,40.48744564361263,-3.695879793392976,28079
492185,Escuela Universitaria de Fisioterapia (ONCE),Repsol - Ibil (ES),restricted,False,7.4,3.0,40.49391570167123,-3.706995292644024,28079
191243,Hotel Eurostars Mirasierra,GALP Electric,restricted,False,7.4,8.0,40.48672815192256,-3.703213328216634,28079
272925,Mercadona Alfredo Marqueríe,Mercadona,public_membership,True,22.0,2.0,40.485936308970935,-3.707118077272298,28079
460688,Clínica Ruber,emovili Fast (ES),public_membership,True,7.4,3.0,40.48944665490538,-3.714354515009632,28079
191237,Supermecado Plaza,(Business Owner at Location),public_membership,True,22.0,2.0,40.49072863513203,-3.721228001940716,28079
209708,Ahorramas Fuencarral,EDP,public_membership,True,22.0,2.0,40.49002426599657,-3.7215181755474314,28079
235263,CC La Vaguada (MOOVE Cars),Telpark (ES),public_membership,True,120.0,20.0,40.48006335963535,-3.707464162923088,28079
207129,Centro Comercial La Vaguada,(Business Owner at Location),public,True,22.0,11.0,40.48058715881282,-3.7064528057482,28079
191574,Colegio Valdeluz,(Unknown Operator),restricted,False,22.0,2.0,40.48327826472496,-3.70787845007294,28079
312782,Repsol Esecisa,Repsol - Ibil (ES),public_membership,True,50.0,1.0,40.48316925468882,-3.7052943900026776,28079
191576,Mercadona Mirasierra,Mercadona,public_membership,True,22.0,4.0,40.488175968989054,-3.7311097305877183,28079
191575,Parking EMT Disuasorio Pitis,Electro-EMT,public,True,7.4,12.0,40.4959253711969,-3.7251833666108496,28079
191240,Aparcamiento McDonalds y Clínica Cemtro,(Business Owner at Location),public,True,11.0,4.0,40.49504205168458,-3.718297823749367,28079
274403,Repsol Fresno,Repsol - Ibil (ES),public_membership,True,50.0,1.0,40.49562325570625,-3.7186455317142872,28079
207131,Go Fit Montecarmelo,Iberdrola | BP Pulse (ES),public_membership,True,7.4,6.0,40.49974608924296,-3.714782675150218,28079
207130,C.C. Mirasierra Gallery,(Business Owner at Location),public,True,22.0,7.0,40.49719456535132,-3.714695017945701,28079
305835,Clínica Cemtro,Endesa,restricted,False,22.0,2.0,40.49411141077945,-3.717190974782227,28079
307420,Universida Villanueva,(Business Owner at Location),restricted,False,7.4,2.0,40.49736991399263,-3.704288611427387,28079
191573,Mercadona Valverde,Mercadona,public_membership,True,50.0,8.0,40.50264332592701,-3.707280422374765,28079
207132,Fundación A La Par,(Business Owner at Location),restricted,False,11.0,2.0,40.50188488264439,-3.708936562190957,28079
311474,Univ. Autonoma. Biblioteca ,Qwello,public_membership,True,22.0,8.0,40.54286788836205,-3.698861180871319,28079
311475,Univ. Autonoma. Parking Rectorado,Qwello,public_membership,True,22.0,8.0,40.54364284127925,-3.6956958829380815,28079
311476,Univ. Autonoma. Fac. Psicología,Qwello,public_membership,True,22.0,8.0,40.543128609601126,-3.693479148700249,28079
274411,UAM-Derecho,ACCIONA - Cargacoches,public_membership,True,50.0,4.0,40.54213648435453,-3.691364226136102,28079
311477,Univ. Autonoma. Derecho,Qwello,public_membership,True,22.0,4.0,40.54181909272526,-3.692044898119605,28079
274412,UAM-Ciencias,ACCIONA - Cargacoches,public_membership,True,50.0,4.0,40.54727476047682,-3.691906612403045,28079
280823,UAM - Residencia ERASMO II,(Business Owner at Location),public_membership,True,7.4,2.0,40.54873377500158,-3.696827428023255,28079
280822,UAM - Residencia ERASMO I,(Business Owner at Location),public_membership,True,7.4,2.0,40.54801366803818,-3.6988229099087846,28079
266260,Universidad Comillas,Repsol - Ibil (ES),restricted,False,7.4,12.0,40.55058240317939,-3.6818970769012367,28006
163848,El Meson de Fuencarral,(Business Owner at Location),restricted,False,3.7,2.0,40.529708,-3.693392,28079
191581,Restaurante El Ninot,REMO Mobility (ES),public_membership,True,60.0,4.0,40.5051678413929,-3.685727396569291,28079
460686,E.S. Repsol Fuencarral-El Pardo,Repsol - Ibil (ES),public_membership,True,50.0,1.0,40.507156172555085,-3.690918433431193,28079
305834,Clínica Cemtro,Endesa,restricted,False,22.0,2.0,40.50960563053846,-3.692259010559383,28079
288918,C.C. Montecarmelo,Iberdrola | BP Pulse (ES),public_membership,True,50.0,10.0,40.51008847860135,-3.6902610886902494,28079
207121,AhorraMas - Monasterio,EDP,public_membership,True,11.0,2.0,40.508553629558406,-3.694059482041439,28079
506296,BM Montecarmelo,Zunder,public_membership,True,100.0,4.0,40.50215004906653,-3.698548514831032,28079
280828,Parking Colonial,(Business Owner at Location),restricted,False,7.4,10.0,40.4813479107016,-3.6647805922290217,28079
191744,Parking EMT Fuente de la Mora (Parking Disuasorio),Electro-EMT,public_membership,True,7.4,10.0,40.48472568096574,-3.662908201256186,28079
191743,Fuente de la Mora Carsharing,(Unknown Operator),restricted,False,22.0,1.0,40.48513360663671,-3.666181813040538,28079
297113,Arte Hoteles,(Business Owner at Location),restricted,False,22.0,4.0,40.48288764936004,-3.671005336652655,28079
472116,Avenida de Burgos,eTecnic,restricted,False,22.0,14.0,40.487991003125984,-3.6723936335687313,28079
61065,BMW IBERICA Madrid,(Unknown Operator),restricted,False,50.0,,40.488541,-3.672387,28079
271109,Parking Edificio Solaris,Eranovum (ES),restricted,False,30.0,14.0,40.48821961380705,-3.670138336679088,28079
210103,Hotel Occidental Castellana Norte,Endesa,restricted,False,22.0,4.0,40.48807032193042,-3.6682758576428114,28079
191741,Tesla Service Madrid Norte,(Business Owner at Location),restricted,False,11.0,1.0,40.48796914107089,-3.667559119893213,28079
191742,Cink Coworking Manoteras,(Business Owner at Location),restricted,False,11.0,1.0,40.4869758146148,-3.666965453146332,28079
85486,Hospital Universitario HM Sanchinarro,Endesa,public_membership,True,11.0,4.0,40.49030669819203,-3.6665891073581633,28079
191739,Hospital Sanitas La Moraleja,(Business Owner at Location),public,True,22.0,1.0,40.49252931126347,-3.662925181077753,28079
207126,Renault Retail,(Business Owner at Location),restricted,False,22.0,5.0,40.4947233198034,-3.6694918459977535,28079
306114,Hotel EXE Madrid Norte,GALP Electric,restricted,False,7.4,2.0,40.49103379630728,-3.670283394964571,28079
470987,Ed. EDP,EDP,restricted,False,11.0,100.0,40.49307808604041,-3.671887158553545,28079
168589,Centro Porsche Madrid Norte,Porsche Smart Mobility GmbH,restricted,False,320.0,8.0,40.4902436127941,-3.6733219711926495,28079
191582,Autocine Madrid RACE,(Business Owner at Location),public_membership,True,3.7,2.0,40.48651228746687,-3.677618510250227,28079
280531,Nissan Alcobendas (Allego),Allego BV,restricted,False,50.0,1.0,40.5204801185985,-3.6639854525860183,28006
191478,Rest. Mentidero,(Business Owner at Location),restricted,False,3.0,1.0,40.51742702961906,-3.667203129987456,28079
305793,Padle Madrid Las Tablas,emovili Fast (ES),public_membership,True,7.4,2.0,40.50246571304877,-3.674162575313346,28079
460685,Shell Las Tablas,PRIOE,public_membership,True,90.0,2.0,40.5084302144964,-3.67866932657148,28079
207109,Mercadona María Tubau,Mercadona,public_membership,True,22.0,4.0,40.51275388988611,-3.677713864650059,28079
460684,Parking Bilma,Electromaps,public_membership,True,22.0,3.0,40.512970497461,-3.674085958017941,28079
191579,"Hinober, María Tubau",(Business Owner at Location),restricted,False,11.0,1.0,40.51411095020771,-3.6726259451356498,28079
209710,Ahorramas  de San Juan de Ortega,EDP,public_membership,True,22.0,4.0,40.506593346086845,-3.675820485447048,28079
460683,BBVA,Endesa,restricted,False,7.4,7.0,40.51432847250132,-3.671817362217212,28079
201640,Repsol Las Tablas,Repsol - Ibil (ES),public_membership,True,50.0,2.0,40.50231285517867,-3.6630472558484826,28079
207125,GMP - Arqbórea,(Business Owner at Location),restricted,False,4.6,1.0,40.49793697293447,-3.671422199758808,28079
470986,Edificio Oxxeo,(Business Owner at Location),restricted,False,22.0,4.0,40.49631783324989,-3.672199376456547,28079
207124,Mercadona Las Tablas,Mercadona,public_membership,True,22.0,6.0,40.49763178517625,-3.668864400249049,28079
305136,Aldi Las Tablas (Atlante),Atlante,public_membership,True,100.0,4.0,40.49759649322516,-3.667972068758644,28079
207127,AhorraMas - Quintanapalla,EDP,public_membership,True,7.4,5.0,40.498449707476055,-3.666878555198082,28079
235254,Hotel NH Madrid Las Tablas,Wenea,restricted,False,30.0,5.0,40.49840048521682,-3.66478318070412,28079
207122,BMW Madrid,(Business Owner at Location),restricted,False,22.0,2.0,40.49941247626603,-3.6647835630374175,28079
188955,Burger King Sanchinarro,Iberdrola | BP Pulse (ES),public_membership,True,50.0,2.0,40.49745432939096,-3.6630753481921374,28079
84441,El Corte Ingles Sanchinarro,(Business Owner at Location),public_membership,True,80.0,16.0,40.49766,-3.661081,28079
506819,Pfizer,EDP,restricted,False,22.0,10.0,40.51522807405584,-3.657479859337229,28006
471409,Ayunt. alcobendas. Avda. Europa,Iberdrola | BP Pulse (ES),public_membership,True,100.0,3.0,40.51413432501559,-3.657802097695594,28006
266261,Avenida de Europa: Parking Schindler,Repsol - Ibil (ES),restricted,False,7.4,2.0,40.51421267344461,-3.658107067480501,28006
191489,Acciona Agua,ACCIONA - Cargacoches,restricted,False,22.0,1.0,40.51547668384728,-3.656532337274825,28006
486642, C.C. Plaza Moraleja,Iberdrola | BP Pulse (ES),public_membership,True,150.0,6.0,40.51436352413495,-3.652757851466845,28006
475341,Ayunt. Alcobendas.  Plaza de la Moraleja,Iberdrola | BP Pulse (ES),public_membership,True,100.0,3.0,40.51581715369807,-3.651510041984096,28006
235154,Repsol la Moraleja,Repsol - Ibil (ES),public_membership,True,50.0,1.0,40.51574742272058,-3.650910671740348,28006
191247,Centro Comercial El Encinar,Endesa,public_membership,True,22.0,4.0,40.508638965347416,-3.644484251035692,28006
471410,Ayunt. Alcobendas. Vereda del Palacio,Iberdrola | BP Pulse (ES),public_membership,True,100.0,3.0,40.50853252797779,-3.64378759077681,28006
190942,Cargador 78,Monta,restricted,False,7.2,1.0,40.50081063296412,-3.639118637361914,28079
207108,La Moraleja Campo II,Iberdrola | BP Pulse (ES),public_membership,True,7.4,6.0,40.50710749065442,-3.626447322658578,28079
470973,Polideportivo José Caballero,(Unknown Operator),public,True,22.0,2.0,40.53633237318036,-3.622567740404861,28006
470972,Ayunt. Alcobendas. Polideportivo José Caballero,Iberdrola | BP Pulse (ES),public_membership,True,100.0,3.0,40.53690128165829,-3.623063261625475,28006
470977,Ayunt. Alcobendas. Avda. Anabel Segura,Iberdrola | BP Pulse (ES),public_membership,True,100.0,3.0,40.53460918562925,-3.6270366207807,28006
280826,Parking Colonial,(Business Owner at Location),restricted,False,7.4,52.0,40.53317535610449,-3.6285997366740617,28006
470470,Indra Vega,Wenea,restricted,False,22.0,2.0,40.53371387874543,-3.630182665756593,28006
266262,ITP ,Repsol - Ibil (ES),restricted,False,7.4,4.0,40.5332259489285,-3.630219563355468,28006
470976,Ayunt. Alcobendas. Avenida de la Ermita,Iberdrola | BP Pulse (ES),public_membership,True,100.0,3.0,40.53657358272287,-3.636751725014165,28006
306117,Hotel Eurostars Gran Madrid,GALP Electric,restricted,False,7.4,2.0,40.53426961695544,-3.634210990175575,28006
470978,Ayunt. Alcobendas. Avda. Bruselas,Iberdrola | BP Pulse (ES),public_membership,True,100.0,3.0,40.53144970752064,-3.635094675860728,28006
307279,Ayunt. Alcobendas. Av. Bruselas ,Qwello,public_membership,True,22.0,1.0,40.53118765247751,-3.6364376033903056,28006
306118,Club de Padel La Moraleja,PowerDot (Es),restricted,False,50.0,20.0,40.529168228649525,-3.639913856191925,28006
470469,Indra Alcobendas,Wenea,restricted,False,22.0,2.0,40.52908868067664,-3.641417681046505,28006
470979,Ayunt. Alcobendas.  La Moraleja,Iberdrola | BP Pulse (ES),public_membership,True,100.0,3.0,40.52960005708405,-3.6403666548189904,28006
489153,C.C. la Vega,Iberdrola | BP Pulse (ES),public_membership,True,150.0,36.0,40.53424081132874,-3.6381604865080135,28006
307299,Edificio Amura ,eTecnic,restricted,False,7.0,2.0,40.53621243334484,-3.639530852080952,28006
191448,Hotel Amura Alcobendas,(Business Owner at Location),restricted,False,3.7,1.0,40.53603893467877,-3.640861778158524,28006
460680,Hotel Calido Alcobendas,(Business Owner at Location),restricted,False,20.0,7.0,40.534361163650544,-3.6431242871096856,28006
460679,Parque Comercial Río Norte Alcobendas,emovili Fast (ES),public_membership,True,120.0,2.0,40.531802562246725,-3.644363077988487,28006
475344,Petroprix Alcobendas I,EDP,public_membership,True,150.0,2.0,40.53635757118806,-3.64955824419593,28006
191453,Taller C. de Salamanca,(Business Owner at Location),restricted,False,7.4,1.0,40.53080693565349,-3.649645203841345,28006
191452,Saltoki Alcobendas,(Business Owner at Location),restricted,False,22.0,1.0,40.53108671039325,-3.648536266867353,28006
191454,Ford,(Business Owner at Location),restricted,False,11.0,1.0,40.53081610861409,-3.6504296749534433,28006
475775,Ayunt. Alcobendad. Calle de Calabozos,Iberdrola | BP Pulse (ES),public_membership,True,100.0,3.0,40.53062496361184,-3.651917727432192,28006
265559,Kia Reatil Alcobendas,EDP,restricted,False,22.0,2.0,40.53063228877656,-3.651112631271758,28006
474370,Carrefour Alcobendas,Carrefour (ES),public,True,7.4,2.0,40.52651645308603,-3.650947162560186,28006
303500,Parque Empresarial Minparc III Alcobendas,REMO Mobility (ES),public_membership,True,120.0,4.0,40.52755695050877,-3.645927730313844,28006
470980,Ayunt. Alcobendas. Calle de la Begoña,Iberdrola | BP Pulse (ES),public_membership,True,100.0,3.0,40.52166350353522,-3.644471960187161,28006
191473,Carrefour Alcobendas (DC),Carrefour (ES),public,True,150.0,4.0,40.52601980685017,-3.6509949672469295,28006
191474,FCM,(Business Owner at Location),restricted,False,7.4,1.0,40.524518267768656,-3.653239071300135,28006
288920,Makro Alcobedas,Iberdrola | BP Pulse (ES),public_membership,True,7.4,16.0,40.525467757894376,-3.657215677582599,28006
274410,E.S. Repsol Fuencarral,Repsol - Ibil (ES),public_membership,True,180.0,2.0,40.52459028580367,-3.656069255151806,28006
191475,Mercadona Alcobendas,Mercadona,public_membership,True,22.0,4.0,40.52379479853312,-3.656947871428997,28006
235153,Burger King Alcobendas,Iberdrola | BP Pulse (ES),public_membership,True,50.0,2.0,40.52334874147047,-3.6569470080398494,28006
191488,Acciona - Avenidad de Europa,ACCIONA - Cargacoches,restricted,False,22.0,1.0,40.51696351601902,-3.656193196258215,28006
163667,Moraleja Green (Tesla DC),(Business Owner at Location),public,True,11.0,,40.51851578188425,-3.656960036283124,28006
191481,Estación de recarga ACCIONA-Bia en Moraleja Green,ACCIONA - Cargacoches,public_membership,True,7.4,6.0,40.51885970967834,-3.6560329530277897,28006
191483,Tesla Supercharger Madrid North,Tesla (including non-tesla),public_membership,True,250.0,20.0,40.51997396774792,-3.6570176030364503,28006
191482,Transmaditerranea,ACCIONA - Cargacoches,restricted,False,22.0,2.0,40.51880678558081,-3.657610603038819,28006
460682,Golf Park Madrid,emovili Fast (ES),public_membership,True,7.4,16.0,40.51791090761202,-3.659613587190165,28006
497780,Avenida de Europa,Endesa,restricted,False,22.0,1.0,40.51941626414063,-3.660632524604466,28006
471407,Ayunt. Alcobendas. Avenida de Europa,Iberdrola | BP Pulse (ES),public_membership,True,100.0,3.0,40.52044218040703,-3.660059587750311,28006
191480,Sede de Groupe Renault,Renault,restricted,False,22.0,1.0,40.52024028104228,-3.6612919523021503,28006
191476,Obramart parking subterráneo,(Business Owner at Location),public,True,3.7,9.0,40.522732848109655,-3.658194090215801,28006
470983,Ayunt. Alcobendas. Calle Aragoneses,Iberdrola | BP Pulse (ES),public_membership,True,100.0,3.0,40.52432419544573,-3.659879174473872,28006
470467,Acens Technologies,Wenea,restricted,False,22.0,2.0,40.526803650721206,-3.660382255735726,28006
470468,NODE Alcobendas,Wenea,restricted,False,7.4,13.0,40.53093663530922,-3.661254038559719,28006
470985,Emobili Oficinas,(Business Owner at Location),restricted,False,22.0,5.0,40.52944664403242,-3.659295545950613,28006
271088,BP Pulse El Sapo,Iberdrola | BP Pulse (ES),public_membership,True,150.0,2.0,40.5285755496575,-3.65970366302375,28006
460681,M TEAM BOX,Electromaps,public_membership,True,7.4,2.0,40.52714155080625,-3.659326935389572,28006
191456,Acciona I+D,(Business Owner at Location),restricted,False,11.0,1.0,40.53091777830514,-3.655695938433638,28006
191455,Parking Valportillo 20,(Business Owner at Location),public,True,3.7,2.0,40.53236535939328,-3.653813148351958,28006
471406,Ayunt. Alcobendas. Calle de La Granja,Iberdrola | BP Pulse (ES),public_membership,True,100.0,3.0,40.53494896696628,-3.6567097386136993,28006
475774,Ayunt. Alcobendas. Paseo de la Chopera,Iberdrola | BP Pulse (ES),public_membership,True,100.0,3.0,40.54528523107757,-3.6592201507619393,28006
470982,Ayunt. Alcobendas. Calle del Marqués de la Valdavia,Iberdrola | BP Pulse (ES),public_membership,True,100.0,3.0,40.54643946540034,-3.652812539188403,28006
475342,Ayunt. Alcobendas. Avenida de los Reyes Católicos,Iberdrola | BP Pulse (ES),public_membership,True,100.0,3.0,40.53665205468874,-3.650133966132131,28006
191450,"Hinober, Valgrande",(Business Owner at Location),restricted,False,3.7,1.0,40.53763698691537,-3.6499032675974377,28006
191449,Center Car,(Business Owner at Location),restricted,False,7.4,1.0,40.538747648841,-3.651178184179969,28006
471402,Ayunt. Albobendas. Calle del Doctor Adolfo Romero,Iberdrola | BP Pulse (ES),public_membership,True,100.0,3.0,40.54327698370054,-3.644642492204412,28006
478174,Ayunt. Alcobendas. Avenida del Doctor Severo Ochoa,Iberdrola | BP Pulse (ES),public_membership,True,100.0,3.0,40.54216157010393,-3.651978210306197,28006
280824,Ahorramas Alcobendas,EDP,public_membership,True,22.0,4.0,40.54799736871843,-3.651755776108047,28006
478175,Ayunt. Alcobendas. Calle Constitución,Iberdrola | BP Pulse (ES),public_membership,True,100.0,3.0,40.54721987447815,-3.6453690881862713,28006
471405,Ayunt. Alcobendas. Calle de Manuel de Falla,Iberdrola | BP Pulse (ES),public_membership,True,100.0,3.0,40.55279149491102,-3.642451033106795,28006
191433,MERCADONA Tempranales,Mercadona,public_membership,True,22.0,4.0,40.55587761208608,-3.6538899616468825,28134
191436,Renault Autofer Alcobendas,Renault,restricted,False,11.0,2.0,40.54696539241411,-3.654627330292669,28006
191435,McDonalds Alcobendas,Endesa,public_membership,True,60.0,2.0,40.54762864772928,-3.656482806957115,28006
307297,Ayunt. Alcobendas. Espacio Miguel Delibes,Qwello,public_membership,True,22.0,1.0,40.55143919447991,-3.656874788742215,28006
312170,Ayunt. Alcobendas: Espacio Miguel Delibes,Iberdrola | BP Pulse (ES),public_membership,True,100.0,3.0,40.55087250938939,-3.6575116473679534,28006
209728,Carrefour Alcobendas,EDP,public_membership,True,22.0,10.0,40.54790112993183,-3.661288035704388,28006
475478,Casa,(Unknown Operator),public,True,7.4,1.0,40.55489313893421,-3.659617146272353,28006
191431,AhorraMás San Sebastián de los Reyes,EDP,public_membership,True,22.0,4.0,40.55741717235824,-3.653920590948815,28134
191432,Lidl San Sebastian de los Reyes,Lidl,public,True,22.0,4.0,40.55677060968088,-3.65391971954864,28134
312346,Cepsa San Sebastián de los Reyes,Moeve (ES),public_membership,True,150.0,1.0,40.559506944073206,-3.621941058607547,28134
191423,Ballenoil San Sebastian de los Reyes III,Iberdrola | BP Pulse (ES),public_membership,True,50.0,2.0,40.559241312300685,-3.622622934234755,28134
305833,Residencia La Marina,Endesa,restricted,False,7.0,2.0,40.55535920073885,-3.6230571020639672,28134
207107,Mercadona San Sebastian de los Reyes,Mercadona,public_membership,True,22.0,2.0,40.5565368052375,-3.6270401909259817,28134
312171,C.C. La Viña,PowerDot (Es),public_membership,True,80.0,10.0,40.5481312122152,-3.634381402360731,28134
265957,Mercadona La Viña,Mercadona,public_membership,True,22.0,4.0,40.54734790018574,-3.634208557592245,28134
191438,Repsol Av. España,Repsol - Ibil (ES),public_membership,True,50.0,1.0,40.54609442335709,-3.634885423996934,28006
470974,Avenida de España,emovili Fast (ES),public_membership,True,7.4,2.0,40.54683920079586,-3.641292966793344,28006
191437,Ayunt. Alcobendas. Avenida de España,Iberdrola | BP Pulse (ES),public_membership,True,100.0,3.0,40.54644850226518,-3.641829852605497,28006
470975,Ayunt. Alcobendas. Calle Constitución,Iberdrola | BP Pulse (ES),public_membership,True,100.0,3.0,40.54330522391066,-3.638067756116016,28006
497779,"Ayunt. Alcobendas, Calle del Marqués de la Valdavia",Iberdrola | BP Pulse (ES),public_membership,True,100.0,3.0,40.54110054816604,-3.637172500116321,28006
305141,Aldi Alcobendas (Atlante),Atlante,public_membership,True,150.0,6.0,40.53713689562704,-3.63981806645188,28006
191439,Hotel Uve Alcobendas,(Business Owner at Location),restricted,False,7.4,1.0,40.53728657516968,-3.634952160638022,28006
471403,Ayunt. Albobendas. Plaza de la Artesanía,Iberdrola | BP Pulse (ES),public_membership,True,100.0,3.0,40.54081788191528,-3.6353084424662256,28006
307298,Ayunt. Alcobendas. Centro Cívico,Qwello,public_membership,True,22.0,1.0,40.54081689555497,-3.634102812582,28006
301440,Repsol Salvador Allende,Repsol - Ibil (ES),public_membership,True,120.0,3.0,40.53754994104549,-3.633958411565345,28006
471404,Ayunt. Alcobendas. Plaza de Henri Dunant,Iberdrola | BP Pulse (ES),public_membership,True,100.0,3.0,40.54414599134495,-3.629756850704325,28006
191442,Supermercado BM San Sebastián de los Reyes,(Unknown Operator),public_membership,True,22.0,1.0,40.54622149114627,-3.6223319874992512,28134
191441,Mercadona Sanse,Mercadona,public_membership,True,22.0,4.0,40.540831371026144,-3.624134361439559,28134
191440,Ahorramas San Sebastián de los Reyes,EDP,public_membership,True,22.0,5.0,40.54088107786529,-3.625246282135521,28134
202023,McDonald's Alcobendas,Endesa,public_membership,True,150.0,2.0,40.5380665801469,-3.623276055938845,28006
191446,Ikea San Sebastian de los Reyes,Iberdrola | BP Pulse (ES),public_membership,True,7.4,14.0,40.54518040008722,-3.611948554362698,28134
473179,C.C. Plaza Norte (Iberdrola),Iberdrola | BP Pulse (ES),public_membership,True,150.0,26.0,40.54053178121893,-3.613137601461858,28134
280333,C.C. Plaza Norte 2 (Electra),Electra,public_membership,True,200.0,8.0,40.54056401753522,-3.613405415969624,28134
191445,Carrefour - San Sebastián de los Reyes,(Business Owner at Location),public_membership,True,7.4,2.0,40.54263696128862,-3.6143091325857313,28134
88789,B&B Hotel Madrid Aeropuerto T4,(Business Owner at Location),restricted,False,11.0,2.0,40.539573,-3.611691,28134
305138,Aldi Megaparc (Atlante),Atlante,public_membership,True,150.0,4.0,40.54041230989267,-3.611452558165525,28134
312785,Repsol Alcobendas,Repsol - Ibil (ES),public_membership,True,50.0,1.0,40.54556433652442,-3.606433422407747,28134
24187,Repsol Xelariiz,Repsol - Ibil (ES),public_membership,True,100.0,2.0,40.5443439010042,-3.610339068376789,28134
191417,Hospital  Infanta Sofía,Allego BV,public_membership,True,150.0,40.0,40.55656840537253,-3.610635224480575,28134
289587,BP Pulse Apadis,Iberdrola | BP Pulse (ES),public_membership,True,150.0,2.0,40.557908584868045,-3.612659033438945,28134
209617,Kia Madrid,EDP,public_membership,True,200.0,2.0,40.55394673293398,-3.612133706916552,28134
306385,Petropix San Sebastián de los Reyes,EDP,public_membership,True,150.0,2.0,40.54792960597206,-3.616012157404725,28134
191444,Repsol SS.RR C/Real,(Unknown Operator),public_membership,True,50.0,1.0,40.55258848042024,-3.618769214218446,28134
191443,MOTOR MECHA,(Business Owner at Location),restricted,False,7.4,1.0,40.55055969361976,-3.6187108541286648,28134
470981,Ed. Teide 4,Iberdrola | BP Pulse (ES),restricted,False,4.6,4.0,40.55495506689067,-3.6193209852280006,28134
307300,Edificio Isla Graciosa,ACCIONA - Cargacoches,restricted,False,7.0,4.0,40.55487081686812,-3.6176911096613367,28134
472600,Bluespace Alcobendas,Umbrella eMobility (ES),public_membership,True,90.0,2.0,40.55779552627658,-3.620644597130593,28134
191422,Repsol San Sebastián de los Reyes,Repsol - Ibil (ES),public_membership,True,50.0,1.0,40.56034119153995,-3.619972789948605,28134
305139,Aldi San Sebastián de los Reyes (Atlante),Atlante,public_membership,True,150.0,4.0,40.56073381453717,-3.6189682150941,28134
191421,AhorraMas S.S Reyes,EDP,public_membership,True,50.0,6.0,40.56042192750368,-3.618447272646449,28134
191420,Lidl San Sebastián de los Reyes,Lidl,public_membership,True,11.0,1.0,40.55931473252432,-3.616315705420561,28134
191199,Estación de Recarga The Style Outlets,(Business Owner at Location),public,True,6.4,2.0,40.5707811677693,-3.607016293762541,28134
304939,SportClass Escuela De Golf,(Unknown Operator),public,True,11.0,2.0,40.5707811677693,-3.607016293762541,28134
207106,Style Outlets - San Sebastián de los Reyes,Iberdrola | BP Pulse (ES),public_membership,True,50.0,4.0,40.56682983182583,-3.6089515708506497,28134
191419,The Style Outlets - San Sebastian de los Reyes,Endesa,public_membership,True,22.0,6.0,40.56726096038602,-3.607871844259421,28134
470971,C.C. Factory,Iberdrola | BP Pulse (ES),public_membership,True,22.0,2.0,40.56795635123604,-3.608545558192077,28134
191200,Alegra CC y de ocio parking,(Business Owner at Location),public_membership,True,7.4,4.0,40.56653915052888,-3.6096860452054216,28134
460344,Club El Estudiante,(Business Owner at Location),public_membership,True,100.0,4.0,40.52039687681554,-3.594145884624595,28006
460687,La Vida Pádel,emovili Fast (ES),public_membership,True,22.0,4.0,40.53721504250771,-3.6150959801041154,28006
274408,E.S. Galp Fernando Alonso,GALP Electric,public_membership,True,120.0,2.0,40.53650490410232,-3.616029598080331,28006
163613,Eurostars Madrid Congress,GALP Electric,restricted,False,7.4,4.0,40.53421906377642,-3.621385457161466,28006
307350,BP Pulse El Juncal,Iberdrola | BP Pulse (ES),public_membership,True,300.0,6.0,40.53387310811897,-3.619052799779837,28006
191447,Hampton by Hilton Alcobendas Madrid,(Business Owner at Location),restricted,False,7.4,1.0,40.53465831336473,-3.618104552800844,28006
201637,Repsol La Moraleja: REE,Repsol - Ibil (ES),restricted,False,50.0,11.0,40.52525959610628,-3.6029171186621625,28006
207120,La Moraleja Campo  de Golf,Iberdrola | BP Pulse (ES),public_membership,True,7.4,8.0,40.51665066175494,-3.616564446061375,28006
501200,Parking Larga Estancia T4 Barajas,AENA EV (ES),public,True,11.0,92.0,40.49850557724264,-3.596316363428514,28079
296461,Parking E-F Aeropuerto T4,AENA EV (ES),public,True,11.0,180.0,40.49289008314887,-3.594533194841233,28079
295838,E.S. Repsol Aeropuerto T4,Repsol - Ibil (ES),public_membership,True,80.0,3.0,40.496996145452215,-3.5974838786987675,28079
191595,Parking A-B Aeropuerto T4,AENA EV (ES),public,True,11.0,140.0,40.489523569819,-3.594511647555436,28079
475346,Parking T4-11,eTecnic,public_membership,True,22.0,2.0,40.480844576512624,-3.5941971422832357,28079
501201,Parking P10 Empleados Barajas,AENA EV (ES),restricted,False,11.0,38.0,40.48143076645792,-3.591681083673848,28079
209672,Ahorramas Avenida de las Fuerzas Armadas,EDP,public_membership,True,22.0,4.0,40.48154340640522,-3.620879218760024,28079
191748,Ahorramás Valdebebas,EDP,public_membership,True,22.0,3.0,40.49178601912513,-3.6069382574739,28079
458971,Hotel Innside Meliá Valdebebas,Wenea,restricted,False,7.4,32.0,40.4919962788824,-3.605863696999222,28079
191747,Mercadona Valdebebas,Mercadona,public_membership,True,22.0,6.0,40.49358924077083,-3.608755604589078,28079
191746,Carrefour Market Valdebebas,(Business Owner at Location),public_membership,True,22.0,1.0,40.49303031985599,-3.610396794088075,28079
235199,ALDI Valdebebas,ALDI SÜD (DE),public,True,3.7,2.0,40.48882573554329,-3.613156333814175,28079
191738,ECOVE PuntoDeCarga: GALP_Sanchinarro,GIC,public_membership,True,50.0,2.0,40.49363279254189,-3.647953212394782,28079
279138,EVEGO - Parking ,(Business Owner at Location),restricted,False,22.0,10.0,40.48711798360373,-3.662322337829778,28079
191745,Espacio Plus - ECOPARK,(Unknown Operator),restricted,False,3.7,1.0,40.486191071919535,-3.662000189715741,28079
191590,@danilaurahome,(Unknown Operator),restricted,False,7.4,1.0,40.49691042411527,-3.506756531883582,28104
296886,Ayunt. Paracuellos - Campo de Rugby,(Unknown Operator),public,True,3.7,2.0,40.498166148317495,-3.52336462560001,28104
191587,Particular,(Unknown Operator),restricted,False,7.4,1.0,40.49848882016673,-3.530368793506341,28104
191544,Parking Lavacolla,(Business Owner at Location),restricted,False,22.0,1.0,40.49871706468599,-3.544161559592112,28104
280185,Supermercado Hiber Cobeña,Eranovum (ES),public_membership,True,60.0,3.0,40.560882940386,-3.5141815841006974,28041
207110,Parking Chorrillo Alta,(Business Owner at Location),public,True,7.4,2.0,40.50746671002193,-3.533190041410421,28104
191545,Parking público Calle Real de Burgos,(Business Owner at Location),public_membership,True,3.7,1.0,40.50655026239559,-3.5312337276593557,28104
191588,Particular,(Unknown Operator),restricted,False,11.0,1.0,40.50141962867457,-3.5208908198965787,28104
191589,CC Miramadrid,PowerDot (Es),public_membership,True,50.0,2.0,40.50280853922416,-3.514446170821202,28104
272926,Mercadona Avenida de los Hoyos,Mercadona,public_membership,True,22.0,16.0,40.508827423177706,-3.5127326482547687,28104
280836,Parking Avenida de Juan Pablo II,Iberdrola | BP Pulse (ES),public_membership,True,7.4,2.0,40.50211792393458,-3.508422636357181,28104
201632,Repsol Ajalvir,Repsol - Ibil (ES),public_membership,True,50.0,1.0,40.52684500043037,-3.481684279349679,28002
289987,Plenoil Ajalvir,Plenergy (ES),public_membership,True,60.0,2.0,40.52847304435187,-3.4816192416938065,28002
304355,Repsol Aljalvir 2,Repsol - Ibil (ES),public_membership,True,50.0,1.0,40.52803012818271,-3.480913429065822,28002
265955,Mercadona Daganzo de Arriba,Mercadona,public_membership,True,22.0,4.0,40.54050004351984,-3.4655657446362795,28053
496640,Burger King Daganzo de Arriba,Iberdrola | BP Pulse (ES),public_membership,True,300.0,2.0,40.5409734323494,-3.456752119166594,28053
266263,ITP Aljavir,Repsol - Ibil (ES),restricted,False,7.4,6.0,40.49735032665191,-3.4797992107000937,28002
207202,Quirónsalud Valle del Henares,(Business Owner at Location),public,True,7.4,2.0,40.497671146402354,-3.3860391274781705,28005
207201,Macasa Renault Trucks,Renault,restricted,False,7.4,1.0,40.49542665162059,-3.3875072411193514,28005
148140,E.S. Galp - Alcala de Henares,Endesa,public,True,50.0,1.0,40.49400227772063,-3.3883498377069827,28005
296554,E.S. Avía Alcalá de Henares,Wenea,public_membership,True,50.0,2.0,40.498296282733406,-3.3909994559543293,28005
207200,First Stop Alcalá,(Business Owner at Location),restricted,False,22.0,1.0,40.49450469049541,-3.390093206381721,28005
207204,Talleres Esgocar,(Business Owner at Location),restricted,False,7.4,1.0,40.48785549019957,-3.3920235646328365,28005
295841,E.S. Galp,GALP Electric,public_membership,True,180.0,4.0,40.49320556292562,-3.3861478762060244,28005
301430,E.S. Lavaplus Alcalá de Henares,Zunder,public_membership,True,50.0,2.0,40.49007212395461,-3.384049004052713,28005
278578,BP Pulse Avenida de Juan Carlos I,Iberdrola | BP Pulse (ES),public_membership,True,150.0,6.0,40.48223176549007,-3.396721419954389,28005
506293,BM Alclá de Henares,Eranovum (ES),public_membership,True,60.0,4.0,40.48254001939924,-3.3960826984347534,28005
279704,Garena Plaza,PowerDot (Es),public_membership,True,100.0,6.0,40.48161901997102,-3.3952547311965877,28005
201764,Campanile Madrid - Alcalá de Henares,Iberdrola | BP Pulse (ES),public_membership,True,50.0,4.0,40.48174818541435,-3.394700732596334,28005
201634,Repsol Alcalá Bricor,Repsol - Ibil (ES),public_membership,True,50.0,1.0,40.48097084153264,-3.400274885181034,28005
207203,El Corte Inglés Alcalá Henares,(Business Owner at Location),public,True,11.0,3.0,40.48001753862417,-3.4004962253441136,28005
461984,Prologics Logistics Alcalá,(Business Owner at Location),restricted,False,22.0,8.0,40.48489789265531,-3.41001205574014,28005
207199,Hotel Isla de la Garena,(Business Owner at Location),restricted,False,22.0,1.0,40.486025183237416,-3.400847260220189,28005
460567,Parque Empresrial Ibinsa II,(Business Owner at Location),public_membership,True,7.0,2.0,40.49573905474216,-3.41429903166906,28005
207198,Renault Autocarpe Azque Alcalá,Renault,restricted,False,22.0,2.0,40.50600328508483,-3.39643630472483,28005
207213,Mercadona Alcalá de Henares,Mercadona,public_membership,True,22.0,4.0,40.48095155024345,-3.377743917635144,28005
207212,Interparking El Mercado,Interparking (ES),public,True,8.0,4.0,40.48196177451166,-3.36578590005729,28005
235159,Interparking La Paloma Juzgados,Interparking (ES),public,True,8.0,8.0,40.48062160030244,-3.362233854203623,28005
84063,Parador de Alcalá de Henares,ChargeGuru,restricted,False,22.0,8.0,40.481282710004194,-3.3616688129411045,28005
193335,Univ. Alcalá. Antiguos Cuarteles del Príncipe y Lepanto,(Unknown Operator),restricted,False,22.0,2.0,40.48255131995495,-3.3617237884261613,28005
235161,Repsol Avda. Guadalajara,Repsol - Ibil (ES),public_membership,True,50.0,1.0,40.48755469092831,-3.3579700864654853,28005
461986,Peugeot Alcalá,(Business Owner at Location),restricted,False,11.0,1.0,40.49047459718293,-3.3536988401853023,28005
207208,Nissan Alcalá de Henares (Allego),Allego BV,public_membership,True,50.0,1.0,40.490624927222825,-3.353179550961613,28005
235162,Lidl Alcalá,Lidl,public,True,11.0,4.0,40.49151215669315,-3.352208274301802,28005
216877,Mercadona Vía Complutense,Mercadona,public_membership,True,22.0,8.0,40.49239282429389,-3.351527289610857,28005
499814,Plenoil ALCALA DE HENARES II,Plenergy (ES),public_membership,True,60.0,2.0,40.492658312629146,-3.349537410266976,28005
235163,Taller Mecánico Motor Centenera S.L,(Business Owner at Location),restricted,False,50.0,1.0,40.49426345104513,-3.3423945001260336,28005
300076,KIA Taller de las Heras,EDP,public_membership,True,150.0,2.0,40.49435498097876,-3.3475170751885344,28005
306387,Galp Alcalá de Henares,GALP Electric,public_membership,True,150.0,2.0,40.49408113950096,-3.348601040875451,28005
207207,BMW AutoPremier,(Business Owner at Location),restricted,False,11.0,2.0,40.49568586503264,-3.3458591477918844,28005
260769,BP Pulse Alcalá de Haneres,Iberdrola | BP Pulse (ES),public_membership,True,150.0,2.0,40.4969573830556,-3.34329885881039,28005
472121,McNeil Iberica,eTecnic,restricted,False,22.0,2.0,40.49815614797524,-3.341742999521699,28005
207209,GO FIT Alcalá de Henares,Iberdrola | BP Pulse (ES),public_membership,True,22.0,2.0,40.49614587845542,-3.355586801464824,28005
207210,CC Alcalá Magna,PowerDot (Es),public_membership,True,50.0,4.0,40.49483315206473,-3.358675999030993,28005
207206,Lidl Ensanche,Lidl,public,True,22.0,4.0,40.503005192042906,-3.3654224632933847,28005
210094,Hotel AC Alcalá,Endesa,restricted,False,11.0,2.0,40.50311665926435,-3.366002748715914,28005
201763,McDonalds Alcalá de Henares,Iberdrola | BP Pulse (ES),public_membership,True,50.0,2.0,40.50278682177896,-3.36683078641704,28005
297973,Ahorramas Alcalá,EDP,public_membership,True,22.0,4.0,40.49581160525497,-3.359208600077295,28005
461987,Carrefour Vía Complutense,(Business Owner at Location),public,True,11.0,2.0,40.487259655437214,-3.3609332830166068,28005
235160,E.S. San Isidro,TotalEnergies (ES),public_membership,True,150.0,2.0,40.486236375583786,-3.36210790675932,28005
207211,Parking San Lucas Interparking,Interparking (ES),public,True,8.0,6.0,40.48525437100491,-3.363395163864766,28005
207205,Mercadona Ensanche,Mercadona,public_membership,True,22.0,2.0,40.498387547469605,-3.370915531630658,28005
298523,Residencia Adavir,Endesa,restricted,False,7.0,2.0,40.50055822838081,-3.371299188534863,28005
307354,Carrefour Espartales,Carrefour (ES),public_membership,True,150.0,2.0,40.50383723125466,-3.3698018080517613,28005
309238,C.C. Alcalá Atenea (Zunder),Zunder,public,True,400.0,12.0,40.50452759211936,-3.3675357535323087,28005
167344,Ahorramas Espartal,EDP,public_membership,True,7.4,5.0,40.51071240069084,-3.366932206801493,28005
207196,Centro Deportivo Espartales,(Unknown Operator),public,True,22.0,10.0,40.50762962876021,-3.359221232060463,28005
272922,Mercadona Espartales,Mercadona,public_membership,True,22.0,4.0,40.50833582539417,-3.3528978834992813,28005
461985,Universidad de Alcalá,(Business Owner at Location),restricted,False,7.4,1.0,40.512659112542366,-3.350615407894906,28005
462106,Parque Científico TecnoAlcalá (Wenea),Wenea,public_membership,True,100.0,8.0,40.51822818766172,-3.342641532241487,28005
295946,Parque Científico TecnoAlcalá (Wenea),Wenea,public_membership,True,100.0,8.0,40.5175050181762,-3.343757762352197,28005
462107,Parque Científico TecnoAlcalá (Wenea),Wenea,public_membership,True,100.0,8.0,40.51668397925957,-3.3408509471632897,28005
462108,Parque Científico TecnoAlcalá (Wenea),Wenea,public_membership,True,100.0,8.0,40.51515424296113,-3.3390980031118715,28005
462109,Parque Científico TecnoAlcalá (Wenea),Wenea,public_membership,True,100.0,8.0,40.51443846146447,-3.340172613525965,28005
474729,Centro Investigacion Moeve,Moeve (ES),restricted,False,400.0,3.0,40.51317221113703,-3.339949715769194,28005
490137,CSIC CAMPUS UAH,Endesa,public_membership,True,7.4,10.0,40.51376979881823,-3.347660041169547,28005
71004,Facultad de Enfermería y Fisioterapia,(Unknown Operator),restricted,False,22.0,3.0,40.5127038,-3.346726600000011,28005
280838,Universidad de Alcalá,(Business Owner at Location),restricted,False,7.4,1.0,40.50805253290218,-3.344623860943784,28005
61066,Universidad de Alcalá,(Unknown Operator),restricted,False,3.7,3.0,40.506782,-3.342034,28005
297979,Makro Alcalá,Iberdrola | BP Pulse (ES),public_membership,True,22.0,6.0,40.509120478488,-3.3233881133155307,28005
271073,Encin Golf Alcalá de Henares,BarterGo (ES),public_membership,True,120.0,6.0,40.5230986566242,-3.3115428511584923,28005
203035,Mercadona Meco,Mercadona,public_membership,True,22.0,4.0,40.55003185477213,-3.338700362385623,28083
460493,R2 Meco (Dir. Oeste),PowerGo,public_membership,True,400.0,4.0,40.55610733262032,-3.294922355437677,28083
460492,R2 Area Meco (Dir. Este),PowerGo,public_membership,True,400.0,4.0,40.554721465380936,-3.2947048104210523,28083
201762,McDonald's La Dehesa ,Iberdrola | BP Pulse (ES),public_membership,True,50.0,4.0,40.504115460966375,-3.330540793177761,28005
295840,C.C. Cuadernillos,PowerDot (Es),public_membership,True,100.0,28.0,40.50523526325651,-3.3322802599294903,28005
279705,Hotel IBIS Budget Alcalá de Henares,PowerDot (Es),public_membership,True,100.0,6.0,40.5004027687198,-3.336982169985504,28005
209554,Ayunt. El Escorial  Calle de Leandro Rubio,Iberdrola | BP Pulse (ES),public_membership,True,22.0,2.0,40.58857401678259,-4.152289031025134,28131
117907,Real Club de Golf la Herrería,Zunder,public_membership,True,22.0,6.0,40.58078,-4.15873,28131
235127,Parking Monasterio,Endesa,public_membership,True,22.0,4.0,40.59039095365367,-4.143721402372592,28131
209555,Ayunt. El Escorial  Plaza Ánimas,Iberdrola | BP Pulse (ES),public_membership,True,22.0,2.0,40.59108426923106,-4.146764228445591,28131
209706,Ahorramas El Escorial,EDP,public_membership,True,22.0,2.0,40.59881709876845,-4.13090886734733,28054
209556,Ayunt. El Escorial  Oficina de Correos,Iberdrola | BP Pulse (ES),public_membership,True,7.4,2.0,40.584832326316274,-4.1297546241385135,28054
235128,Renault Talleres Escorial,Renault,restricted,False,11.0,2.0,40.5829438624244,-4.121016479902096,28054
305781,Supercor El Escorial,(Business Owner at Location),public,True,22.0,6.0,40.60114946715083,-4.127047750184715,28131
472114,Camping El Escorial,eTecnic,restricted,False,22.0,6.0,40.62598950709034,-4.100018505468739,28131
274404,E.S. Repsol Valle de los Caidos,Repsol - Ibil (ES),public_membership,True,50.0,1.0,40.63315624841883,-4.108250964179604,28131
209552,Ayunt. El Escorial Calle Tiziano,Iberdrola | BP Pulse (ES),public_membership,True,22.0,2.0,40.61474758634702,-4.118767989035973,28131
209553,Ayunt. El Escorial  Calle Monte del Fraile,Iberdrola | BP Pulse (ES),public_membership,True,22.0,2.0,40.60285463762767,-4.127735214189897,28131
185561,Antis Guadarrama,ACCIONA - Cargacoches,public_membership,True,22.0,2.0,40.66324020304703,-4.080517139469976,28068
202990,Supercor Guadarrama,(Business Owner at Location),public,True,3.7,2.0,40.6678201816371,-4.087246558950596,28068
312345,Cepsa Guadarama,Moeve (ES),public_membership,True,150.0,1.0,40.669156459722274,-4.084858217659786,28068
185562,Aldi Guadarrama,ALDI SÜD (DE),public,True,7.4,2.0,40.66868524636678,-4.084516283173343,28068
300326,Plenoil Guadarrama,Plenergy (ES),public_membership,True,60.0,2.0,40.66650165467266,-4.080315577218698,28068
289424,Rest. Sala,TotalEnergies (ES),public_membership,True,100.0,2.0,40.676209790713045,-4.082202571932839,28068
209705,Ahorramas Guadarrama,EDP,public_membership,True,22.0,2.0,40.6716188692424,-4.090839139578407,28068
307412,COLEGIO GSD Guadarrama,Fenie Energía (Spain),restricted,False,7.4,4.0,40.6661788840604,-4.096021427632138,28068
235134,Repsol CRED Collado,Repsol - Ibil (ES),public_membership,True,50.0,1.0,40.64861585533848,-4.008380748729451,28047
235136,Ruedas Sierra,(Business Owner at Location),restricted,False,3.7,2.0,40.66025932040242,-4.0168335235797485,28010
235135,Parking Hospital de Villalba,(Business Owner at Location),public,True,22.0,2.0,40.65508022595793,-4.0008395590150485,28047
202991,Mercadona Hospital Villalba,Mercadona,public_membership,True,22.0,2.0,40.65267471550288,-4.00739339532015,28047
201765,Hotel FC Villalba,Iberdrola | BP Pulse (ES),public_membership,True,50.0,4.0,40.64974274059486,-4.008177853911093,28047
202992,Rest. El Corral de los Vacos,(Business Owner at Location),restricted,False,11.0,2.0,40.65089937382538,-3.987932969181657,28047
460637,Ayunt. Villalba. ,ACCIONA - Cargacoches,public_membership,True,100.0,4.0,40.6459376996506,-3.990425221110996,28047
148154,Supermercado Froiz,(Business Owner at Location),public,True,7.4,2.0,40.64294030209484,-3.995151897668393,28047
460639,Ayunt. Villalba. Recinto Ferial,ACCIONA - Cargacoches,public_membership,True,100.0,4.0,40.64137844321135,-4.006933781789684,28047
201209,McDonald's Cruz Roja Villalba,Endesa,public_membership,True,130.0,2.0,40.6403269770685,-4.007389858460783,28047
460638,Ayunt. Villalba. Zona Deportiva,ACCIONA - Cargacoches,public_membership,True,100.0,4.0,40.64115001387617,-4.003148911910301,28047
460634,Petropix Villalba,EDP,public_membership,True,180.0,2.0,40.63395544820011,-4.004858084705035,28047
202986,Parking Biblioteca Miguel Hernández,Endesa,public_membership,True,22.0,4.0,40.631455554485086,-4.006865133371093,28047
202987,BM Avenida Juan Carlos I-Zoco,Zunder,public_membership,True,90.0,4.0,40.63342746743507,-4.004711038618439,28047
235133,Parking Honório Lozano,Endesa,public_membership,True,22.0,4.0,40.63067927529204,-4.004364892197998,28047
312638,Ayunt. Collado Villaba. Plaza Los Belgas (Acciona),ACCIONA - Cargacoches,public_membership,True,120.0,2.0,40.6291467784053,-4.004439419471709,28047
460642,Ayunt. Villalba. Plaza Del Río,ACCIONA - Cargacoches,public_membership,True,100.0,2.0,40.63025001319747,-4.007916142381276,28047
216906,Ahorramas Villalba,EDP,public_membership,True,22.0,2.0,40.62679176775126,-4.005665054933616,28047
202988,Motor Gómez,Endesa,public_membership,True,50.0,2.0,40.630240885616274,-3.99803458789404,28047
459821,Mosancar (Citroen),Place To Plug,public_membership,True,400.0,2.0,40.63039096751828,-3.99778248932526,28047
298162,Repsol Villalba,Repsol - Ibil (ES),public_membership,True,50.0,1.0,40.62587070775149,-4.004273743353906,28047
209704,Ahorramas Villalba,EDP,public_membership,True,22.0,2.0,40.62375430690184,-4.012226035935555,28047
460641,Ayunt. Villalba. Parque La Coruña,ACCIONA - Cargacoches,public_membership,True,100.0,2.0,40.61953971654714,-4.011023677473418,28047
202983,Talleres Jaymar,(Business Owner at Location),restricted,False,11.0,1.0,40.62454978274491,-4.020704909083406,28047
312173,Ballenoil Collado Villalba,Ballenoil (ES),public_membership,True,60.0,2.0,40.62510408058532,-4.025424408649741,28047
235131,LIDL Collado Villalba,Lidl,public,True,3.7,3.0,40.62442090301983,-4.026244299329278,28061
168463,E.S. Galapagar,Repsol - Ibil (ES),public_membership,True,50.0,1.0,40.62538571376183,-4.028027402370071,28061
300327,Plenoil Collado Villalba II,Plenergy (ES),public_membership,True,60.0,2.0,40.626166584840405,-4.0245074918101125,28047
202982,Saltoki Villalba,Electromaps,public_membership,True,22.0,2.0,40.62569930305349,-4.0236737981190345,28047
278528,BP Pulse Carvisa,Iberdrola | BP Pulse (ES),public_membership,True,150.0,2.0,40.62785360093994,-4.018521993295963,28047
202984,C.C. Los Olivos,Electromaps,public_membership,True,11.0,4.0,40.62678069824327,-4.019184023845014,28047
202985,Nissan Villalba,Nissan (ES) Dealer Network,restricted,False,50.0,1.0,40.62859288831899,-4.018115350022299,28047
460640,Ayunt. Villalba. Poligono Industrial,ACCIONA - Cargacoches,public_membership,True,100.0,2.0,40.629693662340514,-4.016533821764654,28047
313556,Avenida Juan Carlos I,Iberdrola | BP Pulse (ES),public_membership,True,120.0,2.0,40.63404050102562,-4.00894609489086,28047
202989,Carrefour Villalba,(Business Owner at Location),public,True,11.0,2.0,40.63626769940163,-4.008804367085986,28047
284855,Mercadona Villalba,Mercadona,public_membership,True,22.0,4.0,40.6360410809223,-4.016377329281227,28047
470438,CC PlanetOcio (Exterior) (Wenea),Wenea,public_membership,True,150.0,4.0,40.63667434555805,-4.016827053924004,28047
470439,CC PlanetOcio (Wenea),Wenea,public_membership,True,22.0,18.0,40.63701503690984,-4.016669604443223,28047
305129,Aldi Villalba (Atlante),Atlante,public_membership,True,100.0,4.0,40.64095294021266,-4.008374800531783,28047
305132,Aldi Villalba (Atlante),Atlante,public_membership,True,150.0,2.0,40.63899949689403,-4.0259486816254935,28010
288116,Cepsa Villalba (Dir. Coruña),Moeve (ES),public_membership,True,50.0,1.0,40.64363556382273,-4.038596788339561,28131
490296,A.S. Villalba (Dir. Madrid) (Fastned),FastNed,public_membership,True,400.0,4.0,40.64203037025951,-4.039537940125911,28131
288117,Cepsa Villaba (Dir. Madrid),Moeve (ES),public_membership,True,50.0,1.0,40.64234257827593,-4.038937621765911,28131
490297,A.S. Villalba (Dir. La Coruña) (Fastnet),FastNed,public_membership,True,400.0,4.0,40.6436824680313,-4.040082530693269,28131
290065,Plenoil  Escorial I,Plenergy (ES),public_membership,True,60.0,2.0,40.60838704558196,-4.047833064877523,28054
202981,Ayunt. Los Arroyos - Iglesia,Iberdrola | BP Pulse (ES),public_membership,True,22.0,2.0,40.60075608229121,-4.059722355236204,28054
202971,Mercadona Galapagar,Mercadona,public_membership,True,22.0,2.0,40.58370854842906,-3.997054947916695,28061
306097,Plenoil Galapagar II,Plenergy (ES),public_membership,True,60.0,1.0,40.58199307220073,-3.998357328806719,28061
235130,Estacion de tren la navata galapagar parking,(Unknown Operator),public,True,3.7,2.0,40.60034474738228,-3.982338062714291,28061
311820,Supermercado BM Moralzarzal,Eranovum (ES),public_membership,True,60.0,3.0,40.67868482347973,-3.9622614503695104,28090
202134,CEPSA Moralzarzal,Endesa,public_membership,True,50.0,4.0,40.6717143397687,-3.9727126706309264,28090
307357,C.C. Parquelagos,Endesa,public_membership,True,150.0,2.0,40.59584462571635,-3.958693497745117,28061
311319,Rest. Golf Hípica Green Paddock (Wenea),Wenea,public_membership,True,240.0,8.0,40.59226792968113,-3.953318425276564,28061
202998,BM Supermercados,(Business Owner at Location),public,True,7.4,2.0,40.62141223338236,-3.906034341084137,28072
203021,Supermercado BM Colmenar,(Business Owner at Location),public,True,7.4,2.0,40.66501957100613,-3.785120748035865,28045
203020,Ayunt. Colmenear (Biblioteca),(Unknown Operator),public,True,22.0,2.0,40.66542183199812,-3.7738867202148185,28045
298519,Residencia Colmenar,Endesa,restricted,False,7.0,2.0,40.66423666817613,-3.7796337152287833,28045
203019,Mercadona Colmenar,Mercadona,public_membership,True,22.0,2.0,40.660675655863855,-3.7718547711315296,28045
304628,Mercadona Colmenar,Mercadona,public_membership,True,22.0,4.0,40.65871122739583,-3.758971171482472,28045
203016,Aldi Colmenar,ALDI SÜD (DE),public,True,11.0,1.0,40.65809894457797,-3.759327505599231,28045
203015,Ahorramas Colmenar,EDP,public_membership,True,22.0,2.0,40.657325933734,-3.759439174193972,28045
297974,Petropix Colmenar,EDP,public_membership,True,150.0,2.0,40.6570054886169,-3.754605672879734,28045
307351,C.C. El Ventanal de la Sierra,Iberdrola | BP Pulse (ES),public_membership,True,150.0,14.0,40.65968845425496,-3.754352298276672,28045
235601,Burger King Colmenar viejo,Iberdrola | BP Pulse (ES),public_membership,True,50.0,2.0,40.65761100123101,-3.75866190120604,28045
203018,Ayunt. Colmenar (Ambulatorio),(Unknown Operator),public,True,22.0,2.0,40.66124336435607,-3.761795924947592,28045
265462,GALP Colmenar,GALP Electric,public_membership,True,90.0,2.0,40.65448732641801,-3.760055178900416,28045
203013,Ayunt. Colmenar Paseo de la Estación,(Unknown Operator),public,True,22.0,2.0,40.64798509674753,-3.775953455218996,28045
203012,Aparcamiento Estación Colmenar,(Unknown Operator),public,True,22.0,2.0,40.64537228654464,-3.776756277251934,28045
235152,Ayuntamiento de Tres Cantos,(Unknown Operator),public,True,11.0,2.0,40.59654546613177,-3.701685424727202,28903
272924,Telefónica Tres Cantos,Iberdrola | BP Pulse (ES),restricted,False,22.0,12.0,40.59872905639392,-3.69793992194127,28903
290532,Telefónica Tres Cantos,Iberdrola | BP Pulse (ES),restricted,False,22.0,6.0,40.600918236081554,-3.698194272085175,28903
280821,RSI,(Business Owner at Location),restricted,False,11.0,2.0,40.60498389709767,-3.6986293939968102,28903
487280,Ayunt. Tres Cantos. Avenida de la Industria,Iberdrola | BP Pulse (ES),public_membership,True,22.0,6.0,40.60839911612601,-3.696514953119731,28903
235345,Repsol Oficinas: Avenida de la Industria,Repsol - Ibil (ES),restricted,False,3.7,6.0,40.609562660489416,-3.6964314550652944,28903
201639,REPSOL Tres Cantos II,Repsol - Ibil (ES),public_membership,True,50.0,1.0,40.6130824789274,-3.700408624226839,28903
203009,ASDS,(Business Owner at Location),restricted,False,22.0,2.0,40.613957923612105,-3.70235806781011,28903
300328,Plenoil Tres Cantos I,Plenergy (ES),public_membership,True,60.0,2.0,40.61462001175417,-3.702287107109896,28903
235151,Repsol Tres Cantos,Repsol - Ibil (ES),public_membership,True,50.0,1.0,40.6150712597929,-3.702902911367687,28903
203007,Aldi Tres Cantos,ALDI SÜD (DE),public,True,5.3,4.0,40.61472210278663,-3.707413877166914,28903
203006,Lidl Tres Cantos,Lidl,public,True,22.0,4.0,40.61436202521321,-3.706867494470089,28903
487279,BM Tres Cantos,Eranovum (ES),public_membership,True,60.0,2.0,40.61337829473732,-3.704806006239437,28903
203005,Renault Tres Cantos,Renault,restricted,False,22.0,1.0,40.612867816198246,-3.703447379844647,28903
235149,Ayuntamiento Tres Cantos,(Unknown Operator),public,True,11.0,2.0,40.61135994274278,-3.7124126117746528,28903
297976,Ahorramas Tres Cantos,EDP,public_membership,True,22.0,2.0,40.60656688819989,-3.716594513960672,28903
203000,Hotel Urban,Iberdrola | BP Pulse (ES),restricted,False,22.0,2.0,40.60710330443152,-3.7162493061907753,28903
271110,Parking MASID,Eranovum (ES),public_membership,True,60.0,10.0,40.60195188910637,-3.7161051754466143,28903
235150,McDonald's Tres Cantos,Endesa,public_membership,True,60.0,4.0,40.60515932920677,-3.7180731001841423,28903
300019,MASID II,Eranovum (ES),public_membership,True,7.4,10.0,40.605349603174346,-3.718571629363396,28903
306121,Hotel Eurostars Madrid Foro,GALP Electric,restricted,False,7.4,4.0,40.59731409422278,-3.716552276856646,28903
494862,Siemens Tres Cantos,Zunder,restricted,False,80.0,2.0,40.59926330330805,-3.717906590028264,28903
306122,Hotel EXE Tres Cantos,GALP Electric,restricted,False,7.4,2.0,40.59923655285115,-3.715640888391477,28903
202999,Mercadona Tres Cantos,Mercadona,public_membership,True,22.0,2.0,40.59912128257369,-3.715849829627217,28903
97196,Tres Cantos Mall,Place To Plug,public,True,22.0,10.0,40.5994148,-3.70924530000002,28903
201638,Repsol Tres Cantos: REE,Repsol - Ibil (ES),restricted,False,50.0,2.0,40.59399550540988,-3.70929551731308,28903
304627,Mercadona Tres Cantos,Mercadona,public_membership,True,22.0,4.0,40.61906512410405,-3.727967336554116,28903
472022,UNIE Tres Cantos,Electromaps,public_membership,True,7.4,7.0,40.61862183633937,-3.725876377412419,28903
297975,Ahorramas Tres Cantos,EDP,public_membership,True,22.0,4.0,40.61884554337246,-3.723458086393293,28903
209670,Ahorramas Tres Cantos,EDP,public_membership,True,22.0,4.0,40.6171803108372,-3.713350902074353,28903
203010,BM Tres Cantos,(Business Owner at Location),public,True,7.4,2.0,40.616236374826826,-3.7106798438404662,28903
203011,Renault Colmenar,Renault,restricted,False,22.0,2.0,40.64108392167645,-3.732182613859436,28045
290360,Repsol Colmenar,Repsol - Ibil (ES),public_membership,True,50.0,1.0,40.65224420392974,-3.736742108682108,28045
297887,Repsol San Agustín de Guadix,Repsol - Ibil (ES),public_membership,True,50.0,1.0,40.6730183068218,-3.610061281008484,28129
209671,Ahorramas  Guadalix,EDP,public_membership,True,22.0,2.0,40.67596553699301,-3.615658801992709,28129
235147,Campus Iberdrola,Iberdrola | BP Pulse (ES),restricted,False,50.0,4.0,40.66967443750093,-3.6137427489824177,28129
298522,Residencia San Agustín de Guadalix,Endesa,restricted,False,7.0,2.0,40.675892359447886,-3.621415262507071,28129
480237,RACE,emovili Fast (ES),public_membership,True,22.0,4.0,40.623221283972185,-3.604518722103535,28134
194470,IONITY Circuito Jarama,Ionity,public_membership,True,350.0,6.0,40.61640120378152,-3.584808339463052,28134
271074,Real Sociedad Hípica Española Club de Campo,BarterGo (ES),public_membership,True,11.0,8.0,40.60800226092235,-3.592257270983879,28134
280378,E.S. Setor Dir. Sur (Atlante),Atlante,public_membership,True,300.0,4.0,40.590860549505095,-3.583517825726517,28134
280379,E.S. Setor Dir. Norte (Atlante),Atlante,public_membership,True,300.0,4.0,40.590237113159645,-3.582306349914461,28134
272923,Mercadona Fuente el Saz,Mercadona,public_membership,True,22.0,4.0,40.64130670458661,-3.5097946001174023,28059
130248,Centro Comercial Puerta de Algete,(Business Owner at Location),public_membership,True,11.0,8.0,40.5969467920784,-3.50718419279144,28009
274406,"Rest. Los Barroso, Algete",Endesa,public_membership,True,60.0,2.0,40.594639753121214,-3.5234863229231905,28009
235148,Repsol Algete fuel,Repsol - Ibil (ES),public_membership,True,50.0,1.0,40.58831119738292,-3.5459897478357334,28009
191572,McDonald's San Sebastián de los Reyes,Endesa,public_membership,True,50.0,2.0,40.58288776639486,-3.576128512596369,28134
472434,Ciudad Deportiva Del Jarama,GALP Electric,restricted,False,22.0,2.0,40.58226264292554,-3.5781898045431437,28134
472713,Club De Golf La Moraleja,Iberdrola | BP Pulse (ES),public_membership,True,7.4,6.0,40.60067710995281,-3.563989715682908,28009
271076,Club de Golf Retamares,BarterGo (ES),public_membership,True,120.0,6.0,40.61021534719151,-3.468141804638208,28162
267301,Hotel Box Art,(Business Owner at Location),restricted,False,7.4,2.0,40.72635425320979,-4.019000066640189,28093
209254,Hotel Hacienda Los Robles Navacerrada ,Endesa,public_membership,True,60.0,4.0,40.72397710746387,-4.02044990322031,28093
267302,Hotel Las Postas,(Business Owner at Location),restricted,False,3.7,1.0,40.72112394928144,-4.019712304496096,28093
235139,Ayunt. Mataelpino,(Unknown Operator),public,True,22.0,2.0,40.73603584089997,-3.944450861551786,28023
301084,Parking Calle Real,(Unknown Operator),public,True,3.7,1.0,40.71856002518308,-3.919211250254904,28023
202995,Aldi Cerceda,ALDI SÜD (DE),public,True,22.0,2.0,40.70007816020228,-3.932629208824324,28023
305133,Aldi Cerceda (Atlante),Atlante,public_membership,True,100.0,4.0,40.70024520247367,-3.932806098139394,28023
301085,Burger King Cerceda,Iberdrola | BP Pulse (ES),public_membership,True,50.0,4.0,40.700289086655744,-3.935902910786524,28023
202994,Ayunt. Cerceda,(Unknown Operator),public,True,22.0,2.0,40.6970497554675,-3.9321976995535977,28023
301086,"Parking Campo de Fútbol, Cerceda",(Unknown Operator),public,True,22.0,2.0,40.69753475478686,-3.924596479744394,28023
265940,Mercadona Moralzarzal,Mercadona,public_membership,True,22.0,4.0,40.6863041616796,-3.966814533739239,28090
235137,Moralzarzal,Endesa,public_membership,True,22.0,4.0,40.68075898032762,-3.968254370528825,28090
202993,Froiz,(Business Owner at Location),restricted,False,7.4,2.0,40.68141047884035,-3.967443182519105,28090
235138,Capellanía Moralzarzal,Endesa,public_membership,True,22.0,4.0,40.70465065613181,-3.954438801269816,28090
471048,Ayunt. Soto del Real. Calle Calvo Sotelo,Eranovum (ES),public_membership,True,100.0,2.0,40.752948699443294,-3.782981205666033,28144
486420,Ayunt. Soto del Real. Centro de Arte y Turismo,Eranovum (ES),public_membership,True,100.0,4.0,40.75497444157563,-3.7833282790207647,28144
203027,C.C. Sotolix,(Business Owner at Location),public,True,22.0,2.0,40.75597451376359,-3.781448229589955,28144
471049,Ayunt. Soto del Real. Urbanización Vistarreal ,Eranovum (ES),public_membership,True,100.0,2.0,40.76385751657452,-3.782523758561638,28144
471050,Ayunt. Soto del Real. Plaza de Chozas,Eranovum (ES),public_membership,True,100.0,2.0,40.75792277583827,-3.7866798998448985,28144
203025,Ayunt. Soto del Real (Hogar Pensionista),(Unknown Operator),public_membership,True,22.0,2.0,40.75337216317075,-3.78877149109303,28144
203024,Ayunt. Soto del Real (Polideportivo),Eranovum (ES),public_membership,True,22.0,2.0,40.74652662279047,-3.7847399318246735,28144
202996,Hotel la Pedriza,(Business Owner at Location),restricted,False,7.4,2.0,40.72537381550441,-3.874610951044815,28082
202997,Ayunt. Manzanares el Real - Polideportivo,(Unknown Operator),public,True,7.4,2.0,40.72699252571692,-3.868705328359056,28082
235140,Ayunt. Manzanares el Real Aparcamiento,(Unknown Operator),public,True,11.0,2.0,40.72760085549783,-3.8596716933492417,28082
471053,Ayunt. El Molar. Centtro Deportivo Fuente del Toro,Eranovum (ES),public_membership,True,100.0,2.0,40.738046593707736,-3.581141109245664,28086
471054,Ayunt. El Molar. Urbanización Jardinillos,Eranovum (ES),public_membership,True,60.0,2.0,40.73666005858931,-3.5862447819770296,28086
148325,Ayunt. El Molar Centro Salud,Eranovum (ES),public,True,22.0,2.0,40.737952694214414,-3.581327789092711,28086
148628,Ayunt. El Molar - Jacoba Díaz Benito,Eranovum (ES),public_membership,True,22.0,2.0,40.73313581567663,-3.583558372399466,28086
312519,Mercadona San Agustín del Guadalix,Mercadona,public_membership,True,22.0,2.0,40.68027834957604,-3.62089985673245,28129
300018,Supermercado Hiber Guadalix de la Sierra,Eranovum (ES),public_membership,True,150.0,3.0,40.68588807619898,-3.612187631455868,28129
203033,Ayunt. Pedrezuela,(Unknown Operator),public_membership,True,22.0,2.0,40.74891199046084,-3.5990506809574754,28108
203032,Karting Ángel Burgueño,(Business Owner at Location),restricted,False,22.0,1.0,40.7563081358401,-3.600120261657139,28108
304356,Repsol Valdetorres ,Repsol - Ibil (ES),public_membership,True,50.0,1.0,40.70220015102788,-3.509069553046629,28164
511066,"Repsol ES, El Molar Gestion S.L.",Repsol - Ibil (ES),public_membership,True,170.0,1.0,40.713540306634,-3.5786754132799388,28086
312518,Repsol El Molar,Repsol - Ibil (ES),public_membership,True,50.0,1.0,40.71301129183499,-3.577983391271488,28086
471046,Ayunt. Miraflores. Polideportivo,Eranovum (ES),public_membership,True,100.0,2.0,40.81013084140076,-3.7585025578973728,28085
471047,Ayunt. Miraflores. Plaza Toros,Eranovum (ES),public_membership,True,60.0,2.0,40.81298333296687,-3.758434144759576,28085
471051,Ayunt. Miraflores. Calle del Norte,Eranovum (ES),public_membership,True,22.0,2.0,40.81314309214477,-3.768814992394823,28085
471052,Ayunt. Miraflores. Calle Valverde,Eranovum (ES),public_membership,True,22.0,2.0,40.81255269105546,-3.766458420804611,28085
238082,Miraflores Calle del Río,Endesa,public_membership,True,60.0,2.0,40.81064615721198,-3.769083006841584,28085
493287,Ayunt. Miraflores. Calle Fresno,Eranovum (ES),public_membership,True,22.0,2.0,40.78642603603254,-3.695921521988112,28067
203028,Ayunt. Guadalix de la Sierra,Eranovum (ES),public_membership,True,11.0,2.0,40.7864021176666,-3.694209355391081,28067
203029,Ayunt. Guadalix de la Sierra (Caye Mayor),Eranovum (ES),public_membership,True,7.4,1.0,40.78500360889035,-3.6928717552182206,28067
235141,Ayunt. Guadix de la Sierra Edif. Polivalente,Eranovum (ES),public_membership,True,7.4,2.0,40.78391074773563,-3.6951280403745272,28067
297905,Supermercado Hiber Guadalix,Eranovum (ES),public_membership,True,60.0,3.0,40.7841591957052,-3.6907727907494063,28067
201213,Repsol A1 Cotos de Monterrey,Repsol - Ibil (ES),public_membership,True,400.0,4.0,40.78561565879332,-3.6135727507158606,28067
203031,Ayunt. Venturada Recinto Ferial,(Unknown Operator),public,True,7.4,2.0,40.79714061598713,-3.6214274903496735,28169
203030,Ayunt. Venturada Cooworking Puerta  de la Sierra,(Unknown Operator),public_membership,True,7.4,2.0,40.79296918959821,-3.600287948206642,28169
485905,Ayunt. Redueña,(Unknown Operator),public_membership,True,22.0,2.0,40.81546566275139,-3.6040607679503855,28121
202395,Ayunt. Cabanillas de la Sierra,(Unknown Operator),public_membership,True,7.4,1.0,40.81580088104732,-3.624978990688533,28029
202396,Ayunt. Cabanillas de la Sierra (Polideportivo),(Unknown Operator),public_membership,True,4.7,1.0,40.828821724438455,-3.625777752412205,28029
113524,Hotel Mavi-Av. de la Cabrera,ACCIONA - Cargacoches,public_membership,True,22.0,2.0,40.855926104161455,-3.612849819327352,28030
203067,Ayunt. La Cabrera,ACCIONA - Cargacoches,public,True,22.0,2.0,40.86257563999254,-3.61389441170229,28030
203068,Ayunt. La Cabrera Centro de Salud,ACCIONA - Cargacoches,public,True,22.0,2.0,40.86439375022533,-3.614555600280255,28030
210575,Rest. El Cancho del Águila,TotalEnergies (ES),public_membership,True,130.0,2.0,40.87531067389048,-3.603091621919845,28030
266225,Ayunt. Torremocha del Jarama,Repsol - Ibil (ES),public_membership,True,22.0,2.0,40.8363094646065,-3.496885575992451,28153
85443,Finca equilibrium,(Unknown Operator),restricted,False,3.7,1.0,40.8210162440304,-3.55962531163936,28151
203069,Ayunt. Gargantilla del Lozoya ,Iberdrola | BP Pulse (ES),public,True,22.0,2.0,40.96505447816497,-3.7176115398135607,28063
145936,Hospedería del Valle Boutique Aparments,(Business Owner at Location),restricted,False,11.0,1.0,40.964878097883286,-3.720525518715931,28063
474918,Camping Monte Holiday Bungalows,Electromaps,restricted,False,4.6,1.0,40.953009052368,-3.728956841463514,28063
163448,Monte Holiday Ecoturismo,(Business Owner at Location),restricted,False,11.0,2.0,40.949537,-3.729742,28063
235145,Talleres Leandro,(Business Owner at Location),restricted,False,11.0,1.0,40.93903284666269,-3.630310238817629,28901
312515,Lozoyuela - Polígono el Tomillar,Zunder,public_membership,True,22.0,4.0,40.93582108424505,-3.623000885103096,28901
301088,Centro de Salud Loyozuela,Zunder,public_membership,True,3.7,2.0,40.92449594308786,-3.616140789768565,28901
471308,Ayunt. Las Navas de Buitrago,Zunder,public_membership,True,22.0,2.0,40.9349520418252,-3.5982621218586246,28901
312516,Ayunt. Sieteiglesias,Zunder,public_membership,True,22.0,2.0,40.9119532675185,-3.5865970111828176,28901
290491,Berzosa de Lozoya,ACCIONA - Cargacoches,public_membership,True,100.0,2.0,40.97612535006331,-3.5250813590291443,28020
203070,Ayunt. Pinilla de Buitrago,Iberdrola | BP Pulse (ES),public_membership,True,22.0,2.0,40.98111272431939,-3.6921450231045583,28063
307409,COLEGIO GSD BUITRAGO,(Business Owner at Location),restricted,False,7.4,2.0,40.98981706251084,-3.638976153436886,28027
117904,Plaza de Calvo Sotelo 5,ACCIONA - Cargacoches,public_membership,True,22.0,2.0,41.039425,-3.642411,28024
235144,Talleres Sierra Norte,(Business Owner at Location),restricted,False,11.0,1.0,41.041214407615314,-3.64286434518624,28024
203583,Casa Rural El Bulín de Horcajuelo,(Business Owner at Location),restricted,False,3.7,1.0,41.06193880048565,-3.543698279798491,28071
235146,Puebla de la Sierra,Endesa,public_membership,True,3.7,2.0,41.0133830096907,-3.445695528966894,28118
297392,Supermercado Puerto Somosierra,ACCIONA - Cargacoches,public_membership,True,50.0,2.0,41.13458905301047,-3.5808538032991635,28143
235143,Rest. Los Cerezos,ACCIONA - Cargacoches,public_membership,True,50.0,2.0,41.09699281722271,-3.5937172065237064,28070
