{"type":"Topology","objects":{"data":{"geometries":[{"properties":{"ine_code":"28001","name":"La Acebeda"},"type":"MultiPolygon","arcs":[[[0,-299,-104,-251,-353,-21]]],"id":0},{"properties":{"ine_code":"28002","name":"Ajalvir"},"type":"MultiPolygon","arcs":[[[-42,-68,-384,-223]]],"id":1},{"properties":{"ine_code":"28003","name":"Alameda del Valle"},"type":"MultiPolygon","arcs":[[[1,-246,-29,-273]]],"id":2},{"properties":{"ine_code":"28004","name":"El \u00c1lamo"},"type":"MultiPolygon","arcs":[[[-207,-9,2]]],"id":3},{"properties":{"ine_code":"28005","name":"Alcal\u00e1 de Henares"},"type":"MultiPolygon","arcs":[[[-386,-67,-27,-142,-351,-6,-487,-408,-312]]],"id":4},{"properties":{"ine_code":"28006","name":"Alcobendas"},"type":"MultiPolygon","arcs":[[[-339,-225,-124]]],"id":5},{"properties":{"ine_code":"28007","name":"Alcorc\u00f3n"},"type":"MultiPolygon","arcs":[[[-12,-257,-128,-113,-76,-184,-538]]],"id":6},{"properties":{"ine_code":"28008","name":"Aldea del Fresno"},"type":"MultiPolygon","arcs":[[[-329,-214,-59,-502,-494,3,-485]]],"id":7},{"properties":{"ine_code":"28009","name":"Algete"},"type":"MultiPolygon","arcs":[[[-150,-77,-448,-65,-41,-336,-49,-308]]],"id":8},{"properties":{"ine_code":"28010","name":"Alpedrete"},"type":"MultiPolygon","arcs":[[[-52,-53,-98]]],"id":9},{"properties":{"ine_code":"28011","name":"Ambite"},"type":"MultiPolygon","arcs":[[[-523,-217,-241,4,-219]]],"id":10},{"properties":{"ine_code":"28012","name":"Anchuelo"},"type":"MultiPolygon","arcs":[[[-350,-347,-54,-488,5]]],"id":11},{"properties":{"ine_code":"28013","name":"Aranjuez"},"type":"MultiPolygon","arcs":[[[-39,-381,-60,-45,6]]],"id":12},{"properties":{"ine_code":"28014","name":"Arganda del Rey"},"type":"MultiPolygon","arcs":[[[-470,-115,-28,-236,-181,-324,-284]]],"id":13},{"properties":{"ine_code":"28015","name":"Arroyomolinos"},"type":"MultiPolygon","arcs":[[[-183,-202,-187,-158,-204]]],"id":14},{"properties":{"ine_code":"28016","name":"El Atazar"},"type":"MultiPolygon","arcs":[[[-289,-269,7,-231,-37]]],"id":15},{"properties":{"ine_code":"28017","name":"Batres"},"type":"MultiPolygon","arcs":[[[8,-206,-162,-363,9,-357,10]]],"id":16},{"properties":{"ine_code":"28018","name":"Becerril de la Sierra"},"type":"MultiPolygon","arcs":[[[-135,-48,-17,-46,-106,-173,-16]],[[-179,-13,-169,-14]],[[-137,-15,-167]],[[-19,-132,-178,-51,-190]]],"id":17},{"properties":{"ine_code":"28019","name":"Belmonte de Tajo"},"type":"MultiPolygon","arcs":[[[-425,-526,-43]]],"id":18},{"properties":{"ine_code":"28020","name":"Berzosa del Lozoya"},"type":"MultiPolygon","arcs":[[[-270,-287,-560]]],"id":19},{"properties":{"ine_code":"28021","name":"El Berrueco"},"type":"MultiPolygon","arcs":[[[-563,-38,-229,-404,-396,-23,-552]]],"id":20},{"properties":{"ine_code":"28022","name":"Boadilla del Monte"},"type":"MultiPolygon","arcs":[[[-130,-258,11,-537,-504]]],"id":21},{"properties":{"ine_code":"28023","name":"El Boalo-Cerceda-Mataelpino"},"type":"MultiPolygon","arcs":[[[12,-180,13,-168,14,-136,15,-172,-131,-170]],[[16,-47]],[[17,-164,-133,18,-139]]],"id":22},{"properties":{"ine_code":"28024","name":"Braojos"},"type":"MultiPolygon","arcs":[[[19,20,-352,-90]]],"id":23},{"properties":{"ine_code":"28025","name":"Brea de Tajo"},"type":"MultiPolygon","arcs":[[[21,-70,-414]]],"id":24},{"properties":{"ine_code":"28026","name":"Brunete"},"type":"MultiPolygon","arcs":[[[-272,-505,-535,-364,-516]]],"id":25},{"properties":{"ine_code":"28027","name":"Buitrago del Lozoya"},"type":"MultiPolygon","arcs":[[[-543,-91,-355,-254,-555,-551,-83,-86]]],"id":26},{"properties":{"ine_code":"28028","name":"Bustarviejo"},"type":"MultiPolygon","arcs":[[[-30,-84,-432,-197,-94,-146]]],"id":27},{"properties":{"ine_code":"28029","name":"Cabanillas de la Sierra"},"type":"MultiPolygon","arcs":[[[-195,-430,-24,-279,-478,-95]]],"id":28},{"properties":{"ine_code":"28030","name":"La Cabrera"},"type":"MultiPolygon","arcs":[[[-553,22,-399,-278,23,-429]]],"id":29},{"properties":{"ine_code":"28031","name":"Cadalso de los Vidrios"},"type":"MultiPolygon","arcs":[[[24,-331,25,-33,-303]]],"id":30},{"properties":{"ine_code":"28032","name":"Camarma de Esteruelas"},"type":"MultiPolygon","arcs":[[[-66,-74,-421,-143,26]]],"id":31},{"properties":{"ine_code":"28033","name":"Campo Real"},"type":"MultiPolygon","arcs":[[[-114,-261,-463,-237,27]]],"id":32},{"properties":{"ine_code":"28034","name":"Canencia"},"type":"MultiPolygon","arcs":[[[28,-245,-118,-88,-85,29,-145,-274]]],"id":33},{"properties":{"ine_code":"28035","name":"Caraba\u00f1a"},"type":"MultiPolygon","arcs":[[[-460,-221,30,-412,-378]]],"id":34},{"properties":{"ine_code":"28036","name":"Casarrubuelos"},"type":"MultiPolygon","arcs":[[[-56,31]]],"id":35},{"properties":{"ine_code":"28037","name":"Cenicientos"},"type":"MultiPolygon","arcs":[[[-304,32,33]]],"id":36},{"properties":{"ine_code":"28038","name":"Cercedilla"},"type":"MultiPolygon","arcs":[[[34,-194,35,-192,-50,-152]]],"id":37},{"properties":{"ine_code":"28039","name":"Cervera de Buitrago"},"type":"MultiPolygon","arcs":[[[-290,36,-230,37,-562]]],"id":38},{"properties":{"ine_code":"28040","name":"Ciempozuelos"},"type":"MultiPolygon","arcs":[[[-443,-327,-61,-382,38,39]]],"id":39},{"properties":{"ine_code":"28041","name":"Cobe\u00f1a"},"type":"MultiPolygon","arcs":[[[-337,40,-64,41,-222]]],"id":40},{"properties":{"ine_code":"28042","name":"Colmenar del Arroyo"},"type":"MultiPolygon","arcs":[[[-72,-199,-499,-58,-212,-294]]],"id":41},{"properties":{"ine_code":"28043","name":"Colmenar de Oreja"},"type":"MultiPolygon","arcs":[[[-63,-483,-62,-426,42,-533,43,44]]],"id":42},{"properties":{"ine_code":"28044","name":"Colmenarejo"},"type":"MultiPolygon","arcs":[[[-69,-82,-508,-436]]],"id":43},{"properties":{"ine_code":"28045","name":"Colmenar Viejo"},"type":"MultiPolygon","arcs":[[[45,46,47,-134,-372,-148,-96,-233,-309,48,-335,-123,-566,-122,-107]]],"id":44},{"properties":{"ine_code":"28046","name":"Collado Mediano"},"type":"MultiPolygon","arcs":[[[-153,49,-191,50,-177,51,-97]]],"id":45},{"properties":{"ine_code":"28047","name":"Collado Villalba"},"type":"MultiPolygon","arcs":[[[-99,52,-176,-81]]],"id":46},{"properties":{"ine_code":"28048","name":"Corpa"},"type":"MultiPolygon","arcs":[[[-489,53,-346,-239,-216,-464]]],"id":47},{"properties":{"ine_code":"28049","name":"Coslada"},"type":"MultiPolygon","arcs":[[[-317,-125]]],"id":48},{"properties":{"ine_code":"28050","name":"Cubas de la Sagra"},"type":"MultiPolygon","arcs":[[[-361,-93,-391,54,55,56]]],"id":49},{"properties":{"ine_code":"28051","name":"Chapiner\u00eda"},"type":"MultiPolygon","arcs":[[[57,-498,58,-213]]],"id":50},{"properties":{"ine_code":"28052","name":"Chinch\u00f3n"},"type":"MultiPolygon","arcs":[[[59,-380,60,-326,-182,-427,61,-482,62]]],"id":51},{"properties":{"ine_code":"28053","name":"Daganzo de Arriba"},"type":"MultiPolygon","arcs":[[[63,64,-447,-75,65,66,-385,67]]],"id":52},{"properties":{"ine_code":"28054","name":"El Escorial"},"type":"MultiPolygon","arcs":[[[-320,-101,-80,68,-439,-198,-291,-548]]],"id":53},{"properties":{"ine_code":"28055","name":"Estremera"},"type":"MultiPolygon","arcs":[[[69,70,-78,-415]]],"id":54},{"properties":{"ine_code":"28056","name":"Fresnedillas de la Oliva"},"type":"MultiPolygon","arcs":[[[-200,71,-293]]],"id":55},{"properties":{"ine_code":"28057","name":"Fresno de Torote"},"type":"MultiPolygon","arcs":[[[-446,-282,72,-422,73,74]]],"id":56},{"properties":{"ine_code":"28058","name":"Fuenlabrada"},"type":"MultiPolygon","arcs":[[[75,-112,-92,-248,-227,-109,-159,-185]]],"id":57},{"properties":{"ine_code":"28059","name":"Fuente el Saz de Jarama"},"type":"MultiPolygon","arcs":[[[-149,-457,-449,76]]],"id":58},{"properties":{"ine_code":"28060","name":"Fuentidue\u00f1a de Tajo"},"type":"MultiPolygon","arcs":[[[-416,77,78,-492,-530]]],"id":59},{"properties":{"ine_code":"28061","name":"Galapagar"},"type":"MultiPolygon","arcs":[[[79,-100,80,-175,-108,-403,-302,-509,81]]],"id":60},{"properties":{"ine_code":"28062","name":"Garganta de los Montes"},"type":"MultiPolygon","arcs":[[[-87,82,-550,-428,83,84]]],"id":61},{"properties":{"ine_code":"28063","name":"Gargantilla del Lozoya y Pinilla de Buitrago"},"type":"MultiPolygon","arcs":[[[-210,-544,85,86,87,-117]]],"id":62},{"properties":{"ine_code":"28064","name":"Gascones"},"type":"MultiPolygon","arcs":[[[88,89,-356,90,-542]]],"id":63},{"properties":{"ine_code":"28065","name":"Getafe"},"type":"MultiPolygon","arcs":[[[-111,-126,-285,-322,-249,91]]],"id":64},{"properties":{"ine_code":"28066","name":"Gri\u00f1\u00f3n"},"type":"MultiPolygon","arcs":[[[-161,-110,-228,-388,92,-360]]],"id":65},{"properties":{"ine_code":"28067","name":"Guadalix de la Sierra"},"type":"MultiPolygon","arcs":[[[93,-196,94,-481,-477,-234,95,-147]]],"id":66},{"properties":{"ine_code":"28068","name":"Guadarrama"},"type":"MultiPolygon","arcs":[[[-154,96,97,98,99,100,-319,101]]],"id":67},{"properties":{"ine_code":"28069","name":"La Hiruela"},"type":"MultiPolygon","arcs":[[[102,-267,-264,-156]]],"id":68},{"properties":{"ine_code":"28070","name":"Horcajo de la Sierra-Aoslos"},"type":"MultiPolygon","arcs":[[[103,-298,-105,-120,-252]]],"id":69},{"properties":{"ine_code":"28071","name":"Horcajuelo de la Sierra"},"type":"MultiPolygon","arcs":[[[-368,-157,-262,-119,104]]],"id":70},{"properties":{"ine_code":"28072","name":"Hoyo de Manzanares"},"type":"MultiPolygon","arcs":[[[-174,105,106,-121,-400,107]]],"id":71},{"properties":{"ine_code":"28073","name":"Humanes de Madrid"},"type":"MultiPolygon","arcs":[[[108,-226,109,-160]]],"id":72},{"properties":{"ine_code":"28074","name":"Legan\u00e9s"},"type":"MultiPolygon","arcs":[[[-127,110,111,112]]],"id":73},{"properties":{"ine_code":"28075","name":"Loeches"},"type":"MultiPolygon","arcs":[[[-144,-313,-410,-259,113,114,-469]]],"id":74},{"properties":{"ine_code":"28076","name":"Lozoya"},"type":"MultiPolygon","arcs":[[[115,-211,116,117,-244]]],"id":75},{"properties":{"ine_code":"28078","name":"Madarcos"},"type":"MultiPolygon","arcs":[[[118,-265,-557,-253,119]]],"id":76},{"properties":{"ine_code":"28079","name":"Madrid"},"type":"MultiPolygon","arcs":[[[-401,120,121,-565,122,-334,123,-224,-310,124,-316,-286,125,126,127,-256,-129,-300]]],"id":77},{"properties":{"ine_code":"28080","name":"Majadahonda"},"type":"MultiPolygon","arcs":[[[-511,-301,128,-255,129,-503]]],"id":78},{"properties":{"ine_code":"28082","name":"Manzanares el Real"},"type":"MultiPolygon","arcs":[[[-171,130]],[[-163,131,132]],[[-276,-373,133,134,135,136,-166,137,138,-189,139]]],"id":79},{"properties":{"ine_code":"28083","name":"Meco"},"type":"MultiPolygon","arcs":[[[-420,140,141,142]]],"id":80},{"properties":{"ine_code":"28084","name":"Mejorada del Campo"},"type":"MultiPolygon","arcs":[[[-314,143,-468,-283]]],"id":81},{"properties":{"ine_code":"28085","name":"Miraflores de la Sierra"},"type":"MultiPolygon","arcs":[[[144,145,146,147,-371,-275]]],"id":82},{"properties":{"ine_code":"28086","name":"El Molar"},"type":"MultiPolygon","arcs":[[[-475,-377,-458,148,149,-307,-235]]],"id":83},{"properties":{"ine_code":"28087","name":"Los Molinos"},"type":"MultiPolygon","arcs":[[[150,151,152,153]]],"id":84},{"properties":{"ine_code":"28088","name":"Montejo de la Sierra"},"type":"MultiPolygon","arcs":[[[154,155,-263,156,-367]]],"id":85},{"properties":{"ine_code":"28089","name":"Moraleja de Enmedio"},"type":"MultiPolygon","arcs":[[[157,-186,158,159,160,-359,161,-205]]],"id":86},{"properties":{"ine_code":"28090","name":"Moralzarzal"},"type":"MultiPolygon","arcs":[[[162,163,164,165,166,167,168,169,170,171,172,173,174,175,176,177]],[[178,179]]],"id":87},{"properties":{"ine_code":"28091","name":"Morata de Taju\u00f1a"},"type":"MultiPolygon","arcs":[[[180,-238,-423,181,-325]]],"id":88},{"properties":{"ine_code":"28092","name":"M\u00f3stoles"},"type":"MultiPolygon","arcs":[[[182,-203]],[[183,184,185,186,-201,-539]]],"id":89},{"properties":{"ine_code":"28093","name":"Navacerrada"},"type":"MultiPolygon","arcs":[[[187,188,189,190,191]],[[192,193]]],"id":90},{"properties":{"ine_code":"28094","name":"Navalafuente"},"type":"MultiPolygon","arcs":[[[-431,194,195,196]]],"id":91},{"properties":{"ine_code":"28095","name":"Navalagamella"},"type":"MultiPolygon","arcs":[[[-292,197,-438,-271,-514,-500,198,199]]],"id":92},{"properties":{"ine_code":"28096","name":"Navalcarnero"},"type":"MultiPolygon","arcs":[[[-365,-540,200,201,202,203,204,205,206,207,-496]]],"id":93},{"properties":{"ine_code":"28097","name":"Navarredonda y San Mam\u00e9s"},"type":"MultiPolygon","arcs":[[[208,-545,209,210]]],"id":94},{"properties":{"ine_code":"28099","name":"Navas del Rey"},"type":"MultiPolygon","arcs":[[[-295,211,212,213,-328,214]]],"id":95},{"properties":{"ine_code":"28100","name":"Nuevo Bazt\u00e1n"},"type":"MultiPolygon","arcs":[[[-465,215,-243,-218,-521,-260]]],"id":96},{"properties":{"ine_code":"28101","name":"Olmeda de las Fuentes"},"type":"MultiPolygon","arcs":[[[-242,216,-522,217]]],"id":97},{"properties":{"ine_code":"28102","name":"Orusco de Taju\u00f1a"},"type":"MultiPolygon","arcs":[[[-524,218,219,220]]],"id":98},{"properties":{"ine_code":"28104","name":"Paracuellos de Jarama"},"type":"MultiPolygon","arcs":[[[221,222,-383,-311,223,224,-338]]],"id":99},{"properties":{"ine_code":"28106","name":"Parla"},"type":"MultiPolygon","arcs":[[[225,226,-250,-393,-389,227]]],"id":100},{"properties":{"ine_code":"28107","name":"Patones"},"type":"MultiPolygon","arcs":[[[228,229,230,231,-405]]],"id":101},{"properties":{"ine_code":"28108","name":"Pedrezuela"},"type":"MultiPolygon","arcs":[[[232,233,-476,234,-306]]],"id":102},{"properties":{"ine_code":"28109","name":"Pelayos de la Presa"},"type":"MultiPolygon","arcs":[[[332]]],"id":103},{"properties":{"ine_code":"28110","name":"Perales de Taju\u00f1a"},"type":"MultiPolygon","arcs":[[[235,236,-462,-379,-527,-424,237]]],"id":104},{"properties":{"ine_code":"28111","name":"Pezuela de las Torres"},"type":"MultiPolygon","arcs":[[[238,-345,239,240,241,242]]],"id":105},{"properties":{"ine_code":"28112","name":"Pinilla del Valle"},"type":"MultiPolygon","arcs":[[[243,244,245,246]]],"id":106},{"properties":{"ine_code":"28113","name":"Pinto"},"type":"MultiPolygon","arcs":[[[247,248,-321,-441,-394,249]]],"id":107},{"properties":{"ine_code":"28114","name":"Pi\u00f1u\u00e9car-Gandullas"},"type":"MultiPolygon","arcs":[[[250,251,252,-556,253,-354]]],"id":108},{"properties":{"ine_code":"28115","name":"Pozuelo de Alarc\u00f3n"},"type":"MultiPolygon","arcs":[[[254,255,256,257]]],"id":109},{"properties":{"ine_code":"28116","name":"Pozuelo del Rey"},"type":"MultiPolygon","arcs":[[[258,-409,-466,259,-520,-459,260]]],"id":110},{"properties":{"ine_code":"28117","name":"Pr\u00e1dena del Rinc\u00f3n"},"type":"MultiPolygon","arcs":[[[261,262,263,-266,-558,264]]],"id":111},{"properties":{"ine_code":"28118","name":"Puebla de la Sierra"},"type":"MultiPolygon","arcs":[[[-559,265,266,267,268,-288,269]]],"id":112},{"properties":{"ine_code":"28119","name":"Quijorna"},"type":"MultiPolygon","arcs":[[[270,-437,-506,271,-515]]],"id":113},{"properties":{"ine_code":"28120","name":"Rascafr\u00eda"},"type":"MultiPolygon","arcs":[[[272,273,274,-370,275,276]]],"id":114},{"properties":{"ine_code":"28121","name":"Redue\u00f1a"},"type":"MultiPolygon","arcs":[[[277,-398,-472,-479,278]]],"id":115},{"properties":{"ine_code":"28122","name":"Ribatejada"},"type":"MultiPolygon","arcs":[[[-455,279,-418,280,281,-445]]],"id":116},{"properties":{"ine_code":"28123","name":"Rivas-Vaciamadrid"},"type":"MultiPolygon","arcs":[[[-315,282,-471,283,-323,284,285]]],"id":117},{"properties":{"ine_code":"28124","name":"Robledillo de la Jara"},"type":"MultiPolygon","arcs":[[[286,287,288,289,-561]]],"id":118},{"properties":{"ine_code":"28125","name":"Robledo de Chavela"},"type":"MultiPolygon","arcs":[[[-434,-341,-549,290,291,292,293,294,295]]],"id":119},{"properties":{"ine_code":"28126","name":"Robregordo"},"type":"MultiPolygon","arcs":[[[296,-369,297,298]]],"id":120},{"properties":{"ine_code":"28127","name":"Las Rozas de Madrid"},"type":"MultiPolygon","arcs":[[[-402,299,300,-510,301]]],"id":121},{"properties":{"ine_code":"28128","name":"Rozas de Puerto Real"},"type":"MultiPolygon","arcs":[[[302,303,304]]],"id":122},{"properties":{"ine_code":"28129","name":"San Agust\u00edn del Guadalix"},"type":"MultiPolygon","arcs":[[[305,306,307,308]]],"id":123},{"properties":{"ine_code":"28130","name":"San Fernando de Henares"},"type":"MultiPolygon","arcs":[[[309,310,-387,311,-411,312,313,314,315,316]]],"id":124},{"properties":{"ine_code":"28131","name":"San Lorenzo de El Escorial"},"type":"MultiPolygon","arcs":[[[317,318,319,-547,-340]]],"id":125},{"properties":{"ine_code":"28132","name":"San Mart\u00edn de la Vega"},"type":"MultiPolygon","arcs":[[[320,321,322,323,324,325,326,-442]]],"id":126},{"properties":{"ine_code":"28133","name":"San Mart\u00edn de Valdeiglesias"},"type":"MultiPolygon","arcs":[[[327,328,-484,329,330,331],[332]]],"id":127},{"properties":{"ine_code":"28134","name":"San Sebasti\u00e1n de los Reyes"},"type":"MultiPolygon","arcs":[[[333,334,335,336,337,338]]],"id":128},{"properties":{"ine_code":"28135","name":"Santa Mar\u00eda de la Alameda"},"type":"MultiPolygon","arcs":[[[339,-546,340,-433,341]],[[342]]],"id":129},{"properties":{"ine_code":"28136","name":"Santorcaz"},"type":"MultiPolygon","arcs":[[[-349,343,344,345,346]]],"id":130},{"properties":{"ine_code":"28137","name":"Los Santos de la Humosa"},"type":"MultiPolygon","arcs":[[[347,348,349,350]]],"id":131},{"properties":{"ine_code":"28138","name":"La Serna del Monte"},"type":"MultiPolygon","arcs":[[[351,352,353,354,355]]],"id":132},{"properties":{"ine_code":"28140","name":"Serranillos del Valle"},"type":"MultiPolygon","arcs":[[[356,357]],[[358,359,360,361,362]]],"id":133},{"properties":{"ine_code":"28141","name":"Sevilla la Nueva"},"type":"MultiPolygon","arcs":[[[363,-534,364,-495,-517]]],"id":134},{"properties":{"ine_code":"28143","name":"Somosierra"},"type":"MultiPolygon","arcs":[[[365,366,367,368]]],"id":135},{"properties":{"ine_code":"28144","name":"Soto del Real"},"type":"MultiPolygon","arcs":[[[369,370,371,372]]],"id":136},{"properties":{"ine_code":"28145","name":"Talamanca de Jarama"},"type":"MultiPolygon","arcs":[[[-474,373,-453,374,-450,375,-454,376]]],"id":137},{"properties":{"ine_code":"28146","name":"Tielmes"},"type":"MultiPolygon","arcs":[[[-461,377,-528,378]]],"id":138},{"properties":{"ine_code":"28147","name":"Titulcia"},"type":"MultiPolygon","arcs":[[[379,380,381]]],"id":139},{"properties":{"ine_code":"28148","name":"Torrej\u00f3n de Ardoz"},"type":"MultiPolygon","arcs":[[[382,383,384,385,386]]],"id":140},{"properties":{"ine_code":"28149","name":"Torrej\u00f3n de la Calzada"},"type":"MultiPolygon","arcs":[[[387,388,-392,389,390]]],"id":141},{"properties":{"ine_code":"28150","name":"Torrej\u00f3n de Velasco"},"type":"MultiPolygon","arcs":[[[391,392,393,-440,394]]],"id":142},{"properties":{"ine_code":"28151","name":"Torrelaguna"},"type":"MultiPolygon","arcs":[[[395,-407,396,-473,397,398]]],"id":143},{"properties":{"ine_code":"28152","name":"Torrelodones"},"type":"MultiPolygon","arcs":[[[399,400,401,402]]],"id":144},{"properties":{"ine_code":"28153","name":"Torremocha de Jarama"},"type":"MultiPolygon","arcs":[[[403,404,405,406]]],"id":145},{"properties":{"ine_code":"28154","name":"Torres de la Alameda"},"type":"MultiPolygon","arcs":[[[407,-491,-467,408,409,410]]],"id":146},{"properties":{"ine_code":"28155","name":"Valdaracete"},"type":"MultiPolygon","arcs":[[[411,412,413,414,415,-529]]],"id":147},{"properties":{"ine_code":"28156","name":"Valdeavero"},"type":"MultiPolygon","arcs":[[[416,417,418,419,420,421]]],"id":148},{"properties":{"ine_code":"28157","name":"Valdelaguna"},"type":"MultiPolygon","arcs":[[[422,423,424,425,426]]],"id":149},{"properties":{"ine_code":"28158","name":"Valdemanco"},"type":"MultiPolygon","arcs":[[[427,-554,428,429,430,431]]],"id":150},{"properties":{"ine_code":"28159","name":"Valdemaqueda"},"type":"MultiPolygon","arcs":[[[432,433,434]]],"id":151},{"properties":{"ine_code":"28160","name":"Valdemorillo"},"type":"MultiPolygon","arcs":[[[435,-513,-507,436,437,438]]],"id":152},{"properties":{"ine_code":"28161","name":"Valdemoro"},"type":"MultiPolygon","arcs":[[[439,440,441,442,443]]],"id":153},{"properties":{"ine_code":"28162","name":"Valdeolmos-Alalpardo"},"type":"MultiPolygon","arcs":[[[-456,444,445,446,447,448]]],"id":154},{"properties":{"ine_code":"28163","name":"Valdepi\u00e9lagos"},"type":"MultiPolygon","arcs":[[[449,450]],[[451,452]]],"id":155},{"properties":{"ine_code":"28164","name":"Valdetorres de Jarama"},"type":"MultiPolygon","arcs":[[[453,454,455,456,457]]],"id":156},{"properties":{"ine_code":"28165","name":"Valdilecha"},"type":"MultiPolygon","arcs":[[[458,-525,459,460,461,462]]],"id":157},{"properties":{"ine_code":"28166","name":"Valverde de Alcal\u00e1"},"type":"MultiPolygon","arcs":[[[-490,463,464,465,466]]],"id":158},{"properties":{"ine_code":"28167","name":"Velilla de San Antonio"},"type":"MultiPolygon","arcs":[[[467,468,469,470]]],"id":159},{"properties":{"ine_code":"28168","name":"El Vell\u00f3n"},"type":"MultiPolygon","arcs":[[[-480,471,472,473,474,475,476]]],"id":160},{"properties":{"ine_code":"28169","name":"Venturada"},"type":"MultiPolygon","arcs":[[[477,478,479,480]]],"id":161},{"properties":{"ine_code":"28170","name":"Villaconejos"},"type":"MultiPolygon","arcs":[[[481,482]]],"id":162},{"properties":{"ine_code":"28171","name":"Villa del Prado"},"type":"MultiPolygon","arcs":[[[483,484,485]]],"id":163},{"properties":{"ine_code":"28172","name":"Villalbilla"},"type":"MultiPolygon","arcs":[[[486,487,488,489,490]]],"id":164},{"properties":{"ine_code":"28173","name":"Villamanrique de Tajo"},"type":"MultiPolygon","arcs":[[[491,492,-531]]],"id":165},{"properties":{"ine_code":"28174","name":"Villamanta"},"type":"MultiPolygon","arcs":[[[493,-501,-518,494,495,496]]],"id":166},{"properties":{"ine_code":"28175","name":"Villamantilla"},"type":"MultiPolygon","arcs":[[[497,498,499,-519,500,501]]],"id":167},{"properties":{"ine_code":"28176","name":"Villanueva de la Ca\u00f1ada"},"type":"MultiPolygon","arcs":[[[-512,502,503,-536,504,505,506]]],"id":168},{"properties":{"ine_code":"28177","name":"Villanueva del Pardillo"},"type":"MultiPolygon","arcs":[[[507,508,509,510,511,512]]],"id":169},{"properties":{"ine_code":"28178","name":"Villanueva de Perales"},"type":"MultiPolygon","arcs":[[[513,514,515,516,517,518]]],"id":170},{"properties":{"ine_code":"28179","name":"Villar del Olmo"},"type":"MultiPolygon","arcs":[[[519,520,521,522,523,524]]],"id":171},{"properties":{"ine_code":"28180","name":"Villarejo de Salvan\u00e9s"},"type":"MultiPolygon","arcs":[[[525,526,527,528,529,530,531,532]]],"id":172},{"properties":{"ine_code":"28181","name":"Villaviciosa de Od\u00f3n"},"type":"MultiPolygon","arcs":[[[533,534,535,536,537,538,539]]],"id":173},{"properties":{"ine_code":"28182","name":"Villavieja del Lozoya"},"type":"MultiPolygon","arcs":[[[540,541,542,543,544]]],"id":174},{"properties":{"ine_code":"28183","name":"Zarzalejo"},"type":"MultiPolygon","arcs":[[[545,546,547,548]]],"id":175},{"properties":{"ine_code":"28901","name":"Lozoyuela-Navas-Sieteiglesias"},"type":"MultiPolygon","arcs":[[[549,550,-564,551,552,553]]],"id":176},{"properties":{"ine_code":"28902","name":"Puentes Viejas"},"type":"MultiPolygon","arcs":[[[554,555,556,557,558,559,560,561,562,563]]],"id":177},{"properties":{"ine_code":"28903","name":"Tres Cantos"},"type":"MultiPolygon","arcs":[[[564,565]]],"id":178}],"type":"GeometryCollection"}},"bbox":[-4.579005799999999,39.8846264,-3.0529851999999997,41.16573809999999],"transform":{"scale":[1.5260358603586034e-05,1.281124511245102e-05],"translate":[-4.579005799999999,39.8846264]},"arcs":[[[59119,93809],[338,460],[359,312],[244,164],[485,473],[198,122],[92,98],[53,293],[120,252],[148,199],[52,226],[88,59]],[[44580,83846],[230,523],[540,446],[223,-1],[178,125]],[[41028,25579],[-115,-15],[-330,48],[-257,-54],[-247,45],[-641,-20],[-711,-204],[-290,-3],[-65,176],[-203,44],[-181,325],[-145,73],[-322,69],[-191,161],[-259,346],[-480,454],[-34,118],[39,149],[-50,168],[-307,19],[-39,537],[54,220],[133,214]],[[26784,31512],[-140,-28],[-182,65],[-132,125],[-21,100],[-59,81],[-114,64],[-132,3],[-148,56],[-146,127],[-255,84],[-103,-30],[-346,-218],[-105,-277],[-222,-91],[-74,-101],[-103,-361],[69,-441],[58,-183],[-101,-312],[61,-172],[-164,-7],[-165,-64],[-133,85],[-179,15],[-115,71],[-93,168],[-49,31],[-143,-55],[-81,38],[-37,-26],[-2,-97],[-79,-3],[-80,-72],[-53,26],[-108,-38],[-72,110],[2,62],[-71,46],[12,173],[-63,88],[-143,47]],[[93623,38152],[53,-133],[-98,-75],[-144,-196],[-14,-68],[176,-206],[47,-257],[55,-89],[354,-184],[-13,-74],[37,-66],[-61,-182],[23,-60],[140,-49],[35,-88],[-47,-59],[-95,-37],[-217,3],[-45,-213],[-133,-23],[-11,-27],[41,-36],[-198,-67],[-33,-126],[-149,-66],[-91,-84],[275,-216],[46,-100],[-16,-170],[-122,-307],[-591,-335],[15,-111],[-377,-244],[-488,-533],[-160,-70],[-70,-72],[-120,-190],[-20,-155],[-98,-213],[52,-158],[-8,-106]],[[82403,45853],[-7,50],[59,96],[144,146],[107,68],[85,8],[-18,122],[255,153],[181,160],[-19,39],[372,-120],[143,-131],[103,69],[173,242],[343,149],[291,78],[75,161],[-9,70],[-198,87],[-305,-84],[-43,59],[-130,53],[-99,265]],[[69724,12381],[-150,-201],[4,-327],[-306,-773],[121,-437],[-399,-156],[-277,-63],[-1368,-1],[-1541,-182],[-30,-155],[-136,-42],[-328,-21],[-189,41],[-316,-13],[-69,-103],[-230,-795],[-56,-35],[-236,-75],[-249,-20],[-435,-138],[-404,-351],[-437,-201],[-274,103],[-176,19],[-92,-75],[-155,-39],[-161,-186],[-181,-25],[64,-241],[143,-334],[0,-168],[45,-66],[59,-267],[-29,-84],[180,-397],[-233,28],[44,-127],[-68,-108],[-1769,0],[-208,-158],[-814,-241],[-421,-441],[-904,-656],[-469,259],[-227,239],[-192,127],[-225,-204],[-1080,-645],[-893,-275],[-45,-171],[-17,-392],[-202,-327],[-299,-314],[-163,-279],[-146,-114],[-740,-398],[-107,56],[-189,-192],[-302,-155],[-681,-895],[-415,-354],[-285,-303],[-440,-317],[145,-216],[-480,88],[-213,0],[-216,216],[-459,293],[-302,389],[-368,236],[-624,184],[-656,33],[-337,-43],[-294,61],[-291,128],[5,238],[-87,65],[-145,7],[30,98],[-51,1],[-110,135],[122,146],[290,184],[44,123],[-77,80],[-35,128],[-201,194],[-73,155],[-162,152],[-6,49],[95,174],[202,45],[176,120],[139,242],[266,138],[96,11],[260,140],[110,-33],[137,92],[491,84],[440,159],[77,-57],[81,-373],[-29,-468],[58,-59],[81,-18],[214,11],[138,93],[34,127],[12,135],[-58,319],[33,154],[298,505],[70,22],[229,-89],[101,5],[59,49],[81,230],[213,248],[242,150],[175,20],[166,-29],[158,-139],[-16,-395],[61,-107],[105,1],[294,137],[319,-160],[167,9],[163,221],[14,68],[-48,95],[-199,145],[-40,61],[13,70],[517,90],[359,198],[395,22],[242,246],[24,256],[77,59],[43,-9],[328,-639],[-167,-113],[-417,-104],[-125,-67],[-73,-196],[59,-216],[146,-113],[144,-40],[166,42],[222,146],[285,50],[226,174],[44,291],[-222,401],[-239,345],[-201,421],[74,47],[153,-9],[146,-174],[177,-114],[92,-234],[91,-110],[425,-135],[232,-23],[315,31],[174,122],[331,121],[202,239],[54,155],[-27,91],[-156,96],[-93,1],[-258,-219],[-364,-81],[-261,192],[-135,240],[-75,233],[-132,172],[-22,70],[28,61],[106,97],[107,36],[236,-53],[66,-34],[83,-114],[57,-269],[121,229],[-82,236],[36,181],[221,108],[19,38],[124,3],[72,195],[63,35],[77,10],[127,-68],[-43,351],[12,135],[184,443],[460,230],[76,268],[106,171],[239,126],[72,208],[86,112],[281,212],[132,150],[156,96],[227,-44],[12,-62],[-68,-252],[6,-70],[82,-116],[361,-50],[184,64],[174,241],[174,112],[282,284],[429,238],[82,107],[55,92],[-34,410],[87,169],[186,101],[241,57],[168,-36],[108,-195],[362,-57],[138,41],[107,123],[6,174],[49,155],[183,115],[285,99],[123,112],[33,97],[-76,366],[25,147],[463,172],[271,-23],[227,84],[99,89],[37,150],[-284,186],[-41,100],[24,130],[58,53],[233,62],[130,88],[66,104],[-3,108],[-101,135],[-448,242],[-144,128],[-22,104],[126,187],[220,138],[458,-100],[222,59],[257,349],[77,255],[202,339],[19,143],[-54,97],[-62,23],[-280,-90],[-72,8],[-177,255],[-31,136],[73,136],[258,200],[110,404]],[[75847,84512],[-410,-553],[-237,-858],[-232,-248],[15,-199],[-40,-116],[36,-316],[72,-34],[-128,-228],[-2,-75],[-103,-177],[-275,-181],[-377,-522],[41,-95],[6,-187],[-162,-224],[27,-96],[-60,-139]],[[41028,25579],[272,736],[2,88],[-88,253]],[[42836,24621],[-133,176],[-200,121],[-63,8],[-132,-72],[-162,-30],[-168,61]],[[41159,24356],[-76,2],[-82,69],[-65,-27],[-123,109],[82,410],[97,277],[36,383]],[[48568,40470],[-487,-927],[-164,-131],[-426,-220],[-886,-681]],[[43234,61526],[125,-76],[175,-12],[183,68],[346,46]],[[44008,61900],[-153,-157],[-228,-71],[-177,46]],[[43504,61765],[216,62],[531,301]],[[46206,62169],[-250,-159],[-38,-209],[145,-389],[34,-253],[124,-235],[307,-269],[-318,-346]],[[48432,61007],[-397,170],[90,293],[459,101],[349,263]],[[43640,62672],[-311,-202],[-450,-396],[21,-185]],[[41139,65359],[-148,88],[-68,168],[-243,304],[-4,141],[-108,231],[-32,907],[-42,374],[59,285],[-29,440],[-139,412],[-386,175]],[[57231,93112],[260,212],[260,130],[-6,-32],[240,143],[396,115],[199,17],[286,-65],[253,177]],[[59119,93809],[112,-149],[319,-195],[849,-390],[237,-173],[284,-102],[349,-25],[571,-268],[350,-96]],[[92114,27284],[31,257],[65,200],[58,70],[55,346],[389,358],[86,257],[186,270],[537,424],[165,193],[382,140],[119,86],[178,147],[115,197],[486,362],[77,145],[82,72],[241,95],[699,384],[230,-21],[139,-432],[341,-213],[236,-277],[122,-245],[37,-91],[-95,-350],[-141,-227],[176,-364],[92,-67],[380,-681],[86,-238],[20,-160],[-99,-274],[192,-323],[-11,-77],[317,-255],[152,-236],[36,-625],[-140,-140],[-105,-218],[148,-367],[88,-139],[-269,-487],[-309,-138]],[[64197,78372],[23,5],[43,-308],[256,-522],[207,-207],[53,-137],[189,-166],[95,-205],[-6,-73],[516,-699],[201,-163],[234,-286],[45,-180]],[[63063,74659],[-157,-49],[-390,68],[-495,309],[-537,433],[-143,154]],[[6982,33950],[378,8],[124,-79],[161,60],[244,-7],[203,45],[65,156],[-41,30],[125,199],[7,348],[-38,286]],[[12963,33854],[59,-129],[20,-160],[-197,-246],[-101,-211],[73,-74],[10,-62],[-317,-449],[281,-129],[-88,-317],[-33,-279],[19,-106],[86,-116],[-339,-172],[-250,-3],[-344,-201],[-667,-786],[-218,-134],[-154,-207],[-102,-9],[-263,-339],[-425,-240],[-46,-92],[-13,-241],[-25,-20],[-139,75],[-398,40]],[[80531,50501],[-48,-52],[-36,-157],[-51,-26],[-69,27],[70,-176],[-179,-42],[-167,-115],[-101,121],[-57,-30],[43,-143],[-218,-46],[-25,85],[-59,-5],[-59,219],[-72,73],[-176,-21],[-118,-68],[-58,2],[10,73],[-60,12],[5,-46],[-54,-6],[-46,65],[-159,-132],[-55,31],[-27,116],[-57,-43],[-384,-70],[-528,-268],[-453,213],[10,-61],[-71,-13],[-8,72],[-297,-25],[8,-37],[-98,-23],[-27,191],[36,85],[-117,103],[-73,-53],[12,-69],[-136,-11],[-18,53],[63,-2],[-2,39],[-139,2],[21,56],[-33,292],[-119,31],[-29,125],[-222,26],[-9,134],[66,29],[-25,81],[80,53],[12,76],[-79,42],[23,74],[102,67],[-101,125]],[[79242,29715],[-211,295],[-109,215],[-638,703],[188,195],[18,34],[-44,18],[38,0],[106,189],[119,116],[-25,37],[76,231],[73,1],[-45,37],[-4,160],[-188,311],[-185,-9],[-2,127],[-92,45],[-228,-35],[-112,35],[-30,50],[-45,-46],[-335,127],[-51,139],[-97,73],[-70,-10],[-108,-98],[-67,10],[4,70],[-44,40],[0,47],[-76,3],[-148,95],[-199,-6],[-43,269],[-48,27],[25,39],[-170,18],[-26,63],[-28,-19],[-76,57],[-53,-7],[-34,110],[-144,42],[-24,-39],[-56,-4],[-51,85],[-60,-35],[-273,61],[-174,93],[22,41],[-68,-22],[-39,146],[-155,-7],[-85,287],[67,114],[-75,91],[45,22],[-33,63],[21,8],[24,365],[25,-16],[-1,97],[-47,64],[27,53],[-11,150],[26,-8],[-31,66],[27,32],[-25,29],[28,259],[123,269],[46,203],[119,130],[66,161],[-32,31]],[[49858,76319],[222,258],[14,414],[244,503],[146,660],[-65,168],[63,121],[170,69]],[[57868,77762],[-492,-235],[-592,-49],[-320,-82],[-163,-149],[-141,-35],[-222,67],[-152,-26],[-419,44],[-179,56],[-166,164],[-109,-282],[-245,-99],[-113,-197],[-31,44],[-227,-92],[-21,-84],[-83,-58],[-284,-32],[-147,136],[-186,-5],[-1,122],[-40,12],[-83,-109],[-116,-34],[14,-29],[-192,-117],[-199,27],[-53,98],[-305,-322],[-46,-7],[69,-213],[-53,-67],[-86,-26],[-210,-237],[-219,-96],[-45,-176],[34,-56],[-50,-42],[-35,-172],[-162,-107],[-23,-90],[-57,-17],[-55,-90]],[[90618,29116],[63,-152],[39,-250],[-73,-371]],[[50603,22842],[-230,-636],[-143,36],[-31,40],[-83,-13],[-148,104],[-105,-7],[-55,-95],[-82,10],[-310,-253],[-668,-433],[-394,98],[-240,237],[-489,268],[11,25],[-49,26],[81,268],[-25,28],[49,340],[-148,152]],[[5596,30765],[687,35],[331,288],[102,34],[523,-195],[411,-187],[569,-325],[281,-101],[101,-203],[221,-254],[340,-228],[230,-382]],[[9392,29247],[-29,-181],[9,-426],[101,-415],[-2,-160],[-112,-398],[-128,-144],[-612,-319],[-193,12],[-231,-59],[-233,21],[-394,-40],[-287,-113],[-71,41],[-279,17],[-203,-95],[-233,-17],[-101,-164],[-857,-397],[-167,-126],[-150,33],[-182,-87],[-199,11],[-202,-108],[-98,-1],[-146,-123],[-137,-31],[-48,-91],[-35,-1],[-117,-141],[-14,-61],[39,-141],[-32,-258],[30,-224],[-196,-280],[-279,-20],[-289,-100],[-314,33],[-174,-111],[-692,100],[-1884,486],[108,166],[59,298],[-110,68],[-78,159],[-230,115],[176,154],[120,26],[364,-127],[216,-3],[121,178],[199,190],[120,665],[-15,260],[-69,138],[-236,204],[-138,52],[-32,144],[-32,705],[-153,521],[120,145],[279,172],[175,47],[266,207],[32,120]],[[31586,67374],[168,489],[38,317],[-35,239],[-151,239],[27,80],[208,249],[456,314],[382,379],[110,407],[5,493],[198,29],[108,81],[145,202],[106,75],[67,-46],[210,-4],[376,-73],[467,-132],[390,-19],[87,-87],[228,-420],[175,29],[211,-49],[257,-150],[713,-29]],[[35920,68495],[-135,-102],[-158,-225],[65,-156],[-42,-401],[34,-119]],[[70557,81155],[6,-106],[-51,-128],[41,-49],[-36,-80],[42,-116],[-3,-96],[147,-302],[157,-76],[11,-76],[-76,-129],[-103,-79],[42,-48],[64,34]],[[69540,79638],[29,-93],[-33,-125],[-184,-155],[-105,-3],[-230,101],[-302,-154],[-356,260],[-142,-98],[84,-168],[-114,-68],[-111,21],[-39,43],[-260,410]],[[65310,19049],[-85,-92],[-307,-33],[-256,68],[-70,-42],[-99,-253],[11,-100],[-96,-206],[-112,-105],[-193,-76],[-14,-34],[38,-81],[136,-52],[94,-157],[-74,-215],[-67,-89],[-157,-109],[-143,-10],[-263,51]],[[63653,17514],[-69,41],[37,8],[-298,149],[-258,78],[-303,205],[-46,-143],[-177,91],[-139,178],[-146,82],[-422,124],[-625,254],[-59,103],[11,78],[-324,62],[-327,-103],[-47,69],[-21,195],[-260,45],[-348,562],[-28,155],[42,261],[-13,76],[-90,106]],[[68085,54483],[-15,105],[276,30],[32,55],[115,12],[49,-16],[-40,-47],[240,-13],[-4,-64],[55,-4],[-71,-56],[29,-37],[74,51],[24,-38],[63,38],[113,-99],[202,29],[25,-59],[84,1],[820,88],[861,283],[279,-75],[289,34],[278,81],[-38,81],[456,383],[494,267],[89,5],[70,-45]],[[71954,52884],[-215,-15],[-62,-119],[-156,-37],[-78,-338],[-285,-98],[-204,65],[-410,-211],[47,-34],[-26,-172],[-46,-233],[-117,-314],[-184,-192],[-271,-117]],[[78719,19440],[299,-512],[182,-184],[426,-313],[65,-7],[136,-129],[572,-119],[544,-581],[-73,-599],[-177,-176],[-47,-165]],[[80867,15230],[-134,-14],[-211,-147],[-280,-25],[-434,-159],[-206,-17],[-594,45],[-164,-26],[-123,-73],[-74,-336],[-22,-309],[96,-287],[150,-147],[39,-116],[-19,-380],[-41,-196],[-101,-131],[-378,133],[-168,4],[-68,-156],[-234,-63],[-124,-77],[-10,-51],[-134,-152],[-10,-142],[38,-117],[148,-67],[-11,-172],[-68,-180],[-88,-97],[-530,-91],[-498,254],[-6,92],[98,114],[-122,138],[-117,-54],[-205,103],[-173,205],[-139,29],[-155,-27],[-100,106],[-85,30],[-98,-84],[-9,-149],[-151,-261],[-37,-150],[-172,-48],[-140,70],[-392,8],[-381,-140],[-105,92],[-59,309],[59,307],[71,120],[-107,133],[-160,-36],[-219,81],[-165,-33],[112,-141],[-5,-107],[-335,-102],[-641,-354],[-171,42],[-52,70],[20,165],[43,77],[-12,52],[-425,-100],[-254,113],[-124,-79],[-26,-181],[-63,-100],[-107,-36],[-80,44],[-99,460],[-360,-3],[-87,-145],[-151,-54],[-300,120],[-126,185],[-84,-58],[68,-189],[-38,-95],[-78,-4],[-210,114],[-14,-143],[74,-82],[-58,-44],[28,-28],[-138,20],[-128,71]],[[69724,12381],[-146,17],[-23,58],[87,55],[139,-11],[35,124],[-15,142],[-37,40],[-56,-2],[-90,-140],[-94,0],[-61,156],[10,160],[32,54],[-36,57],[-124,-9],[-171,-93],[-103,-106],[-19,-97],[-67,-64],[-104,70],[-66,250],[-262,6],[-189,-214],[-245,108],[-309,-92],[-105,95],[372,134],[413,-9],[-110,1258],[-1688,-136],[-406,-98],[-117,-91],[-61,27],[-644,-304],[-64,-75],[-192,-69],[-235,-58],[-125,19],[-186,302],[-117,393],[121,47],[57,65],[26,84],[-3,255],[115,314],[113,154],[207,732],[-74,203],[3,142],[185,347],[110,382]],[[46785,59402],[169,146],[214,501],[64,87],[-80,246],[293,389],[715,233],[272,3]],[[48432,61007],[150,71],[351,756]],[[48933,61834],[139,291]],[[64678,59659],[163,-316],[-9,-85],[-137,-276],[131,-365],[15,-152],[99,-181],[161,-92],[72,-139],[-9,-85]],[[34626,64796],[351,223],[173,78],[140,1]],[[37642,64522],[79,-271],[-2,-414],[40,-172],[347,-767]],[[38247,62143],[-195,273],[-941,-125],[-192,-138],[-290,-142],[-492,-363],[-219,-108],[-77,-107],[-161,-53],[-285,-300],[-189,-118],[-18,57],[-204,-345],[-24,26]],[[36016,58228],[231,177],[34,-38],[510,496],[-261,504],[122,40],[615,522],[242,777],[257,80],[298,8],[137,263],[-81,576],[127,510]],[[85942,43297],[315,-91],[144,4],[142,98],[30,95],[43,19],[283,65],[34,-1],[-8,-28],[197,40],[38,-48],[66,135],[102,-14],[222,83],[181,16],[84,-30],[165,60],[79,-9]],[[50649,22860],[-46,-18]],[[50603,22842],[-101,25],[10,142],[-292,-70],[-340,75],[-697,-31],[-79,52],[-239,-62],[-110,33],[-539,-10],[-288,81],[-384,-40]],[[47544,23037],[-580,474],[-98,32],[-141,121],[-335,156],[-345,105]],[[22612,39616],[139,183],[318,185],[357,346],[275,195],[105,-121],[281,68],[223,4],[113,88],[276,-16],[184,-169],[119,9],[191,103],[454,-173],[220,200],[247,-28],[151,-231],[18,-102],[-77,-77],[-239,-168],[-742,-307],[72,-209],[118,-111],[58,-113],[-59,-127],[277,-309],[20,-202],[-64,-17],[-503,-633],[-75,-139],[-125,-115],[81,-157],[121,-35],[-114,-228],[33,-35],[283,-142],[241,69],[58,-241],[103,42],[64,-52],[13,-116],[-143,16],[-37,-87],[-45,48],[-8,-159],[53,-93],[127,-30],[-6,-97],[64,3],[164,-184]],[[25581,35382],[-386,199],[-866,692],[-328,83],[-196,-611],[108,-223],[-316,-262],[-257,-19],[-249,-105],[-245,22],[-59,-48]],[[65405,16963],[106,110],[55,301],[82,123],[23,188],[93,242],[57,49],[297,55],[184,120],[188,192],[259,139],[157,319]],[[66645,22362],[124,37],[17,52],[71,42],[70,9],[36,96],[633,119],[202,131],[33,112],[185,230],[-558,158],[-98,-8],[-43,25],[-11,53],[-71,-9],[-22,-47],[-389,493]],[[78172,19628],[-99,-6],[-3,-74],[-101,48],[-102,-110],[-74,28],[-53,-117],[-161,34],[-7,-29],[-95,21],[-251,-63],[-89,59],[-794,-1006],[-100,48],[-63,-58],[-41,43],[-45,-44],[-38,33],[-106,-38],[-129,13],[-14,-73],[-162,44],[-41,-73],[-416,-94],[-138,78],[-195,25],[-45,-15],[-28,-95],[-80,-28],[-71,-105],[-37,57],[-133,46],[-51,110],[-80,-126],[-99,-50],[-321,122]],[[67462,16967],[-205,-22],[-151,-77],[-420,-100],[-1281,195]],[[71954,52884],[110,255],[332,396],[5,71],[-44,25],[1,107],[57,51],[-7,59],[88,119],[-50,53],[15,252],[54,-26],[38,31],[7,145],[127,85],[-72,191],[37,112],[195,219],[87,444]],[[72934,55473],[4,142],[131,175],[665,629]],[[77542,53871],[-235,-385],[-37,-132],[-57,-23],[9,-69],[-77,-117],[-144,-376],[269,-198],[-126,-130],[11,-78],[-78,-43],[-140,17],[-78,-170],[-141,-152],[42,-35],[-182,-165],[-128,57],[-135,-45],[-142,-273]],[[76173,51554],[-120,-17],[-110,-74],[-318,85],[-35,-133],[-508,85],[-36,-151],[-133,-94],[18,-144],[-67,-58],[1,-104],[-41,-77],[-99,-18],[20,-224],[52,-39],[63,-138],[-31,-72],[59,-50],[203,-3],[174,91],[124,-36],[-148,-913],[91,-21],[-16,-308],[58,1],[-43,-254]],[[75025,48755],[-196,102],[-130,237],[-632,-181],[-248,90],[-216,-90],[-10,-95],[-451,80],[69,105],[-100,120],[122,291],[-99,237],[73,78],[-77,151],[122,248],[-81,8],[-34,129],[-114,-11],[-135,174],[-146,26],[18,117],[-131,42],[133,497],[-68,16],[-136,-56],[-34,58],[-56,10],[-50,109],[-67,15],[-54,78],[29,69],[-34,53],[24,83],[-207,-18],[-10,82],[-120,157],[-22,207],[-97,122],[8,98],[44,62],[-27,80],[-99,-36],[40,286],[125,220],[3,79]],[[35034,54552],[-210,-53],[186,-328],[-35,-234],[-100,-184],[-19,-192]],[[93515,26387],[75,34],[69,-76],[34,-101],[228,-28],[126,-56],[87,-90],[852,-406],[290,-271],[708,-305],[306,-177],[229,-67],[444,-26],[517,-94],[208,-82]],[[97688,24642],[234,-149],[-1,-78],[-71,-134],[25,-78],[-82,-110],[-3,-74],[151,-286],[-91,-127],[0,-62],[175,-185],[169,-483],[215,-400],[-36,-499],[220,-214],[260,-123],[111,-151],[60,-158],[-56,-100],[-191,-51],[-421,88],[-335,192],[59,134],[-51,81],[-144,108],[-128,5],[-140,-63],[-199,-318],[-273,-237],[-67,-148],[8,-115],[279,-157],[-41,-90],[-170,-137],[18,-175],[-42,-227],[161,18],[-7,-81],[61,-87],[-41,-62],[78,-67],[20,43],[-28,72],[189,101],[28,-69],[108,-71],[-124,-4],[90,-92],[130,55],[92,-33],[31,-102],[94,-59],[67,-127],[145,28],[78,-21],[54,45],[55,-18],[2,-241],[113,-7],[86,-99],[117,-1],[-13,-93],[-120,-42],[1,-68],[73,-135],[117,-11],[-93,-93],[131,-97],[38,-126],[249,5],[105,-57],[-53,-134],[-147,-46],[25,-89],[92,11],[139,-147],[-48,-57],[91,-53],[103,-7],[24,-152],[87,-5],[136,57],[119,-11],[16,-130],[-118,-52],[106,-156],[9,-81],[165,-154],[-40,-99],[-130,37],[-26,-72],[30,-140],[202,-282],[-181,-189],[-324,-499],[-662,-546],[-121,-34],[-1059,-979],[-223,-128],[-386,-97],[-304,-29],[-522,-225],[-104,0],[-388,-237]],[[26811,43153],[-276,62],[-368,228],[-153,166],[-366,196],[-898,769],[-352,-10],[-80,-68],[-26,-130],[-86,-118],[-346,-252]],[[78430,58218],[350,-135],[154,-203],[178,-29]],[[78390,56449],[6,-102],[86,-41],[-179,-98],[-60,-90],[-5,-43],[70,-97],[10,-149],[-34,-58],[46,-213],[-113,-308],[2,-67],[39,-170],[73,16],[87,-68],[-77,-115],[115,-226],[-71,-22],[-36,-108],[-135,-175],[-194,-76],[-65,-167],[46,-54],[8,-117],[-143,-239],[57,-82],[-34,-29],[-70,96],[-110,-29],[-167,253]],[[77542,53871],[-75,136],[-108,99],[-104,-78],[-162,140],[-210,-15],[-35,40],[-105,-64],[-206,-11],[-46,68],[-220,17],[-12,66],[-60,41],[-365,162],[-381,268],[-132,-24],[-231,136],[-67,126],[-49,-20],[-207,392],[-327,151],[-23,251],[63,123],[-47,137],[7,204],[241,377],[-13,89],[-127,83],[-40,14],[-107,-61],[-31,35],[140,452]],[[48188,34317],[815,78],[201,74],[657,119]],[[71190,57779],[-577,17],[-140,45],[44,-248],[45,-56],[-29,-66],[16,-85],[-54,-28],[-35,56],[-70,6],[-166,-63],[-66,-62],[-257,-33],[-434,-185],[-313,15],[-63,-51],[-9,-71],[-288,-14],[-57,-54],[-226,141],[-116,27],[-46,70],[-78,-69],[-63,35],[-336,-260],[-109,62],[-169,12],[-210,-67],[-83,-113],[-284,-19],[-57,71],[-147,3],[-21,176],[44,260],[-42,382],[62,129],[-106,-5],[-20,222],[-164,257],[-56,210],[27,195],[74,118],[65,1],[198,-121],[130,43],[-74,336],[-67,158],[-230,237],[11,56],[149,181],[37,150]],[[93657,21615],[202,-216],[14,-95],[125,-85],[37,-189],[309,-432],[23,-300],[-43,-21],[43,3],[9,-175],[-31,-13],[-9,-95],[24,-26],[-26,-46],[451,-596],[300,-463],[-412,-93],[334,-819],[215,-245],[-19,-52],[67,-31],[39,-148],[691,-340],[371,-314],[58,-150],[-11,-185],[-126,-395],[-142,-761],[-151,-385],[-49,-235],[-44,-34],[-81,-568],[-100,-311]],[[95725,13800],[-417,70],[-331,0],[-211,55],[-430,10],[-715,246],[-390,-110],[-335,18],[56,331],[-146,136],[91,253],[-66,236],[8,223],[-50,278],[-310,113],[-24,55],[111,285],[3,131],[-163,-55],[-402,32],[-81,-22],[-57,-81],[23,-109],[-43,-109],[-107,-138],[-279,-5],[-139,-191],[-142,38],[-122,-31]],[[35034,54552],[68,402],[204,201],[48,121],[55,-65],[117,116],[142,341],[-9,237],[50,102],[-55,466],[-158,180],[46,116],[20,228],[-23,24],[-304,-252],[-66,37],[164,287],[296,321],[69,116],[-191,212],[254,292],[23,156]],[[35998,58168],[282,28],[-16,-121],[40,-40],[-103,-210],[397,-474],[580,-214],[462,-32],[465,88],[548,163],[299,-6],[292,47],[87,161],[318,388],[408,176],[275,15],[335,278],[21,-12]],[[38952,49335],[9,64],[-100,123],[23,74],[-210,206],[38,84],[-61,79],[-89,11],[30,64],[66,20],[-128,99],[20,67],[49,19],[10,65],[71,29],[2,40],[-208,133],[-4,103],[-216,137],[10,184],[-131,48],[6,70],[-44,112],[21,58],[-90,104],[-49,192],[-81,42],[35,197],[-14,114],[58,115],[-24,35],[-46,-17],[-323,377],[-105,177],[121,271],[-376,165],[20,41],[-159,228],[-795,492],[-74,369],[-326,385],[-324,14],[-433,79],[-10,-44],[-87,-8]],[[60421,85216],[-11,-181],[42,-39],[288,225],[197,44],[105,-44],[-47,-147],[-199,-290],[-81,-203],[-69,-255],[-37,-423],[90,12],[146,-80],[168,-232],[227,-155]],[[58052,77752],[-184,10]],[[57868,77762],[-78,234],[-186,312],[-310,158],[-110,111],[-255,79],[-117,191],[-276,153],[-160,680],[100,193],[-41,213],[1,296],[44,188],[-17,92],[-83,125],[-132,354],[-219,214],[3,268],[-101,374]],[[59855,86697],[-177,-182],[-25,-83],[175,-301],[207,-89],[222,-14],[111,-229],[231,-263],[-185,-124],[7,-196]],[[60421,85216],[-130,-69],[-125,6],[-248,233],[-100,-7],[-235,-269],[118,-181],[-32,-189],[-159,-3],[-104,154],[-128,-68],[60,-119],[-73,-99],[-223,-96],[-111,2],[33,-166],[-357,-95],[-97,-455],[55,-96],[-25,-146],[-289,-118],[-361,55],[-79,-144],[-16,-183],[-240,-62],[-158,-86],[-240,-26],[-44,-40],[38,-112],[-60,-47],[-113,-32],[-253,13],[-48,-70],[-167,-48],[-16,-64],[149,-167],[-17,-112],[-296,-229],[-198,-96],[-201,12]],[[55931,81997],[-357,88],[-254,3],[-20,174],[39,119],[-163,103]],[[56262,92186],[69,51],[26,113],[219,316],[168,181],[432,202],[55,63]],[[57231,93112],[852,-1385],[807,-448],[504,-976],[720,-350],[386,-305],[231,-115],[118,129],[300,-25],[214,-84],[156,-187],[291,-34]],[[61890,88703],[-98,-170],[20,-75],[82,-68],[-21,-108],[23,-108],[-84,-57],[80,-98],[55,-15],[41,-260],[-53,-422],[-77,-11],[-56,-88],[-63,-19],[-281,2],[-80,176],[-213,-119],[-154,91],[-125,-147],[-2,-85],[-141,59],[-57,97],[37,189],[-28,35],[37,47],[-119,37],[-12,43]],[[55025,30154],[-222,14],[-329,220],[9,31],[-72,40],[24,43],[-427,160],[-453,1306]],[[49696,25040],[-108,29],[-424,-208],[-448,-79],[-183,70],[-327,22],[-114,-137],[-459,-93],[-143,-79],[-70,35],[-150,-60],[-255,23],[-269,143],[-73,-58],[-143,42]],[[56061,71306],[211,-145],[47,-77],[67,-15],[547,281],[583,114]],[[60245,71826],[216,-1],[188,-77],[87,-77],[53,-139]],[[59149,65854],[-88,60],[-275,7],[-203,89],[-109,0],[-259,-167],[-30,118],[-255,-2],[-138,-174],[-267,-87],[-361,-61],[9,129],[-214,185],[-39,-17]],[[33905,63694],[103,-269],[87,-493],[46,-107],[-25,-580],[304,-924],[72,-99],[15,-322],[453,-200]],[[34960,60700],[-149,-197],[48,-263],[683,-744],[40,-115],[-37,-62],[73,-54],[255,-379],[143,-658]],[[36016,58228],[-18,-60]],[[35998,58168],[-214,22]],[[35784,58190],[-9,1]],[[26937,59579],[-76,139],[118,384],[-97,186],[-22,530],[-291,239],[-13,51],[11,480],[38,254],[88,258],[287,378],[664,549],[169,53],[249,-5],[375,192],[58,72],[-52,186],[207,395],[159,668],[80,163],[158,281],[199,155],[145,258],[114,72],[176,38]],[[72273,94491],[99,-25],[-7,-110],[303,-82],[307,-151],[87,-94],[146,-10],[55,-65],[101,-18],[63,-70],[112,9],[77,-142],[-21,-54],[28,-56],[329,-187],[88,28],[53,-105],[187,27],[85,108],[213,-43],[72,-64],[52,76],[93,16],[134,143],[108,-34],[154,63],[86,-67],[52,71],[55,-97],[132,45],[49,-29],[-143,-116],[34,-99],[-24,-63],[21,-109],[25,-56],[66,-30],[-33,-101],[26,-48],[-44,-41],[1,-49],[78,-81],[-80,-82],[52,-25],[-112,-238],[29,-237],[-240,-225],[-119,-12],[-7,-100],[86,-254],[-226,-322],[-6,-216],[44,-158],[-222,-203],[-20,-321]],[[63589,92954],[142,44],[87,122],[-52,76],[53,52],[-25,132],[-65,27],[33,70],[-104,104],[57,61],[-68,157],[83,77],[-17,82],[51,109],[-13,111],[239,-4],[18,49],[102,45],[-45,23],[-15,66],[48,67],[-24,67],[48,88]],[[66564,91644],[-78,450],[28,279],[-102,115],[165,456],[88,383],[76,77],[32,175],[50,40],[123,471],[-6,216],[-91,247],[52,607],[-147,376],[-213,322],[-126,94]],[[45764,59863],[243,-47],[112,-127],[175,-118],[491,-169]],[[46785,59402],[312,-300],[144,-387],[304,-608],[197,-1341],[37,-71],[76,-24],[281,88],[-9,-493],[56,-408],[136,-591]],[[41038,55626],[-17,21]],[[48462,30614],[791,49],[1095,-50],[62,-474],[165,-736],[286,-484],[122,-384]],[[50561,26922],[-216,124],[-134,-80],[-35,-93],[-62,8],[-41,-121],[-96,11],[-22,126],[-102,37],[-112,-186],[-25,17],[30,96],[-47,15],[-45,-145],[-349,92],[-193,98],[-473,42],[-202,-46],[-43,14],[-87,158],[-95,46],[19,177],[-76,33],[-232,-21],[13,38],[-159,11],[6,77],[-105,5],[-3,39]],[[55951,35131],[-464,-214],[-235,-237],[-374,-295],[-214,-606],[-771,-975],[-269,-292],[20,-97],[-89,-447]],[[53555,31968],[-333,52],[-298,-91],[-130,-92],[-79,15],[-256,218],[-88,18],[-28,-31],[-249,68],[-391,42],[-344,103],[-416,45],[-45,53],[-122,53],[-13,-31],[-45,55],[-125,44],[83,81],[25,118],[-193,84],[-96,-10],[3,-40],[-174,-1],[-26,666],[-55,261],[-179,513],[-23,219],[-97,208]],[[49861,34588],[-22,144],[82,98],[683,570],[280,134],[105,117],[-79,29],[-198,428],[449,504],[-181,133],[132,99],[729,164]],[[80141,37282],[-507,-16],[-211,-132],[-132,30],[-126,-61],[10,49],[-59,-1],[-170,169],[-178,51],[-261,-91],[-159,-107],[-451,-151],[-285,70],[-241,-72],[-310,-156],[-151,-278],[-231,-26],[-40,-75],[-239,-34],[-138,53],[-284,-96],[-100,12],[-190,-97],[-110,31],[-38,-52]],[[75540,36302],[-24,129],[-395,75],[-194,-20],[-278,-152],[-197,-51],[-612,-494],[-85,5]],[[48130,85684],[347,122],[269,22],[395,191],[363,-97],[78,-68],[193,104],[295,8],[60,53],[316,100],[100,127],[447,325],[191,-39],[323,82],[168,114],[180,279],[149,123],[265,-43],[276,335],[399,599]],[[55078,85192],[37,-184],[-89,-230],[116,-288],[270,-419],[-268,-318],[24,-166],[118,-282],[-106,-367],[-4,-454]],[[55176,82484],[-257,-181],[-126,24],[-138,-128],[-542,-361],[-274,-239],[-479,-293],[-249,-82],[-210,2],[-116,-45],[-210,-172],[-70,-185],[-253,-191],[-257,-282],[-98,-58]],[[66564,91644],[40,-345],[41,-89],[-21,-273],[196,-95]],[[64994,90444],[-77,79],[122,183],[22,150],[-42,605],[32,98],[360,124],[556,-46],[597,7]],[[45564,54690],[448,261],[49,51],[-5,55],[148,91],[428,80],[93,-30],[159,-178],[237,-103],[327,-14],[305,192],[566,172]],[[48319,55267],[259,-102],[149,57],[136,112],[337,82],[358,-14],[161,48],[272,0],[111,32],[121,114],[431,234],[-268,522],[-176,123],[157,100]],[[59694,58148],[218,472],[234,374],[166,148],[229,98],[133,0],[282,-118],[321,-276],[312,33],[109,-70],[273,-502],[205,-230],[25,-78],[-26,-123],[80,-222],[-17,-193],[50,-205],[54,-58],[85,11]],[[59298,54966],[-773,-466],[-184,-25],[-112,-113],[-135,-65],[-553,-138],[57,-16],[176,-171],[13,-80],[46,-48],[105,-56],[146,-169],[54,-138],[72,-55],[95,114],[-18,-146],[245,-686],[244,-528],[-65,-71],[83,-174],[211,-250],[-10,-106],[38,-142],[88,-166],[67,-47],[115,-228],[140,-69],[165,-216],[-105,-172],[-408,-399],[332,-206],[259,59],[151,-31],[18,-125],[-30,-127],[136,-125],[90,5],[267,-640],[48,-28],[127,139],[75,-23],[154,-131],[301,-66],[192,-191],[164,23],[593,-51],[190,70],[119,-14],[211,92],[171,-32],[120,86],[207,-3],[174,70],[56,-19],[84,-101],[111,-31],[322,-261],[39,-130],[191,-202],[172,28],[132,-42],[221,-7],[98,18],[273,240],[149,67],[257,245],[331,146],[130,1],[251,156],[470,-25],[213,-70],[4,-36],[483,50]],[[68609,43892],[-228,-36],[33,-119],[-39,-19],[-185,24],[31,-60],[-199,27],[-42,-73],[-721,-173],[-507,-263],[-324,-25],[-213,-121],[-344,115],[-141,-73],[55,-206],[-263,-37],[-1,-38],[142,-258],[42,-12],[-76,-286],[146,-34],[-156,-416],[-124,-227],[131,-291],[304,-145],[580,139],[341,-30],[356,-116],[271,50],[623,-147],[7,91],[90,-13],[32,73],[104,12],[68,148],[156,-24],[167,47],[-62,420]],[[65712,33562],[-180,-87],[-1293,-118],[-855,182],[-148,93],[-116,144],[-203,96],[-363,95],[-34,-77],[-399,178],[-456,415],[-330,224],[-104,129],[-297,195],[-53,-87],[-127,-56],[-29,-46],[-41,32],[-364,-262],[-141,5],[-189,109],[-266,-252],[-187,-94],[-244,101],[-290,42],[-88,-38],[-83,-143],[-123,-53],[-112,-100],[-275,-39],[-264,-151],[-206,163],[-468,-6],[-609,129],[-28,136],[-117,230],[-348,202],[-331,278]],[[55951,35131],[281,2408],[-408,-78],[-226,-94],[-1779,-475],[-881,203],[-46,-28],[-115,86],[-451,101],[-485,-246]],[[51841,37008],[-492,246],[-485,116],[-270,240],[-235,-214],[-182,477],[-622,836],[-489,747],[-257,465]],[[48640,46084],[37,-16],[-127,-304],[-16,-256],[263,-248]],[[46939,43663],[-372,-22],[-911,136],[-476,348],[-349,379],[-145,90],[-128,31],[-80,-118],[-177,-103],[-138,-196],[-83,-388],[-170,-265],[-213,55],[-722,-109],[-139,35],[-76,71],[-263,308],[-48,117],[-740,428],[-188,61]],[[42615,60300],[240,42],[541,193],[94,-323],[-171,-332],[-85,-249]],[[41229,64969],[-108,323],[18,67]],[[41139,65359],[822,407],[100,-15],[110,-98],[84,36],[48,-48],[20,-101],[-241,-696],[-256,-219]],[[50940,64563],[-90,-151],[-97,91],[-84,0],[-61,-104],[-73,3],[-168,-261],[-252,-112],[-384,-583],[-80,-379],[-43,-59],[-153,-81],[-103,-174],[71,-82],[-121,-30],[32,-77],[-138,-187],[-124,-252]],[[49072,62125],[-842,546],[-200,13],[-247,-150],[-216,-16],[-488,103],[-152,-17],[-232,-273],[-100,-69],[-139,-31],[-53,-72],[-197,10]],[[46206,62169],[-285,58],[-18,-34],[-187,5],[-62,-55],[-514,-95],[-396,182],[-54,79],[-146,34],[-122,-96],[-8,-214],[-67,0],[-96,95]],[[44251,62128],[-148,129]],[[43912,62432],[-272,240]],[[43640,62672],[131,172],[205,375],[151,178],[205,192],[579,273],[129,134],[-143,372],[42,404],[-282,320],[-71,384],[-157,511],[-167,139],[-221,533],[-344,77],[-20,36],[-560,248],[-113,139],[-399,271],[-305,299],[-562,224],[-323,250],[-193,203],[-125,196],[-210,108],[-342,60],[-318,198],[-189,-18],[-39,-66]],[[39271,70215],[116,282]],[[81789,55897],[133,-147],[-106,-114],[156,-174],[312,-239],[120,-128],[64,-130],[201,-187],[35,-88],[381,-318],[-27,-47],[80,-25],[-19,-56],[268,-114],[244,-15],[194,-129],[138,-150],[137,109],[122,-125],[159,-97],[410,-19],[112,-93],[-62,-45],[109,-122],[-127,-86],[-141,-237],[216,-105],[-47,-141],[-276,-266],[256,-262],[-14,-55],[63,-84],[123,-83],[-231,-223],[100,-51],[-468,-389],[-228,-350],[-167,-165],[480,-439]],[[84489,50508],[-235,-235],[-91,85],[-98,-96],[-54,3],[-96,53],[-152,285],[-130,-108],[-130,110],[-106,-129],[-36,-121],[-222,-102],[-265,-187],[-82,-99],[-404,-173],[-100,-83],[-708,520],[-514,84],[-535,186]],[[80531,50501],[-60,269],[-20,338],[-56,-15],[-129,264],[61,23],[-26,91],[-79,-2],[-7,65],[-47,41],[-20,93],[37,42],[-43,65],[-92,-5],[14,130],[-122,100],[38,100],[-10,59],[136,25],[23,46],[-165,180],[-136,224],[51,14],[49,108],[-154,75],[-97,120],[147,159],[-9,92],[79,1],[34,46],[121,198],[-20,68],[188,-43],[16,83],[86,-29],[310,300],[102,-72],[103,32],[48,56],[-77,129],[281,221],[-328,324],[289,191],[-58,73],[85,122],[113,88],[58,124],[107,70],[67,196],[-107,174]],[[74643,41208],[-104,-12],[-14,-62],[107,-127],[-65,-37],[-32,-87],[80,-247],[-52,-13],[-17,-75],[-159,-132],[-43,-119],[-47,30],[-51,-68],[-41,3],[13,-45],[-78,-125],[-137,-65],[44,-191],[-134,11],[-207,-149],[-95,55],[-52,-25],[-32,-80],[17,-51],[-114,-16],[-14,-117],[-144,-79],[-36,-78],[-206,73],[-79,-47]],[[51102,75341],[141,-142],[292,19],[128,-118]],[[51663,75100],[183,-112],[26,-157],[86,-119],[37,-238],[119,-94],[265,-462],[342,-364],[598,-235],[487,-288],[856,-890],[-11,-122],[260,-147],[486,-21],[120,-164],[449,-158],[95,-223]],[[56061,71306],[-160,-305],[-5,-81],[-473,-426],[-300,-396],[-92,-229],[-76,-321],[107,-170],[97,-344],[-413,-151],[-88,-108],[240,-292],[75,-5],[-13,-144],[247,-168],[265,-474],[568,-689],[79,-184],[475,-357],[326,-528]],[[56920,65934],[-193,-68],[-303,7],[-133,76],[-252,14],[-153,91],[-434,-30]],[[67042,60583],[-12,-169],[59,-245],[-43,-401],[-216,12]],[[66830,59780],[-500,-9],[-68,-166],[20,-204],[-47,-163],[-178,18],[-395,153],[-137,-39],[-340,-9],[-44,26],[-13,252],[46,58],[-21,320],[-306,184],[-271,-84]],[[29681,65555],[4,198],[81,269],[174,195],[87,212],[154,92],[45,69],[92,180],[21,162],[159,91],[208,52],[315,196],[565,103]],[[31586,67374],[248,-350],[323,-266],[58,-142],[200,-202],[355,-454],[290,-259],[427,-169],[104,-95],[100,-310],[47,-58],[348,-263],[321,-43],[219,33]],[[34626,64796],[-326,-276],[-78,-379],[-317,-447]],[[33905,63694],[-666,-37],[-11,-32],[-85,31],[-226,-105],[-11,89],[-60,95],[-158,110],[-73,-74],[9,-73],[-41,-69],[-53,-8],[-136,130],[-319,17],[100,142],[-25,62],[-96,116],[-283,152],[-205,-110],[-107,-162],[-253,-99],[-428,42],[-413,430],[-236,328],[-326,568],[-96,320],[-26,-2]],[[68013,98744],[501,-197],[46,-70],[5,-96],[169,-264],[74,-85],[128,-33],[55,-75],[159,29],[125,-45],[248,-16],[171,-90],[324,-21],[92,-69],[-3,-47],[92,-173],[54,-36],[84,-218],[74,-24],[58,-111],[81,-58],[54,-116],[19,-161],[61,-76],[-16,-116],[61,-68],[-13,-67],[109,-95],[20,-80],[74,-39],[6,-73],[82,-26],[31,-136],[56,-69],[-96,-127],[26,-30],[135,-2],[-66,-106],[77,-170],[-4,-63],[61,-67],[147,-38],[51,-69],[-33,-141],[-96,-88],[-11,-83],[-55,-50],[131,-102],[-28,-133],[149,-70],[-45,-146],[73,-44],[254,22],[60,-67],[96,-4],[153,22],[200,124]],[[72273,94491],[-160,-267],[-417,-336],[35,-286],[101,-43],[275,-411],[-67,-323],[27,-183],[-320,-125],[-166,-116],[103,-340]],[[67930,91019],[150,801],[83,32],[583,1066],[108,331],[292,527],[72,575],[-171,1160],[50,564],[165,307],[-85,318],[-156,378],[-493,335],[-189,-34],[-322,206],[-411,12]],[[41674,29492],[158,-33],[-12,54],[87,17],[142,-251],[119,-17],[88,-122],[223,-105],[429,79],[356,222],[178,34],[126,-106],[-17,-65],[44,-117],[124,-75],[202,205],[464,269],[183,251],[7,127],[77,-6],[763,845],[12,116],[52,98],[-137,116],[-26,82],[487,137],[260,173],[-60,89]],[[48365,31316],[18,-153],[73,-135],[76,-304],[-70,-110]],[[48462,30614],[-577,-1287],[-149,-451],[-185,-283],[21,-508],[31,-26],[16,-269],[65,-141],[-9,-155]],[[47675,27494],[-214,123],[-97,-23],[-400,-611],[-134,66],[-45,-124],[-60,-30],[-87,-293],[-281,197],[-391,115],[-143,279],[-174,-10],[-132,-52]],[[44269,27273],[-192,317],[-169,113],[-110,148],[-206,118],[-57,94],[-156,-25],[-107,88],[-372,71],[-106,199],[-47,29],[-381,-122],[-292,192]],[[41229,64969],[76,62],[378,-150],[133,-112],[10,-144]],[[41826,64625],[-35,-77],[-681,-721],[-81,-159],[37,-152],[-8,-416],[176,-271],[329,-236],[498,-250],[197,-140],[286,-99],[202,-25],[154,-190]],[[42900,61889],[255,-44],[83,38],[104,136],[291,258],[279,155]],[[43912,62432],[191,-175]],[[44103,62257],[-206,-139],[-116,-142],[-277,-211]],[[43504,61765],[-54,-47]],[[43450,61718],[-216,-192]],[[43234,61526],[-69,-8],[232,-707],[-361,76],[-443,-74],[-33,-227],[-53,-113],[108,-173]],[[42615,60300],[103,-217],[-27,-198],[543,-254]],[[43234,59631],[415,69],[251,117],[243,173],[79,247],[-63,218],[-44,473],[-39,119],[22,130],[171,99],[320,27],[103,-40],[297,-152],[493,-319],[274,-224],[454,-259]],[[46210,60309],[-90,-343],[-356,-103]],[[45764,59863],[-419,81],[-445,-124],[-631,-475],[-331,-195],[-276,-88],[-511,-242],[-183,-274],[-120,-93],[-187,-289],[-748,-623],[-122,-182],[-213,-450],[-131,-187],[-34,-204],[-276,-711],[-116,-160]],[[41021,55647],[-165,186],[-192,118],[-47,726],[28,499],[-70,202],[94,339],[38,364],[-19,322]],[[40688,58403],[73,123],[273,259],[190,281],[194,139],[34,103],[-75,207],[-1,164],[-40,148],[37,103],[-100,371],[-72,35],[-590,60],[-487,-15],[-149,159],[-592,120],[-583,257],[-418,127],[-46,58],[-100,780],[11,261]],[[38247,62143],[41,371],[-182,384]],[[38106,62898],[608,399],[136,228],[73,275],[246,319],[97,56],[299,-39],[320,-203],[186,208],[174,-34],[118,73],[198,8],[135,212],[394,408],[26,100],[113,61]],[[44063,61552],[-55,348]],[[44008,61900],[264,106],[46,-30],[14,-83],[-49,-167],[29,-86],[-249,-88]],[[71840,29042],[136,-135],[37,44],[235,-23],[-5,61],[28,8],[25,-38],[213,-20],[324,23],[329,90],[221,116],[207,-9],[204,-76],[877,79],[280,-28],[817,-237]],[[75761,24402],[-371,344],[-171,4],[-530,-105],[-580,76],[-316,89],[21,97],[99,122],[-18,67],[62,74],[-59,22],[-195,252],[-162,80],[-402,115],[-890,17],[-419,147],[-255,42],[-339,189],[-222,30],[-166,-29]],[[41780,31854],[221,-66],[599,319],[204,-52],[181,13],[271,-260],[164,1],[-4,-177],[-161,-28],[-134,56],[-146,6],[-132,93],[-160,-18],[-169,33],[-139,-60],[-159,10],[-86,-76],[-202,117],[-179,7]],[[46401,36569],[216,42],[71,-175],[-33,-332],[215,-164],[294,-115],[44,-253],[-19,-114],[-49,-222],[-99,-8],[196,-198],[181,105],[75,-215],[51,49],[369,-504],[-41,-33],[36,-132],[280,17]],[[48188,34317],[-10,-295],[61,-172],[-12,-288],[47,-168],[29,-309],[-88,-52],[38,-110],[-72,-79],[-19,-82],[31,-225],[-7,-353],[43,-264],[-50,-141],[92,-299],[94,-164]],[[48365,31316],[-307,57],[-73,35],[26,43],[-204,44],[-100,-2],[-76,-104],[-627,120],[-625,-28],[-179,110],[-197,-82]],[[46003,31509],[-273,314],[-60,-52],[-81,23],[6,-41],[-33,-24],[-53,68],[-47,-77],[-53,13],[-13,57],[-226,212],[-10,123],[-54,111],[24,59],[-50,24],[-73,256],[-63,25],[-91,-50],[-97,191],[-148,41],[-257,20],[-202,-79],[-152,-159],[-42,-135],[-128,-147],[-105,-242],[-88,-21],[-169,-141],[-4,324],[30,104],[-151,167],[-78,159],[-132,24],[-71,-43],[-161,6],[-293,-115],[-67,15],[-146,-102],[-26,-56],[-50,15],[20,-34],[-59,-4],[-21,-50],[-267,-97],[-230,12]],[[35684,67492],[1086,243],[369,286],[287,144],[151,318],[56,344],[111,350],[169,336],[305,366],[-80,241],[39,121],[-36,152],[-318,152],[790,-228],[362,37],[296,-139]],[[39271,70215],[267,-58],[106,-342],[176,-201],[-97,-453],[176,-146],[100,-131]],[[39999,68884],[-511,-321],[-102,-98],[-101,-284],[-152,-255],[-6,-284],[-64,-347],[32,-283],[-44,-158],[-127,-158],[-45,-238],[-153,-303],[-264,-342],[-227,-211],[-65,-156],[-189,-278],[-156,-84],[-12,-286],[-105,-225],[-66,-51]],[[37642,64522],[-74,-27],[-330,173],[-139,9],[-776,353],[-523,46],[-290,-68],[-220,90]],[[35290,65098],[-113,199],[46,87],[188,127],[94,311],[5,188],[108,62],[237,304],[56,28],[-148,178],[36,105],[-224,89],[8,243],[148,223],[-47,250]],[[36532,69987],[58,-38],[108,23],[83,93],[222,62],[50,79],[336,216],[-108,-152],[181,-292],[15,-182],[-383,-681],[-200,-189],[-297,-440],[-237,-70],[-146,62],[-294,17]],[[35920,68495],[109,361],[-14,50],[127,154],[52,-3],[270,264],[16,546],[52,120]],[[60688,73994],[4,-500],[103,-89],[-156,-489],[-61,-94],[34,-368],[-119,-333],[-235,-173],[-13,-122]],[[60245,71826],[-235,29],[-707,-135],[-316,78],[-334,-23],[-766,-165],[-371,-146]],[[57516,71464],[17,1679],[-24,207],[708,235],[366,230],[313,70],[87,116],[57,6],[66,-47],[233,88],[191,-12]],[[29292,49511],[244,248]],[[28327,37456],[-16,164],[49,64],[-8,70],[-114,210],[-90,90],[-44,209],[-89,160],[-160,206],[-12,176],[-303,307],[-46,181],[15,223],[-38,91],[-266,233],[7,58],[159,108],[67,118],[-12,81],[-70,33],[-14,47],[98,23],[89,111],[18,69],[-38,128],[167,40],[-2,149],[97,106],[-48,218],[53,128],[-133,137],[-93,-33],[-33,97],[-116,64],[-3,198],[146,75],[39,105],[-110,143],[-78,-5],[-89,115],[-100,2],[-53,56],[42,91],[83,24],[-2,83],[60,47],[-210,126],[14,130],[-315,319],[-14,122]],[[26811,43153],[13,176],[-216,494],[-277,165],[101,380],[87,89],[-4,79],[-75,53],[13,240],[74,155],[202,251],[112,51],[224,29],[176,133],[51,-20],[-13,161],[221,692],[139,116],[91,256],[213,245],[-75,106],[0,56],[38,180],[81,155],[-28,112],[302,541],[411,492]],[[41776,32422],[-17,-219]],[[41759,32203],[-16,-191],[37,-158]],[[41780,31854],[-31,-82]],[[41749,31772],[-57,-137],[79,-271],[-88,-354],[-250,-322],[-67,-175],[-41,-17],[-33,-171],[16,-61],[78,-71],[-10,-178],[63,-166],[-78,-230],[-2,-130],[159,-45],[32,-52],[124,100]],[[41674,29492],[140,-117],[9,-61],[128,-136],[32,-111],[-10,-40],[-55,-14],[-9,-252],[88,-62],[77,-204]],[[42074,28495],[-278,94],[-691,33],[24,-55],[-19,-154],[111,-152],[62,-223],[-193,-8],[51,-115],[-10,-99],[47,-268],[135,-361],[49,-50],[58,-495],[-99,-22],[-107,36]],[[41214,26656],[-82,152],[-333,25],[-278,151],[-542,534],[-71,315],[-100,179],[-51,311],[-95,137],[-36,149],[-210,164],[-898,143],[-709,187],[-220,-15],[-451,-288],[-452,-208],[-226,-28],[-73,-115]],[[36387,28449],[-140,43],[-1045,10],[-644,105],[-708,469],[-136,252],[-440,347],[-607,133]],[[52944,88021],[248,287],[25,237],[65,142],[450,487],[230,68],[466,680]],[[58955,86445],[-522,-63],[-871,-398],[-627,-243],[-83,-197],[-215,-106],[-384,61],[-256,-10],[-919,-297]],[[55078,85192],[-159,393],[-337,502],[-186,74],[-88,117],[-342,299],[-179,526],[-222,390],[-160,62],[-237,164],[-224,302]],[[21339,40640],[432,-757],[210,-50],[195,25],[436,-242]],[[22612,39616],[342,-196],[73,-139],[23,-175],[-114,-195],[-81,-245],[-328,-502],[-163,-704],[35,-222],[176,-281],[134,-325],[18,-429],[-53,-951],[113,-142]],[[22787,35110],[-120,-425],[-312,-98]],[[16906,41023],[-16,70],[-334,196],[5,120],[132,215],[5,59]],[[85217,39792],[475,305],[938,-413],[1962,690],[406,90],[83,-26]],[[91843,38190],[68,-463],[37,-82],[-121,-531],[-87,-70],[-331,-57],[-286,-150],[-227,-191],[-327,-147],[-501,-640]],[[88143,36970],[-8,65],[139,168],[90,183],[-35,359],[-87,236],[57,208],[181,375],[0,258],[46,81],[35,188]],[[89299,33405],[270,-186],[289,-337],[358,8],[348,-87],[989,-93]],[[91553,32710],[102,-183],[-85,-274],[-18,-212],[78,-316],[-102,-401],[-283,-572],[49,-333],[149,-395],[-264,-367],[-561,-541]],[[90618,29116],[-766,494],[-417,464],[-405,279],[-818,1106],[-335,306],[-708,511],[-166,181],[-94,227]],[[67818,53488],[32,-104],[-112,-36],[-53,-106],[7,-63],[-294,-85],[268,-111],[36,-48],[924,-530],[52,-72],[75,-17],[482,-613],[331,-234],[263,-244],[74,-149],[44,-7]],[[69947,51069],[142,-253],[-10,-168],[117,-263],[343,-300],[37,-177],[65,-106],[-24,-44],[214,-256],[179,-146],[215,-424],[97,-78],[177,-312],[212,-494],[139,-202],[102,-59],[92,-173]],[[68686,45793],[-169,33],[-56,76],[-34,589],[-164,357],[23,126],[-263,165],[-54,433],[-162,127],[-418,174],[-114,81],[-61,76],[-7,196],[-119,54],[6,423],[57,215]],[[67151,48918],[101,20],[-11,118],[-50,136],[-131,145],[-29,109],[79,86],[223,106],[66,280],[-107,118],[-315,196],[-51,123],[16,76],[154,122],[367,73]],[[50561,26922],[405,648],[318,58],[-135,484],[-91,155],[-75,268]],[[50983,28535],[314,70],[21,-38],[170,-19],[23,-38],[287,-23],[352,77],[551,9],[540,226],[125,83],[83,148],[123,0],[9,-40],[217,-1],[170,-374],[166,66],[63,-11],[77,86],[151,-61],[109,192],[362,-86]],[[50836,26200],[-213,431],[-62,291]],[[69085,77393],[68,104],[28,117],[187,264],[118,257],[161,493],[76,49],[121,181],[-304,780]],[[69540,79638],[-74,228],[149,57],[444,-232],[180,-145],[246,14],[64,-108],[70,-45],[146,33],[131,130],[238,-150],[107,48],[-27,112],[-251,84],[-165,240]],[[70798,79904],[87,65],[338,-22],[222,95],[237,-146],[87,-6],[40,114],[-50,155],[76,54],[145,28],[148,-25],[-91,-107],[2,-100],[70,-16],[69,99],[107,26],[55,86],[160,27],[134,120],[49,106],[-76,146],[39,72],[39,8],[434,-49],[19,-42],[-38,-57],[-111,-94],[22,-76],[43,-21],[310,117],[654,-197]],[[74018,80264],[132,-71],[151,-146],[39,-89],[-23,-105],[-181,-88],[-261,-13],[-119,40],[-254,169],[-124,-16],[-111,-113],[7,-92],[159,-305],[-159,-134],[-5,-45],[45,-112],[51,-19],[196,88],[135,-31],[64,-148],[118,-111],[122,-45],[99,67],[107,-9],[153,-185],[258,-125],[-21,-95],[-165,-116],[-69,-106],[110,-317],[-4,-147],[54,-130],[59,-324],[-51,-36],[-312,177],[-179,-57],[-201,-150],[-394,-193],[-571,-346],[-412,-307],[-52,-150],[195,-218],[149,-109],[67,-142],[-22,-161],[-201,-228]],[[59102,65500],[67,274],[-20,80]],[[59149,65854],[324,535],[290,215],[205,77],[216,139],[1304,1212],[334,173],[-116,126],[95,97],[226,136],[38,128],[-3,307],[248,277],[251,-14],[334,163],[434,123],[206,187],[83,127]],[[64575,67603],[32,-145],[-38,-6],[65,-1411],[57,-135],[-222,-276],[-534,-274],[-182,-133],[-145,-279],[10,-176]],[[75768,28897],[218,217],[299,-7],[352,106],[348,-260],[357,-347],[178,-226],[393,145],[567,564],[296,355],[466,271]],[[79242,29715],[326,131],[532,286],[462,168],[80,76]],[[77652,26128],[-168,907],[-233,663],[-459,612],[-396,421],[-628,166]],[[89081,40438],[14,72],[104,103],[-22,38],[74,179],[120,136],[-49,171],[-14,469],[81,142],[18,104],[-15,423],[172,325],[-4,161],[41,51],[-36,108],[147,20]],[[90449,43531],[626,-77],[233,-119],[545,-54],[162,-71],[146,-159],[262,189],[402,-14],[275,70],[147,-9],[106,-204],[28,-183],[183,-248],[-4,-354],[101,-172],[130,-139],[9,-230],[31,-71],[277,-431],[365,-348],[448,-284],[-263,-563],[-56,-579],[-254,-157],[-331,-76],[46,-114],[3,-152],[87,-34],[49,-194],[54,-59],[-22,-149],[44,-23],[11,-66],[87,-102],[-483,-159],[-270,-44]],[[93623,38152],[-30,199],[-56,45],[-234,93],[-454,73],[-370,-54],[-399,-133],[-237,-185]],[[91843,38190],[-393,57],[-7,207],[-43,134],[-268,147],[-879,818],[-286,4],[-486,-146],[-281,-170],[-6,-55],[-337,-117],[-296,22]],[[88561,39091],[-120,224],[-6,272],[70,148],[96,96],[234,60],[-25,127],[18,85],[169,152],[84,183]],[[48130,85684],[199,-194],[172,-380],[101,-46],[171,-342],[43,125],[68,-333],[-42,-465],[37,-389],[67,-192],[7,-131],[125,-202],[239,-288],[130,-64],[384,-347],[283,-397],[1268,-1394],[355,-303],[160,-49]],[[51897,80293],[141,-119],[-255,-400],[-176,-80],[-460,-326],[-80,-242],[-167,-181],[-74,-252],[-58,-92],[-116,-89]],[[50652,78512],[-643,711],[-173,137],[-123,204],[-92,21],[-51,55],[-275,469],[-167,176],[-67,196],[-44,313],[-150,186],[-377,182],[-77,92],[-54,95],[-20,226],[-87,262],[-412,421],[-62,181],[-317,534],[-123,138],[-160,19],[-136,302],[-132,177],[-345,361],[-425,547],[-389,422]],[[45751,84939],[39,145],[77,50],[297,-23],[336,-278],[81,25],[281,223],[249,326],[323,55],[221,-55],[290,49],[20,140],[165,88]],[[54896,28801],[129,1353]],[[55025,30154],[140,-6],[52,103],[84,27],[78,-27],[366,25],[264,-132],[84,-82],[205,8],[71,-94],[464,-136],[193,8],[139,57],[326,-23],[219,65],[72,77],[85,-33],[104,12],[77,76],[64,-21],[30,56],[101,20],[75,141],[117,29],[73,65],[198,49],[171,-46],[122,130],[129,14],[196,92],[70,221],[101,160],[126,85],[171,-6],[248,221],[11,89],[62,91],[173,71],[194,22],[430,289],[73,-22],[226,41],[112,-49],[350,-52],[69,-436],[147,-319],[97,-191],[141,-129],[229,-84],[153,-316],[172,-227],[-23,-270]],[[55377,25471],[8,37],[-324,357],[0,105],[94,311],[-26,343],[-61,131],[-22,136],[24,-14],[-41,107],[42,157],[-21,-6],[70,613],[-16,372],[34,52],[30,396],[95,192],[-367,41]],[[63078,92495],[195,241],[-65,116],[0,73],[-120,92],[-75,173],[277,92],[175,-47],[4,-76],[137,-107],[-17,-98]],[[63589,92954],[-49,-749],[150,-228],[203,-677],[469,-390],[281,-100],[114,-232],[237,-134]],[[64994,90444],[34,-98],[-50,-92],[89,-214],[240,-212],[37,-91],[-19,-25],[-112,52],[-60,-72],[3,-42],[247,-142],[65,-102],[-27,-295],[-141,-18],[-95,-130],[-134,-17],[-28,-106],[184,-71],[60,20],[175,-43],[82,134],[124,31]],[[65378,86383],[-116,8],[-143,150],[-326,161],[-171,220],[-167,-12],[-183,96],[-86,-75],[-206,292],[-117,265],[-67,82],[-313,255],[-94,4],[-179,98],[-257,18],[17,129]],[[46939,43663],[107,-10],[518,139],[-66,83],[304,204],[-22,21],[31,225],[182,449],[804,486]],[[48797,45260],[348,144],[123,-22],[145,-101],[487,-37],[149,-54],[152,6],[98,91],[463,-97],[288,-296],[272,-143],[35,-71],[-21,-49],[81,-61],[86,-134],[-25,-53],[69,-103],[90,-327],[62,20],[0,-170],[81,-3],[-84,-264],[353,154],[326,-10],[233,-60],[351,47],[3,-1142],[-546,-402],[-81,-185],[-68,-339],[54,-258],[72,-158],[72,-359],[132,-281],[132,-150],[-14,-141],[-203,-91],[-30,-116],[-102,-63],[-119,-208],[-518,-138],[53,122],[-341,-27],[-176,-107],[-510,-16],[-433,59],[-262,95],[-223,151],[-157,51],[-885,-43]],[[48809,39921],[-71,41],[97,13],[23,111],[198,269],[-488,115]],[[48568,40470],[-165,394],[-125,823],[-111,-141],[-133,47],[-120,254],[-262,323],[-93,494],[-68,151],[-498,546],[-76,208],[22,94]],[[80141,37282],[138,196],[-6,65],[43,45]],[[85514,38717],[-122,-197],[-211,-201],[-4,-123],[296,-592],[6,-115],[178,-210],[79,-147],[-474,-672],[-140,-434],[99,2]],[[82975,34675],[-39,116],[-267,420],[-323,332],[-853,695],[-183,196],[-532,381],[-236,225],[-401,242]],[[66820,90842],[223,-37],[236,-153],[80,22],[12,-71],[-81,-212],[-49,-398],[137,167],[121,44],[93,199],[-107,46],[10,52],[87,2],[45,-63],[56,34],[-4,90],[-76,92],[52,66],[99,25],[-8,71],[115,51],[69,150]],[[67930,91019],[457,122],[233,9],[354,-199],[133,-37],[380,93],[521,21],[289,221],[148,-16],[-27,142],[49,122],[144,-14],[118,-65],[76,59],[333,39],[70,-33],[476,578]],[[71684,92061],[220,116],[168,142],[306,-177],[241,-299],[237,-204],[85,-95],[-41,-475],[-63,-242]],[[66933,89328],[54,231],[127,291],[-247,710],[17,127],[-64,155]],[[71179,88082],[-50,241],[68,273],[30,509],[315,60],[58,257],[110,62],[112,175],[187,726],[454,342],[342,24],[32,76]],[[72837,90827],[314,89],[170,-26],[104,89],[157,-51],[372,-233],[218,-74],[303,-239],[75,46],[201,-40]],[[74751,90388],[486,-84],[124,-128],[271,-707],[104,-150],[80,-228],[597,-568],[322,-185],[482,-524],[65,-28],[129,-149],[200,-555],[-152,-73],[-233,-280],[-1158,-637],[97,-803],[-318,-777]],[[75847,84512],[-155,-59],[-674,-125],[-338,100],[-282,-177],[-746,118],[-275,-42],[-972,122],[-434,-7],[-90,-56],[90,-30],[75,-65],[1,-45],[-154,-43],[-47,26],[-37,-46],[-112,-28]],[[71043,85354],[-1,89],[-57,57],[-12,182],[71,66],[-158,188],[-4,175],[-44,100],[65,368],[41,69]],[[30543,40436],[131,62],[-59,164],[96,125],[406,400],[416,127],[15,136],[45,73],[205,-33],[152,136],[121,59],[126,-37],[122,77],[175,37],[156,-40],[129,193],[369,86],[137,93],[-43,60],[23,72],[-30,87],[-105,221],[-41,287],[-155,229],[0,94],[-67,98],[-6,132],[-69,73]],[[36203,42469],[11,-55],[-240,-134],[111,-52],[76,-198],[-159,-10],[-23,-263],[-55,-62],[59,-120],[-92,0],[64,-34],[28,-208],[-39,-36],[-24,126],[-49,-46],[-27,91],[-31,-1],[48,-188],[-162,-64],[48,-34],[5,-145],[-41,6],[-53,-174],[-171,-246],[-16,-129],[-139,38],[-30,-108],[-172,-40],[-1,-116],[86,-68],[-10,-102],[-42,-44],[60,-170],[-251,-140],[17,-43],[-48,-182],[19,-78],[-64,-125]],[[44580,83846],[268,-617],[242,-250],[241,-168],[80,-145],[4,-200],[155,-176],[101,-231],[199,-115],[360,-24],[157,-70],[212,-208],[197,-263],[442,-297],[442,-425],[533,-625],[39,-242],[61,-93],[12,-100],[77,-46],[-85,-251],[32,-82],[-18,-61],[41,-82],[147,-8],[29,-76],[62,-43],[-38,-77],[129,-135],[36,-317],[64,-97],[-74,-180],[9,-125],[-75,-57],[11,-123],[-90,-49],[-23,-112],[96,-55],[-17,-57],[107,-128],[111,-12],[328,-612],[4,-166],[360,-499],[267,117],[43,55]],[[49858,76319],[542,-348],[272,-246],[481,-217],[-51,-167]],[[51102,75341],[-196,-101],[-142,84],[-302,-70],[-188,-150],[-227,-286],[9,-156],[-961,-799],[-46,-143],[37,-177],[-20,-693],[164,-106],[-6,-124]],[[48455,72527],[-1440,97],[-230,-72],[-347,-319],[-226,-92],[-205,-176],[-153,-71],[-211,13],[-198,125],[-847,-218],[-302,-26],[-672,-273],[-272,-69],[-859,58],[-141,-73],[-170,-188],[-201,-102],[-848,-104],[-550,17],[-143,-123],[-66,-121],[-507,-60],[-245,-214],[-235,-39]],[[39387,70497],[-103,330],[41,392],[-70,183],[298,353],[-4,175],[63,47],[-27,55],[163,167],[306,188],[188,286],[15,163],[168,340],[-8,262],[-230,745],[16,234],[162,159],[-28,129],[74,204],[170,121],[169,188],[13,73],[330,511],[0,97],[63,163],[214,253],[47,141],[25,449],[-58,156],[8,121],[64,132],[121,122],[80,295],[50,193],[23,278],[-21,173],[-273,12],[-177,135],[-191,239],[198,318],[33,142],[87,70],[179,248],[200,644],[225,155],[77,141],[38,684],[-113,155],[302,62],[248,-12],[165,44],[361,180],[105,357],[14,251],[182,414],[362,119],[15,162],[-65,204],[167,41],[37,172],[137,259],[317,130],[241,145]],[[63063,74659],[615,106],[174,-53]],[[63281,72215],[-72,439],[45,192],[35,66],[278,184],[45,83],[-322,599],[-134,319],[-170,147],[77,415]],[[72836,62842],[520,-69],[233,-73],[226,-279],[177,-73],[12,-72],[57,6],[41,-43],[-25,-57],[25,-43],[-47,-130],[31,-52],[227,15],[177,-38],[49,-242],[-26,-55],[186,60],[217,15],[577,-196],[45,200],[-14,246],[30,328],[49,-39],[-27,-90],[58,-19],[4,59],[112,-4],[29,-42],[120,33],[43,-114],[51,-22],[154,-282],[0,-139],[118,-225],[53,49],[36,-34],[213,54],[62,-71],[120,-12],[182,-80],[-27,314],[46,39],[-3,239],[311,1094],[441,77],[260,-406],[166,-104],[74,-156],[170,-66],[248,-21],[298,-212],[106,-142],[25,-388],[68,-72],[-70,-256],[96,-188],[227,-227],[7,-261],[186,-227],[35,-132],[71,-82],[-148,-284]],[[78553,58400],[-123,-182]],[[78430,58218],[-158,52],[-290,219],[-1533,802],[-123,56],[-399,76]],[[70499,40790],[133,-21],[39,-79],[-213,-202],[-288,-365],[-68,-121],[-3,-130],[248,-155],[14,-109],[-107,-208],[17,-62],[118,50],[69,206],[67,58],[37,-28],[33,-143],[-80,-39],[1,-113],[139,-92],[18,-161],[-288,-75],[-12,26],[-60,-155],[54,-51],[111,-14],[123,-95],[71,-105],[15,-98]],[[72571,35397],[81,-296],[-119,-248],[46,-13],[-10,-119],[91,-189],[-23,-166],[35,-143],[-48,-280],[-282,-37],[-223,38],[2,43],[-333,303],[-130,24],[-516,-628],[-78,-28],[-246,-27],[-364,115],[-194,10],[-302,111],[-156,-105],[-53,-170],[10,-141],[235,-53],[65,-54],[12,-132],[293,-70],[-58,-90],[-477,-141],[-116,-113],[188,-162],[215,-42],[6,-65],[-96,-90],[-127,-66],[-131,-9],[-225,-136],[-33,-85],[-92,-79],[-9,-88]],[[66020,31417],[36,147],[-23,144],[83,81],[-254,386],[-115,322],[-6,525],[-87,315],[58,225]],[[65712,33562],[-104,4],[-96,95],[-204,22],[-93,-27],[-83,199],[0,161],[77,258],[91,201],[245,166],[240,284],[233,198],[161,442],[246,324],[214,203],[87,170],[119,74],[81,198],[168,108],[-123,81],[180,122],[-168,101],[-551,166],[448,483],[548,908],[804,867],[270,204],[102,-16],[192,-158],[149,32],[283,161],[142,18],[40,456],[75,163],[21,166],[-66,334],[17,195],[-38,64]],[[66639,83625],[229,-217],[243,-120],[202,34],[476,-128],[91,117],[-102,120],[-13,134],[119,195],[168,143],[-12,48],[107,78],[160,-106],[261,140],[325,254],[154,-62],[897,47],[653,847],[446,205]],[[71043,85354],[77,-60],[9,-68],[54,-62],[-45,-51],[-4,-87],[57,15],[60,-49],[-67,-85],[259,-177],[80,5],[133,-78],[-65,-106],[53,-91],[-13,-146],[66,-159]],[[71697,84155],[-268,-344],[-257,-250],[-362,-753],[-49,-268],[70,-128],[-51,-336],[74,-300],[30,-357],[-114,-128],[-74,-169],[-139,33]],[[70557,81155],[-156,67],[-379,282],[-68,-1],[-49,82],[-690,341],[-179,45],[-202,-10],[-181,75],[-417,-79],[-217,-281],[-96,-232],[-99,59],[18,200],[-111,-68],[-195,-260],[-31,-267],[-80,-163]],[[27874,50488],[184,-150],[13,-416],[42,-137],[162,-71],[163,19],[111,-99],[92,119],[155,-1],[496,-241]],[[29292,49511],[-620,-971]],[[28672,48540],[-159,172],[-130,68],[-304,27],[-717,14],[-398,-113],[-320,-35],[-333,21],[-664,-542],[-277,-60],[-334,-179],[-122,94],[-228,-64],[87,-98],[95,-29],[-511,75],[-98,-362],[-3,-328],[-54,-158],[-202,-214],[-15,-226],[-85,-291],[57,-152],[-6,-194],[-34,-103],[15,-80],[-125,-166],[82,-428],[-36,-137],[29,-110],[-212,-167],[-24,-280],[214,-499]],[[23860,43996],[-186,-249],[-79,-439],[-386,226],[-128,-31],[-43,-150],[-181,-255],[-178,-48],[-315,-230],[24,-383],[-88,-152],[-2,-171],[-52,-113],[3,-159],[-249,-133],[-556,-444],[-106,-327],[1,-298]],[[21339,40640],[-166,313],[-191,248],[-196,384],[-49,158],[10,392],[-265,77],[-456,287],[-1946,-315],[-991,-295],[-293,-46],[-98,-160]],[[16698,41683],[-21,198],[42,224],[-23,31],[-200,26],[-99,-90],[-139,10],[-209,125],[-140,223],[-276,69],[56,123],[6,98]],[[61296,96467],[240,100],[323,229],[55,78],[149,643],[176,85],[217,274],[587,429],[70,166],[238,212]],[[66415,95952],[-259,-254],[-600,-414],[-649,-535],[-333,-7],[-106,-120],[-191,-133],[-64,0],[-91,90]],[[64122,94579],[-41,59],[-108,8],[-15,108],[-153,139],[-276,150],[-95,-16],[-119,212],[-128,104],[-87,268],[-533,486],[-330,171],[-75,134],[-160,60],[-441,-82],[-265,87]],[[45445,53857],[-190,-185],[-36,-108],[124,-343],[212,-204],[-76,-220],[189,-108],[208,-5],[229,-60],[21,-53],[84,-43],[68,-325],[132,-177],[112,-230],[-25,-60],[248,-315],[117,-324],[0,-134],[61,-226],[153,-134],[164,-219],[27,-176],[103,-73],[159,-195],[-45,-239],[71,-146],[132,-143],[-61,-170],[-75,-70],[-43,-202],[27,-52],[59,-84],[697,-195],[326,-146],[-102,-239],[-49,-268],[325,-414],[83,-487],[-9,-146],[-59,-148],[-161,-251],[-54,-416],[49,-40]],[[48640,46084],[-460,183],[-240,12],[-200,88],[20,-45],[-135,94],[-30,-49],[-169,46],[-20,-25],[-109,74],[-58,-31],[-72,53],[-180,24],[-447,146],[-85,-9],[-209,106],[-286,-8],[-5,63],[-85,-1],[-120,96],[-76,-40],[-697,219],[-212,185],[39,48],[-489,281],[-201,49],[-289,495],[-500,-11],[-174,-102],[-168,5],[-48,-47],[-160,38],[-12,-58],[-35,-8],[-175,21],[-119,-26],[-124,47]],[[41880,48650],[-20,97],[150,181],[-48,47],[-150,41],[-98,199],[30,99],[97,91],[33,128],[-42,297],[91,255],[-50,139],[5,169],[-104,173],[-363,258],[-75,180],[-110,122],[21,96],[216,422],[48,371]],[[6982,33950],[61,-229],[160,-6],[160,-184],[-24,-434],[-305,-111],[-124,-153],[-154,-96],[104,-265],[-151,-175],[-149,-5],[-118,-54],[-370,-289],[-103,-146],[-359,-247],[-391,-192],[-459,-327],[161,25],[187,-82],[441,-64],[70,-57],[-23,-94]],[[5596,30765],[-188,-79],[-207,70],[-101,123],[-287,0],[-201,-176],[-184,-68],[-27,-174],[-108,-43],[-41,-121],[-173,-173],[-276,-115],[-417,-3],[-108,-33],[-762,21],[-499,-208],[-504,-13]],[[1513,29773],[-1,95],[82,164],[37,550],[-90,49],[361,262],[208,-23],[-26,77],[326,427],[543,172],[176,117],[125,199],[-163,368],[-22,208],[-212,394],[-35,197],[-92,185],[-23,441],[-140,424],[40,128],[-69,198],[27,187],[-177,168],[-112,19],[93,46],[-3,87],[-143,324],[-177,260],[-4,112],[90,102],[491,-121],[266,93],[452,228],[105,18],[-23,-521],[227,-67],[71,-88],[81,-32],[109,-183],[-11,-53],[89,-176],[159,-108],[-13,-94],[192,-577],[563,-428],[389,88],[110,114],[120,31],[264,185],[211,6],[141,44],[632,-60],[225,-59]],[[59102,65500],[502,139],[527,46],[363,-73],[677,-235],[481,-67],[972,-255],[78,61],[149,-24],[0,-84],[140,-34],[30,-74],[-43,-161],[-1,-148],[-113,-392],[194,85],[560,484]],[[63618,64768],[70,52],[240,-322],[-3,-163],[83,-216],[-64,-203],[65,-509],[107,-92],[-19,-253],[-89,-235],[11,-111],[-170,-409],[-19,-244],[29,-146],[195,-325],[-11,-308],[197,-491],[101,-425],[235,-251]],[[64576,60117],[102,-458]],[[64678,59659],[-373,2],[-621,156],[-165,-16],[-476,-235],[-195,-150],[-292,-119],[-229,-263],[-305,-111],[-148,-18],[-228,6],[-485,184],[-292,165],[-153,229],[277,570],[351,465],[32,93],[5,237],[154,210],[2,116],[-63,198],[-138,34],[-141,132],[-247,120],[-91,207],[-1,138],[-33,62],[123,173],[298,218],[136,182],[61,149],[-78,202],[-43,262],[-82,50],[-114,-157],[-270,110],[-188,-53],[-411,158],[-263,334],[-569,102],[-239,101],[-169,194],[-107,252],[115,309],[304,436],[-19,61],[-216,143],[10,203]],[[68609,43892],[-68,95],[-100,343],[156,164],[129,-22],[217,99],[-2,56],[-155,184],[-23,182],[48,190],[251,333],[-52,166],[-324,111]],[[68686,45793],[149,79],[880,-208],[164,-70],[224,38],[409,162],[225,40],[140,95]],[[74153,43844],[47,-33],[30,29],[404,514],[204,165],[290,21],[250,-191],[100,-7],[22,37]],[[76481,42242],[-78,-72],[-92,-28],[-24,21],[-342,-74],[-354,123],[-113,-15],[-178,71],[-370,441],[-164,44],[107,-385],[281,-640],[13,-290],[-186,-211],[-338,-19]],[[74643,41208],[18,29],[-41,48],[-121,402],[-469,226],[-214,5],[-42,-108],[-252,-98],[-293,-6],[-502,-76],[-204,-127],[-182,4],[-534,-166],[-26,-64],[-62,-26],[-218,48],[-144,-35],[-176,-100],[-140,-8],[-138,-198],[-310,2],[-91,-119],[-3,-51]],[[70499,40790],[-380,-51],[-111,44],[-57,94],[-6,213],[-128,-112],[-83,68],[-88,-78],[-227,21]],[[69419,40989],[-192,341],[-127,97],[-36,72],[-401,297]],[[68663,41796],[-192,62],[43,65],[-104,93],[-134,38],[-2,160],[-70,337],[395,13],[-33,171],[391,92],[-89,179],[-8,89],[-118,212],[-68,299],[21,6],[-2,154],[-28,121],[-56,5]],[[27368,57670],[-109,174],[-377,18],[-277,308],[11,133],[138,205],[-4,133],[-73,166],[10,52],[104,245],[148,149],[27,197],[-29,129]],[[26937,59579],[2401,569],[788,-175],[218,5],[301,90],[713,-208],[565,-95],[432,-28],[264,31],[710,-55],[672,310],[217,33],[246,-109],[120,-182],[100,-73],[721,-329],[403,-400],[58,-121],[12,-246],[-103,-405]],[[35775,58191],[-120,-24],[-241,62],[-256,-64],[-267,-6],[-80,-51],[-131,112],[16,136],[-67,38],[-50,111],[-104,54],[-146,0],[-81,105],[-4,98],[-2383,-523],[-303,-161],[-142,-115],[-63,-248],[-136,-315],[-200,-320],[-150,-123],[-283,-375],[-345,-361],[-931,-488],[55,-150],[-302,-152],[-135,-262],[-142,-87],[18,-25],[-57,-111],[-182,70],[-135,-566],[50,-71],[-2,-150],[96,-158],[-3,-60],[100,-113],[15,-133],[-31,-140],[-249,-273],[-306,-93],[-200,-93],[-165,-137],[-245,-83]],[[61291,26930],[408,817],[162,538],[73,386],[20,337],[66,255],[430,487],[206,47]],[[62656,29797],[530,114],[2,41],[171,63],[602,155],[252,87],[281,156],[-92,153],[-26,685],[43,21],[116,21],[154,-134],[247,38],[154,68],[49,-45],[65,45],[110,7],[70,38],[12,95],[148,-46],[211,136],[60,-40],[99,25],[106,-63]],[[66020,31417],[227,135],[221,239],[125,-83],[74,103],[222,112],[201,161],[307,107],[117,-111],[304,-144],[-70,-227],[324,-49],[525,265],[70,-50],[304,17],[134,180],[162,-88],[142,-8]],[[69409,31976],[533,-698],[431,-473],[81,-198],[123,-12],[2,-41],[99,-64],[63,-124],[52,-31],[23,-84],[200,-80],[153,-5],[81,-111],[0,-96],[126,-46],[94,-251],[105,-101],[40,-224],[95,-179],[130,-116]],[[71840,29042],[-207,-270],[-92,-28],[-210,60],[-115,-199],[-193,52],[-58,127],[-291,211],[-127,-150],[36,-133],[-52,-23],[-33,-118],[57,-18],[13,-135],[148,-65],[34,-81],[-120,-110],[-149,-218],[-91,-34],[32,-115],[-103,-112],[92,-148],[-16,-102],[27,-185],[199,-427],[34,-146],[-15,-79],[88,-100],[24,-146],[121,-142],[-25,-173]],[[70848,26035],[-730,-418],[-146,-258],[-250,-298],[-372,-248],[-266,-373],[-34,26],[-359,-205],[-203,-11],[-91,-44],[-663,141],[-370,-125],[-111,28],[-69,-103],[-235,-103],[-49,-118],[-76,-71]],[[66824,23855],[-37,-31],[-401,142],[-1680,366]],[[16906,41023],[0,-100],[-95,-188],[331,-470],[157,78],[620,28],[153,-47],[64,-124],[-165,-669],[-3,-182],[-97,-394],[247,-166],[68,-149],[184,-70],[7,-80],[70,-67],[-81,-96],[-74,-176],[-204,-202],[-42,-168],[-100,-102],[424,-116],[162,-362],[99,-96],[406,-108],[278,-128],[78,-122],[57,-304],[60,-73],[356,-100],[644,-462],[303,-340],[436,-127],[223,-108],[60,-75],[144,-409],[260,116],[419,-278]],[[22355,34587],[-654,-112],[-220,-115],[-112,25],[17,38],[-125,119],[-53,4],[-155,176],[-140,16],[-238,168],[-306,55],[-396,-131],[-189,-185],[-183,49],[-102,-21],[-322,55],[-588,-505]],[[14554,33176],[-406,151],[-115,192],[-547,18],[-140,64],[6,53],[-110,120],[-279,80]],[[12963,33854],[-942,460],[-812,477],[-695,180],[-219,-6],[-812,-237],[-626,-32],[-136,20],[-511,280]],[[8210,34996],[-217,314],[-197,186],[-39,75],[55,146],[155,131],[9,62],[175,91],[160,-29],[161,30],[57,114],[64,32],[255,17],[230,123],[48,60],[79,245],[-9,138],[-81,245],[3,138],[48,140],[-94,151],[-13,351],[29,803],[46,99],[-61,198],[-100,95],[-31,114],[15,98],[87,72],[-16,64],[33,56],[226,45],[26,85],[-50,65],[42,147],[245,209],[77,147],[116,33],[135,174],[148,25],[158,109],[112,334],[291,5],[96,246],[83,59],[335,5],[464,75],[968,-138],[380,-126],[331,-47],[276,6],[160,44],[188,-55],[109,40],[296,274],[931,7],[423,-115],[402,-191],[469,181],[408,25]],[[15166,37108],[64,-165],[241,-328],[655,-570],[389,-170],[228,-31],[428,405],[149,342],[109,74],[95,400],[112,238],[103,172],[178,167],[0,53],[-678,204],[-13,-77],[-455,63],[-295,160],[-227,264],[-258,48],[-60,-30],[-274,-315],[81,-69],[-226,-292],[-346,-543]],[[59298,54966],[447,255],[278,16],[252,-54],[260,-259],[254,-731],[104,-112],[324,-19],[248,-103],[266,-60],[369,-8],[383,-125],[604,579],[342,145],[251,188],[135,245],[174,139],[34,94],[-34,105],[-144,180],[-40,135],[-683,393],[-66,325],[12,97],[-82,214],[6,96],[-215,166],[-135,243],[-215,99]],[[62427,57209],[33,98],[347,403],[607,467],[175,82],[66,1],[135,-79],[38,-46],[48,-203],[86,-28],[766,-65],[436,129]],[[65164,57968],[81,-138],[159,-153],[-19,-228],[88,-103],[318,-3],[62,-30],[18,-57],[-61,-130],[27,-387],[-230,-311],[23,-249],[104,-192],[180,-150],[105,-39],[231,-7],[148,-81],[-59,-163],[73,-257],[249,-19],[30,-194],[-13,-185],[154,-35],[-3,-52],[140,-19],[82,22],[173,-27],[232,65],[275,-261],[354,-102]],[[68085,54483],[10,-104],[28,-18],[-18,-36],[120,-62],[-128,-71],[-5,-44],[63,-1],[37,-89],[-62,-126],[8,-232],[-165,-69],[-132,41],[-20,-25],[55,-37],[-80,-45],[22,-77]],[[67818,53488],[-680,502],[-249,-50],[-82,-64],[-79,-134],[-248,-53],[-9,-54],[315,-229],[102,-128],[-4,-93],[-42,-71],[-159,-81],[37,-97],[16,-292],[-111,73],[-150,-48],[-73,-89],[-24,-122],[54,-230],[125,-177],[285,-252],[50,-159],[9,-175],[83,-133],[114,-26],[263,133],[65,-44],[55,-224],[112,-165],[38,-192],[-42,-95],[-126,-93]],[[67463,50626],[-924,153],[-814,-20],[-174,-107],[-317,138],[-80,-12],[-510,195],[-243,-44],[-265,72],[-128,-76],[-91,0],[-122,96],[-300,-24],[-236,51],[-94,92],[-739,38],[-105,74],[6,153],[-57,61],[-315,120],[-112,135],[-91,53],[-51,128],[-151,173],[-32,150],[-54,57],[-311,73],[-162,-52],[-384,30],[-638,1151],[-671,1482]],[[27368,57670],[128,-260],[215,-116],[246,-73],[-364,-226],[-437,-131],[-398,-442],[-275,-415],[-306,-368],[-246,-232],[-651,-946],[14,-262],[-54,-117],[-168,-220],[-113,-38],[-79,-512],[50,-98],[121,-71],[250,-52],[139,21],[207,100],[254,201],[60,126],[75,24],[190,282],[359,105],[85,-23],[77,34],[253,-360]],[[25019,52624],[-225,11],[-496,-53],[-164,-52],[-113,-80],[-65,-73],[-66,-175],[-110,-407],[-261,-512],[-392,-329],[-398,-447],[-584,-82],[-215,-63],[-469,153],[-421,-146],[-294,108]],[[18988,53044],[-17,161],[45,80],[-7,125],[31,92],[-30,106],[137,251],[72,602],[177,236],[18,195],[73,133],[-90,180],[18,125],[-38,143],[277,447],[33,192],[-13,52],[-119,74],[-487,124],[-104,69],[-27,62],[80,604],[12,770],[-88,156],[174,62],[253,30],[260,109],[461,-113],[84,-324],[15,-179],[102,-182],[177,-596],[184,-387],[117,-171],[413,-158],[765,-90],[1212,81],[258,54],[241,98],[183,-33],[1459,653],[1060,224],[1009,569]],[[16704,60368],[333,187],[85,109],[-14,82],[114,303],[1511,828],[209,250],[330,53],[210,-58],[275,-198],[658,-266],[68,-187],[429,-494],[394,-308],[-14,-243],[-128,-569],[-403,16],[-292,111],[-705,-49],[-669,37],[-173,-67],[-705,-50],[-1211,-295],[-191,296],[-69,222],[-42,290]],[[90282,47928],[-56,-255],[95,-93],[36,-298],[59,-163],[137,-223],[48,-379],[68,-174],[-70,-217],[-104,-180],[-145,-628],[-4,-147],[115,-267],[-87,-328],[-16,-231],[61,-155],[-88,-354],[118,-305]],[[90449,43531],[-99,-150],[-133,-4],[-94,-97],[-264,-158],[-147,-182]],[[89712,42940],[-273,210],[-202,57],[-162,91],[-134,8],[-106,84],[-56,-36],[-188,92],[-147,-53],[-3,78],[-276,34],[-106,186]],[[88059,43691],[72,113],[-59,279],[-311,154],[-306,58],[-263,353],[-90,174],[24,154],[-37,176],[-144,346],[-83,112],[-52,316],[-246,583],[27,22],[-48,92],[-49,-29],[-38,63],[52,23],[33,94]],[[84489,50508],[398,388],[90,-78],[52,49],[237,-182],[19,63],[365,26],[350,234],[498,169],[213,166],[256,-1],[4,66],[66,50],[65,-11],[139,-114],[239,-427],[84,7],[300,-238],[235,-108],[144,8],[51,-68],[85,20],[-178,465],[76,65],[260,-256],[57,-220],[144,-259],[49,-204],[66,-63],[361,-271],[590,-193],[359,-243],[188,-204],[82,-806],[-86,-169],[-8,-123],[-57,-118]],[[90282,47928],[-948,396],[-587,59],[-249,-213],[-320,-55],[-16,-140],[-99,-96],[-353,-213],[-79,-224],[-184,-23],[-299,-252],[-29,-104],[-311,-92],[-267,-197]],[[86541,46774],[-97,43],[-254,14],[-65,61],[-593,63],[-137,162],[-287,143],[-73,172],[-99,114],[-328,94],[-72,-53],[-204,-15],[-426,21]],[[83906,47593],[-74,53],[-68,112],[-344,119],[-193,334],[137,157],[44,109],[-168,63],[64,141],[-33,223],[49,106],[122,86],[126,-145],[165,-49],[169,240],[378,224],[286,-44],[206,18],[57,101],[46,197],[-67,282],[41,84],[-119,-23],[-135,28],[40,105],[184,126],[-330,268]],[[61810,89332],[90,120],[47,205],[146,78],[-8,70],[62,60],[514,1163],[-159,435],[-66,633],[-115,191],[-131,124]],[[62190,92411],[226,143],[341,-54],[321,-5]],[[63078,92495],[-50,-127],[-143,-131],[15,-237],[113,-133],[-40,-246],[30,-191],[-144,-111],[-13,-127],[-132,-165],[-25,-131],[92,-60],[63,-131],[24,-182],[179,-179],[36,-152],[-6,-425],[175,-283],[80,-498],[96,0],[158,-107],[-69,-89],[-9,-65],[-157,-196],[-178,-343],[-203,-112]],[[62970,88074],[2,279],[-56,192],[2,162],[-155,87],[-157,33],[6,125],[-158,32],[-162,-249],[-57,-30],[-186,-51],[-159,49]],[[61890,88703],[60,208],[16,304],[-156,117]],[[41159,24356],[9,178],[124,438],[686,-87]],[[41978,24885],[-24,-96],[-121,-84],[-53,-166],[15,-79],[-98,-128],[-135,-131],[-191,-95],[-9,-124],[-73,-201],[-60,-9],[-94,90],[24,494]],[[44269,27273],[242,-134],[338,-58],[189,-6],[82,109],[397,-53]],[[45517,27131],[600,-908],[169,-306],[218,-522],[212,-535],[-186,-170]],[[46530,24690],[-149,-164],[-336,-601]],[[46045,23925],[-96,-197],[-110,39],[-243,-26],[-144,57],[-592,-61],[-330,134],[-180,-1],[-203,-55],[-324,8],[-465,191],[-209,229],[-105,217],[-208,161]],[[42836,24621],[157,-9],[301,121],[180,-15],[315,70],[592,-194],[165,-119],[133,-160],[70,82],[1,574],[71,494],[-294,373],[-73,297],[-151,244],[-23,94],[45,111],[213,141],[-269,548]],[[35624,38584],[71,-92],[144,24],[220,-108],[23,-165],[68,-89],[326,-82],[152,-173],[93,-23],[152,-162],[177,-80],[136,-109],[16,-73],[265,-30],[18,-268],[89,-130],[23,27]],[[37544,35479],[-281,-179],[-321,-68],[-686,-291],[-1242,10],[-386,178],[-1283,28]],[[63351,98683],[500,264],[284,233],[90,-78],[472,5],[94,272],[48,51],[398,205],[265,-76],[677,-52],[758,391],[429,78],[434,23],[300,-57],[212,-361],[-77,-415],[-222,-422]],[[68013,98744],[-187,-250],[-58,-351],[-206,-288],[44,-258]],[[67606,97597],[-72,-128],[-11,-106],[50,-307],[-26,-148],[-59,-105],[-354,-356],[-112,-190],[-90,-86],[-336,-175],[-181,-44]],[[66415,95952],[-486,340],[-238,-24],[-420,220],[-251,-85],[-201,-6],[-59,172],[61,194],[-38,80],[-201,46],[-235,-35],[-30,-39],[-80,306],[3,275],[109,18],[183,150],[160,28],[14,56],[-55,343],[-24,554],[-150,390],[-218,-119],[-283,-92],[-625,-41]],[[48455,72527],[294,108],[475,-15]],[[49224,72620],[23,-181],[-48,-304],[169,-241],[791,-754],[12,-185],[-45,-526],[34,-61],[102,-35],[63,-297],[-19,-205],[264,-134],[300,-540],[202,-46],[246,59],[455,-59],[327,3],[209,-103],[21,-58],[428,-205],[168,-118],[244,-77],[234,-123],[272,22],[80,-212],[190,-103],[1073,-982],[69,-233],[354,-510],[61,-269],[-51,-119]],[[55452,66024],[-215,136],[-224,-181],[-643,-348],[-276,-322],[-76,-150],[-234,-203],[-164,-24],[-356,-251],[-127,-195],[-112,-301],[-209,-190],[-423,63],[-225,-56],[-116,85],[-53,142],[-133,121],[-647,139],[-126,-33],[-153,107]],[[50940,64563],[-50,441],[-203,207],[-191,300],[-378,992],[-53,276],[-239,-26],[-108,710],[6,164],[-123,296],[-189,1361],[-120,438],[-99,207],[-153,810],[-13,224],[-138,237],[-170,201],[-87,193],[-161,691],[-16,242]],[[70008,70562],[314,67],[241,-88],[81,29],[96,-38],[113,49],[38,-20]],[[73915,66611],[23,-172],[142,-226]],[[74755,66369],[233,-193],[31,-130],[-20,-155],[-169,-297],[-51,-200],[-284,-186],[-278,-420],[-88,-21],[-246,-264],[-278,-131],[0,-120],[-68,-277],[-221,-199],[40,-26],[-224,-282],[12,-208],[73,-185],[-164,-37],[-275,49],[-20,-221],[78,-24]],[[69012,66201],[-321,101],[-646,-95],[-233,140]],[[84767,29512],[141,-477],[-84,-478],[371,-255],[-27,-6],[58,-1037],[142,-262],[300,-1032],[85,-169]],[[83939,23887],[-175,127],[-449,545],[-64,281],[-8,199],[11,74],[96,152],[10,131],[-57,159],[-127,168],[-57,215],[-144,201],[-600,506],[-118,271],[-641,636],[-172,211],[59,298],[-14,219],[30,380],[-102,214],[124,312],[102,386]],[[66645,22362],[50,-39],[184,-1],[108,51],[624,-193],[59,-77],[-4,-257],[80,-630],[136,-169],[48,-192],[291,-197],[150,-23],[-999,-550],[-119,-211],[-210,-207],[89,-295],[-135,-21],[-33,-343],[-58,-207]],[[66906,18801],[-274,56],[-588,-189],[-262,-155],[-247,297],[-19,170],[75,156],[-138,21],[-143,-108]],[[65310,19049],[-90,-11],[48,202],[-53,61],[-4,94],[49,128],[129,137],[388,221],[60,85],[3,117],[-129,160],[57,199],[114,98],[111,36],[314,22],[74,99],[16,95],[-30,106],[26,174],[132,139],[106,376],[-13,140],[-82,151],[-38,187],[30,141],[117,156]],[[70877,45929],[266,298],[1106,864],[-205,523]],[[72044,47614],[256,14],[529,-127],[171,155],[482,289],[137,156],[210,156],[527,269],[245,41],[424,188]],[[75025,48755],[306,133]],[[75331,48888],[-13,-302],[107,-1164],[-124,-11],[-54,-241],[45,-144],[27,4],[87,-306],[-20,-251],[61,-95],[13,-152],[85,-113],[4,-109],[57,-112],[-199,-39],[-42,-221],[-171,-57],[39,-94],[-156,-53],[2,-188],[133,-213],[-156,-115],[-404,-511],[-289,-287],[-210,-270]],[[74153,43844],[2,-56],[-72,-105],[-212,-201],[-513,-220],[-307,-182],[-60,59],[-50,-12],[-54,-49],[10,-90],[-59,-36],[-51,89],[-191,-81],[-172,-20],[5,-103],[-526,-168],[-44,-45],[-264,328],[-262,523],[138,335],[-58,576],[-154,517],[-127,187],[-168,396],[-127,207],[152,88],[-82,136],[-60,-37],[30,49]],[[49696,25040],[191,95],[-8,108],[228,251],[495,339],[234,367]],[[50836,26200],[254,223],[184,-81],[235,42],[242,-55],[-125,-362],[364,-114],[80,-177],[236,-74],[43,-199]],[[51037,22720],[-388,140]],[[50649,22860],[56,524],[92,373],[-309,45],[36,240],[-41,12],[66,189],[-176,1],[-136,44],[33,135],[-136,312],[25,181],[-463,124]],[[51037,22720],[30,150],[62,2],[81,164],[1,37],[-133,56],[150,475],[75,-1],[29,160],[62,-7],[17,107],[209,-28],[72,424],[248,-78],[-30,74],[53,-3],[9,119],[179,33],[0,373],[115,109],[243,-37],[-160,554]],[[52349,25403],[259,-99],[53,122],[372,-220],[6,30],[40,-18],[9,63],[241,-131],[-14,32],[54,66],[272,-122],[49,6],[217,326],[257,-205],[181,-241],[296,-298],[347,293],[191,493],[75,34],[123,-63]],[[55377,25471],[538,-152],[1060,-400],[364,-179],[261,-207]],[[56410,20427],[-54,68],[-37,-15],[-189,71],[-41,-56],[-336,-179],[-17,-78],[-56,27],[-114,-89],[-570,-615],[-352,-202],[-623,138],[-396,188],[-734,215],[-37,196],[-216,146],[-138,207],[-53,213],[-38,374],[15,132],[-348,538],[-982,904],[30,72],[-87,38]],[[66053,75431],[180,76],[255,185],[463,204],[164,122],[138,-68],[186,-4],[142,-118],[76,6],[177,148],[117,223],[139,165],[223,-45]],[[70576,71235],[-48,-223],[29,-362],[-23,-53],[-376,142],[-150,-177]],[[65857,70741],[-91,170],[-1,82],[-175,305],[38,160],[-26,183],[79,261],[60,53],[-52,-19],[17,260],[90,179],[-38,38],[78,70],[-43,49],[150,552],[-221,92],[-91,1],[-66,428],[-91,310],[-475,186],[-452,-353],[-105,-15],[-22,164],[-80,162],[-488,653]],[[63852,74712],[79,93],[339,237],[693,103],[189,-8],[539,101],[362,193]],[[41038,55626],[773,-150],[685,-7],[346,-130],[443,5],[167,-105],[258,-45],[442,-157],[314,-66],[650,-39],[288,-71],[164,-87],[-4,-84]],[[45564,54690],[-8,-148],[25,-66],[-49,-97],[29,-171],[-116,-351]],[[45445,53857],[-323,-151],[-31,-90],[-200,-114],[-108,-190],[-55,37],[-609,-384],[-219,128],[-77,-132],[-99,-89],[-546,-336],[-199,47],[-424,-43],[-107,140],[-59,29],[99,-139],[11,-78],[-25,-42],[-73,21],[25,-110],[91,-118],[-150,-108],[76,-75],[1,-50],[-97,-29],[-111,113],[-12,-172],[-119,-102],[-191,18],[-208,-59],[-78,102],[-6,92],[-111,42]],[[41511,52015],[-6,282],[-112,187],[-30,185],[-161,58],[-84,-126],[-4,-119],[-103,11],[-79,70],[35,154],[-39,94],[-188,83],[-52,176],[100,242],[-23,107],[-80,73],[20,57],[-25,177],[-100,312],[38,33],[-29,177],[51,12],[176,296],[-10,37],[26,-4],[-45,23],[162,501],[162,359],[-73,154]],[[68313,76325],[99,224],[22,-10],[147,165],[278,168],[226,521]],[[69085,77393],[20,-161],[-68,-169],[107,-181],[163,-164],[-30,-74],[120,-155],[-43,-40],[45,-113],[96,19],[143,-221],[-46,-172],[131,-394],[120,-20],[133,-120],[-12,-101],[147,-182],[15,51],[284,166],[258,85],[479,10],[370,-72],[374,198],[87,129],[144,12],[220,-78],[255,-175]],[[72597,75471],[-296,49],[-72,-50],[13,-108],[403,-451],[-53,-196],[-411,-188],[-126,-116],[-4,-93],[198,-445],[10,-373],[-28,-136],[-93,-186],[-234,-219],[1,-315],[-600,-592],[-15,-341],[62,-125],[-71,-182],[-222,-147],[-183,124],[-129,1],[-171,-147]],[[70576,71235],[-607,315],[-70,151],[-76,55],[81,218],[15,251],[54,127],[251,300],[102,53],[7,194],[-166,102],[-227,221],[6,186],[-155,666],[136,72],[-74,131],[105,67],[-76,98],[40,43],[-135,141],[-468,305],[-186,297],[-299,324],[-389,643],[-132,130]],[[75500,44379],[84,56],[109,172],[242,-77],[31,-39],[393,120],[328,-210]],[[83016,40276],[-230,-121],[-307,-259],[-145,-44],[-160,-429],[105,-114],[114,-59],[134,-268],[-477,-399],[-670,-139],[-266,-136],[-420,-453],[-252,-133],[-80,-118],[-46,-16]],[[80316,37588],[53,89],[-33,23],[-146,36],[-337,224],[-119,-37],[-97,85],[-114,8],[-225,126],[-170,129],[-229,290],[-95,73],[17,96],[-164,62],[-26,56],[42,-17],[-7,45],[-129,5],[-2,289],[-83,8],[-25,34],[32,77],[-45,52],[-39,-14],[-17,65],[-148,15],[-43,48],[-44,79],[55,15],[-9,138],[-107,-47],[-12,131],[-107,22],[-24,-48],[-97,130],[32,86],[-77,238],[-81,31],[27,38],[-419,477],[-45,75],[15,27],[-123,141],[-54,285],[-42,60],[15,31],[-75,150],[-120,135],[-13,81],[-41,20],[17,45],[-27,81],[-39,34],[-90,-41],[-39,44],[15,60],[115,27],[45,-51],[24,40],[-163,53],[-198,200]],[[76481,42242],[82,68],[-162,168],[-92,200],[64,318],[57,16],[-92,99],[-217,26],[-5,39],[-239,206],[-117,157],[140,298],[76,-18],[66,78],[-14,265],[-76,111],[-251,75],[-133,-81],[-68,112]],[[85753,25796],[440,-140],[1104,41],[257,56],[348,-36],[130,129],[181,298],[174,-83],[186,124],[86,127],[381,389],[39,211],[128,238],[10,166],[-40,152],[27,94],[713,427],[361,139],[369,215]],[[90647,28343],[821,-338],[235,-218],[101,-353],[215,-72],[95,-78]],[[92114,27284],[-2,-53],[36,-18],[36,45],[123,32],[73,-44],[-1,-41],[86,23],[141,-84],[21,33],[73,4],[59,-120],[163,-104],[20,-60],[79,-51],[-15,-36],[74,34],[-54,-62],[108,17],[39,-72],[143,-72],[216,-216],[-17,-52]],[[93515,26387],[-376,-239],[-48,-62],[-261,-597],[205,-653],[107,-117],[201,-50],[0,-95],[129,-118],[-45,-132],[58,-13],[15,-86],[-119,32],[-21,-57],[67,-40],[30,-111],[-65,31],[-63,-60],[10,-37],[-81,-126],[19,-41],[-39,-36],[14,-41],[-46,-56],[-26,-129],[63,-31],[26,-155],[263,-358],[-9,-119],[153,-267],[-67,-153],[-33,-180],[25,-38],[-15,-129],[41,-39],[78,-285],[5,-68],[-53,-117]],[[93657,21615],[-147,-72],[-437,-368],[-123,6],[-196,-105],[-380,114],[-223,-11],[-208,145],[-208,20],[-447,-31],[-242,-105],[-460,42],[-84,-79]],[[79112,57851],[-18,62],[172,108],[33,290],[47,67],[175,-87],[119,15],[-41,96],[47,88],[-47,161],[41,71],[4,117],[-128,-23],[-332,74],[-133,-12],[-91,103],[-52,-137],[104,-183],[-18,-35],[62,-27],[-23,-28],[-33,24],[-50,-62],[-44,45],[-30,-43],[-102,-22],[1,-49],[-222,-64]],[[78553,58400],[19,417],[37,68],[385,263],[29,127],[-8,285],[25,46],[117,100],[361,145]],[[79518,59851],[6,-270],[480,-192],[205,9],[103,-95],[276,-94],[-27,-82],[302,-39],[-106,-247],[211,-88],[296,-61],[39,110],[62,6],[-8,222],[83,21],[87,-114],[134,4],[183,99],[79,1],[294,202],[56,131],[114,106],[69,189],[191,177],[23,230],[160,-394],[-138,-198],[-263,-195],[-113,-264],[-82,-481],[45,-353],[-520,-288],[-355,28],[-56,-109],[51,-35],[13,-73],[72,27],[521,-327],[21,-160],[56,-109],[207,-152],[92,-252],[-447,-242],[34,-44],[-44,-42],[-77,36],[-33,-39],[108,-94],[-125,-119],[81,-74],[-89,-226]],[[81789,55897],[-54,-52],[-163,-42],[-79,-136],[-181,-113]],[[81312,55554],[-376,150],[-17,75],[-243,85],[-57,103],[-124,52],[-72,-105],[-141,80],[-314,80],[-465,8],[-420,360],[-102,-43],[-82,-102],[-509,152]],[[78390,56449],[-14,84],[-49,62],[143,23],[80,65],[-6,71],[336,133],[101,121],[9,41],[-45,59],[-125,69],[-34,61],[188,139],[-49,141],[77,185],[140,122],[-30,26]],[[75761,24402],[381,394],[359,152],[336,289],[153,19],[198,375],[199,129],[265,368]],[[77652,26128],[233,-45],[232,-129],[115,-248],[479,-467],[311,-475],[230,-160],[229,-58],[180,50],[681,-51],[144,-40],[634,-487],[239,-365],[675,-417],[303,-140],[127,-173]],[[82464,22923],[-238,-340],[-156,-304],[-145,-393],[-122,-216],[-156,-177],[-375,-691],[-184,-26],[-62,-112],[-135,9],[-517,-398],[-342,-202],[-279,-16],[-328,-152],[-92,-84],[-328,-152],[-286,-229]],[[78719,19440],[-498,138],[8,27],[-57,23]],[[78172,19628],[41,204],[-58,180],[-277,664],[-2,106],[-131,74],[-151,527],[-229,533],[-86,119],[-11,118],[-56,82],[-34,149],[-21,220],[-158,512],[-259,391],[-566,324],[-119,229],[-294,342]],[[58052,77752],[696,328],[224,200],[203,342],[42,25]],[[60849,77676],[168,-289],[15,-457],[152,-269],[71,-497],[52,-158],[34,-432]],[[61341,75574],[-193,-326],[-225,-181],[-122,-164],[-7,-242],[96,-271],[-63,-203],[-139,-193]],[[60688,73994],[-452,-49],[-706,91]],[[59530,74036],[-217,245],[-199,319],[24,141],[-186,532],[31,713],[-101,52],[88,186],[-351,746],[-115,171],[-439,391],[-13,220]],[[18988,53044],[152,102],[187,-83],[140,2],[30,-80],[-14,-102],[221,11],[149,100],[102,11],[28,-13],[-20,-123],[26,-28],[203,35],[54,-76],[-67,-209],[145,-311],[-71,-183],[24,-96],[91,-26],[31,-111],[106,-88],[117,23],[92,-32],[91,72],[38,-10],[76,-152],[142,114],[32,-16],[-31,-141],[19,-83],[-134,-73],[-85,-134],[-530,64],[-164,-68],[-52,-74],[30,-93],[163,-17],[10,-113],[281,-235],[146,-331]],[[20746,50477],[-140,-153],[16,-192],[-24,-120],[47,-157],[-129,-207],[111,-155],[4,-82],[-16,-27],[-74,13],[-191,107],[-103,-144],[353,-270],[-257,-273],[-166,-66],[-129,-175],[-190,-51],[-83,-60],[-5,-78],[153,-136],[-21,-50],[-451,90],[-99,-41],[-2,-75],[97,-121],[-30,-86],[-101,-95],[37,-54],[166,38],[-28,-195],[-262,-60],[-119,-83],[-37,-76],[27,-126],[118,-22],[28,-64],[-62,-80],[-157,24],[101,-551],[-58,-512],[-104,-175],[31,-109],[-136,-957],[-96,-225],[77,-191],[-101,-401],[-169,-360],[-148,-4],[-637,-232],[-277,-47],[-630,-269],[-278,-203],[-249,-124],[-415,-19],[-243,-76]],[[15695,42720],[-45,95],[29,179],[-78,197],[95,57],[63,102],[398,92],[7,30],[-191,163],[293,114],[4,113],[-129,169],[235,-3],[107,51],[275,8],[165,104],[56,103],[25,199],[-40,65],[-445,138],[-3,135],[54,132],[26,28],[126,-9],[224,-160],[73,8],[41,35],[7,67],[-135,183],[7,50],[270,166],[-188,146],[108,194],[-50,45],[-146,20],[15,83],[-71,192],[-129,225],[-41,230],[20,111],[-65,920],[42,360],[-13,117],[51,224],[-89,199],[3,159],[-120,7],[-37,43],[-8,167],[88,69],[32,123],[118,98],[65,141],[-12,98],[127,166],[-66,62],[-9,364],[69,444],[-4,172],[-50,52],[-388,115],[-50,70],[201,340],[52,146],[33,346],[-47,279],[126,165],[577,322],[294,242],[131,48],[187,-3],[388,228],[635,184]],[[34856,53561],[-48,-336],[17,-102],[-37,-76],[-157,-1053],[-64,-158],[-100,-554],[-122,-194],[113,-181],[97,-19],[72,-72],[311,-20],[58,52],[146,1],[302,-77],[53,-40],[11,-73],[76,-45],[-4,-202],[23,-39],[302,-76],[164,-127],[-44,-125],[195,-226],[-36,-308],[18,-54],[132,-36],[77,-88],[42,-163],[79,-105],[-14,-321],[199,-217],[85,-156],[29,-200],[-16,-76],[-79,-67],[46,-108],[-93,-143],[18,-62],[183,-29],[52,-119],[154,-127],[14,-80],[116,-31],[149,58],[194,-94],[30,-65],[-53,-74],[-21,-103],[94,-49],[72,18],[193,-105]],[[35201,44020],[-502,-229],[-332,95],[-370,-11],[-599,-81],[-166,-122],[-137,-15],[-17,-48],[-162,-83],[-17,-47],[-107,-32]],[[32792,43447],[-145,203],[-498,229],[-178,260],[-102,210],[-108,408],[-125,265],[26,140],[75,118],[-117,146],[51,50],[-118,-59],[-519,387],[-54,158],[46,212],[97,134],[-248,120],[-52,148],[-122,-38],[-57,32],[168,409],[-391,144],[-41,67],[93,111],[-34,58],[-180,-81],[-65,12],[25,120],[-118,99],[-9,56],[70,100],[26,252],[-110,81],[-69,169],[-70,20],[-107,150],[-110,77],[-5,52],[200,161],[37,74],[-126,427],[-68,102],[-31,217],[-193,312]],[[29536,49759],[-146,165],[-77,178],[41,128],[383,440],[114,52],[-53,48],[-19,281],[285,148],[65,118],[72,42],[407,129],[321,-85],[248,360],[-101,36],[154,301],[183,166],[112,177],[102,0],[124,60],[33,-21],[42,71],[107,70],[166,46],[113,-23],[87,218],[291,204],[96,-19],[-32,132],[121,125],[565,90],[645,278],[355,-97],[37,-93],[133,66],[346,11]],[[56410,20427],[312,32],[128,264],[712,718],[42,135],[-15,139],[48,137],[-10,90],[-284,423],[-317,629],[288,560],[170,566],[-31,32],[22,92],[125,289]],[[57600,24533],[121,287],[389,672],[570,315],[94,93],[30,-23],[342,288],[190,-26],[370,36],[293,70],[27,47],[49,-28],[189,56],[612,323],[415,287]],[[61291,26930],[-10,-38],[599,-429],[268,-39],[49,-60],[119,-76],[96,-9],[256,-195],[125,-147],[209,-393],[62,1],[124,-97],[19,-69],[110,-91],[359,-189],[195,-164],[232,-31],[180,-71],[241,-10],[182,-491]],[[64706,24332],[-211,-743],[0,-122],[-67,-114],[-197,-669],[-179,-410],[2,-297],[-88,-371],[-139,-108],[-195,0],[-154,170],[-66,-3],[-96,178],[-245,285],[-928,626],[-28,-19],[-283,110],[-73,71],[-237,-102],[-155,11],[-159,-46],[-106,-43],[5,-94],[424,-366],[301,6],[-43,-37],[38,-39],[-60,-87],[-33,-158],[-95,-7],[-102,-61],[-240,-219],[14,-46],[-106,-32],[-220,-207],[-267,-173],[-53,1],[6,-80],[-32,-57],[-28,7],[-58,-313],[-316,-536],[-494,-48]],[[59743,20190],[-938,-431],[-165,-276],[-134,-64],[-320,-52],[-719,347],[-161,31],[-99,138],[-239,124],[-215,59],[10,115],[-207,166],[-66,-19],[-80,99]],[[71871,61325],[53,-268],[68,-110],[120,-35],[177,-3],[137,50],[512,67],[76,-9],[175,-108],[505,-47],[68,-126],[79,-26],[-63,-115],[15,-92],[228,-201],[154,-70],[-13,-125],[-77,-95],[147,-10],[59,65],[145,-27],[39,-63],[115,-29],[120,-116],[-62,-81],[71,3],[96,-110],[70,220],[50,-56],[87,43],[17,-37],[88,19],[-113,-367],[16,-53],[119,73],[59,-61],[321,52],[398,-54]],[[75927,59423],[-116,-258],[-37,-217],[-107,-17],[-97,-220],[-63,-36],[-54,-214],[-148,-158],[-124,-244],[-133,-87],[-139,15],[-148,-90],[-36,-182],[81,-98],[-275,-135],[-80,-80],[145,-94],[-94,-35],[1,-68]],[[74503,57205],[-77,-112],[-245,-124],[-93,-113],[-66,-30],[-74,-161],[-214,-246]],[[73734,56419],[-153,-67],[-92,0],[-389,81],[-38,-61],[-417,-72],[-85,-93],[-158,43],[-85,-72],[-44,16],[-21,363],[-187,340],[-134,71],[-64,-49],[-9,76],[-47,11],[13,45],[-115,42],[-36,-39],[-64,10],[-139,287],[89,88],[-42,68],[67,114],[-16,73],[31,46],[-38,82],[-371,-43]],[[71190,57779],[-43,130],[51,21],[-3,180],[43,-2],[-4,70],[50,43],[34,135],[-46,60],[36,50],[-32,142],[-68,-1],[50,162],[61,41],[15,70],[47,10],[-8,65],[41,29],[-53,293],[8,62],[48,22],[8,89],[-43,58],[69,386],[64,50],[-60,39],[38,365],[64,63],[14,133],[90,-8],[181,90],[22,206],[87,5],[-55,203],[-68,76]],[[74755,66369],[-96,-155],[-240,-682],[-98,-106],[-51,42],[-212,571],[-12,146],[34,28]],[[74080,66213],[448,388],[227,-232]],[[70891,70561],[777,-315],[155,22],[1056,-68],[64,22],[357,-246],[59,19],[240,-397],[378,-320],[258,-473],[-43,-217],[224,-196],[-26,-279],[38,-217],[-85,-341],[-2,-231],[-86,-181],[-61,-290],[-65,48],[-116,-65],[-98,-225]],[[73915,66611],[-160,402],[-242,97],[-144,-10],[-152,-67],[-73,34],[-35,255],[-170,-39],[1,-57],[58,-51],[-202,-80],[-394,28],[27,106],[-332,17],[-114,115],[-18,113],[-41,10],[-15,136],[-170,220],[-15,72],[-245,216],[29,92],[218,140],[-53,202],[-54,59],[0,84],[-169,20],[51,181],[-147,16],[-233,-205],[-100,16],[-17,-56],[-204,55],[-165,229],[-164,347],[59,218],[-226,129],[5,213],[345,24],[49,228],[92,148],[-103,47],[47,106],[152,140]],[[69012,66201],[171,-191],[188,-118],[156,-219],[63,-150],[425,-105],[712,-444],[88,-185],[350,-461],[331,-179],[330,-19],[631,-252],[-135,-631],[71,-124],[315,-32],[-7,-235],[135,-14]],[[72836,62842],[61,-229],[-21,-76],[302,-117],[-83,-107],[164,-116],[-348,-179],[-27,-52],[44,-16],[23,-111],[-16,-282],[-267,-192],[-74,-122],[-723,82]],[[71871,61325],[-71,-23],[28,-186]],[[71828,61116],[-152,1],[-113,95],[-303,7],[10,87],[-587,85],[-1347,63],[-877,-472],[-40,-186],[-257,-62],[-259,-121],[-130,-14],[-216,157],[-176,-197],[-339,24]],[[67042,60583],[-32,125],[140,93],[193,-6],[57,44],[9,67],[-279,152],[-33,92],[-7,134],[91,362],[-15,147],[36,232],[-20,141],[-102,167],[134,307],[280,171],[130,188],[217,67],[-9,116],[29,95],[199,121],[38,232],[94,97],[117,227],[154,158],[12,212],[76,157],[303,230],[-14,215],[153,413],[-66,249],[90,231],[-5,382]],[[82975,34675],[534,68],[305,-24],[-9,71],[110,-45],[485,128],[186,103]],[[86909,32684],[-112,-117],[-321,-149],[-573,-405],[-539,-934],[-200,-276],[-135,-511],[-55,-104],[18,-380],[-64,-125],[-161,-171]],[[84767,29512],[-799,-145],[-399,-22],[-238,60],[-830,-48],[-858,215]],[[81643,29572],[-617,464],[-77,97],[45,136],[-124,-190],[-32,62],[40,48],[-236,187]],[[80642,30376],[42,36],[-72,83],[105,67],[113,297],[54,-8],[-12,116],[82,206],[29,8],[6,154],[36,5],[-5,70],[75,27],[-46,48],[81,40],[-18,77],[28,58],[-36,32],[47,32],[-7,189],[31,37],[37,398],[216,745],[-23,2],[62,67],[-33,81],[47,16],[50,165],[-14,101],[51,135],[38,-16],[179,142],[22,-19],[332,274],[39,-44],[60,66],[-65,1],[180,135],[6,40],[102,46],[53,73],[50,10],[-5,31],[117,12],[31,32],[-48,5],[49,45],[123,29],[19,54],[125,99]],[[84606,41646],[-13,-227],[210,-366],[103,-67],[230,-362],[-9,-269],[10,-93],[37,-32],[-26,-73],[57,-204],[-59,-51],[60,-48],[11,-62]],[[85217,39792],[-11,-81],[67,-420],[241,-574]],[[85514,38717],[-516,140],[-342,10],[-260,115],[-534,132],[-375,40],[-148,101],[-137,222],[-113,290],[96,354],[-169,155]],[[83016,40276],[-326,264],[-372,28],[-113,175],[-112,82],[-45,69],[-76,342],[-22,303],[-119,251],[-139,149],[4,64],[52,71]],[[70687,38509],[691,14],[697,174],[358,149],[474,374],[34,-39],[56,27],[-46,125]],[[72951,39333],[159,-92],[76,-187],[-134,-124],[299,-245],[76,-567],[169,-483],[75,-392],[214,-308],[13,-218],[-158,-259],[35,-242],[-20,-422]],[[73755,35794],[-627,-127],[-153,-101],[-404,-169]],[[72571,35397],[-225,430],[-162,484],[-82,30],[-250,-34],[-139,88],[32,345],[84,236],[-77,238],[-417,6],[-85,61],[-138,26],[-80,89],[-91,5],[-122,-66],[-42,-107],[-126,-114],[-77,-140],[-158,-2],[-127,106],[-95,179],[-16,156],[-214,390],[-41,151],[87,134],[257,-10],[76,33],[208,279],[140,54],[-4,65]],[[64424,70748],[340,-82],[459,-39],[247,156],[117,7],[114,-78],[156,29]],[[65857,70741],[18,25],[235,-64],[280,-4],[229,38],[228,96],[321,-137],[887,-124],[485,71],[45,-149],[473,82],[278,-108],[672,95]],[[70008,70562],[170,-341],[-33,-199],[-111,-95],[-114,-333],[-205,-164],[-20,-68],[-116,-116],[-330,-552],[-106,-295],[-337,101],[-527,-213],[-43,-61],[-114,-245],[-59,-238],[270,-150],[112,12],[120,-146],[-39,-35],[16,-95],[-116,-94],[-118,18],[-31,-109],[-139,23],[18,-134],[214,-215],[-137,-114],[-57,-120],[-48,-13],[-8,-54],[-176,-160],[-132,-10]],[[67812,66347],[-223,-5],[-534,275],[-319,398],[-85,52],[-142,-46],[-210,64],[-256,-35],[-63,27],[-157,258],[-16,145],[-130,70],[-393,44],[-306,-185],[-120,67],[-118,-1],[-165,128]],[[64575,67603],[-368,671],[-299,995],[-9,339],[-88,149],[-193,105]],[[63618,69862],[-80,135],[-47,163],[-19,270]],[[60789,71532],[509,348],[186,173],[132,281],[119,89],[85,-123],[102,-61],[504,-164],[391,-1],[464,141]],[[63281,72215],[448,-213],[217,-309],[188,-86],[328,-7],[100,-66],[18,-302],[-65,-277],[-91,-207]],[[64424,70748],[-76,25],[-149,-40],[-532,-295],[-195,-8]],[[63472,70430],[-521,-18],[-474,-281],[-424,31],[-62,136],[-144,172],[-232,107],[-280,204],[-451,663],[-95,88]],[[67462,16967],[45,139],[72,14],[-25,14],[12,50],[91,57],[-64,76],[133,38],[-31,34],[108,188],[-20,25],[42,4],[141,199],[170,127],[292,467],[155,148],[33,80],[61,7],[5,92],[109,133],[220,407],[71,81],[139,60],[21,250],[447,58],[425,148],[1017,20],[182,49],[186,-120],[257,-53],[45,-121],[206,-5],[-4,-24],[99,-15],[68,-58],[493,-155],[228,-119],[11,-68],[186,-156],[114,-372],[277,-68],[38,30],[-10,28],[32,-2],[43,-42],[-18,-32],[85,-59],[58,34],[165,-77],[38,-245]],[[73910,18233],[-116,-14],[-34,49],[-92,-38],[-59,-122],[0,-119],[-147,-109],[-104,-327],[-91,-480],[-167,-315],[-440,-362],[-494,-331],[-178,-172],[-492,-175],[-634,38],[-344,-126],[-92,83],[-446,235],[-616,247],[-89,-11],[-286,177],[-384,149],[-817,249],[-326,208]],[[14554,33176],[630,272],[-46,127],[12,75],[363,244],[93,105],[115,58],[526,110],[163,193],[1059,109],[1120,-246]],[[18589,34223],[620,-610],[336,-205],[289,-706],[193,-261],[939,-768],[244,-277],[519,-251],[367,-253],[677,-291]],[[22773,30601],[-94,-150],[-129,-60],[-395,15],[-323,-35],[-277,-392],[-126,-288],[-376,-423],[-139,-370],[-100,-467],[-206,-375],[-174,-147],[-60,-400],[-73,-166],[-134,-135],[-949,-356],[-115,-161],[-114,-251],[-147,-155],[-292,-178],[-678,203],[-31,147],[-115,164],[-37,112],[6,47],[195,230],[-2,90],[-75,107],[-243,72],[-161,-108],[-272,-260],[-270,-333],[-76,52],[-55,195],[-150,194],[-64,222],[-560,405],[-111,-19],[-116,85],[-162,23],[-155,-116],[-295,-144],[21,695],[100,352],[5,143],[72,115],[-205,241],[-184,553],[-419,568],[1,117],[-72,186],[-23,214],[33,316],[65,246],[-52,109],[38,103],[-58,133],[12,96],[-54,321],[104,450],[6,458],[41,285]],[[76687,44401],[15,43],[335,60],[55,182],[160,-39],[368,109],[217,135],[97,6],[102,-36],[-72,-170],[181,-94],[-31,-86],[70,-134],[-69,11],[142,-130],[130,170],[137,-45],[128,68],[22,77],[22,-42],[99,5],[33,-61],[96,28],[65,-28],[88,62],[10,70],[175,22],[133,-42],[47,-161],[267,-127],[65,-128],[84,67],[89,-139],[78,-38],[30,47],[33,-34],[23,11],[-25,51],[80,0],[92,116],[179,-21],[146,229],[86,-38],[84,42],[82,-83],[170,207],[-13,81],[59,-13],[29,62],[29,-28],[116,26],[93,-24],[-2,81],[271,-77],[7,33],[-47,42],[39,125],[304,294],[-9,128],[27,54],[146,92],[15,61],[107,47],[202,237],[25,89]],[[82403,45853],[121,-39],[133,-211],[90,1],[310,-152],[707,-505],[535,-296],[127,-121],[33,-128],[177,-143],[328,48],[262,-129],[126,11],[190,-88],[175,-144],[24,-114],[79,-101],[108,-69],[-45,-167],[81,-111],[-22,-98]],[[85942,43297],[-120,-154],[-109,-9],[-75,-47],[-84,-322],[-125,-189],[-36,-114],[3,-319],[-321,-313],[-79,9],[-255,-172],[-135,-21]],[[84606,41646],[-117,32],[-113,87],[-54,211],[-139,152],[-357,29],[-1114,-189],[-449,44],[-53,51],[-210,40],[-113,166],[-139,-195]],[[81748,42074],[-275,-134],[-310,-67],[-328,172],[-215,33],[-238,129],[-996,730],[-1386,912],[-1072,341],[-73,-10],[-82,145],[-86,76]],[[90249,15669],[197,19],[214,91],[175,-82],[99,-154],[123,-84]],[[91057,15459],[-56,-117],[19,-120],[-35,-208],[-441,-511],[-396,-356],[-285,-166],[64,-116],[85,-62],[280,-15],[9,-41],[-31,-35],[-235,-102],[-92,100],[-133,17],[44,104],[-46,105],[-203,-115],[-1016,-394],[-495,-119],[-227,-90],[-387,-30],[-106,458],[-46,-123],[-146,-50],[-43,-92],[-97,17],[-91,90],[-206,44],[-79,-59],[-90,-215],[-14,-118],[34,-152],[-26,-22],[-91,29],[-177,152],[-67,123],[5,145],[-136,53],[-115,-61],[34,-190],[-38,-59],[-314,35],[-86,109],[-54,-17],[-27,-136],[13,-167],[88,-116],[-59,-124],[-89,-34],[-126,0],[-408,121],[-39,48],[29,52],[-36,96],[-51,0],[-61,90],[-71,-45]],[[26784,31512],[164,-5],[2,327],[33,88],[-48,381],[112,826],[-162,377],[-6,173],[-82,127],[27,41]],[[33058,35769],[227,24],[290,-146],[31,-135],[-261,-355]],[[33345,35157],[-370,-429],[26,-146],[-19,-149],[-86,-169],[-51,-220],[-99,-160],[-147,-79],[-9,-133],[-72,-190],[22,-166],[-27,-142],[-156,-537],[-155,-276],[9,-431],[95,-50],[15,-85],[-149,-255],[89,-548],[156,-272],[45,-460],[146,-222],[3,-128],[56,-102]],[[32667,29808],[-211,-536],[-265,-501],[-172,-51],[-609,-438],[-82,-84],[-96,-193],[-121,-125],[-299,84],[-177,96],[-143,-36],[-444,-7],[-294,206],[-208,8],[-199,195],[-116,-46],[-182,-5],[-301,-240],[-208,-22],[-108,26],[-222,113],[-68,150],[-72,70],[241,455],[43,156],[96,139],[51,411],[-199,187],[-130,-50],[-93,86],[-97,12],[-264,141],[-127,127],[-235,-94],[-144,34],[-73,67],[-138,156],[-129,411],[-211,339],[-10,92],[-59,91],[41,208],[151,72]],[[25581,35382],[186,57],[141,-77],[37,34],[51,756]],[[25996,36152],[83,273],[299,29],[322,157],[438,66],[501,-48],[390,176],[18,51],[-71,152],[46,267],[72,78],[233,103]],[[28327,37456],[551,274],[68,51],[31,73]],[[31195,35218],[-60,-81],[-204,-42],[-55,-221],[-188,-18],[-56,-77],[10,-132],[-101,-44],[-119,3],[-95,-94],[-99,-23],[-154,-150],[-85,-13],[-77,-191],[-42,-19],[-98,25],[-143,-33],[-58,28],[-25,132],[-226,91],[-179,-58],[-169,-134],[-142,-16],[-124,77],[-154,-42],[-42,75],[-113,32],[-15,98],[-265,154],[-269,21],[-301,-61],[-156,129],[-163,6],[-64,39],[-180,-290],[-92,-28],[61,-84],[-79,-103],[29,-207],[-79,-120]],[[26824,33847],[-189,218],[-302,447],[-339,195],[-159,192],[-254,483]],[[42070,46693],[39,-333],[-113,-140],[-30,-237],[103,-448],[-179,-203],[65,-182],[0,-126],[-136,-174],[-281,-218],[-17,-111]],[[41521,44521],[-24,-174],[-163,-93],[-56,-83],[-13,-260],[-110,-153],[47,-319],[-152,-228],[95,-206],[-68,-279],[-11,-456],[45,-78],[299,-251],[-20,-232],[-107,-250],[-11,-141]],[[41424,40830],[-371,17],[-292,232],[-395,171],[-441,325],[-478,659],[-68,218],[-37,278],[-23,9],[-35,314],[-131,-91],[-96,45],[-190,-312],[-164,86],[-206,-111],[-311,-53],[-92,56],[-312,23],[-3,56],[-117,7],[-89,117],[-161,110],[-376,25],[-344,-134],[-168,-362],[-215,25],[-120,-39],[14,-32]],[[36203,42469],[-98,9],[14,73],[-186,87],[80,93],[-122,129],[-40,328],[-58,138],[154,207],[-106,134],[-168,-91],[-212,161],[-260,283]],[[35201,44020],[-93,298],[-9,254],[26,64],[91,29],[83,151],[69,40],[275,22],[91,-110],[270,103],[51,-17],[147,262],[81,-6],[72,67],[184,266],[435,311],[142,54],[37,-35],[134,50],[68,-58],[417,144],[282,-44],[346,34]],[[37884,46915],[94,90],[-54,62],[20,127],[96,166],[1,112],[134,85],[14,263],[81,254],[-23,80],[453,525],[87,217],[21,197],[144,242]],[[38952,49335],[582,126],[212,-13],[389,70],[138,-98],[112,-141],[274,-36],[161,-81],[43,-67],[63,2],[37,-83],[112,-99],[51,37],[8,-83],[43,-43],[117,1],[193,-91],[45,43],[-13,-77],[100,-42],[261,-10]],[[41880,48650],[70,-11],[103,76],[85,-7],[76,-262],[-18,-239],[122,-181],[-8,-29]],[[42310,47997],[-124,-97],[-102,-367],[2,-85],[55,-85],[-2,-138],[-33,-76],[-36,-456]],[[42070,46693],[-226,112],[-154,27],[-92,-208],[-29,-249],[-134,-65],[-49,-355],[-86,-202],[-701,-109],[-50,-221],[-52,21],[-67,-38],[-195,-175],[-159,-202],[-391,-257],[-113,-253],[5,-93],[-78,24],[-75,232],[-136,111],[-15,127],[-316,328],[-12,116],[-169,124],[-29,123],[-148,50],[-22,118],[-177,120]],[[38400,45899],[73,131],[-11,40],[-154,103],[-45,137],[-79,72],[-58,7],[-9,85],[-124,46],[-54,145],[-1,174],[-54,76]],[[28977,37854],[85,135],[346,225],[286,258],[138,67],[107,-52],[103,38],[132,203],[195,455],[259,250],[-34,92],[-52,28],[25,76],[-48,79],[70,33],[-99,76],[31,54],[-18,409],[40,156]],[[30543,40436],[177,32],[287,139],[274,-133],[118,-13],[29,-65],[66,63],[146,15],[86,-17],[134,-100],[233,33],[142,-139],[191,63],[74,-61],[52,-134],[451,-32],[84,31],[297,-124],[28,-68],[103,-12],[16,-61],[94,-89],[88,-7],[43,-55],[-3,-105],[430,-181],[26,-89],[129,-6],[16,53],[74,41],[468,-100]],[[34896,39315],[82,-91],[261,-119],[-13,-40],[106,-12],[160,-174],[-20,-11],[24,0],[3,-58],[78,4],[23,-113],[-22,-15],[46,-102]],[[35624,38584],[-162,-85],[-34,189],[-128,37],[-59,-131],[-184,-41],[-115,-103],[-269,141],[-305,-289],[-174,48],[-92,-58],[-188,-271],[-73,-179],[-121,-114],[-61,-5],[-11,-40],[86,-81],[-86,-55],[16,-35],[-94,5],[-114,-57],[-59,-80],[-134,-58],[-31,-171],[61,36],[20,-37],[-94,-110],[-222,-97],[-89,20],[-26,-81],[26,-86],[19,-52],[50,28],[64,-182],[-47,13],[-46,-56],[69,-54],[-61,-75],[10,-130],[61,-172],[-31,-63],[0,-155],[52,-39],[10,-90]],[[33058,35769],[-75,-30],[-91,24],[-140,-90],[-89,-4],[-299,107],[-244,-149],[-6,-138],[-37,-71],[-124,-17],[-161,-211],[-117,-81],[-135,40],[-7,76],[-115,55],[-223,-62]],[[31195,35218],[-34,69],[-129,36],[-29,140],[-160,346],[-144,79],[60,18],[-8,25],[-96,-16],[114,184],[-132,129],[-99,320],[0,142],[-393,213],[-36,94],[61,232],[-33,207],[-319,44],[-319,140],[-310,46],[-130,203],[-82,-15]],[[84586,34976],[53,137],[110,48],[-31,35],[76,102],[-45,16],[173,125],[-12,56],[35,-6],[276,539]],[[85221,36028],[657,59],[1296,351],[50,30],[61,116],[140,97],[102,-1],[90,76],[42,194],[239,-97],[97,-3],[148,120]],[[88143,36970],[174,26],[83,-35],[11,-45],[272,-125],[73,-133],[80,-32],[23,-72],[290,-207],[919,-488]],[[90068,35859],[64,-154],[-12,-35],[188,-122],[98,-181],[-47,-228],[41,-182],[-16,-115],[-103,-125],[-19,-138],[-116,-178],[-44,-297],[-179,-285],[-146,-94],[-47,-113],[-97,-114],[-77,9],[-257,-102]],[[89299,33405],[-360,45],[-309,88],[-1031,-379],[-397,-206],[-293,-269]],[[86909,32684],[-306,434],[-518,524],[-158,215],[-461,378],[-420,434],[-460,307]],[[80646,16655],[56,121],[293,284],[59,102],[282,183],[122,134],[67,151],[160,87],[92,209],[329,170],[111,233],[332,345],[164,224],[374,328],[151,77],[138,17],[669,-60],[-101,393],[-251,697],[-30,186],[-193,443],[-499,799],[-358,892],[-149,253]],[[82464,22923],[389,363],[454,171],[430,230],[103,60],[99,140]],[[83939,23887],[914,977],[378,510],[241,140],[281,282]],[[85753,25796],[29,-817],[57,-311],[561,-543],[335,-396],[585,-447],[525,-227],[987,365],[214,-343],[101,-392],[-109,-484],[97,-382],[323,-341],[153,-86],[417,-182],[474,-39]],[[90502,21171],[-87,-132],[-125,-314],[-10,-146],[47,-134],[9,-281],[-162,-568],[-70,-523],[18,-323],[65,-352],[-171,-406],[-16,-258],[22,-154],[150,-272],[-13,-181],[47,-461],[-22,-477],[65,-520]],[[90249,15669],[-58,-106],[17,-168],[-67,-122],[-229,-256],[-45,-147],[-278,-125],[-246,-175],[-364,-133],[-184,272],[-280,985],[-50,68],[-394,374],[-220,152],[-329,496],[-323,283],[-561,406],[-77,72],[-39,92],[-234,-28],[-777,-595],[-98,-178],[-91,-333],[-7,-162],[-191,-591],[49,-507],[-98,-295],[-331,-691],[-36,-128],[-7,-234],[-136,-488],[73,-252],[56,-85]],[[84694,13070],[-115,-23],[-119,80],[-496,-78],[-339,145],[-195,373],[-140,181],[-241,616],[-297,199],[-327,377],[-260,139],[-145,136],[-314,122],[-240,43],[-381,-43],[-218,-107]],[[80867,15230],[-93,160],[-73,298],[-155,397],[68,289],[-3,215],[35,66]],[[37544,35479],[193,188],[101,17],[192,116],[42,92],[-103,510],[-70,143],[-178,160],[-1,246],[76,17],[-199,83]],[[37597,37051],[310,211],[291,87],[79,-17],[253,52],[413,308],[335,155],[179,-44],[50,-60],[188,-14],[247,70],[10,56],[143,-30],[20,78],[275,16],[254,-95],[125,-8],[44,-60],[269,32],[105,-76],[100,36],[174,191],[99,192],[52,232],[-177,240],[-61,418],[-179,267],[-28,127],[103,170],[138,94],[126,238],[-110,913]],[[41424,40830],[-26,156],[-126,332]],[[41272,41318],[549,115],[767,-277],[151,-161],[407,-236],[421,7],[261,-59],[144,-140],[439,-247],[677,-283],[241,-235],[113,-235],[19,-47],[-104,-33],[15,-87],[250,-92],[259,-281],[514,-265],[210,-251]],[[46605,38511],[78,-316],[-137,10],[7,-82],[-615,5],[-53,-268],[111,-320],[224,-221],[1,-71],[122,-120],[69,-126],[32,-131],[-43,-302]],[[46401,36569],[-98,-16],[-572,89],[-507,-167],[-15,-34],[-486,-202],[-141,48],[-234,-154],[-257,-260],[-478,-107],[-307,-335],[-287,103],[-787,-161],[131,-255],[11,-87],[-98,-117],[-53,-131],[-344,-214],[-359,-338],[65,-64],[113,-375],[-169,-615],[238,-327],[9,-428]],[[41776,32422],[-560,118],[-308,248],[-155,41],[-245,308],[-150,121],[-231,267],[-16,154],[-71,146],[-186,229],[-201,75],[-285,217],[-228,-3],[-392,177],[-342,219],[-224,97],[-57,99],[-101,-9],[-185,111],[-129,88],[-25,97],[-90,85],[-51,172]],[[54428,89922],[407,778],[194,249],[-43,137],[66,214],[544,560],[321,81],[345,245]],[[56262,92186],[78,-110],[121,-46],[516,-497],[133,-236],[34,-147],[-20,-77],[657,-943],[561,-626],[72,-170],[102,-39],[159,49],[14,-129],[140,-36],[181,-138],[99,-143],[224,-143],[97,-147],[51,-266],[229,-379],[86,-57],[351,-91],[339,-29],[21,-80],[94,-77]],[[60601,87629],[-109,14],[-101,-289],[-114,-25],[-125,22],[0,-32],[184,-126],[105,-122],[105,-19],[254,-169],[-39,-6],[14,-40],[-39,-51],[-180,-127],[-289,-23],[-165,58],[-247,3]],[[59855,86697],[-67,28],[-276,-153],[-242,-243],[-132,208],[-183,-92]],[[58955,86445],[-165,103],[-295,274],[-8,101],[-71,62],[-29,-20],[-69,79],[-142,290],[-622,490],[-157,389],[-534,497],[-50,428],[-1274,312],[-1111,472]],[[25019,52624],[255,236],[757,390],[337,288],[632,63]],[[27000,53601],[202,-288],[22,-97],[-34,-252],[86,-49],[212,31]],[[27488,52946],[-12,-50],[359,-56],[156,-276],[-26,-65],[44,-150],[38,-83],[55,-10],[33,-103],[-57,-135],[104,-375],[15,-236],[-76,-274],[117,-24],[45,-118],[157,-186],[14,-249],[-252,52],[-328,-120]],[[27874,50488],[-644,-130],[-451,-8],[-309,35],[-247,-169],[-245,-40],[-331,-214],[-595,-122],[-70,-59],[-443,-781],[-304,-2],[-198,582],[-34,619],[300,567],[252,597],[284,995],[180,266]],[[59217,78647],[497,1553],[321,492],[-22,244],[42,189],[515,327],[241,348],[233,460],[84,339],[-46,132],[158,717]],[[61240,83448],[400,274],[349,299],[239,40]],[[66209,79585],[-129,-1],[-48,-70],[-100,-13],[13,-85],[-65,-63],[-1367,-343],[-528,-187],[100,-260],[121,-158],[-9,-33]],[[64197,78372],[-1290,-521],[-200,57],[-261,-40],[-531,-113],[-334,-112],[-732,33]],[[60849,77676],[-381,397],[-468,356],[-783,218]],[[62228,84061],[273,473],[65,250],[299,37],[288,142],[506,20],[266,238],[-97,177],[465,407],[429,-82],[111,-52],[313,245],[232,467]],[[65378,86383],[5,376],[-28,265],[-46,52],[-5,225],[32,92],[227,271],[111,51],[86,94],[168,558],[-148,394],[-112,150]],[[65668,88911],[485,5],[72,90],[144,21],[106,70],[128,6],[74,-72],[61,5],[82,167],[113,125]],[[66933,89328],[80,-24],[321,367],[96,38],[101,-61],[65,-374],[517,-258],[283,-33],[468,-148],[552,35],[446,-87],[1317,-701]],[[71179,88082],[-91,-222],[-144,-1212]],[[70944,86648],[-271,-8],[-82,-65],[-591,-107],[-79,114],[-233,-6],[-47,-22],[-106,-314],[-488,-21],[-34,-190],[-253,-116],[-224,-53],[-238,-174],[-146,13],[-137,-129],[-234,-78],[-161,14],[-524,-435],[-244,-139],[-81,-21],[-154,55],[-65,-45],[-77,-122],[0,-206],[99,-259],[304,-422],[45,-143],[-125,-102],[-159,-42]],[[66639,83625],[-213,-22],[-42,-114],[25,-81],[132,-96],[84,-123],[10,-66],[-94,-162],[19,-146],[73,-163],[145,-96],[7,-108],[377,-449],[12,-104],[-94,-275],[114,-84],[78,-165],[80,-68],[7,-315],[66,-43]],[[67425,80945],[514,-64],[161,-203],[-17,-163],[29,-130],[-58,-163],[-99,-53],[-162,0],[-117,-67],[-31,-227],[132,-266]],[[67777,79609],[-268,-54],[-44,26],[-300,-37],[-258,106],[-299,66],[-167,-178],[-232,47]],[[66209,79585],[24,461],[-191,118],[-53,225],[-165,123],[-53,165],[54,293],[82,151],[229,704],[-27,219],[-107,326],[-612,423],[-201,298],[-273,-69],[-358,54],[-342,-164],[-185,-24],[-203,-87],[-28,-53],[-189,-34],[-308,-214],[-423,398],[-125,203],[-107,301],[-124,235],[-189,185],[-107,239]],[[59694,58148],[-30,-231],[130,-445],[-13,-76],[-473,-268],[-362,-429],[-260,-138],[-166,-135],[-144,-208],[-250,-626],[-301,-533],[-343,-216],[-184,-160],[-228,-115],[-180,-46],[-142,13],[-98,-49],[-180,18],[-143,-60],[-82,7],[-599,225],[-487,76],[-61,31],[-172,327],[-328,121],[-224,39],[-59,-21],[-186,183],[-359,102],[-91,72],[-357,109],[-188,98],[-409,71],[-253,90],[-220,-72],[-122,75],[-102,-101],[-319,-116],[-353,73],[-97,-3],[-153,-108],[-276,29],[197,466],[-14,84],[-367,156],[-4,125],[-133,-27],[-91,55],[-51,-35]],[[50367,56575],[-80,92],[175,106],[114,-36],[42,70],[774,131],[46,73],[125,87],[82,158],[108,96],[138,54],[97,85],[213,46],[-200,-162],[36,-68],[89,30],[100,-35],[60,-108],[87,49],[404,-100],[80,-50],[19,-191],[120,-231],[86,49],[19,94],[179,25],[-1,24],[549,-226],[50,154],[29,-2],[237,-109],[126,27],[342,-72],[119,-46],[27,-49],[30,114],[94,-43],[15,67],[161,36],[-69,121],[19,78],[-26,141],[96,75],[-3,72],[-39,95],[-142,73],[-23,61],[0,183],[109,37],[22,40],[-74,92],[18,78],[-105,183],[95,38],[111,129],[166,61],[269,9],[202,-55],[39,454],[182,-73],[17,77],[66,-2],[9,60],[137,-43],[3,109],[100,11],[-28,42],[17,37],[56,-42],[-44,174],[21,89],[75,-32],[136,56],[-59,11],[57,95],[-74,41],[37,95],[299,-126],[298,-69],[232,-213],[81,-35],[268,-303],[354,-88],[239,32],[230,-258],[112,-77],[437,114],[139,73],[37,72],[146,-123],[166,-75],[117,-116],[108,-44]]]}