ocm_id,uuid,lat,lon,title,town,postcode,operator_id,usage_type_id,usage_type,is_membership_required,status_type_id,is_operational,n_points,n_connections,max_power_kw,connection_type_ids,data_provider_id,date_last_verified,date_last_status_update,access_class,operator,is_public
202898,C7261741-59CC-49CF-83AC-1D009BB4F75F,39.97962990882829,-4.289957722060535,Hotel La Salve,Torrijos,45500,45,6,"Private - For Staff, Visitors or Customers",False,50,True,2.0,1,22.0,25,1,2023-02-19T08:46:00Z,2023-02-19T08:46:00Z,restricted,(Business Owner at Location),False
201356,CF0CF523-E537-41E3-AB7C-63E54CD1FC9E,39.97898730028734,-4.267999428388634,Hotel Castilla,Torrijos,45500,3571,4,Public - Membership Required,True,50,True,2.0,3,100.0,"33,2,25",1,2026-04-01T12:37:00Z,2026-04-01T12:37:00Z,public_membership,TotalEnergies (ES),True
204227,235565EE-6AA3-47F6-8FE5-4018C21E27D3,39.95385322295911,-3.9976987244447173,Makro Olías del Rey,,45280,2247,4,Public - Membership Required,True,50,True,4.0,1,22.0,25,1,2022-12-13T17:00:00Z,2022-12-13T17:00:00Z,public_membership,Iberdrola | BP Pulse (ES),True
295896,D4C835BD-6BB0-4569-B38E-7EE12E8087AA,39.950453029328514,-3.9916197242646945,C.C. Puerta de Toledo,Olías del Rey,45280,3550,4,Public - Membership Required,True,50,True,28.0,3,100.0,"33,2,25",1,2026-01-30T09:57:00Z,2026-01-30T09:57:00Z,public_membership,PowerDot (Es),True
301079,601E1E48-D4F9-48E1-954D-D60FA99C500F,39.9454127239126,-3.9966014937548664,Burger King Olías del Rey,,45280,1,1,Public,,100,False,1.0,2,7.4,"28,25",1,2024-07-15T06:35:00Z,2024-07-15T06:35:00Z,public,(Unknown Operator),True
308870,FEDEDB39-AF4B-4794-8591-2928C09BC698,39.94260462322541,-4.028127595802346,FastFuel,Bargas,,207,4,Public - Membership Required,True,50,True,2.0,1,150.0,33,1,2025-09-19T13:29:00Z,2025-09-19T13:29:00Z,public_membership,Endesa,True
265951,39398D00-C3D7-429C-A1B8-7A1EB5D60A40,39.932787002830395,-4.0226745385500635,Mercadona Bargas,Bargas,45593,3499,4,Public - Membership Required,True,50,True,4.0,1,22.0,25,1,2024-04-26T19:01:00Z,2024-04-26T19:01:00Z,public_membership,Mercadona,True
204224,7C2D0790-3E5D-452A-8A43-2B440A077D21,39.91285305542303,-4.008443969816199,Jeep Alfa Romero ALOSAUTO,,45593,45,6,"Private - For Staff, Visitors or Customers",False,50,True,1.0,1,22.0,25,1,2022-09-26T10:08:00Z,2022-09-26T10:08:00Z,restricted,(Business Owner at Location),False
204225,26346F69-AA34-4DD8-9B55-32961E6EBC5C,39.913341639733375,-4.009453541341259,Ford Toledo Alosauto,,45593,45,6,"Private - For Staff, Visitors or Customers",False,50,True,2.0,1,22.0,25,1,2022-09-26T10:09:00Z,2022-09-26T10:09:00Z,restricted,(Business Owner at Location),False
204223,B7C7725D-5C0A-442D-A2DB-F39EA8AEDC6B,39.91233681161165,-4.008672325280827,BMW ALONSO PINEDA,,45593,45,6,"Private - For Staff, Visitors or Customers",False,50,True,2.0,1,22.0,25,1,2022-09-26T10:07:00Z,2022-09-26T10:07:00Z,restricted,(Business Owner at Location),False
306639,B5F9C76A-D8F7-437C-BDAD-2299B82C0D10,39.91389635936247,-4.007518115548521,Volvo Toledo,,45593,2247,4,Public - Membership Required,True,50,True,2.0,1,100.0,33,1,2025-06-08T15:04:00Z,2025-06-08T15:04:00Z,public_membership,Iberdrola | BP Pulse (ES),True
204226,8A10327B-8853-4097-BF12-188930790187,39.916826343453124,-4.006578211079841,VW Aldauto,,45593,45,6,"Private - For Staff, Visitors or Customers",False,50,True,1.0,2,50.0,"25,33",1,2022-09-26T10:10:00Z,2022-09-26T10:10:00Z,restricted,(Business Owner at Location),False
298057,AEDC638B-EC84-4885-A259-EC5842C2B142,39.92129968401392,-4.004224620014298,El Kaito Asador Bar,,45593,3552,4,Public - Membership Required,True,150,False,2.0,1,120.0,33,1,2024-04-28T14:22:00Z,2024-04-28T14:22:00Z,public_membership,BarterGo (ES),True
285154,53CBA01A-935A-4992-872A-C8A366FFF915,39.88235067375905,-4.025420455993981,Mercadona Plaza de Grecia,,45005,3499,4,Public - Membership Required,True,50,True,4.0,1,22.0,25,1,2024-04-26T19:01:00Z,2024-04-26T19:01:00Z,public_membership,Mercadona,True
204219,3918D816-7256-4BB5-898C-11B955CD4A48,39.9035278072989,-4.016096932848001,C.C. Abadía Parking Leroy Merlin,,45005,45,1,Public,,50,True,3.0,1,3.7,1036,1,2024-06-04T11:27:00Z,2024-06-04T11:27:00Z,public,(Business Owner at Location),True
204217,B8AFDF54-62AA-4CE1-8F39-604CEAE03413,39.90490304405324,-4.017145682077768,C.C. Abadía del Campo,,45005,207,4,Public - Membership Required,True,50,True,8.0,3,150.0,"33,33,25",1,2025-07-21T12:15:00Z,2025-07-21T12:15:00Z,public_membership,Endesa,True
204220,5FAC2FB7-25B7-4E45-96C8-4F7CE3F9FCDA,39.90915988641635,-4.01130281260032,ADLER MOTOR S.L.,,45593,45,6,"Private - For Staff, Visitors or Customers",False,50,True,1.0,1,22.0,25,1,2022-09-26T10:04:00Z,2022-09-26T10:04:00Z,restricted,(Business Owner at Location),False
212952,1BAB3797-C276-4236-A088-472B106D6F86,39.909108081361694,-4.010212198168318,Citroen Tolcar,,45593,45,6,"Private - For Staff, Visitors or Customers",False,50,True,1.0,1,3.7,28,1,2023-01-27T11:18:00Z,2023-01-27T11:18:00Z,restricted,(Business Owner at Location),False
204222,68612194-001B-4AD4-B4D0-AE7C3BF356E1,39.91062211674071,-4.009225185877767,Renault Aries Toledo,,45593,3275,6,"Private - For Staff, Visitors or Customers",False,50,True,4.0,3,22.0,"25,28,25",1,2022-09-26T18:16:00Z,2022-09-26T18:16:00Z,restricted,Renault,False
280527,64BC3FF5-035E-476E-A0B2-E3E51F24A0BA,39.90964353258639,-4.011004246683228,Nissan Kento (Allego),,45593,103,4,Public - Membership Required,True,50,True,1.0,2,50.0,"33,2",1,2023-11-30T18:15:00Z,2023-11-30T18:15:00Z,public_membership,Allego BV,True
204208,80081AA6-14CE-45D1-88F5-13CE481D11ED,39.89046533178245,-4.0656946923343185,Supermercado La Despensa La Legua,,45005,45,1,Public,,50,True,1.0,1,22.0,1036,1,2024-06-04T11:06:00Z,2024-06-04T11:06:00Z,public,(Business Owner at Location),True
280918,3179A8E8-71E1-4B11-A88C-25EFC383C78F,39.88945158713946,-4.05464153489558,Mercadona Madroño,,45005,3499,4,Public - Membership Required,True,50,True,4.0,1,22.0,25,1,2024-04-26T19:01:00Z,2024-04-26T19:01:00Z,public_membership,Mercadona,True
475743,61684E55-18DE-46CD-819D-35A451FA919C,39.88296277819529,-4.032588940164828,ONCE Toledo,,45005,91,2,Private - Restricted Access,True,50,True,4.0,1,7.4,25,1,2026-02-08T15:46:00Z,2026-02-08T15:46:00Z,restricted,Repsol - Ibil (ES),False
472562,593A0D1A-6CF7-413A-8BCC-247876B255D8,39.88153645548445,-4.032961169865928,Dia Toledo,Toledo,,3798,4,Public - Membership Required,True,50,True,2.0,2,150.0,"33,25",1,2026-08-27T20:55:00Z,2026-08-27T20:55:00Z,public_membership,REMO Mobility (ES),True
209639,1C8BA191-1116-458A-8275-DF920F6919E1,39.94302505431577,-3.922321022496135,Ahorramas Mocejón,Mocejón,,3276,4,Public - Membership Required,True,50,True,4.0,1,22.0,25,1,2023-02-11T10:19:00Z,2023-02-11T10:19:00Z,public_membership,EDP,True
474916,E7CD6816-ACF3-4C24-B293-5C8DDC1E455D,39.9520937763169,-3.8541398907893836,Seur Toledo,,,91,2,Private - Restricted Access,True,50,True,6.0,1,22.0,25,1,2026-01-27T17:57:00Z,2026-01-27T17:57:00Z,restricted,Repsol - Ibil (ES),False
175714,ED043D49-1A64-4843-969A-78B3A2E478CD,39.96852598514607,-3.5468434765564325,Hotel Restaurante El Amigo,Ontígola,45300,2247,4,Public - Membership Required,True,50,True,4.0,3,50.0,"33,2,1036",1,2023-02-26T10:18:00Z,2023-02-26T10:18:00Z,public_membership,Iberdrola | BP Pulse (ES),True
201235,704701EA-945C-43B1-9D7C-F4150D982CE3,39.95314799005584,-3.5066899526536304,Rest. Martín  Ocaña,Ocaña,45300,3371,4,Public - Membership Required,True,50,True,2.0,3,100.0,"33,2,25",1,2025-03-09T19:58:00Z,2025-03-09T19:58:00Z,public_membership,Wenea,True
279299,27895C3C-A5DF-4F8E-A092-48259649BB5A,39.9341936766416,-3.4898982899294424,Tesla Supercharger Ocaña,Ocaña,45300,3534,4,Public - Membership Required,True,50,True,8.0,1,250.0,33,1,2024-11-08T10:12:00Z,2024-11-08T10:12:00Z,public_membership,Tesla (including non-tesla),True
204237,4371B8F1-52C5-4294-9DC8-CBA79F401F1F,39.95772776711601,-3.496845616264295,Ahorramas Ocaña,Ocaña,45300,3276,4,Public - Membership Required,True,100,False,2.0,1,7.4,25,1,2025-01-06T16:40:00Z,2025-01-06T16:40:00Z,public_membership,EDP,True
306393,56FF4AEC-F30A-4AB9-80D5-49EA43A71E00,39.96001131588011,-3.489061359396942,Petropix Ocaña,Ocaña,45300,3276,4,Public - Membership Required,True,150,False,2.0,1,180.0,33,1,2025-06-30T18:28:00Z,2025-06-30T18:28:00Z,public_membership,EDP,True
459926,6C96064D-3403-43CB-A385-54F1D7D3F3BE,39.97468013035501,-3.420169909051822,Florret Iberica,Noblejas,,3377,6,"Private - For Staff, Visitors or Customers",False,50,True,4.0,1,22.0,25,1,2025-10-06T18:16:00Z,2025-10-06T18:16:00Z,restricted,eTecnic,False
306394,42BAC17D-3053-489F-A87A-6E5C92F8E302,39.9753042130597,-3.4243684609430147,Petropix Noblejas,,,3276,4,Public - Membership Required,True,50,True,2.0,1,180.0,33,1,2025-06-30T18:28:00Z,2025-06-30T18:28:00Z,public_membership,EDP,True
461128,DEB1D5A4-6E52-423E-9E23-B2672877C406,40.04235303838976,-4.523581874900827,El Casar De Escalona,El Casar De Escalona,,3459,4,Public - Membership Required,True,150,False,2.0,1,50.0,33,1,2025-09-12T10:24:00Z,2025-09-12T10:24:00Z,public_membership,ACCIONA - Cargacoches,True
496636,B5D139DB-6AB7-4FE7-A0BB-BA80FFE16F8A,40.025763759435165,-4.425217895214132,E.S. Farruco Santa Olalla,,45530,45,4,Public - Membership Required,True,50,True,2.0,1,100.0,33,1,2026-08-27T21:11:00Z,2026-08-27T21:11:00Z,public_membership,(Business Owner at Location),True
272904,E9B82BA2-15E3-46B5-A423-C4053656621B,39.98927362808067,-4.281237403472005,Mercadona Torrijos,Torrijos,45500,3499,4,Public - Membership Required,True,50,True,4.0,1,22.0,25,1,2024-04-26T18:58:00Z,2024-04-26T18:58:00Z,public_membership,Mercadona,True
274183,B7171B8A-931D-435A-994C-C98529A2AC7E,40.058313688375335,-4.371391746609447,E.S. BP Maqueda,,,3459,4,Public - Membership Required,True,50,True,2.0,1,100.0,33,1,2026-08-05T19:48:00Z,2026-08-05T19:48:00Z,public_membership,ACCIONA - Cargacoches,True
201772,F8237E44-2630-4B2F-984F-DBB7681CE5A5,40.05904927447142,-4.371021275811472,Mesón Castellano Maqueda,Maqueda,,2247,4,Public - Membership Required,True,50,True,4.0,3,50.0,"33,2,1036",1,2022-12-13T17:03:00Z,2022-12-13T17:03:00Z,public_membership,Iberdrola | BP Pulse (ES),True
202897,0E320A0D-FA52-4F4F-8040-2F6520791962,39.983455246720354,-4.280932016344991,Cash ecofamilia (Torrijos),Torrijos,45500,45,1,Public,,50,True,1.0,1,7.4,25,1,2022-09-13T11:45:00Z,2022-09-13T11:45:00Z,public,(Business Owner at Location),True
202899,CBEE0E97-7181-42D2-A76F-5A11938F30D2,40.054105671556584,-4.201508208127507,Ahorramas Fuensalida,Fuensalida,45510,3276,4,Public - Membership Required,True,50,True,3.0,1,7.4,25,1,2025-10-07T13:01:00Z,2025-10-07T13:01:00Z,public_membership,EDP,True
285155,CC044BEB-120A-4AC0-A938-C195FCB19B29,40.05552020709612,-4.1993065881447365,Mercadona Fuensalida,Fuensalida,45510,3499,4,Public - Membership Required,True,50,True,4.0,1,22.0,25,1,2024-04-26T18:58:00Z,2024-04-26T18:58:00Z,public_membership,Mercadona,True
212948,ACA56F48-14EF-47FE-8237-638429D40422,40.023508471992926,-3.990081754401814,Casa Rural Yunclillos,,45211,45,6,"Private - For Staff, Visitors or Customers",False,50,True,1.0,1,7.4,25,1,2023-01-27T10:19:00Z,2023-01-27T10:19:00Z,restricted,(Business Owner at Location),False
299336,4BECD8BE-FEFD-4972-BAE7-7DD3311BE0BD,40.002043825603664,-3.9503675245665875,Cabañas de La Sagra (Acciona),,45520,3459,4,Public - Membership Required,True,150,False,2.0,1,90.0,33,1,2024-05-24T10:10:00Z,2024-05-24T10:10:00Z,public_membership,ACCIONA - Cargacoches,True
201774,1FC32B5E-7340-45B7-BCBD-86B23746799C,40.04762629753938,-3.9150974559095175,Avia Yuncler,Yuncler,45529,2247,4,Public - Membership Required,True,50,True,2.0,2,50.0,"33,2",1,2025-10-07T13:02:00Z,2025-10-07T13:02:00Z,public_membership,Iberdrola | BP Pulse (ES),True
212949,E8059F70-83F7-4126-89E1-FA2A76CF5F16,40.050501923730366,-3.836865243471948,Ayuntamiento de Pantoja,,45290,1,7,Public - Notice Required,False,50,True,2.0,2,3.7,"25,28",1,2025-10-07T13:06:00Z,2025-10-07T13:06:00Z,public,(Unknown Operator),True
485913,E2F63800-6B26-4621-88B4-1EEDE2A28BB2,40.056100551122626,-3.8646213237673237,Repsol La Sagra (Dir Madrid),,45230,91,4,Public - Membership Required,True,50,True,2.0,1,80.0,33,1,2026-04-17T09:19:00Z,2026-04-17T09:19:00Z,public_membership,Repsol - Ibil (ES),True
485912,C59BCCB6-3E62-4D3A-9527-D8F8ECE27A4B,40.05764055839737,-3.8647617784604336,Repsol La Sagra (Dir. Toledo),,45230,91,4,Public - Membership Required,True,50,True,2.0,1,80.0,33,1,2026-04-17T09:19:00Z,2026-04-17T09:19:00Z,public_membership,Repsol - Ibil (ES),True
280529,F08EAEAB-A57F-485A-98C2-2FB3E5F33181,40.05536617249558,-3.6144615337442474,Nissan Aranjuez (Allego),Aranjuez,28300,103,4,Public - Membership Required,True,50,True,1.0,2,50.0,"33,2",1,2023-11-28T14:38:00Z,2023-11-28T14:38:00Z,public_membership,Allego BV,True
204229,6AD86D6D-59E1-48F4-9546-AD9854EC138D,40.05773348285217,-3.614657719810566,Opel Aranjuez,Aranjuez,28300,45,6,"Private - For Staff, Visitors or Customers",False,50,True,2.0,1,7.4,25,1,2022-09-26T10:22:00Z,2022-09-26T10:22:00Z,restricted,(Business Owner at Location),False
210115,0DB21D03-0202-4895-96D8-C08A12309874,40.057449820701464,-3.6049308592492935,Hotel Occidental Aranjuez,Aranjuez,28300,207,6,"Private - For Staff, Visitors or Customers",False,50,True,4.0,1,11.0,25,1,2022-11-27T17:47:00Z,2022-11-27T17:47:00Z,restricted,Endesa,False
212945,F002BC2C-AD5C-49E4-BBD2-D9D01DC5FDE2,40.056093673579,-3.611550722425932,Hospital del Tajo Aranjuez,Aranjuez,28300,3371,4,Public - Membership Required,True,50,True,14.0,2,22.0,"25,1036",1,2025-04-12T07:07:00Z,2025-04-12T07:07:00Z,public_membership,Wenea,True
204230,A6671E40-0756-4A2F-AAA2-A6F2977D2EA0,40.05959645740057,-3.614255477392021,"Garaje Infantas, S.A.",Aranjuez,28300,45,6,"Private - For Staff, Visitors or Customers",False,50,True,2.0,1,7.4,25,1,2022-09-26T10:24:00Z,2022-09-26T10:24:00Z,restricted,(Business Owner at Location),False
312027,25F39A87-540A-40BA-BD79-21C8927ED3EA,40.034333789818135,-3.5815289074677423,E.Leclerc - Gasolinera Moreras,Aranjuez,,3550,4,Public - Membership Required,True,50,True,2.0,2,100.0,"33,2",1,2025-07-12T19:36:00Z,2025-07-12T19:36:00Z,public_membership,PowerDot (Es),True
209641,06FBC9CC-2340-44B0-83FD-BD3BB81E8C03,40.03132515850098,-3.5874558109114787,Ahorramas Aranjuez,Aranjuez,28300,3276,4,Public - Membership Required,True,50,True,2.0,1,22.0,25,1,2023-02-11T10:20:00Z,2023-02-11T10:20:00Z,public_membership,EDP,True
216879,109A3BD9-B48F-4306-A9BE-45F593E23DE7,40.03343743759697,-3.5953277568316935,Mercadona Aranjuez,Aranjuez,28300,3499,4,Public - Membership Required,True,50,True,2.0,1,22.0,25,1,2024-04-26T19:30:00Z,2024-04-26T19:30:00Z,public_membership,Mercadona,True
470461,A307A87D-C18D-40F1-9E85-AFEA7FD43FB9,40.03261078352179,-3.6117594168892992,Indra Aranjuez,Aranjuez,28300,3371,2,Private - Restricted Access,True,50,True,2.0,1,22.0,25,1,2025-11-30T18:58:00Z,2025-11-30T18:58:00Z,restricted,Wenea,False
312596,580526F9-2C30-4FAB-A27D-5576A622FFF8,40.028769499570984,-3.608239737895161, Supeco Carrefour Aranjuez,Aranjuez,,207,4,Public - Membership Required,True,50,True,4.0,2,150.0,"33,1036",1,2026-09-12T07:27:00Z,2026-09-12T07:27:00Z,public_membership,Endesa,True
204232,90534786-B78C-4C63-944F-4749E2D76D6B,40.033239185495034,-3.6083237031612043,NH Collection Palacio de Aranjuez,Aranjuez,28300,45,6,"Private - For Staff, Visitors or Customers",False,50,True,2.0,1,7.4,25,1,2022-09-26T10:29:00Z,2022-09-26T10:29:00Z,restricted,(Business Owner at Location),False
474917,69C82E3D-4960-4149-9B11-16C024A99DEF,40.026267011329224,-3.6054672806491226,Cepsa Fuente La Reina,Aranjuez,28300,3584,4,Public - Membership Required,True,50,True,1.0,1,150.0,33,1,2026-01-27T17:58:00Z,2026-01-27T17:58:00Z,public_membership,Moeve (ES),True
204233,5D45DD7F-91A0-4E81-B362-B83770245D65,40.02017806303877,-3.6061406020874074,Leroy Merlin Aranjuez,Aranjuez,28300,2247,4,Public - Membership Required,True,50,True,2.0,1,22.0,1036,1,2024-04-26T19:32:00Z,2024-04-26T19:32:00Z,public_membership,Iberdrola | BP Pulse (ES),True
204236,7DB307FC-FD53-45A9-837A-5C4125F00375,40.02102735622486,-3.606415665667214,Aldi Aranjuez,Aranjuez,28300,3464,1,Public,,50,True,2.0,2,22.0,"25,28",1,2022-09-26T10:33:00Z,2022-09-26T10:33:00Z,public,ALDI SÜD (DE),True
204234,F5B88E45-1740-4D47-9374-6B45C157163F,40.020436233798335,-3.6084694992150617,VW Aranjuez,Aranjuez,28300,45,4,Public - Membership Required,True,50,True,1.0,1,22.0,25,1,2025-02-19T10:07:00Z,2025-02-19T10:07:00Z,public_membership,(Business Owner at Location),True
204235,68F67C66-910F-487D-BFE0-8ED8D4B8F28B,40.02079643747757,-3.607494906209581,Comerco Aranjuez,Aranjuez,28300,45,6,"Private - For Staff, Visitors or Customers",False,50,True,2.0,1,22.0,25,1,2023-10-25T16:44:00Z,2023-10-25T16:44:00Z,restricted,(Business Owner at Location),False
202259,268D5FC6-8576-491E-8DA9-7366118EB08E,40.025167702590124,-3.6177861256367123,McDonalds Aranjuez,Aranjuez,28300,207,4,Public - Membership Required,True,50,True,2.0,3,50.0,"33,2,1036",1,2022-10-25T13:56:00Z,2022-10-25T13:56:00Z,public_membership,Endesa,True
296139,1AB452C3-EE14-4B20-A9BC-6D82244D98F3,40.02318392612196,-3.6191206093129153,E.S. E.Leclerc Aranjuez,Aranjuez,28300,3550,4,Public - Membership Required,True,50,True,2.0,2,150.0,"33,2",1,2025-01-05T13:56:00Z,2025-01-05T13:56:00Z,public_membership,PowerDot (Es),True
204231,71078CD4-EBF1-487D-A444-57A7486E3609,40.02401939974379,-3.6177912894711426,C.C. El Deleite,Aranjuez,28300,45,1,Public,,50,True,2.0,1,11.0,25,1,2025-02-19T10:07:00Z,2025-02-19T10:07:00Z,public,(Business Owner at Location),True
259305,77B10934-C7B1-4305-8535-395ABF586237,39.99066301643248,-3.5873684918617528,E.S. Super Gasoil Ontígola,,45340,3571,4,Public - Membership Required,True,50,True,2.0,3,150.0,"33,2,25",1,2024-09-11T10:37:00Z,2024-09-11T10:37:00Z,public_membership,TotalEnergies (ES),True
209640,B74FE95E-A8FB-4C7F-827A-C40ABCD8031F,40.00546430285087,-3.5763862384844742,Ahorramas Ontígola,Ontígola,,3276,4,Public - Membership Required,True,50,True,2.0,1,22.0,25,1,2024-11-22T11:59:00Z,2024-11-22T11:59:00Z,public_membership,EDP,True
202876,40E8FA03-E3A8-4284-ADF1-D8AFCB6E533F,40.1169552183774,-4.443748258648384,Miluna Open Natutre Rooms (Hormigos),Hormigos,,45,6,"Private - For Staff, Visitors or Customers",False,50,True,1.0,1,7.4,25,1,2023-02-19T08:46:00Z,2023-02-19T08:46:00Z,restricted,(Business Owner at Location),False
202900,481F0B5E-76E3-4A71-B9E6-8ADF0F4E9DB9,40.16909556821713,-4.212880924008687,Talleres solano La Torre de Esteban Hambrán,La Torre de Esteban Hambrán,,45,6,"Private - For Staff, Visitors or Customers",False,50,True,4.0,2,11.0,"28,17",1,2022-09-13T11:49:00Z,2022-09-13T11:49:00Z,restricted,(Business Owner at Location),False
202903,A2A8D144-FFBB-43D7-A3E4-DCC3132C0B48,40.129687640666816,-3.9547769302248525,Bar los Arcos,El Viso de San Juan,45212,45,6,"Private - For Staff, Visitors or Customers",False,50,True,2.0,4,11.0,"25,28,25,17",1,2022-09-13T11:57:00Z,2022-09-13T11:57:00Z,restricted,(Business Owner at Location),False
212947,789AF8CD-47B0-401E-AF80-09F574335AD3,40.095798370470135,-3.8674304091659337,Repsol Yuncos,Yuncos,45210,91,4,Public - Membership Required,True,50,True,1.0,3,50.0,"33,2,1036",1,2026-01-23T11:34:00Z,2026-01-23T11:34:00Z,public_membership,Repsol - Ibil (ES),True
209645,4C97405B-FBD3-4A87-B248-6159DAF36444,40.08613038896664,-3.8704174332199273,AhorraMás Yuncos,Yuncos,45210,3276,4,Public - Membership Required,True,50,True,4.0,1,22.0,25,1,2023-11-30T18:12:00Z,2023-11-30T18:12:00Z,public_membership,EDP,True
285156,747D47C5-187B-4545-AC43-B5D4A37E84AA,40.08431022889806,-3.8671446270863328,Mercadona Yuncos,Yuncos,45210,3499,4,Public - Membership Required,True,50,True,6.0,1,22.0,25,1,2024-04-26T18:59:00Z,2024-04-26T18:59:00Z,public_membership,Mercadona,True
301049,1B9F86A9-F66C-4148-AF1F-72EEB65FE8D3,40.08477482618642,-3.86797945888668,Repsol Yuncos,Yuncos,45210,91,4,Public - Membership Required,True,50,True,1.0,3,50.0,"33,2,1036",1,2025-10-07T13:14:00Z,2025-10-07T13:14:00Z,public_membership,Repsol - Ibil (ES),True
461562,46D1E8FD-500B-4555-83D3-C52FFBF00FCE,40.08313429843193,-3.8659002593988134,Supeco,Yuncos,,45,6,"Private - For Staff, Visitors or Customers",False,100,False,1.0,1,7.0,25,1,2025-09-27T07:07:00Z,2025-09-27T07:07:00Z,restricted,(Business Owner at Location),False
479576,386C8C25-8261-4F05-A9D0-0678FB2946DB,40.08302991606075,-3.8656610673791647,Plenoil Numanciande La Sagra I,,45210,3750,4,Public - Membership Required,True,50,True,2.0,1,60.0,33,1,2026-03-01T15:34:00Z,2026-03-01T15:34:00Z,public_membership,Plenergy (ES),True
301050,8161C370-C04B-4BF2-936B-57ADBA923C59,40.08920605647708,-3.859289437751414,Electrofil  Yuncos,,45230,45,6,"Private - For Staff, Visitors or Customers",False,50,True,1.0,1,7.4,1036,1,2024-07-14T18:00:00Z,2024-07-14T18:00:00Z,restricted,(Business Owner at Location),False
272849,041A0CAD-9310-4A8D-A00C-49B26EF12424,40.1011167530944,-3.8351768423354997,E.S. Repsol Iberum Illescas,,,91,4,Public - Membership Required,True,50,True,2.0,2,60.0,"33,2",1,2026-01-23T11:49:00Z,2026-01-23T11:49:00Z,public_membership,Repsol - Ibil (ES),True
301080,1B6EA2F5-2241-4A57-9BAA-EB0779070A67,40.11869957817149,-3.847569570217331,Ayunt. Illescas,Illescas,45200,3295,1,Public,,50,True,2.0,1,11.0,25,1,2026-03-09T10:28:00Z,2026-03-09T10:28:00Z,public,evcharge.online,True
461563,523300CD-ECD4-4DC4-97C4-203862776AF6,40.120351814887215,-3.8524603251702274,Parking Disuasorio Illescas,Illescas,,1,1,Public,,100,False,2.0,1,11.0,25,1,2025-09-27T07:10:00Z,2025-09-27T07:10:00Z,public,(Unknown Operator),True
472715,5E333CBA-82D0-40B5-A813-8386BD017C49,40.11724130804001,-3.855179458157778,Mercadona Illescas García Lorca,Illescas,45200,3499,4,Public - Membership Required,True,50,True,4.0,1,22.0,25,1,2026-01-24T12:53:00Z,2026-01-24T12:53:00Z,public_membership,Mercadona,True
299737,19399253-E74F-4263-B73D-77913E3159F4,40.11006519917723,-3.8583382929853087,Lidl Illescas,Illescas,45200,38,1,Public,,50,True,4.0,1,11.0,25,1,2024-06-04T11:32:00Z,2024-06-04T11:32:00Z,public,Lidl,True
212941,8D7922E8-329F-434F-8606-F96764C49135,40.11440285407434,-3.8566991559078474,Renault Grupo Aries Illescas,Illescas,45200,3275,6,"Private - For Staff, Visitors or Customers",False,50,True,2.0,1,3.7,28,1,2023-01-27T10:05:00Z,2023-01-27T10:05:00Z,restricted,Renault,False
301051,089E295B-C052-459A-B9B2-81D560ABFA83,40.122826598924604,-3.84435322762306,Ayunt. Illescas,Illescas,45200,3295,1,Public,,50,True,2.0,1,22.0,25,1,2026-03-09T10:29:00Z,2026-03-09T10:29:00Z,public,evcharge.online,True
209644,EAA91724-0995-478A-89CE-822697E70353,40.123349098376536,-3.8448006921960314,Ahorramas Illescas,Illescas,45200,3276,4,Public - Membership Required,True,100,False,2.0,1,22.0,25,1,2025-10-07T13:34:00Z,2025-10-07T13:34:00Z,public_membership,EDP,True
235605,EDFA25EA-95E4-48EE-B43E-64B92C9E13BB,40.12493949055198,-3.829300816247496,Burger King Illescas,Illescas,45200,2247,4,Public - Membership Required,True,50,True,2.0,2,50.0,"33,2",1,2025-10-07T13:36:00Z,2025-10-07T13:36:00Z,public_membership,Iberdrola | BP Pulse (ES),True
297744,DB39D4EF-932E-4507-BBEE-C08354AC7F65,40.12417773336162,-3.8281862034494907,BP Illescas,Illescas,45200,2247,4,Public - Membership Required,True,50,True,2.0,1,150.0,33,1,2025-06-11T06:28:00Z,2025-06-11T06:28:00Z,public_membership,Iberdrola | BP Pulse (ES),True
295893,F238E568-C1C6-403A-B7DD-82EDB7D005E5,40.14214937811016,-3.828603494434219,C.C. Sagra Norte,Illescas,45200,3550,5,Public - Pay At Location,False,50,True,8.0,2,100.0,"33,2",1,2025-08-26T09:31:00Z,2025-08-26T09:31:00Z,public,PowerDot (Es),True
290109,FFA70EAE-9611-4E1B-ADAF-3F0EF48D6D1F,40.142879843582875,-3.829900022577931,Plenoil Illescas,Illescas,45200,3750,4,Public - Membership Required,True,50,True,2.0,1,60.0,33,1,2025-07-15T16:04:00Z,2025-07-15T16:04:00Z,public_membership,Plenergy (ES),True
209410,6DA22149-1F87-421C-A40F-B47C874696A3,40.13495335113575,-3.8359637479450157,Ballenoil Illescas,Illescas,45200,2247,4,Public - Membership Required,True,50,True,2.0,2,50.0,"33,2",1,2025-11-08T16:17:00Z,2025-11-08T16:17:00Z,public_membership,Iberdrola | BP Pulse (ES),True
204204,D724583A-BD9A-406E-9D0E-C460FA651FAF,40.15247064069936,-3.8363609270469397,Ayunt. Señorio de Illescas,Illescas,45200,3295,1,Public,,50,True,2.0,1,22.0,25,1,2026-07-17T18:26:00Z,2026-07-17T18:26:00Z,public,evcharge.online,True
204205,8F565259-667A-4DFD-9D8F-6A08027158A9,40.149854783996375,-3.825018290969979,Mercadona Illescas,Illescas,45200,3499,4,Public - Membership Required,True,50,True,6.0,1,22.0,25,1,2024-04-26T19:04:00Z,2024-04-26T19:04:00Z,public_membership,Mercadona,True
209646,82203D7C-892C-435F-96AF-AB80C6887D0C,40.15428567893585,-3.828487515376537,AhorraMás Illescas,Illescas,45200,3276,4,Public - Membership Required,True,50,True,4.0,1,22.0,25,1,2024-04-27T10:53:00Z,2024-04-27T10:53:00Z,public_membership,EDP,True
474921,426C27F7-402E-436E-8223-C2712729039F,40.16000041189085,-3.827886625234214,Aernnova. Composites Illescas,Illescas,28977,3371,2,Private - Restricted Access,True,50,True,10.0,1,22.0,25,1,2026-01-27T18:16:00Z,2026-01-27T18:16:00Z,restricted,Wenea,False
312597,CAD0FACA-0370-4F1D-8462-F283F6D81B3F,40.1706475770217,-3.821705916447968,Repsol Casarrubuelos,Casarrubuelos,28977,91,4,Public - Membership Required,True,50,True,2.0,3,50.0,"33,2,1036",1,2026-01-14T20:35:00Z,2026-01-14T20:35:00Z,public_membership,Repsol - Ibil (ES),True
204203,AA4C03F1-23C7-43CF-BB1E-639ED53959A9,40.163253257599365,-3.819408623558047,Hotel Route 42,Illescas,45200,45,6,"Private - For Staff, Visitors or Customers",False,50,True,1.0,1,22.0,25,1,2022-09-26T09:21:00Z,2022-09-26T09:21:00Z,restricted,(Business Owner at Location),False
204206,E2B63203-3FA1-4F9B-B7FC-CF4CD978A305,40.154406109796895,-3.822444936952934,Peugeout Illescas,Illescas,28977,45,6,"Private - For Staff, Visitors or Customers",False,50,True,2.0,1,22.0,25,1,2022-09-26T09:25:00Z,2022-09-26T09:25:00Z,restricted,(Business Owner at Location),False
204207,28689450-F22A-4E14-AEDC-49FBA88FE9EE,40.15356752997468,-3.8229436489704085,Kia Illescas,Illescas,28977,45,6,"Private - For Staff, Visitors or Customers",False,50,True,1.0,1,22.0,33,1,2022-09-26T09:26:00Z,2022-09-26T09:26:00Z,restricted,(Business Owner at Location),False
209643,B0A7B24D-8E23-48A0-BA89-1359DF464DA1,40.10975592360734,-3.7709295370692644,Ahorramas  Esquivias,Esquivias,45221,3276,4,Public - Membership Required,True,50,True,4.0,1,22.0,25,1,2025-12-24T21:48:00Z,2025-12-24T21:48:00Z,public_membership,EDP,True
212943,88D348E1-0457-489E-9073-D9607F2786BA,40.10843818260693,-3.7702960071090104,Repsol Esquivias,,45221,91,4,Public - Membership Required,True,150,False,1.0,3,50.0,"33,1036,2",1,2025-10-07T13:07:00Z,2025-10-07T13:07:00Z,public_membership,Repsol - Ibil (ES),True
209642,92CE70BC-182D-4E51-8114-FA8EA414F9CC,40.104649309286316,-3.692103559210409,Ahorramas Seseña,Seseña,45224,3276,4,Public - Membership Required,True,50,True,2.0,1,22.0,25,1,2024-11-22T13:45:00Z,2024-11-22T13:45:00Z,public_membership,EDP,True
285158,661C0D33-3674-4B9A-B671-5C65AB68CF3C,40.11036689784686,-3.694074443988029,Mercadona Seseña,Seseña,45223,3499,4,Public - Membership Required,True,50,True,2.0,1,22.0,25,1,2024-02-05T09:43:00Z,2024-02-05T09:43:00Z,public_membership,Mercadona,True
303499,001323B4-A4FE-4252-A64A-853537397834,40.104799203181926,-3.644435929447525,Área 36,Seseña,45224,3798,4,Public - Membership Required,True,50,True,6.0,1,120.0,33,1,2026-09-04T14:28:00Z,2026-09-04T14:28:00Z,public_membership,REMO Mobility (ES),True
312028,E9247FCC-C0DC-4250-9F03-FEE9CAA88D05,40.10502092757605,-3.645029336820812,Repsol Seseña,Seseña,,91,4,Public - Membership Required,True,50,True,1.0,3,50.0,"33,2,1036",1,2026-01-23T12:46:00Z,2026-01-23T12:46:00Z,public_membership,Repsol - Ibil (ES),True
212944,14E73ECB-0B85-4579-8B1F-4502EE1F1C32,40.105011916605406,-3.6459935619250814,Repsol A-4 Seseña,Seseña,45224,91,4,Public - Membership Required,True,150,False,1.0,3,50.0,"33,1036,2",1,2024-01-28T11:46:00Z,2024-01-28T11:46:00Z,public_membership,Repsol - Ibil (ES),True
312154,E2FD7BD4-10C4-4EC0-8B12-665E8291BD0B,40.10512780559117,-3.649590060608631,Ballenoil Seseña,Seseña,,3584,4,Public - Membership Required,True,150,False,1.0,1,150.0,33,1,2026-09-04T10:35:00Z,2026-09-04T10:35:00Z,public_membership,Moeve (ES),True
301056,56D9EAC7-7812-40AC-8735-053E55B3BC49,40.10443297088409,-3.655629818868931,Cepsa Seseña,Seseña,45224,3584,4,Public - Membership Required,True,50,True,1.0,1,150.0,33,1,2025-07-11T07:26:00Z,2025-07-11T07:26:00Z,public_membership,Moeve (ES),True
300336,CA434462-8D9D-4447-8D03-BB51829EC104,40.10510878124353,-3.654252245016437,Plenoil Seseña I,Seseña,45224,3750,4,Public - Membership Required,True,50,True,2.0,1,60.0,33,1,2026-01-04T09:32:00Z,2026-01-04T09:32:00Z,public_membership,Plenergy (ES),True
210383,B7651E50-DD8F-40DA-A0C5-6C9026DB9D50,40.13338824452265,-3.6561014709607207,Burger King Ciempozuelos,Ciempozuelos,45223,2247,4,Public - Membership Required,True,150,False,2.0,2,50.0,"33,2",1,2024-01-28T11:46:00Z,2024-01-28T11:46:00Z,public_membership,Iberdrola | BP Pulse (ES),True
210382,68EF088C-4DEB-40FA-9CD7-6770B8E33E3E,40.16592057132206,-3.6296216718592405,Ordesa Ciempozuelos,Ciempozuelos,28350,2247,4,Public - Membership Required,True,50,True,4.0,2,120.0,"33,1036",1,2025-06-11T06:28:00Z,2025-06-11T06:28:00Z,public_membership,Iberdrola | BP Pulse (ES),True
209688,1EA435BB-D899-4215-8C0F-88106C6B543D,40.16574685765431,-3.634692830887616,Ahorramas Ciempozuelos,Ciempozuelos,28350,3276,4,Public - Membership Required,True,50,True,4.0,1,22.0,25,1,2024-04-26T19:26:00Z,2024-04-26T19:26:00Z,public_membership,EDP,True
297943,3663EA5B-A649-4AA6-9677-05299D499D22,40.16548864425292,-3.6336959155504474,Plenoil Ciempozuelos,Ciempozuelos,28350,3750,4,Public - Membership Required,True,50,True,2.0,1,60.0,33,1,2024-11-01T10:30:00Z,2024-11-01T10:30:00Z,public_membership,Plenergy (ES),True
204196,DA5E06CB-70E0-45F6-9BDB-1E2970EF5686,40.16570418182954,-3.6329218761384254,Mercadona Ciempozuelos,Ciempozuelos,28350,3499,4,Public - Membership Required,True,50,True,6.0,1,22.0,25,1,2024-04-26T19:25:00Z,2024-04-26T19:25:00Z,public_membership,Mercadona,True
204195,C424B3CB-D496-49E3-BA70-217E69F206BE,40.16550069906941,-3.6320710380300625,Aldi Ciempozuelos,Ciempozuelos,28350,3464,1,Public,,50,True,2.0,2,22.0,"25,28",1,2023-02-19T19:12:00Z,2023-02-19T19:12:00Z,public,ALDI SÜD (DE),True
212942,2B04F361-BD67-4373-8199-64E250F82B1D,40.1661863594511,-3.6694541104213556,Repsol Valdemoro,Valdemoro,28343,91,4,Public - Membership Required,True,50,True,1.0,2,180.0,"33,2",1,2026-06-07T14:40:00Z,2026-06-07T14:40:00Z,public_membership,Repsol - Ibil (ES),True
265950,6B1DE443-F5DB-462D-9B63-36DFB11B8161,40.16403372178968,-3.665301947943476,Burger King Valdemoro,Valdemoro,28343,2247,4,Public - Membership Required,True,50,True,2.0,2,50.0,"33,2",1,2025-05-12T10:29:00Z,2025-05-12T10:29:00Z,public_membership,Iberdrola | BP Pulse (ES),True
238612,AAA18388-04CE-4740-8D2D-9CE25757BA68,40.1631087727199,-3.66462641355679,BP Pulse Rompecubas,Valdemoro,28343,2247,4,Public - Membership Required,True,50,True,2.0,1,150.0,33,1,2024-04-26T06:17:00Z,2024-04-26T06:17:00Z,public_membership,Iberdrola | BP Pulse (ES),True
266142,48A58984-C387-40CB-88C1-C008AAAECFDE,40.17223428356655,-3.6656263329812475,Super Gasoil Valdemoro,Valdemoro,28343,3571,4,Public - Membership Required,True,50,True,2.0,3,150.0,"33,2,25",1,2026-01-23T13:06:00Z,2026-01-23T13:06:00Z,public_membership,TotalEnergies (ES),True
204192,B9FEC378-8ED7-414B-A72F-B2E1ADBB3BA9,40.17521435895313,-3.6697002960718237,Lidl Valdemoro,Valdemoro,28343,38,4,Public - Membership Required,True,50,True,3.0,1,22.0,25,1,2022-09-26T08:58:00Z,2022-09-26T08:58:00Z,public_membership,Lidl,True
272914,2041F312-0204-4109-9074-F92BF1288B39,40.17590526344787,-3.669271043268509,Mercadona Valdemoro,,,3499,4,Public - Membership Required,True,50,True,4.0,1,22.0,25,1,2024-04-26T19:23:00Z,2024-04-26T19:23:00Z,public_membership,Mercadona,True
204191,91957D09-5E9D-44DC-A1AB-D5F1FBB8635F,40.1772957919801,-3.670853273767534,Aldi Valdemoro,Valdemoro,28343,3464,1,Public,,50,True,1.0,2,22.0,"25,28",1,2025-05-12T10:28:00Z,2025-05-12T10:28:00Z,public,ALDI SÜD (DE),True
295947,A31E5708-79D2-4B3D-8799-8F6CED3E55FB,40.172198708155435,-3.2919722237475924,E.S. Galp Villarejo de Salvanés,Villarejo de Salvanés,28590,3550,4,Public - Membership Required,True,50,True,2.0,1,150.0,33,1,2024-11-17T11:38:00Z,2024-11-17T11:38:00Z,public_membership,PowerDot (Es),True
202423,3BC567B0-8AE5-458B-8AA7-50015353C768,40.16927269543032,-3.2798094045576818,Ahorramas Villarejo Salvanés,Villarejo de Salvanés,,3276,4,Public - Membership Required,True,50,True,2.0,1,7.4,25,1,2022-11-01T10:09:00Z,2022-11-01T10:09:00Z,public_membership,EDP,True
202424,98966073-CFB7-4FD6-8320-7BE591CCAAAC,40.16481729025628,-3.269485926470338,Mercadona Villarejo Salvanés,Villarejo de Salvanés,,3499,4,Public - Membership Required,True,50,True,4.0,1,22.0,25,1,2024-09-28T16:10:00Z,2024-09-28T16:10:00Z,public_membership,Mercadona,True
235244,B5A4A5E5-48B7-4B86-B756-6AFD16674228,40.11854688661498,-3.1617189586196446,Estanco CavaMariaJesus,,28597,45,2,Private - Restricted Access,True,50,True,1.0,1,7.4,1036,1,2025-10-15T21:01:00Z,2025-10-15T21:01:00Z,restricted,(Business Owner at Location),False
305828,B18D68A1-F333-4FFA-858B-5730424A671C,40.259745497927184,-4.46190487712019,Residencia Adavir Cenicientos,,28650,207,2,Private - Restricted Access,True,50,True,2.0,1,22.0,25,1,2024-11-02T19:37:00Z,2024-11-02T19:37:00Z,restricted,Endesa,False
235120,0DB5F846-4FA3-4F27-9384-6FAF493F7EA2,40.263814497572554,-4.464416820366381,Cenicientos,,28640,3401,4,Public - Membership Required,True,50,True,2.0,1,22.0,25,1,2024-11-14T22:43:00Z,2024-11-14T22:43:00Z,public_membership,Electromaps,True
209184,25EDF9A6-63A2-471F-9A44-A6037D28675E,40.26565025137191,-4.469470603359014,Ayunt. Cenicientos,Cenicientos,28640,3401,4,Public - Membership Required,True,50,True,2.0,1,22.0,25,1,2024-06-10T14:26:00Z,2024-06-10T14:26:00Z,public_membership,Electromaps,True
312158,61B42093-D3EC-4A52-84C9-1E0C6C490454,40.24242300683477,-4.189086582156193,Repsol Méntrida,Méntrida,,91,4,Public - Membership Required,True,50,True,1.0,3,50.0,"33,2,1036",1,2025-05-01T08:19:00Z,2025-05-01T08:19:00Z,public_membership,Repsol - Ibil (ES),True
202901,6233A73B-D017-4FF9-9921-E372BFF09A1A,40.211363334664554,-4.087480812700278,80% Eléctrico (Valmojado),Valmojado,45950,45,6,"Private - For Staff, Visitors or Customers",False,50,True,3.0,4,11.0,"25,29,25,17",1,2022-09-13T11:53:00Z,2022-09-13T11:53:00Z,restricted,(Business Owner at Location),False
85523,332828C1-143F-4E91-B166-D16018987BA1,40.2128383,-4.0871942,Talleres Valmojado Renault,Valmojado,45940,45,6,"Private - For Staff, Visitors or Customers",False,50,True,1.0,2,2.3,"16,28",1,2022-09-13T11:51:00Z,2022-09-13T11:51:00Z,restricted,(Business Owner at Location),False
299337,3C522D47-B229-468A-8EDE-0C1D8B812F42,40.18408098324815,-4.135711613364265,Repsol Casarrubios,,45513,91,4,Public - Membership Required,True,50,True,1.0,3,50.0,"33,2,1036",1,2025-05-01T08:20:00Z,2025-05-01T08:20:00Z,public_membership,Repsol - Ibil (ES),True
201388,2DCAF919-9595-4A22-AB1F-B1CF134F6867,40.25013439211577,-4.055138582578024,Rest. Los Rosales,Casarrubios del Monte,45950,3571,4,Public - Membership Required,True,50,True,4.0,3,100.0,"33,25,25",1,2026-01-21T09:01:00Z,2026-01-21T09:01:00Z,public_membership,TotalEnergies (ES),True
285157,7662ABF8-DE03-43E4-A53A-F67771864916,40.203095596779235,-4.077240859218108,Mercadona Valmojado,,45940,3499,4,Public - Membership Required,True,50,True,6.0,1,22.0,25,1,2024-04-26T18:53:00Z,2024-04-26T18:53:00Z,public_membership,Mercadona,True
202902,C78DF237-80F2-4153-BD46-6016A101EE40,40.185191960752775,-4.041923453182449,Taller F del Hierro,Casarrubios del Monte,45950,45,6,"Private - For Staff, Visitors or Customers",False,50,True,1.0,1,3.7,25,1,2022-09-13T11:55:00Z,2022-09-13T11:55:00Z,restricted,(Business Owner at Location),False
235188,16DBC002-70D7-4E23-AE6E-19DA3A702CDB,40.2343141979577,-4.025936137161779,Aeródromo de Casarrubios,,45950,45,6,"Private - For Staff, Visitors or Customers",False,50,True,1.0,1,3.7,28,1,2023-02-16T17:22:00Z,2023-02-16T17:22:00Z,restricted,(Business Owner at Location),False
301081,2ACACB07-ED25-481E-8F57-7473C1D16B95,40.23031548970823,-3.9926685526938286,Parking El Álamo,El Álamo,28607,1,5,Public - Pay At Location,False,50,True,2.0,1,22.0,25,1,2024-07-15T06:41:00Z,2024-07-15T06:41:00Z,public,(Unknown Operator),True
209693,E8A7CEA3-45E6-4013-A19B-3C4EE1D5515C,40.22881033513076,-3.987218384423386,Ahorramás El Álamo,El Álamo,28607,3276,4,Public - Membership Required,True,50,True,2.0,1,22.0,25,1,2023-05-28T10:39:00Z,2023-05-28T10:39:00Z,public_membership,EDP,True
202905,6C232C78-7409-4790-BA3D-8C3B7395B9F8,40.276686897684925,-3.9139298172245844,Mercadona Arroyomolinos,Arroyomolinos,,3499,4,Public - Membership Required,True,50,True,6.0,1,22.0,25,1,2025-10-17T18:20:00Z,2025-10-17T18:20:00Z,public_membership,Mercadona,True
280882,6628781D-3EF8-42F6-A8AB-5ABAAF1503BC,40.26785405048582,-3.9195419943822003,Parking Municipal Arroyomolinos,Arroyomolinos,28939,3401,4,Public - Membership Required,True,50,True,4.0,1,22.0,25,1,2023-11-30T15:31:00Z,2023-11-30T15:31:00Z,public_membership,Electromaps,True
460497,E111EF56-393F-4E07-91D2-E74A59176DFB,40.26018663890267,-3.975662936577777,R5-Polvoranca (Dir. Madrid),Madrid,,3632,4,Public - Membership Required,True,150,False,4.0,1,400.0,33,1,2025-08-21T08:58:00Z,2025-08-21T08:58:00Z,public_membership,PowerGo,True
460496,CB6F6544-46F8-4388-BD50-2A9ADFEF5DD0,40.26147244058453,-3.974956466370287,R5- Polvoranca (Dir. Extremadura),Madrid,,3632,4,Public - Membership Required,True,150,False,4.0,1,400.0,33,1,2025-08-21T08:57:00Z,2025-08-21T08:57:00Z,public_membership,PowerGo,True
235607,90C2DB9E-610F-4CC3-8DB5-14B45DB2B6DC,40.27722785085277,-3.8036725521839116,Burger King Fuenlabrada,,28943,2247,4,Public - Membership Required,True,150,False,2.0,2,60.0,"33,2",1,2025-10-08T18:58:00Z,2025-10-08T18:58:00Z,public_membership,Iberdrola | BP Pulse (ES),True
297971,A4692042-BBE2-4793-8F05-CDE11DFF6D57,40.27803885646827,-3.8031647311833865,Ahorramas Luis Sauquillo,,28943,3276,4,Public - Membership Required,True,50,True,2.0,1,22.0,25,1,2024-04-27T10:55:00Z,2024-04-27T10:55:00Z,public_membership,EDP,True
202927,54372CF2-C5DB-4BE2-B535-CDA96BE244BB,40.27511263636697,-3.798956985067889,Mercadona (Barrio Arroyo),Fuenlabrada,2944,3499,4,Public - Membership Required,True,50,True,4.0,1,22.0,25,1,2025-10-17T18:25:00Z,2025-10-17T18:25:00Z,public_membership,Mercadona,True
210369,F631DA11-0645-4600-B8D4-24AFE3CD5EE9,40.27693809990794,-3.803560738028864,McDonalds  Luis Sauquillo,,28943,2247,4,Public - Membership Required,True,50,True,2.0,2,50.0,"33,2",1,2026-04-17T09:13:00Z,2026-04-17T09:13:00Z,public_membership,Iberdrola | BP Pulse (ES),True
298528,7121B679-BC59-4736-985C-AF357101D1A1,40.2463211525006,-3.8161182026577762,Residencia Amavir Humanes,Humanes de Madrid,28970,207,6,"Private - For Staff, Visitors or Customers",False,50,True,2.0,1,7.0,25,1,2024-05-09T18:41:00Z,2024-05-09T18:41:00Z,restricted,Endesa,False
128090,E329807E-A67D-4D6B-95DB-62A4033AE3F8,40.2594312429904,-3.82062972674248,Mercadona Humanes de Madrid,Humanes de Madrid,28970,3499,4,Public - Membership Required,True,50,True,2.0,1,22.0,25,1,2026-02-08T21:45:00Z,2026-02-08T21:45:00Z,public_membership,Mercadona,True
238247,7ED40408-8EF0-4769-9EB7-21C519A25348,40.27175211480707,-3.819325496948636,Hotel Humanes,Humanes de Madrid,28970,3571,6,"Private - For Staff, Visitors or Customers",False,50,True,2.0,1,7.4,25,1,2025-11-30T19:00:00Z,2025-11-30T19:00:00Z,restricted,TotalEnergies (ES),False
273752,C7474611-55D2-4A73-B17F-FF00BC1D57AF,40.27147371400284,-3.8189175140553857,Hotel Humanes,Humanes de Madrid,28970,3571,4,Public - Membership Required,True,50,True,2.0,3,100.0,"33,2,25",1,2025-08-10T10:14:00Z,2025-08-10T10:14:00Z,public_membership,TotalEnergies (ES),True
306119,C5C91896-31DC-4B51-B272-DE8047ECFFA6,40.274984528313894,-3.8055410641129583,Galp Fuenlabrada,,28940,3557,4,Public - Membership Required,True,50,True,2.0,1,120.0,33,1,2024-11-15T20:41:00Z,2024-11-15T20:41:00Z,public_membership,GALP Electric,True
267594,62CDED26-D782-4328-BEF6-9BBCCC9B1F42,40.274180992703,-3.81323958284486,BP Pulse Valdonaire,Humanes de Madrid,,2247,4,Public - Membership Required,True,50,True,2.0,1,150.0,33,1,2026-01-21T11:33:00Z,2026-01-21T11:33:00Z,public_membership,Iberdrola | BP Pulse (ES),True
274699,E45B55BB-84E2-4500-B648-CF83B489C91F,40.26812367802839,-3.8327639423773405,BP Pulse El Molino,Humanes,,2247,4,Public - Membership Required,True,50,True,2.0,1,150.0,33,1,2023-09-22T17:27:00Z,2023-09-22T17:27:00Z,public_membership,Iberdrola | BP Pulse (ES),True
472504,D398D36A-BF4C-4B8F-8286-305EC895ECB2,40.26268107239778,-3.8473509810947917,Plenoil Moraleja de Enmedio I,,28950,3750,5,Public - Pay At Location,False,50,True,2.0,1,60.0,33,1,2026-01-04T09:32:00Z,2026-01-04T09:32:00Z,public,Plenergy (ES),True
460422,6C904F52-1605-4EE9-B303-C985BEEC5C31,40.26138786219269,-3.8494890464376113,Moeve Moraleja Del Medio,Moraleja Del Medio,,3584,4,Public - Membership Required,True,50,True,1.0,1,150.0,33,1,2025-10-07T18:45:00Z,2025-10-07T18:45:00Z,public_membership,Moeve (ES),True
216904,1E6CF15F-E903-4245-AD97-623D2EC653F6,40.260097383730454,-3.857367137414826,Ahorramás Moraleja ,,28950,3276,4,Public - Membership Required,True,50,True,2.0,1,22.0,25,1,2024-04-27T10:54:00Z,2024-04-27T10:54:00Z,public_membership,EDP,True
480127,1FD3C0CE-0B2B-49CB-A331-8F95718061E3,40.19586306940138,-3.874388702003216,Henergy Serranillos Del Valle,Serranillos Del Valle,28979,45,5,Public - Pay At Location,False,50,True,1.0,2,60.0,"33,25",1,2026-09-03T14:57:00Z,2026-09-03T14:57:00Z,public,(Business Owner at Location),True
209691,9AEDBE98-9A84-41FC-933D-98CAA9DAEE1E,40.20721348410788,-3.876651357732726,Ahorramas Serranillos,,28979,3276,4,Public - Membership Required,True,50,True,4.0,1,22.0,25,1,2024-06-04T11:38:00Z,2024-06-04T11:38:00Z,public_membership,EDP,True
209692,477A5849-0F49-4BEB-A37F-CEF2EDE303FF,40.21567399913337,-3.8584791210564617,Ahorramas Griñón,Griñón,28971,3276,4,Public - Membership Required,True,50,True,2.0,1,22.0,25,1,2024-06-04T11:38:00Z,2024-06-04T11:38:00Z,public_membership,EDP,True
288783,577A6EF8-8509-4139-A6CF-3175190A78FF,40.22680116867926,-3.8437795432773214,Burger King Griñón,Griñón,28971,2247,4,Public - Membership Required,True,50,True,2.0,1,150.0,33,1,2026-08-05T19:47:00Z,2026-08-05T19:47:00Z,public_membership,Iberdrola | BP Pulse (ES),True
204198,220A43EC-C451-47B2-9897-5DFFACB90EB7,40.20020545634566,-3.8481373926950937,Mercadona Cubas de la Sagra,,28978,3499,4,Public - Membership Required,True,50,True,6.0,1,22.0,25,1,2025-10-17T18:21:00Z,2025-10-17T18:21:00Z,public_membership,Mercadona,True
461565,988ED7D5-91BA-457C-A3B2-A8B5F0E135B0,40.19978399227864,-3.84733061825807,Hiper Usera Cubas de la Sagra,Cubas de la Sagra,,45,1,Public,,100,False,1.0,1,11.0,25,1,2025-09-27T07:14:00Z,2025-09-27T07:14:00Z,public,(Business Owner at Location),True
461564,7C1E055E-7BC5-4C04-A381-9C50E4C92E84,40.189119727633454,-3.801958102652634,Cash Mayorista Hiper Usera,Torrejón de la Calzada,,3557,6,"Private - For Staff, Visitors or Customers",False,50,True,2.0,1,11.0,25,1,2025-09-27T07:13:00Z,2025-09-27T07:13:00Z,restricted,GALP Electric,False
204202,7D52A653-221C-4085-BAB6-F107E1F7C317,40.19283275832254,-3.8038700454923173,Mercadona Torrejon de la Calzada,,28991,3499,4,Public - Membership Required,True,50,True,4.0,1,22.0,25,1,2026-01-08T14:37:00Z,2026-01-08T14:37:00Z,public_membership,Mercadona,True
204201,961F9A3B-727B-4778-A40E-CA7DBD7B70D6,40.19883386756109,-3.8006117883817296,Ayunt. Torrejón de la Calzada,,28991,3401,4,Public - Membership Required,True,50,True,2.0,1,22.0,25,1,2025-10-07T18:41:00Z,2025-10-07T18:41:00Z,public_membership,Electromaps,True
204200,8408D9A5-B659-4DE1-B035-59E4F2B0E150,40.201157385400506,-3.8018274922065984,Ayunt. Torrejón de la Calzada,,28991,3401,4,Public - Membership Required,True,50,True,2.0,1,22.0,25,1,2025-10-07T18:38:00Z,2025-10-07T18:38:00Z,public_membership,Electromaps,True
202932,1D6871A5-EC10-40BE-8016-097BA0AEE4C4,40.219618490963825,-3.783267509180064,Hospital Infanta Cristina.,Torrejón de la Calzada,28990,3371,4,Public - Membership Required,True,50,True,2.0,1,22.0,25,1,2022-10-28T07:03:00Z,2022-10-28T07:03:00Z,public_membership,Wenea,True
202930,7159D2A6-DBA6-4E29-98ED-EC738004233C,40.22760912990873,-3.7820191120947584,Citroen Parla,Parla,28980,45,6,"Private - For Staff, Visitors or Customers",False,50,True,1.0,1,22.0,25,1,2022-09-13T18:55:00Z,2022-09-13T18:55:00Z,restricted,(Business Owner at Location),False
202931,4180F70D-1865-478B-9421-9DBC94691DE7,40.228449141378434,-3.781717941043553,Renault Parla,Parla,28980,3275,6,"Private - For Staff, Visitors or Customers",False,50,True,2.0,2,22.0,"25,25",1,2025-11-26T11:26:00Z,2025-11-26T11:26:00Z,restricted,Renault,False
300399,225B7328-F19C-4F90-92C2-01B17F2E70D1,40.27437151886619,-3.7605889246365223,Galp Fuenlabrada,,28947,207,4,Public - Membership Required,True,50,True,2.0,3,50.0,"33,2,25",1,2025-09-26T08:10:00Z,2025-09-26T08:10:00Z,public_membership,Endesa,True
202929,420702C0-7305-49C5-BC41-E4C0F52B472F,40.274370748909774,-3.7612454053538613,Hotel Ciudad Fuenlabrada,Fuenlabrada,28905,207,6,"Private - For Staff, Visitors or Customers",False,50,True,2.0,1,22.0,25,1,2025-09-26T08:11:00Z,2025-09-26T08:11:00Z,restricted,Endesa,False
461544,6C2BF3EA-0CA2-4C6D-BA36-9A0BF719FD65,40.27359886806008,-3.7541315438472793,Hotel Ibis Fuenlabrada (Electra),Fuenlabrada,,3489,4,Public - Membership Required,True,50,True,4.0,2,200.0,"33,33",1,2025-12-25T10:16:00Z,2025-12-25T10:16:00Z,public_membership,Electra,True
235230,051207F1-20A3-43E1-A7DC-0E53496EF357,40.259232038546685,-3.7614556736799614,Repsol Cantueña,,28947,91,4,Public - Membership Required,True,50,True,1.0,3,50.0,"33,2,1036",1,2026-01-13T18:12:00Z,2026-01-13T18:12:00Z,public_membership,Repsol - Ibil (ES),True
506297,DD59C0DD-1BE3-4DF3-BA37-73440C02EB52,40.26581838739182,-3.758942243253358,Galp Fuenlabrada Cantueña,,28947,3557,4,Public - Membership Required,True,50,True,2.0,1,60.0,33,1,2026-08-25T12:47:00Z,2026-08-25T12:47:00Z,public_membership,GALP Electric,True
312157,C2BD37E5-7B2A-4B1E-A07F-3CE307D2CD84,40.25135996259846,-3.7640906347818373,Galp Parla,Parla,,3557,4,Public - Membership Required,True,50,True,2.0,1,120.0,33,1,2025-10-08T18:42:00Z,2025-10-08T18:42:00Z,public_membership,GALP Electric,True
210378,060D63E6-7E15-4E73-81C2-BA7988C04181,40.24939647399884,-3.7668169145149477,Ballenoil Parla,,28981,2247,4,Public - Membership Required,True,50,True,2.0,3,50.0,"33,2,1036",1,2025-10-08T18:43:00Z,2025-10-08T18:43:00Z,public_membership,Iberdrola | BP Pulse (ES),True
301441,8DB62412-845A-4A39-BCDA-C3648A0D26CC,40.27723594656615,-3.7653005992143562,Repsol Fuenlabrada,Fuenlabrada,28946,91,4,Public - Membership Required,True,50,True,1.0,3,50.0,"33,2,1036",1,2026-06-02T10:20:00Z,2026-06-02T10:20:00Z,public_membership,Repsol - Ibil (ES),True
210380,A1EA2EA0-ED10-4247-8954-DAE7B2D56482,40.227760354193265,-3.77938159305279,Burger King Parla,,28980,2247,4,Public - Membership Required,True,50,True,4.0,3,50.0,"33,2,1036",1,2025-10-08T18:46:00Z,2025-10-08T18:46:00Z,public_membership,Iberdrola | BP Pulse (ES),True
290108,C416911C-D2D4-4E69-A551-D3382A092E8C,40.22828481048734,-3.778233065846848,Plenoil Parla,,28980,3750,4,Public - Membership Required,True,50,True,2.0,1,60.0,33,1,2024-11-01T10:36:00Z,2024-11-01T10:36:00Z,public_membership,Plenergy (ES),True
296574,CC160F39-8B48-4502-9153-B1ED39E566D1,40.23092819248399,-3.776040212873909,Repsol Calle Toledo,,28980,91,4,Public - Membership Required,True,50,True,1.0,3,50.0,"33,2,1036",1,2025-05-23T17:04:00Z,2025-05-23T17:04:00Z,public_membership,Repsol - Ibil (ES),True
235071,D3FBDBAC-9F17-48B6-A135-ABBCF8902125,40.22964559126305,-3.777246185634681,Mercadona Parla,,28980,3499,4,Public - Membership Required,True,50,True,6.0,1,22.0,25,1,2025-05-18T18:37:00Z,2025-05-18T18:37:00Z,public_membership,Mercadona,True
201775,0436BA25-509D-4053-949D-999B68C4E267,40.24440176270329,-3.7780440688345607,MacDonald's Parla,Parla,28981,2247,4,Public - Membership Required,True,50,True,4.0,3,50.0,"33,2,1036",1,2025-10-08T18:44:00Z,2025-10-08T18:44:00Z,public_membership,Iberdrola | BP Pulse (ES),True
216885,780B2D4D-A56E-48B5-B6E3-075E65EB4FDD,40.245332451565446,-3.7773241036392164,Mercadona Parla,,28982,3499,4,Public - Membership Required,True,50,True,2.0,1,22.0,25,1,2024-04-26T19:05:00Z,2024-04-26T19:05:00Z,public_membership,Mercadona,True
235221,5E782EB2-1C10-4527-95C6-D5D3C50C6751,40.24719431889474,-3.7651618949074646,Repsol Parla,,28981,91,4,Public - Membership Required,True,150,False,1.0,3,50.0,"33,1036,2",1,2024-01-28T11:40:00Z,2024-01-28T11:40:00Z,public_membership,Repsol - Ibil (ES),True
211055,D8777517-8F8C-4802-8AFB-A7807099DA74,40.23053519824472,-3.761691014138364,Hotel Ilunion Parla,,28983,45,6,"Private - For Staff, Visitors or Customers",False,50,True,2.0,1,7.4,25,1,2024-05-27T06:57:00Z,2024-05-27T06:57:00Z,restricted,(Business Owner at Location),False
235233,B0FE4C4C-FD53-45A6-BB93-A3931811DDDC,40.23735789117444,-3.7559235219893026,BARATOIL PARLA,,28983,45,5,Public - Pay At Location,False,100,False,2.0,1,22.0,25,1,2025-10-08T18:51:00Z,2025-10-08T18:51:00Z,public,(Business Owner at Location),True
305156,19A80366-277D-417C-B8F3-30AAFBD62FB1,40.23668560394526,-3.7585353054386132,Aldi Parla (Atlante),,28983,3588,4,Public - Membership Required,True,50,True,4.0,2,100.0,"33,25",1,2026-04-17T09:15:00Z,2026-04-17T09:15:00Z,public_membership,Atlante,True
202933,7F1BB721-9ACA-4159-8298-F2CA6A509D71,40.23778508066263,-3.7578612790912302,Mercadona Parla,Parla,28983,3499,4,Public - Membership Required,True,50,True,2.0,1,22.0,25,1,2025-10-17T18:29:00Z,2025-10-17T18:29:00Z,public_membership,Mercadona,True
210379,E979B53C-2CE0-4270-84A9-0CDB2E7F5B44,40.23969908480581,-3.7559765352536942,Burger King Parla,,28983,2247,4,Public - Membership Required,True,50,True,2.0,2,50.0,"33,2",1,2024-01-28T11:42:00Z,2024-01-28T11:42:00Z,public_membership,Iberdrola | BP Pulse (ES),True
235223,EE6B82CF-F4F2-4405-A387-5DCEF793D3A0,40.23968160776383,-3.753110334520329,Repsol Parla,,28983,91,4,Public - Membership Required,True,50,True,1.0,3,50.0,"33,1036,2",1,2026-07-28T12:46:00Z,2026-07-28T12:46:00Z,public_membership,Repsol - Ibil (ES),True
280375,6E9A8EFE-185D-4681-9A79-45E983E15D87,40.240679641542016,-3.7536505019291724,E.S. SerParla (Atlante),,28983,3588,4,Public - Membership Required,True,50,True,2.0,1,60.0,33,1,2025-05-19T17:05:00Z,2025-05-19T17:05:00Z,public_membership,Atlante,True
273872,31FBE70D-D39C-42CB-AAF5-9AC88D95EF03,40.236694154216735,-3.749628160333714,E.S. Leclerc Parla,,28983,3550,4,Public - Membership Required,True,50,True,2.0,2,150.0,"33,2",1,2025-10-08T18:49:00Z,2025-10-08T18:49:00Z,public_membership,PowerDot (Es),True
202934,14D96247-12F0-4BDF-8AB9-3B28D692E078,40.23658396962756,-3.7520932510230978,Mercadona Parla 2,Parla,28983,3499,4,Public - Membership Required,True,50,True,4.0,1,22.0,25,1,2024-09-23T18:45:00Z,2024-09-23T18:45:00Z,public_membership,Mercadona,True
461566,3586A86C-3CFD-46B7-9208-317FBE486D59,40.22559090826982,-3.752402699603749,AhorraMas Parla,Parla,,3276,4,Public - Membership Required,True,50,True,4.0,1,22.0,25,1,2025-09-27T07:18:00Z,2025-09-27T07:18:00Z,public_membership,EDP,True
492191,7B27AE66-FF6A-48C3-84EB-2C90DCF336C1,40.18549293460359,-3.6925386583594673,Galp Valdemoro,,28341,3557,4,Public - Membership Required,True,50,True,2.0,1,60.0,33,1,2026-06-02T10:21:00Z,2026-06-02T10:21:00Z,public_membership,GALP Electric,True
235533,2D94F8C0-6E64-4AFF-92DD-42458D4D2AAF,40.20862022922316,-3.6826449922247093,Trenasa,Valdemoro,28343,3459,6,"Private - For Staff, Visitors or Customers",False,50,True,1.0,1,11.0,25,1,2023-02-22T16:55:00Z,2023-02-22T16:55:00Z,restricted,ACCIONA - Cargacoches,False
209689,AD51AFE0-17CF-459E-880C-02D016FF13FE,40.19090719085517,-3.683464585536967,Ahorramás Valdemoro,Valdemoro,28343,3276,4,Public - Membership Required,True,50,True,2.0,1,22.0,25,1,2023-02-11T10:24:00Z,2023-02-11T10:24:00Z,public_membership,EDP,True
235606,79D97483-32CA-4741-A449-A5CB73CF9A69,40.19349305227533,-3.6909460762824438,Mercadona Valdemoro,Valdemoro,28343,3499,4,Public - Membership Required,True,50,True,4.0,1,22.0,25,1,2024-04-26T19:22:00Z,2024-04-26T19:22:00Z,public_membership,Mercadona,True
235220,55478FB7-BF76-41EF-93E5-8E12C27288C6,40.19504022349457,-3.692321489809757,BP Airón Valdemoro,Valdemoro,28342,3459,4,Public - Membership Required,True,50,True,2.0,3,50.0,"33,2,1036",1,2025-06-30T08:32:00Z,2025-06-30T08:32:00Z,public_membership,ACCIONA - Cargacoches,True
210381,B7951F7E-1E41-4081-9289-A3BDE4E8C56C,40.19436164451332,-3.6905557667024596,Burger King Valdemoro,Valdemoro,28342,2247,4,Public - Membership Required,True,50,True,2.0,2,50.0,"33,2",1,2024-01-28T11:43:00Z,2024-01-28T11:43:00Z,public_membership,Iberdrola | BP Pulse (ES),True
202943,EEE234F8-E398-408F-A871-706BABBDABB9,40.19445662947069,-3.6900477407289145,Ahorramas Valdemoro,Valdemoro,28343,3276,4,Public - Membership Required,True,50,True,2.0,1,22.0,25,1,2023-02-11T10:26:00Z,2023-02-11T10:26:00Z,public_membership,EDP,True
202282,0ADE0596-F79A-47D4-8744-102D876807AF,40.21018636169771,-3.6808638410827825,Rest. 3000,Valdemoro,28343,207,4,Public - Membership Required,True,50,True,2.0,3,50.0,"33,2,25",1,2022-10-25T11:48:00Z,2022-10-25T11:48:00Z,public_membership,Endesa,True
301054,8C3558D1-D19E-4A00-B0AE-D6845D2AB6A8,40.24597776322787,-3.6906135744187054,Repsol Pinto,Pinto,28320,91,4,Public - Membership Required,True,50,True,1.0,3,50.0,"33,2,1036",1,2024-09-23T18:47:00Z,2024-09-23T18:47:00Z,public_membership,Repsol - Ibil (ES),True
462095,E8992E1F-E841-4CC6-88D6-A3197A4D9076,40.24637580885917,-3.6894885121541847,Repsol Pinto,Pinto,,91,4,Public - Membership Required,True,50,True,1.0,3,50.0,"33,2,1036",1,2025-10-11T06:37:00Z,2025-10-11T06:37:00Z,public_membership,Repsol - Ibil (ES),True
478805,2201FB6B-2D55-449D-8040-8C3D2AC0F25B,40.243584099175536,-3.6890793287615224,C.C.Óptima  Pinto (Zunder),Pinto,28320,3324,4,Public - Membership Required,True,150,False,8.0,1,400.0,33,1,2026-03-27T21:27:00Z,2026-03-27T21:27:00Z,public_membership,Zunder,True
202942,5B8FBADF-031B-4506-A2CA-9AD61C83322A,40.240043956614755,-3.69146290027561,C.C. Plaza de Éboli,Pinto,28320,45,1,Public,,50,True,2.0,2,22.0,"25,28",1,2023-11-11T20:19:00Z,2023-11-11T20:19:00Z,public,(Business Owner at Location),True
304522,7FB4BCD6-BCF2-4EC8-8EB8-32A9432E11AF,40.243032308442736,-3.687542001964374,Tesla Supercharger Pinto (C.C. Óptima),Pinto,28320,3534,4,Public - Membership Required,True,150,False,12.0,1,250.0,33,1,2024-11-26T07:56:00Z,2024-11-26T07:56:00Z,public_membership,Tesla (including non-tesla),True
279870,C4A9B5F7-83E6-4456-8449-31D5D408A9EC,40.23961982457635,-3.6903672022091314,E.Leclerc C.C. Eboli,Pinto,28320,3550,4,Public - Membership Required,True,50,True,2.0,1,150.0,33,1,2024-02-15T21:28:00Z,2024-02-15T21:28:00Z,public_membership,PowerDot (Es),True
202941,EC24FF34-ACA2-4C71-BABD-106141662896,40.24006926918349,-3.692868197875214,Hotel Princesa de Éboli,Pinto,28320,45,6,"Private - For Staff, Visitors or Customers",False,50,True,2.0,2,3.7,"25,28",1,2022-09-13T19:14:00Z,2022-09-13T19:14:00Z,restricted,(Business Owner at Location),False
202940,6AA29BC7-E3C9-432D-821F-626F5B7D479F,40.24178290909927,-3.6937768074308224,Ahorramas Pinto,Pinto,28320,3276,1,Public,,50,True,6.0,1,7.4,25,1,2023-02-11T10:30:00Z,2023-02-11T10:30:00Z,public,EDP,True
301055,7E5140AD-575F-43E6-B2FA-47D4B5F26E9D,40.24576852190714,-3.7010728400765345,Aldi Pinto,Pinto,28320,3464,1,Public,,50,True,1.0,1,7.4,25,1,2024-07-14T18:17:00Z,2024-07-14T18:17:00Z,public,ALDI SÜD (DE),True
202938,EBFBF550-7EE5-4AD6-A55E-F59A91D2E4B0,40.24700020037167,-3.706190019511496,Nissan Pinto,Pinto,28320,3558,6,"Private - For Staff, Visitors or Customers",False,50,True,1.0,1,22.0,25,1,2022-09-26T19:44:00Z,2022-09-26T19:44:00Z,restricted,Nissan (ES) Dealer Network,False
202937,963C774F-C180-48A2-AAB4-DAB166130E4A,40.24676874406961,-3.707013350600505,Grupo AUTOSAE,Pinto,28320,45,6,"Private - For Staff, Visitors or Customers",False,50,True,6.0,3,22.0,"25,25,28",1,2025-11-26T11:21:00Z,2025-11-26T11:21:00Z,restricted,(Business Owner at Location),False
496637,2867890E-DDA5-4BEE-BE24-1BE337AE3E93,40.245817898041736,-3.7071128800928363,Burger King Pinto,Pinto,28320,2247,4,Public - Membership Required,True,50,True,2.0,2,100.0,"33,2",1,2026-06-30T14:40:00Z,2026-06-30T14:40:00Z,public_membership,Iberdrola | BP Pulse (ES),True
202281,C6561E69-96CB-4882-9D46-8AACC0AAB3A3,40.24672155028611,-3.7105240739018654,Las Aves Parque Empresarial Endesa,Pinto,28320,207,4,Public - Membership Required,True,50,True,5.0,3,50.0,"33,2,25",1,2026-03-02T18:15:00Z,2026-03-02T18:15:00Z,public_membership,Endesa,True
207270,83CFD95F-E8F0-4F17-8F11-A5976A4946BE,40.245237317803856,-3.7109125604689552,Zonauto Sur Pinto,Pinto,28320,45,6,"Private - For Staff, Visitors or Customers",False,50,True,1.0,1,22.0,25,1,2022-10-09T19:21:00Z,2022-10-09T19:21:00Z,restricted,(Business Owner at Location),False
492615,ED334CB9-240B-4393-893C-2E567B6A4964,40.24724435778231,-3.711684928951172,E.S. Ballenoil,Pinto,28320,3880,4,Public - Membership Required,True,150,False,2.0,1,60.0,33,1,2026-06-08T10:45:00Z,2026-06-08T10:45:00Z,public_membership,Ballenoil (ES),True
478742,1E97F9EB-DCB6-413C-8F68-4492453438D8,40.246971801786856,-3.711814550492079,E.S. Ballenoil Odibar (Zunder),Pinto,28320,3324,4,Public - Membership Required,True,50,True,2.0,2,50.0,"33,1036",1,2026-09-01T15:38:00Z,2026-09-01T15:38:00Z,public_membership,Zunder,True
202939,302258DB-54D1-42A3-AC06-FB78D2E9BC32,40.23931725954736,-3.703320411448317,Mercadona Pinto,Pinto,28320,3499,4,Public - Membership Required,True,50,True,2.0,1,22.0,25,1,2025-10-17T18:31:00Z,2025-10-17T18:31:00Z,public_membership,Mercadona,True
235232,1C801204-4014-432F-84A1-C3A26DCFF9A8,40.26600825754903,-3.7426722101212135,Repsol Fuenlabrada,,28947,91,4,Public - Membership Required,True,50,True,1.0,3,50.0,"33,1036,2",1,2025-09-26T10:02:00Z,2025-09-26T10:02:00Z,public_membership,Repsol - Ibil (ES),True
473145,EDFA93E2-A5C4-49DE-B3C1-51F0505DD380,40.264774717453804,-3.7386068045462935,Repsol GLP,Getafe,,91,2,Private - Restricted Access,True,50,True,2.0,1,22.0,25,1,2026-01-27T18:17:00Z,2026-01-27T18:17:00Z,restricted,Repsol - Ibil (ES),False
461567,127BEAE3-990F-4446-AEA4-410C84A31873,40.27196557835967,-3.705812123859573,Madrid Hi-Fi,Getafe,,45,6,"Private - For Staff, Visitors or Customers",False,50,True,4.0,1,11.0,25,1,2025-09-27T07:20:00Z,2025-09-27T07:20:00Z,restricted,(Business Owner at Location),False
309397,090FE28B-0FD5-4F3D-BC9A-36A5347A3B72,40.27486260194979,-3.729278299988465,Findamc,Getafe,,3371,6,"Private - For Staff, Visitors or Customers",False,50,True,6.0,1,11.0,25,1,2025-03-09T19:53:00Z,2025-03-09T19:53:00Z,restricted,Wenea,False
301052,C3096E49-6C60-46F6-B368-5D81DF3F8767,40.27408025294096,-3.7399023987479723,Elion Tecnogetafe,,28947,45,6,"Private - For Staff, Visitors or Customers",False,50,True,1.0,1,50.0,33,1,2026-01-11T17:27:00Z,2026-01-11T17:27:00Z,restricted,(Business Owner at Location),False
204194,9C2046DF-BC45-459E-B507-18329FABC991,40.27577224581151,-3.6973147985702326,Saltoki Getafe,,28320,3401,4,Public - Membership Required,True,50,True,5.0,1,22.0,25,1,2024-06-01T18:00:00Z,2024-06-01T18:00:00Z,public_membership,Electromaps,True
299675,6B316027-475F-455A-A03A-00F5F7652C56,40.27879659233079,-3.7020351963233793,Saltoki Construcción Getafe,,28320,3401,4,Public - Membership Required,True,50,True,2.0,1,22.0,25,1,2024-06-01T18:01:00Z,2024-06-01T18:01:00Z,public_membership,Electromaps,True
462094,6DF9F8BA-303D-47E7-A482-384B19CB4290,40.2774361790766,-3.701656595158397,K-Flex ,Getafe,,45,6,"Private - For Staff, Visitors or Customers",False,50,True,6.0,1,22.0,25,1,2025-10-10T18:25:00Z,2025-10-10T18:25:00Z,restricted,(Business Owner at Location),False
279378,DE184EAC-E030-4CE9-8844-17BFE72CE7BF,40.275448967494896,-3.7022981737115686,Decathlon Getafe (Efimob),,28320,45,4,Public - Membership Required,True,50,True,4.0,1,11.0,25,1,2023-10-23T18:52:00Z,2023-10-23T18:52:00Z,public_membership,(Business Owner at Location),True
312155,78845E8E-5F54-43AE-860E-B417550F175B,40.27626847973892,-3.6993562044169437,Repsol Getafe,Getafe,,91,4,Public - Membership Required,True,50,True,1.0,3,50.0,"33,2,1036",1,2025-10-08T19:35:00Z,2025-10-08T19:35:00Z,public_membership,Repsol - Ibil (ES),True
279377,1D6FE54B-71AB-48BF-A611-C01300E4971B,40.27464837963373,-3.702376198582442,Decathlon Getafe (EDP),,28320,3276,4,Public - Membership Required,True,75,True,14.0,2,150.0,"25,33",1,2026-08-28T13:42:00Z,2026-08-28T13:42:00Z,public_membership,EDP,True
201776,2C5AB722-CFF0-403B-9449-5E9A678DDB46,40.27161657389061,-3.6969807965190284,C.C. Nassica,Getafe,28320,2247,4,Public - Membership Required,True,50,True,4.0,3,50.0,"33,2,1036",1,2022-12-13T11:14:00Z,2022-12-13T11:14:00Z,public_membership,Iberdrola | BP Pulse (ES),True
210609,74CF0473-46FF-4EEA-B607-0C7F679381D7,40.27070718989205,-3.6969759388343846,McDonalds  Getafe Nassica,,28320,2247,4,Public - Membership Required,True,50,True,2.0,2,50.0,"33,2",1,2022-12-13T11:16:00Z,2022-12-13T11:16:00Z,public_membership,Iberdrola | BP Pulse (ES),True
207268,0E7017B1-8BDB-449D-A216-37DEBC4FBD20,40.270627847946486,-3.6962435556051787,SGS ITV,Getafe,28320,3459,6,"Private - For Staff, Visitors or Customers",False,30,True,2.0,1,22.0,25,1,2023-02-22T16:57:00Z,2023-02-22T16:57:00Z,restricted,ACCIONA - Cargacoches,False
280878,2D126597-8AE3-4A8B-95C7-7AB21787EA14,40.270631768925824,-3.695317670411356,Norauto Getafe,,28320,2247,4,Public - Membership Required,True,50,True,2.0,3,50.0,"1036,33,2",1,2023-11-30T15:20:00Z,2023-11-30T15:20:00Z,public_membership,Iberdrola | BP Pulse (ES),True
202935,2D722038-47FC-40E5-90B4-9744353A11EF,40.27268815911074,-3.694666188170686,Factory Nassica,Getafe,28320,207,4,Public - Membership Required,True,50,True,4.0,1,22.0,25,1,2022-09-13T19:03:00Z,2022-09-13T19:03:00Z,public_membership,Endesa,True
202936,8BCFEF1B-C9F0-443B-8563-DBC7D2A4DD01,40.262636846091254,-3.6926309667136366,Mercedes Pinto,Pinto,28320,45,6,"Private - For Staff, Visitors or Customers",False,50,True,1.0,1,22.0,25,1,2022-09-13T19:05:00Z,2022-09-13T19:05:00Z,restricted,(Business Owner at Location),False
260349,1EA87EB4-82FD-4772-8A5E-DD169C0EB966,40.26406477074448,-3.692214498471799,Hotel Posadas de España - Pinto,Pinto,28320,3571,4,Public - Membership Required,True,50,True,2.0,3,100.0,"33,2,25",1,2024-09-13T09:45:00Z,2024-09-13T09:45:00Z,public_membership,TotalEnergies (ES),True
301053,E3774FB7-EB80-42B1-BE87-BF96130789B9,40.26763713260473,-3.6894531429232984,Hotel Eurostars Arenas de Pinto,Pinto,28320,3557,6,"Private - For Staff, Visitors or Customers",False,50,True,4.0,1,7.4,25,1,2024-11-15T20:40:00Z,2024-11-15T20:40:00Z,restricted,GALP Electric,False
265949,18E56DCD-B79B-4C4E-B9BA-B5B42CEDAE55,40.27013144417984,-3.6993313422667597,Leroy Merlin Getafe,,28320,2247,4,Public - Membership Required,True,50,True,8.0,1,22.0,1036,1,2025-08-29T07:23:00Z,2025-08-29T07:23:00Z,public_membership,Iberdrola | BP Pulse (ES),True
202017,61614463-4F9B-471B-9C6E-67C51AF3141D,40.25635164746032,-3.6941879026837796,Hotel las Artes,Pinto,28320,3459,6,"Private - For Staff, Visitors or Customers",False,50,True,2.0,1,22.0,25,1,2025-05-12T20:26:00Z,2025-05-12T20:26:00Z,restricted,ACCIONA - Cargacoches,False
207269,1C8A7E57-8F50-4B68-99A3-31276244ACED,40.256764998770024,-3.6945808967273024,"Ahorramas Pinto, Las Artes",Pinto,28320,3276,4,Public - Membership Required,True,50,True,4.0,1,22.0,25,1,2023-02-11T10:29:00Z,2023-02-11T10:29:00Z,public_membership,EDP,True
474923,AD6D31D6-0F15-4496-8026-83EB8412079B,40.253410253898835,-3.699125984103148,Mercadona Pinto,Pinto,28320,3499,4,Public - Membership Required,True,50,True,4.0,1,22.0,25,1,2026-01-27T18:18:00Z,2026-01-27T18:18:00Z,public_membership,Mercadona,True
209690,2840FC03-B521-4A26-9463-5C2BD84B2D81,40.251958943815936,-3.698894806612884,Ahorramas Pinto María Blanchard,Pinto,28320,3276,4,Public - Membership Required,True,100,False,2.0,1,22.0,25,1,2025-01-06T16:05:00Z,2025-01-06T16:05:00Z,public_membership,EDP,True
306077,55BEF6BA-1FA6-40CF-8BE0-E71C3A9217B6,40.254854609785326,-3.689480155739119,Daimler Trucks,Pinto,28320,3371,4,Public - Membership Required,True,50,True,2.0,2,100.0,"33,25",1,2024-11-15T07:19:00Z,2024-11-15T07:19:00Z,public_membership,Wenea,True
460483,13BB541C-58E2-4E69-A064-FB854A9FF08F,40.23467156882518,-3.5932764647517104,Parque Warner,San Martín De La Vega,,3632,4,Public - Membership Required,True,150,False,86.0,1,22.0,25,1,2025-08-21T07:54:00Z,2025-08-21T07:54:00Z,public_membership,PowerGo,True
235219,B5D3081D-E36A-4C44-968A-BF81A15E1C3F,40.20329898712066,-3.582654488575116,Parking de Parque Blanco,San Martín de la Vega,28330,1,1,Public,,50,True,2.0,1,22.0,25,1,2023-02-16T18:37:00Z,2023-02-16T18:37:00Z,public,(Unknown Operator),True
297483,E7CDA678-D7F2-4BD2-9B9B-9622BA505B8C,40.18392429152263,-3.67836751004279,C.C. El Restón,Valdemoro,28343,3550,4,Public - Membership Required,True,50,True,22.0,3,100.0,"33,2,25",1,2025-08-26T09:30:00Z,2025-08-26T09:30:00Z,public_membership,PowerDot (Es),True
97229,CD614856-B1B1-427F-8564-25C8408CB4F1,40.1842308,-3.67937029999996,El Restón Mall,Valdemoro,28041,45,1,Public,,50,True,2.0,2,7.4,"25,28",1,2022-09-26T08:59:00Z,2022-09-26T08:59:00Z,public,(Business Owner at Location),True
305187,789A91D1-3659-45F4-A007-D014779015C0,40.196133364481966,-3.6739895258295974,Aldi Valdemoro (Atlante),Valdemoro,28343,3588,4,Public - Membership Required,True,50,True,4.0,2,150.0,"33,33",1,2025-06-02T19:06:00Z,2025-06-02T19:06:00Z,public_membership,Atlante,True
297803,3CEEF03D-19D2-4EBC-9A8B-2C2B502A0571,40.18955577133548,-3.6734968941196655,Cepsa Valdemoro,Valdemoro,28343,3584,4,Public - Membership Required,True,150,False,1.0,1,150.0,33,1,2024-04-21T16:51:00Z,2024-04-21T16:51:00Z,public_membership,Moeve (ES),True
495061,F08D4EC8-886A-492C-8913-D225E264A554,40.196505735014654,-3.6666719405429546,Ayunt. Valdemoro. Calle Marqués de Alcañices,,28343,2247,4,Public - Membership Required,True,50,True,4.0,1,22.0,25,1,2026-06-23T11:02:00Z,2026-06-23T11:02:00Z,public_membership,Iberdrola | BP Pulse (ES),True
209687,1DA7DD24-8527-425C-AB46-11208C3E1525,40.21395567381643,-3.5754721853191995,Ahorramas San Martín de la Vega,San Martín de la Vega,28330,3276,4,Public - Membership Required,True,50,True,2.0,1,22.0,25,1,2023-02-11T10:23:00Z,2023-02-11T10:23:00Z,public_membership,EDP,True
202944,C6476FED-EC4B-44A0-806B-789A5BDE585A,40.214726277343544,-3.576126660607059,Mercadona San Martín de la Vega,San Martín de la Vega,28330,3499,4,Public - Membership Required,True,50,True,4.0,1,22.0,25,1,2025-10-17T18:33:00Z,2025-10-17T18:33:00Z,public_membership,Mercadona,True
309396,1D8F80D4-E0D5-4A56-B80F-D9B64B32C3AB,40.22350888006585,-3.3347476657752395,Galp Perales de Tajuña,Perales de Tajuña,,3557,4,Public - Membership Required,True,50,True,2.0,1,60.0,33,1,2025-10-09T18:08:00Z,2025-10-09T18:08:00Z,public_membership,GALP Electric,True
171270,8945823B-C5D5-4A0C-B0D8-B8029A456239,40.23961926847025,-3.352512594178961,Perales de Tajuña - ELECTRICA POPULAR,Perales de Tajuña,,3324,4,Public - Membership Required,True,50,True,2.0,3,50.0,"33,2,1036",1,2025-06-30T08:31:00Z,2025-06-30T08:31:00Z,public_membership,Zunder,True
207197,5768F329-6015-49FF-AB17-AD56DCAF997B,40.24973331167132,-3.235958511183753,Rest. Huerta de Carabaña,Carabaña,28570,91,6,"Private - For Staff, Visitors or Customers",False,50,True,2.0,1,11.0,1036,1,2025-10-09T18:09:00Z,2025-10-09T18:09:00Z,restricted,Repsol - Ibil (ES),False
312524,8A5D2274-0E20-4EB5-9629-E3A30AC90F8A,40.23003290375797,-3.1094553759915016,Ayunt. Brea de Tajo,Brea de Tajo,,1,1,Public,,50,True,1.0,1,11.0,25,1,2025-10-10T09:40:00Z,2025-10-10T09:40:00Z,public,(Unknown Operator),True
202873,D46E6AEB-A7E9-4EC6-9681-DE88733A47C4,40.30270505668042,-4.552904243987143,Ayunt. Santa María del Tietar,Santa María del Tiétar,05428,1,1,Public,,50,True,2.0,1,7.4,25,1,2024-11-14T22:38:00Z,2024-11-14T22:38:00Z,public,(Unknown Operator),True
235121,F7B99D52-BECF-4605-8B91-77B10A6A45F6,40.36023531271283,-4.402934269792439,Ayto San Martín De Valdeiglesias - Crta Toledo (Acciona),,28680,3459,4,Public - Membership Required,True,50,True,2.0,1,100.0,33,1,2025-05-09T13:12:00Z,2025-05-09T13:12:00Z,public_membership,ACCIONA - Cargacoches,True
235123,1FF79B97-C73C-4BDD-94C7-7D72C1ED4C6F,40.366457906042996,-4.402008288484126,Ayto San Martín De Valdeiglesias -  Calle de Salamanca,,28680,1,4,Public - Membership Required,True,150,False,2.0,2,7.4,"25,28",1,2025-08-27T08:17:00Z,2025-08-27T08:17:00Z,public_membership,(Unknown Operator),True
265815,E4A2F704-3DB7-4EAA-B833-0EBD9B4BEC9F,40.35926488704155,-4.4097849054471965,Mercadona San Martín de Valdeiglesias,,28680,3499,4,Public - Membership Required,True,50,True,6.0,1,22.0,25,1,2024-04-26T18:52:00Z,2024-04-26T18:52:00Z,public_membership,Mercadona,True
235122,99F8D6B1-5D19-446E-BA11-F8EBB4EFFB9D,40.36081705018739,-4.39658090185776,Ayto San Martín De Valdeiglesias - Avda Madrid (Acciona),,28680,3459,4,Public - Membership Required,True,50,True,2.0,1,100.0,33,1,2025-05-09T13:12:00Z,2025-05-09T13:12:00Z,public_membership,ACCIONA - Cargacoches,True
284854,BC742182-F9C5-4479-BF9E-FBD3948A9589,40.36546675228706,-4.314781339779074,Repsol Pelayos de la Presa,,28696,91,4,Public - Membership Required,True,50,True,1.0,3,50.0,"33,2,1036",1,2024-11-15T16:16:00Z,2024-11-15T16:16:00Z,public_membership,Repsol - Ibil (ES),True
235125,01C72E5D-41D6-4634-AA97-B644C15A31A3,40.37123580979571,-4.324912237432613,Camping Ardilla Roja,,28696,45,6,"Private - For Staff, Visitors or Customers",False,50,True,1.0,1,3.7,28,1,2023-02-15T19:35:00Z,2023-02-15T19:35:00Z,restricted,(Business Owner at Location),False
235124,885FCAB2-ADAC-4858-B8E4-8C8742F679C0,40.36463940880475,-4.325036014568127,Camping La Enfermería,,28696,45,6,"Private - For Staff, Visitors or Customers",False,50,True,1.0,1,3.7,28,1,2023-02-15T19:35:00Z,2023-02-15T19:35:00Z,restricted,(Business Owner at Location),False
209695,B0BF6CF6-6F0C-4560-B143-0DE1409AB135,40.32249263484613,-4.197537021253197,Ahorramas Aldea del Fresno,,28620,3276,4,Public - Membership Required,True,50,True,4.0,1,11.0,25,1,2023-02-15T19:37:00Z,2023-02-15T19:37:00Z,public_membership,EDP,True
489706,9A3F28B8-2E10-48B1-B9EE-B79530F3D63C,40.30047744613657,-3.982871459575108,Ayunt. Navalcarnero. Calle Coníferas,Navalcarnero,28600,3809,4,Public - Membership Required,True,50,True,2.0,1,22.0,25,1,2026-05-16T07:03:00Z,2026-05-16T07:03:00Z,public_membership,Qwello,True
494665,770B0BCA-E1E7-48C2-90F5-13C009FD8F61,40.30252300180524,-4.005033328602792,Ayunt. Navalcarnero. Avenida de la Dehesa,Navalcarnero,28600,3809,4,Public - Membership Required,True,50,True,2.0,1,22.0,25,1,2026-06-20T12:19:00Z,2026-06-20T12:19:00Z,public_membership,Qwello,True
508300,5FE6B472-0F8E-4509-B169-B683C72C731D,40.288328216703235,-4.020632994533457,Ayunt. Navalcarnero. Calle de Antonio Zenón,Navalcarnero,28600,3809,4,Public - Membership Required,True,50,True,2.0,1,22.0,25,1,2026-09-08T13:19:00Z,2026-09-08T13:19:00Z,public_membership,Qwello,True
508299,83AA6359-BD7C-4BCF-874E-DA6FDF761ABD,40.28389185941907,-4.02266304147102,Ayunt. Navalcarnero. Carretera de El Escorial,Navalcarnero,28600,3809,4,Public - Membership Required,True,50,True,2.0,1,22.0,25,1,2026-09-08T13:17:00Z,2026-09-08T13:17:00Z,public_membership,Qwello,True
491732,02E17ECF-23E5-4025-A766-177A46DADFB3,40.283182682318596,-4.018483130824052,Ayunt. Navalcarnero. Calle Felguera,Navalcarnero,28600,3809,4,Public - Membership Required,True,50,True,2.0,1,22.0,25,1,2026-05-30T08:35:00Z,2026-05-30T08:35:00Z,public_membership,Qwello,True
508301,F89ADBEB-2086-4A7D-8573-F785AEE50108,40.29033577982898,-4.001175615953684,Ayunt. Navalcarnero. Camino de Villaviciosa,Navalcarnero,28600,3809,4,Public - Membership Required,True,150,False,2.0,1,22.0,25,1,2026-09-08T13:21:00Z,2026-09-08T13:21:00Z,public_membership,Qwello,True
202904,CF3E87EA-1426-4A3C-BBD7-43A281558E01,40.2887672337784,-4.004749936055987,Mercadona Navalcarnero,Navalcarnero,28600,3499,4,Public - Membership Required,True,50,True,4.0,1,22.0,25,1,2024-09-22T11:33:00Z,2024-09-22T11:33:00Z,public_membership,Mercadona,True
508304,8E13A08B-7188-4687-86C6-A1F998F143D4,40.28802191080459,-4.004401642909528,Lidl Navalcarnero,Navalcarnero,28600,38,1,Public,,50,True,4.0,1,11.0,25,1,2026-09-08T13:30:00Z,2026-09-08T13:30:00Z,public,Lidl,True
492582,CC023DFA-7BE9-4028-82FD-0F399C269F11,40.28671992533768,-4.007465957255363,Ayun. Navalcarnero. Calle de la Constitución,Navalcarnero,28600,3809,4,Public - Membership Required,True,50,True,2.0,1,22.0,25,1,2026-06-07T14:21:00Z,2026-06-07T14:21:00Z,public_membership,Qwello,True
495533,282CB196-F122-46DD-B982-70AE50F0FC8E,40.290127158007124,-4.006900151646619,Ayunt. Navalcarnero. Plaza De Toros,Navalcarnero,28600,3809,4,Public - Membership Required,True,50,True,2.0,1,22.0,25,1,2026-06-28T10:01:00Z,2026-06-28T10:01:00Z,public_membership,Qwello,True
209694,94027E52-0F1E-4420-ADDD-DD23C9CBAA0E,40.291340866629184,-4.005320027989114,Ahorramas Navalcarnero,Navalcarnero,28600,3276,4,Public - Membership Required,True,50,True,2.0,1,22.0,25,1,2023-05-28T10:39:00Z,2023-05-28T10:39:00Z,public_membership,EDP,True
495532,AF0B9757-AF79-4046-A890-4F7EC6E03ACD,40.29376058858114,-4.005858640398571,Ayunt. Navalcarnero. Calle de Feliciano Hernández,Navalcarnero,28600,3809,4,Public - Membership Required,True,50,True,2.0,1,22.0,25,1,2026-06-28T10:00:00Z,2026-06-28T10:00:00Z,public_membership,Qwello,True
202280,25E41BFA-1E80-49EF-B1B0-FFF05379A654,40.29136619713961,-4.003056487870026,E.S. Maxpetrol,Navalcarnero,28600,207,4,Public - Membership Required,True,50,True,2.0,3,50.0,"33,2,25",1,2023-05-20T19:06:00Z,2023-05-20T19:06:00Z,public_membership,Endesa,True
508302,164A1E6E-AFEC-4F13-A23C-BCB899F3ACF9,40.29197718370608,-3.9988014346801037,Dia Navalcarnero,Navalcarnero,28600,3798,5,Public - Pay At Location,False,150,False,2.0,1,120.0,33,1,2026-09-08T13:23:00Z,2026-09-08T13:23:00Z,public,REMO Mobility (ES),True
507822,ED7405FB-D2C1-41B2-ACF4-5B8407C97E32,40.29403650375468,-3.99313101850521,Ayunt. Navalcarnero. Ciudad Deportiva,Navalcarnero,28600,3809,4,Public - Membership Required,True,50,True,2.0,1,22.0,25,1,2026-09-01T09:48:00Z,2026-09-01T09:48:00Z,public_membership,Qwello,True
201771,66E610B2-0E51-40A7-AFEE-475B2D190A77,40.29074185889448,-3.994081219911891,E.S. Ballenoil Navalcarnero,Navalcarnero,28600,2247,4,Public - Membership Required,True,50,True,2.0,2,50.0,"33,2",1,2024-06-27T13:19:00Z,2024-06-27T13:19:00Z,public_membership,Iberdrola | BP Pulse (ES),True
305155,939E52E1-A1F8-457F-BDC6-F0E567B715A8,40.28987406224746,-3.996746977031961,Aldi Navalcarnero (Atlante),Navalcarnero,28600,3588,4,Public - Membership Required,True,50,True,4.0,2,100.0,"33,33",1,2026-07-14T15:25:00Z,2026-07-14T15:25:00Z,public_membership,Atlante,True
202947,B3164D15-D247-47A9-9AC9-34E63CC6F6EA,40.350168733623576,-4.0218120782503775,Mercadona Sevilla la Nueva,Sevilla la Nueva,28609,3499,4,Public - Membership Required,True,50,True,2.0,1,22.0,25,1,2025-10-17T18:17:00Z,2025-10-17T18:17:00Z,public_membership,Mercadona,True
202946,64D662F4-DFEE-4251-B62E-C20F29EF2665,40.34724187166398,-4.027671207680896,Ayunt. Sevilla La Nueva,Sevilla la Nueva,28609,3401,4,Public - Membership Required,True,50,True,4.0,2,22.0,"25,28",1,2023-11-29T19:14:00Z,2023-11-29T19:14:00Z,public_membership,Electromaps,True
190945,7A8EB53A-3D84-444A-A03E-BE089CEB39CA,40.30262202634816,-3.90563389029694,Ahorramas Arroyomolinos,Arroyomolinos,28935,3276,4,Public - Membership Required,True,50,True,6.0,4,50.0,"25,33,2,1036",1,2025-10-07T19:04:00Z,2025-10-07T19:04:00Z,public_membership,EDP,True
202913,C3C548E7-A8C0-437A-B87B-2D53DCC400C9,40.326985802425895,-3.887368835530424,Polideportivo Body Factory,Móstoles,28935,207,4,Public - Membership Required,True,50,True,4.0,1,22.0,25,1,2022-09-13T14:57:00Z,2022-09-13T14:57:00Z,public_membership,Endesa,True
202909,91C66B89-B929-41E2-90F6-CC45F0A735E5,40.33026602483548,-3.8871982567234227,Carrefour Planet (Interior),Móstoles,28935,3960,1,Public,,50,True,2.0,1,7.4,25,1,2026-01-17T10:00:00Z,2026-01-17T10:00:00Z,public,Carrefour (ES),True
471772,1D1FAE90-3C74-4029-AB6E-8C9369AB922C,40.3292703785433,-3.888424144950818,E.S. Carrefour Móstoles,,28935,3960,5,Public - Pay At Location,False,50,True,1.0,2,50.0,"33,2",1,2026-01-17T10:00:00Z,2026-01-17T10:00:00Z,public,Carrefour (ES),True
202910,65D97463-8DEB-469A-8A4C-8C530F0D8FD3,40.3310785426624,-3.88726766367472,Carrefour Planet (Exterior),Móstoles,28935,3960,1,Public,,50,True,2.0,1,7.4,25,1,2026-01-17T10:00:00Z,2026-01-17T10:00:00Z,public,Carrefour (ES),True
24185,DF422FE7-621C-41D0-BDAA-038946470E6A,40.33411193667051,-3.8868320405101686,Estacion Servicio Repsol Mostoles,Móstoles,28935,91,4,Public - Membership Required,True,50,True,1.0,3,50.0,"2,33,1036",1,2025-12-23T14:19:00Z,2025-12-23T14:19:00Z,public_membership,Repsol - Ibil (ES),True
202906,01C38E94-0FF3-46A1-99DB-B04FB73A5C52,40.33493444761987,-3.8874792136506358,Hotel Ciudad de Móstoles,Móstoles,28670,3401,6,"Private - For Staff, Visitors or Customers",False,50,True,2.0,1,22.0,25,1,2023-11-30T15:27:00Z,2023-11-30T15:27:00Z,restricted,Electromaps,False
266295,55AF8927-C8BD-4D7B-8F48-43DA18ACCC51,40.33688811414257,-3.8859040141811647,Repsol Lab-Tech,,28933,91,6,"Private - For Staff, Visitors or Customers",False,50,True,2.0,1,7.4,25,1,2023-05-31T06:50:00Z,2023-05-31T06:50:00Z,restricted,Repsol - Ibil (ES),False
207284,FDC29723-179C-4E5A-9F60-CE24F9F0E4E9,40.34933282627509,-3.9020339220033975,AMC engine,Villaviciosa de Odón,28670,45,6,"Private - For Staff, Visitors or Customers",False,50,True,1.0,1,22.0,25,1,2022-10-10T06:47:00Z,2022-10-10T06:47:00Z,restricted,(Business Owner at Location),False
209700,0863CC3B-8CD4-40A5-B02C-6D47CC3E6620,40.350719211227954,-3.899297142576188,Ahorramás Villaviciosa de Odón,Villaviciosa de Odón,28670,3276,4,Public - Membership Required,True,50,True,4.0,1,7.4,25,1,2023-02-11T10:32:00Z,2023-02-11T10:32:00Z,public_membership,EDP,True
210377,D9F8E545-2D1E-4189-AE5B-EB8ED63E06D0,40.35045222566336,-3.9022830501191947,McDonalds Villaviciosa de Odón,Villaviciosa de Odón,28670,2247,4,Public - Membership Required,True,50,True,2.0,3,50.0,"33,2,1036",1,2024-02-07T18:52:00Z,2024-02-07T18:52:00Z,public_membership,Iberdrola | BP Pulse (ES),True
306105,FEEF8B00-0371-4210-AEC5-E6DFDAAC6579,40.35064927672411,-3.8945599623156966,Hotel Villa de Odón,Villaviciosa de Odón,28670,3401,6,"Private - For Staff, Visitors or Customers",False,50,True,3.0,1,7.4,1036,1,2024-11-15T18:54:00Z,2024-11-15T18:54:00Z,restricted,Electromaps,False
306107,377D1EFF-7ED0-4971-93A2-1D29226DD176,40.34829916638543,-3.8811991642755856,Pádel 2.0 Mostoles,,28933,3889,4,Public - Membership Required,True,50,True,6.0,1,7.4,25,1,2025-09-03T11:15:00Z,2025-09-03T11:15:00Z,public_membership,emovili Fast (ES),True
207283,3146D77F-8861-4A94-A3E3-6DEFD7A9556A,40.35184425548968,-3.880330148093549,CIMOSA MOTOR,Móstoles,28933,45,6,"Private - For Staff, Visitors or Customers",False,50,True,1.0,1,22.0,25,1,2022-10-10T06:46:00Z,2022-10-10T06:46:00Z,restricted,(Business Owner at Location),False
305150,176F3B4E-9168-488C-8A66-AEFED30DF879,40.35157858535399,-3.881983137922589,Aldi Villaviciosa de Odón (Atlante),,28670,3588,4,Public - Membership Required,True,150,False,4.0,2,150.0,"33,33",1,2024-10-13T19:20:00Z,2024-10-13T19:20:00Z,public_membership,Atlante,True
472024,D543BC71-E69B-4308-9FBA-6D6F607642B9,40.33994968375137,-3.8809788264101144,Instituto IMEDA energía,,28933,3401,6,"Private - For Staff, Visitors or Customers",False,50,True,10.0,1,22.0,25,1,2025-12-26T19:05:00Z,2025-12-26T19:05:00Z,restricted,Electromaps,False
202908,57FC0807-7D1D-477A-BE43-D9B02AAA61D7,40.33198574905825,-3.885706549175552,Lidl Móstoles,Móstoles,28935,38,1,Public,,50,True,2.0,1,7.4,25,1,2022-10-10T06:42:00Z,2022-10-10T06:42:00Z,public,Lidl,True
201770,4FEF52F7-EA4D-43B0-9F60-8684FC9567EC,40.331453444558605,-3.88430509179409,McDonalds Móstoles,Móstoles,28935,2247,4,Public - Membership Required,True,50,True,2.0,3,50.0,"33,2,1036",1,2025-10-08T18:13:00Z,2025-10-08T18:13:00Z,public_membership,Iberdrola | BP Pulse (ES),True
202911,42D78B78-60E6-42FB-AB6E-C3F1977B9F25,40.329785410447954,-3.883321218523861,Mercadona El Soto,Móstoles,28935,3499,4,Public - Membership Required,True,50,True,6.0,1,22.0,25,1,2024-04-26T19:11:00Z,2024-04-26T19:11:00Z,public_membership,Mercadona,True
61026,2670CB84-C77F-4ABB-ACC6-309AFE25F5AB,40.37231,-3.916852,Universidad Europea,Villaviciosa de Odón,28670,1,6,"Private - For Staff, Visitors or Customers",False,100,False,,2,7.3,"28,25",1,2024-11-15T18:47:00Z,2024-11-15T18:47:00Z,restricted,(Unknown Operator),False
306104,3C19E879-B388-4EBC-8998-EE816E4D5C97,40.366480466108555,-3.923333869310909,Lidl Monte de la Villa,Villaviciosa de Odón,28670,38,1,Public,,50,True,4.0,1,11.0,25,1,2024-11-15T18:52:00Z,2024-11-15T18:52:00Z,public,Lidl,True
265943,40629136-F394-4976-AD39-BE14CE90EB5A,40.359660746477914,-3.910547159693124,Mercadona Villaviciosa de Odón,Villaviciosa de Odón,28670,3499,4,Public - Membership Required,True,50,True,4.0,1,22.0,25,1,2024-04-26T19:13:00Z,2024-04-26T19:13:00Z,public_membership,Mercadona,True
235070,C3DE7DB3-28A3-4EFC-A257-3CEBFA37A9A9,40.305974133970636,-3.9263741728492505,Mercadona Parque Coimbra,,28939,3499,4,Public - Membership Required,True,50,True,4.0,1,22.0,25,1,2025-10-17T18:19:00Z,2025-10-17T18:19:00Z,public_membership,Mercadona,True
61021,EAFC4B84-7052-4569-BE9F-D1A7EA8E287E,40.29829351903447,-3.9287053937975998,Madrid Xanadú El Corte Inglés,Arroyomolinos,28939,45,5,Public - Pay At Location,False,50,True,3.0,1,11.0,25,1,2023-06-15T11:34:00Z,2023-06-15T11:34:00Z,public,(Business Owner at Location),True
306781,7B6807B0-C1FB-4974-8167-9368CC724211,40.2880088660491,-3.9177708804357394,C.C. Arroyomolinos,Arroyomolinos,28939,3371,4,Public - Membership Required,True,50,True,8.0,2,150.0,"33,33",1,2025-10-13T21:49:00Z,2025-10-13T21:49:00Z,public_membership,Wenea,True
266788,CD22E259-B98D-4DD7-B478-92DADD2ECC01,40.29743545057667,-3.923977601190586,C.C. Xanadú,Arroyomolinos,28939,3557,4,Public - Membership Required,True,50,True,100.0,1,22.0,25,1,2025-09-23T10:52:00Z,2025-09-23T10:52:00Z,public_membership,GALP Electric,True
235191,036D6A38-FA8E-45CC-949B-8664F9929499,40.30209285267421,-3.922635985449915,Repsol Parque Coimbra,Arroyomolinos,28939,91,4,Public - Membership Required,True,50,True,1.0,3,50.0,"33,1036,2",1,2025-05-23T17:04:00Z,2025-05-23T17:04:00Z,public_membership,Repsol - Ibil (ES),True
266787,5C420729-C28A-4B04-ACC9-F4F52DE9902D,40.29996097152079,-3.923196611566368,C.C. Xanadú (DC),Arroyomolinos,28939,3557,4,Public - Membership Required,True,50,True,16.0,1,180.0,33,1,2025-09-23T10:54:00Z,2025-09-23T10:54:00Z,public_membership,GALP Electric,True
280881,A8C448B7-CD0D-4233-906A-4BFB5D3F7EEF,40.281903559403304,-3.907490621342106,Centro de Padel Las Matillas,Arroyomolinos,28939,3401,4,Public - Membership Required,True,50,True,1.0,1,22.0,25,1,2025-10-07T19:00:00Z,2025-10-07T19:00:00Z,public_membership,Electromaps,True
296573,63993CA5-A441-4F58-BE5A-12202FE9F8DD,40.28163750290213,-3.9220557080721505,C.C. Los Carrizos,Arroyomolinos,28939,3550,4,Public - Membership Required,True,50,True,4.0,2,200.0,"33,2",1,2025-10-07T18:58:00Z,2025-10-07T18:58:00Z,public_membership,PowerDot (Es),True
508305,2A008F06-C630-4998-A44D-A06AB6808845,40.29992494656565,-3.978000306454817,Ahorramas  Pino Negro,Navalcarnero,28600,3276,4,Public - Membership Required,True,50,True,3.0,1,22.0,25,1,2026-09-08T13:33:00Z,2026-09-08T13:33:00Z,public_membership,EDP,True
201620,C87D9D44-B59B-48F7-B661-7AB2D237FC27,40.37879668571344,-3.79101548878873,Repsol Paseo de Extremadura,Madrid,28044,91,4,Public - Membership Required,True,50,True,1.0,3,50.0,"33,2,1036",1,2025-11-25T20:36:00Z,2025-11-25T20:36:00Z,public_membership,Repsol - Ibil (ES),True
311583,F4926532-4E35-4F46-8DB6-5015DD5156E6,40.353100114037915,-3.797833252158057,E.S. Free San José de Valderas,San José de Valderas,,3371,4,Public - Membership Required,True,50,True,2.0,1,100.0,33,1,2025-10-08T17:38:00Z,2025-10-08T17:38:00Z,public_membership,Wenea,True
265944,4A95FA2E-0329-4A8C-A3A1-D3AB314650BD,40.35850300926211,-3.8244864668595255,Makro Alcorcón,,28922,2247,4,Public - Membership Required,True,50,True,4.0,1,22.0,1036,1,2023-05-24T19:00:00Z,2023-05-24T19:00:00Z,public_membership,Iberdrola | BP Pulse (ES),True
207290,C1A57BB3-6002-49E0-B29E-66F23D7DCB09,40.357837079195434,-3.8164311560331043,El Corte Inglés San José Valderas - Alcorcón,Alcorcón,28925,45,1,Public,,50,True,5.0,1,11.0,25,1,2022-10-10T07:07:00Z,2022-10-10T07:07:00Z,public,(Business Owner at Location),True
265945,8E680239-0FD2-427A-BD36-45139F84F1DB,40.357526246829195,-3.8225069705090107,Alonso Hipercas,,28924,3459,4,Public - Membership Required,True,50,True,4.0,1,22.0,25,1,2025-06-30T07:59:00Z,2025-06-30T07:59:00Z,public_membership,ACCIONA - Cargacoches,True
306108,BC860BCD-6CB4-451A-A59C-89C530F9BD56,40.35702817790917,-3.8226555549010754,Hotel Ibis Alcorcon Tresaguas,,28924,3550,4,Public - Membership Required,True,50,True,6.0,2,100.0,"33,2",1,2024-11-15T19:21:00Z,2024-11-15T19:21:00Z,public_membership,PowerDot (Es),True
235207,2D65C520-A606-42CC-93BF-B9BDED50BA9B,40.35648412237089,-3.8240643355334214,Nissan GAMBOA AUTOMOCIÓN - Alcorcón  (Allego),,28922,103,4,Public - Membership Required,True,50,True,1.0,2,50.0,"2,33",1,2023-11-28T09:19:00Z,2023-11-28T09:19:00Z,public_membership,Allego BV,True
491258,BDB65933-F605-4ADD-A3FD-EBAA96E1F95F,40.349528240951685,-3.816062976093434,Ayunt. Alcorcón,,,2247,4,Public - Membership Required,True,50,True,1.0,1,7.4,25,1,2026-05-27T14:09:00Z,2026-05-27T14:09:00Z,public_membership,Iberdrola | BP Pulse (ES),True
304351,FC85A2C6-8BEC-47E1-B867-A2B7B6A6E2B2,40.346296061855924,-3.805486772160407,E.S. Repsol Alcorcón,,28925,91,4,Public - Membership Required,True,50,True,1.0,3,50.0,"33,2,1036",1,2024-09-23T18:32:00Z,2024-09-23T18:32:00Z,public_membership,Repsol - Ibil (ES),True
209717,2BEDA162-C064-468F-B4BB-21823259DAF5,40.344631889324404,-3.808328846352424,Ahorramas Alcorcón,,28924,3276,4,Public - Membership Required,True,50,True,2.0,1,22.0,25,1,2023-02-11T10:35:00Z,2023-02-11T10:35:00Z,public_membership,EDP,True
305148,C4663C3C-79ED-407A-AA1D-98EB6F13CC41,40.344049057355846,-3.807306809236138,Aldi Avenida del Pinar,Alcorcón,28923,3588,1,Public,,50,True,4.0,2,100.0,"33,33",1,2026-03-11T21:21:00Z,2026-03-11T21:21:00Z,public,Atlante,True
265753,5F831C49-1162-4649-B2D2-6D7A163B77CB,40.3432183551208,-3.8056482989241,BP Pulse Valderas,,28925,2247,4,Public - Membership Required,True,50,True,2.0,1,150.0,33,1,2024-04-26T06:18:00Z,2024-04-26T06:18:00Z,public_membership,Iberdrola | BP Pulse (ES),True
260352,5025DE92-D033-498E-8055-4D7843EF13C3,40.340413651408284,-3.808557605032206,Euroindoor Alcorcón,,28923,3371,4,Public - Membership Required,True,50,True,4.0,3,50.0,"33,2,25",1,2024-04-27T13:23:00Z,2024-04-27T13:23:00Z,public_membership,Wenea,True
207294,5A0C9915-7AD0-4D47-B53C-C62E00B404A9,40.342062577191626,-3.8134109126378917,Mercadona Urtinsa,Alcorcón,28923,3499,4,Public - Membership Required,True,50,True,4.0,1,22.0,25,1,2024-09-23T18:30:00Z,2024-09-23T18:30:00Z,public_membership,Mercadona,True
202402,244021D1-0C00-4467-A60C-44D0DBE9D5C9,40.3424775242805,-3.8142545684067954,E.S. BP OLIMPICA,Alcorcón,28923,45,4,Public - Membership Required,True,50,True,1.0,2,11.0,"25,28",1,2025-10-08T17:44:00Z,2025-10-08T17:44:00Z,public_membership,(Business Owner at Location),True
207293,64BAD613-E8EC-47C8-85FF-03094BB4439C,40.343490513960376,-3.809780397341001,B&B Hotel Madrid Alcorcón,Alcorcón,28924,207,4,Public - Membership Required,True,50,True,6.0,2,60.0,"33,25",1,2025-10-08T17:41:00Z,2025-10-08T17:41:00Z,public_membership,Endesa,True
201778,D2BB1229-8522-4B7A-8AF3-8D90855882C7,40.33288569989327,-3.824609256267763,Burger King  Alcorcon,Alcorcón,28922,2247,4,Public - Membership Required,True,50,True,2.0,2,50.0,"33,2",1,2025-10-08T17:49:00Z,2025-10-08T17:49:00Z,public_membership,Iberdrola | BP Pulse (ES),True
201779,313998CA-F432-4D2F-B9FB-8572725494BA,40.33257331559764,-3.8182696121848494,E.S. Ballenoil Alcorcón,Alcorcón,28923,2247,4,Public - Membership Required,True,50,True,1.0,2,50.0,"33,2",1,2025-10-08T17:46:00Z,2025-10-08T17:46:00Z,public_membership,Iberdrola | BP Pulse (ES),True
306333,1654E96F-15F9-41B5-8E7A-A61BCEAF05CD,40.34269101946481,-3.804074359607995,Bluespace Alcorcón,,28925,3786,4,Public - Membership Required,True,50,True,2.0,2,120.0,"33,25",1,2024-12-08T17:25:00Z,2024-12-08T17:25:00Z,public_membership,Umbrella eMobility (ES),True
207292,39FD3073-CE5F-405C-878F-5E4862B44AC9,40.34797860354195,-3.8023760075167274,Emba Bosch Car Service,Leganés,28924,3459,6,"Private - For Staff, Visitors or Customers",False,50,True,2.0,1,22.0,25,1,2023-10-28T19:23:00Z,2023-10-28T19:23:00Z,restricted,ACCIONA - Cargacoches,False
235211,C8AB48E7-1779-4931-8C7F-5D7516FC3B9C,40.36129782190693,-3.7805455832678945,Repsol la Fortuna 2,,28917,91,4,Public - Membership Required,True,50,True,1.0,3,50.0,"33,1036,2",1,2025-10-08T17:27:00Z,2025-10-08T17:27:00Z,public_membership,Repsol - Ibil (ES),True
207265,E1FA9634-B01C-4DD6-B452-C95316BE68FC,40.3132515667067,-3.783499449971714,Parking Estación de Parque Polvoranca,Leganés,28911,2247,4,Public - Membership Required,True,50,True,47.0,5,360.0,"33,33,33,2,1036",1,2025-06-20T20:31:00Z,2025-06-20T20:31:00Z,public_membership,Iberdrola | BP Pulse (ES),True
305410,5369E0F7-EE0C-4ADE-A25F-6B10AFAEE2D7,40.280688818414774,-3.7833396867380316,Plenoil Fuenlabrada V,,28944,3750,4,Public - Membership Required,True,50,True,2.0,1,60.0,33,1,2025-10-08T18:56:00Z,2025-10-08T18:56:00Z,public_membership,Plenergy (ES),True
235608,3900A3E6-2703-4FA6-B0B6-514A42B125A9,40.28329607388213,-3.7838562143311947,Mercadona Fuenlabrada C. Brasil,,28945,3499,4,Public - Membership Required,True,50,True,4.0,1,22.0,25,1,2024-04-26T19:06:00Z,2024-04-26T19:06:00Z,public_membership,Mercadona,True
209256,8831C8AE-0757-4A91-878A-EE77E319B8D3,40.28409642688041,-3.785134981494707,B&B Hotel Madrid Fuelbrada,,28944,207,4,Public - Membership Required,True,50,True,4.0,2,60.0,"33,25",1,2025-05-05T14:03:00Z,2025-05-05T14:03:00Z,public_membership,Endesa,True
102028,3D093F61-9D7B-4E98-A67F-4DB0410CB37A,40.28380913573747,-3.784950819034492,B&B Hotel Fuenlabrada,Fuenlabrada,28944,45,6,"Private - For Staff, Visitors or Customers",False,50,True,2.0,2,17.0,"30,25",1,2023-03-05T13:55:00Z,2023-03-05T13:55:00Z,restricted,(Business Owner at Location),False
472762,DDDBC54F-95B8-4C98-AF86-D6C465D354CB,40.28558093183318,-3.7922349377655564,Mercadona. Calle de Lima,,28944,3499,4,Public - Membership Required,True,50,True,2.0,1,22.0,25,1,2026-01-08T11:46:00Z,2026-01-08T11:46:00Z,public_membership,Mercadona,True
128811,A1673EF0-C232-4CEF-8E28-051699DA6BF6,40.2829236844836,-3.8018072308904,Parking Centro Comercial Plaza Estación,Fuenlabrada,28943,3556,4,Public - Membership Required,True,50,True,10.0,1,7.4,25,1,2024-05-27T07:32:00Z,2024-05-27T07:32:00Z,public_membership,Place To Plug,True
299407,B829F557-B4FA-4838-86A7-F88DD4C985CF,40.28243554412765,-3.8012551360874056,Hotel LCB Fuenlabrada,,28943,3556,6,"Private - For Staff, Visitors or Customers",False,50,True,3.0,1,7.4,25,1,2024-05-27T07:34:00Z,2024-05-27T07:34:00Z,restricted,Place To Plug,False
204197,659FC6B1-1251-4BAF-A05C-8567C2C9B1D8,40.2849872658995,-3.8096561204473574,Mercadona Fuenlabrada,,28943,3499,4,Public - Membership Required,True,50,True,2.0,1,22.0,25,1,2025-10-17T18:26:00Z,2025-10-17T18:26:00Z,public_membership,Mercadona,True
148045,8222DB63-1605-4F5E-A7C2-9420D424A89F,40.28465990574526,-3.8160467351426632,Supermercado FROIZ,Fuenlabrada,28942,45,1,Public,,50,True,2.0,2,7.4,"25,25",1,2022-09-13T18:39:00Z,2022-09-13T18:39:00Z,public,(Business Owner at Location),True
202926,DE807A2B-6CD6-49B3-8C3B-0A14688FD4E3,40.28532671417622,-3.8183141572367276,URJC Fuenlabrada,Fuenlabrada,28942,2247,4,Public - Membership Required,True,50,True,6.0,1,22.0,25,1,2022-12-13T11:12:00Z,2022-12-13T11:12:00Z,public_membership,Iberdrola | BP Pulse (ES),True
312690,75C5521A-0F93-46D5-A9DC-58D670A2221A,40.29093025829184,-3.822987824044418,Mercadona Babilonia,Fuenlabrada,,3499,4,Public - Membership Required,True,50,True,4.0,1,22.0,25,1,2025-07-24T16:50:00Z,2025-07-24T16:50:00Z,public_membership,Mercadona,True
304987,F550D207-B3AE-4F0F-B5BD-073EAE19B537,40.28848175294692,-3.8200103623790085,Supermercado BM Fuenlabrada,,28942,3583,4,Public - Membership Required,True,50,True,2.0,2,120.0,"33,25",1,2025-07-24T16:49:00Z,2025-07-24T16:49:00Z,public_membership,Eranovum (ES),True
202923,D0A06A2D-978F-456E-AA13-DFD2FE4944ED,40.29622869284279,-3.8152204743335005,Mercadona Calle de Móstoles,Fuenlabrada,28942,3499,4,Public - Membership Required,True,50,True,4.0,1,22.0,25,1,2025-10-17T18:23:00Z,2025-10-17T18:23:00Z,public_membership,Mercadona,True
288913,89694B1E-1084-4067-9E99-1EA4B244FFB7,40.295988736034616,-3.8186743186286947,Nexum Fuenlabrada,,28942,2247,4,Public - Membership Required,True,50,True,26.0,6,180.0,"1036,33,33,33,33,33",1,2024-01-27T09:00:00Z,2024-01-27T09:00:00Z,public_membership,Iberdrola | BP Pulse (ES),True
305729,CA1785BE-954A-4F06-9B78-EE99B2325710,40.29667540613775,-3.819051744433324,Ballenoil Fuenlabrada IV,,28942,3880,4,Public - Membership Required,True,150,False,1.0,1,150.0,33,1,2025-07-10T06:27:00Z,2025-07-10T06:27:00Z,public_membership,Ballenoil (ES),True
201211,33F681B1-1EEC-4FE4-A32B-595FFB3DEE5A,40.29818399025342,-3.8209640896626524,Tesla Supercharger Fuenlabrada (Service Center),Fuenlabrada,28942,3534,4,Public - Membership Required,True,50,True,8.0,1,250.0,33,1,2025-04-13T08:04:00Z,2025-04-13T08:04:00Z,public_membership,Tesla (including non-tesla),True
272463,925D40BE-FE25-4A01-8E34-761A35E5F3D1,40.297722080147736,-3.818360294643867,Repuestos Reyes (Fuenlabrada),,28942,3459,4,Public - Membership Required,True,50,True,2.0,3,50.0,"33,2,25",1,2026-04-27T16:49:00Z,2026-04-27T16:49:00Z,public_membership,ACCIONA - Cargacoches,True
470462,9DCAE30D-1E6D-42C6-A542-F382F16F4D37,40.29752079719515,-3.8129655138636736,Sport Padel Center S7,,28941,3371,4,Public - Membership Required,True,50,True,4.0,1,100.0,33,1,2026-01-14T16:29:00Z,2026-01-14T16:29:00Z,public_membership,Wenea,True
299119,0B8B15AC-9BF5-431D-94C0-0A8317B5A026,40.29546176176791,-3.8128140007573847,Plenoil Fuenlabrada IV,,28942,3750,4,Public - Membership Required,True,50,True,2.0,1,60.0,33,1,2026-01-04T09:30:00Z,2026-01-04T09:30:00Z,public_membership,Plenergy (ES),True
265528,234C8632-F4D1-42A1-9203-4BBEB2DDFADF,40.2936093643216,-3.81111855948689,BP Pulse El Naranjo,,28941,2247,4,Public - Membership Required,True,50,True,2.0,1,150.0,33,1,2024-04-26T06:19:00Z,2024-04-26T06:19:00Z,public_membership,Iberdrola | BP Pulse (ES),True
202924,40A02CEF-0CD3-4E25-A74D-19EEF14E5D1E,40.296478695065105,-3.8009321532649665,C.C. Plaza de las  Provincias,Fuenlabrada,28941,3556,4,Public - Membership Required,True,50,True,4.0,1,7.4,25,1,2023-01-02T19:37:00Z,2023-01-02T19:37:00Z,public_membership,Place To Plug,True
202925,631D1816-D7ED-4060-9450-58881D22F28A,40.292096295457355,-3.798158134629375,Hotel Avenida de España,Fuenlabrada,28941,207,6,"Private - For Staff, Visitors or Customers",False,50,True,2.0,1,22.0,25,1,2023-03-05T13:55:00Z,2023-03-05T13:55:00Z,restricted,Endesa,False
209697,AC5D2F9C-A235-4CA5-B63E-DC340E583127,40.2911714247183,-3.7973635102115395,Ahorramas Fuenlabrada,,28940,3276,4,Public - Membership Required,True,50,True,4.0,1,22.0,25,1,2023-02-11T10:30:00Z,2023-02-11T10:30:00Z,public_membership,EDP,True
209696,37443E54-89D0-4586-AC6B-A637ED120252,40.2880432333495,-3.793996995363841,Ahorramas Fuenlabrada - Calle de Málaga,,28945,3276,4,Public - Membership Required,True,50,True,2.0,1,22.0,25,1,2023-02-11T09:28:00Z,2023-02-11T09:28:00Z,public_membership,EDP,True
274129,4AA13128-BCC5-4A70-B8AF-1C7A9FD143D6,40.29624612256035,-3.7889828502300134,BP Pulse Avanzada,,28495,2247,4,Public - Membership Required,True,50,True,2.0,1,150.0,33,1,2025-06-11T15:25:00Z,2025-06-11T15:25:00Z,public_membership,Iberdrola | BP Pulse (ES),True
235234,B161B67A-CAF6-4E10-9FA7-EB7ECBE1687D,40.295017118860216,-3.7893758115060905,Aldi Fuenlabrada,,28495,3464,1,Public,,50,True,2.0,2,3.7,"25,28",1,2023-02-16T18:59:00Z,2023-02-16T18:59:00Z,public,ALDI SÜD (DE),True
201777,21E3F212-C26D-4D78-9E6F-9DF59409DA38,40.29388005440049,-3.790538465382042,McDonald's Fuenlabrada,Fuenlabrada,28945,2247,4,Public - Membership Required,True,50,True,2.0,3,50.0,"33,2,1036",1,2025-10-08T18:55:00Z,2025-10-08T18:55:00Z,public_membership,Iberdrola | BP Pulse (ES),True
272918,553AD54D-0CC3-4388-9C68-78F0A088CD86,40.311610673975366,-3.795584296629613,Mercadona Humanes de Madrid,,,3499,4,Public - Membership Required,True,50,True,4.0,1,22.0,25,1,2024-04-26T19:16:00Z,2024-04-26T19:16:00Z,public_membership,Mercadona,True
299738,7055A8DF-25C6-479F-B7EF-FFCEDF9382E8,40.32159885939609,-3.787213095176213,Supermercado BM Arroyo Culebro (Eranovum),,28941,3583,4,Public - Membership Required,True,50,True,2.0,2,60.0,"33,1036",1,2025-08-25T07:52:00Z,2025-08-25T07:52:00Z,public_membership,Eranovum (ES),True
305152,2974AC72-1737-444B-9E92-72DD893A90CB,40.31539358650366,-3.8439202005423567,Aldi Móstoles (Atlante),Móstoles,28936,3588,4,Public - Membership Required,True,50,True,2.0,1,100.0,33,1,2026-08-26T15:32:00Z,2026-08-26T15:32:00Z,public_membership,Atlante,True
235196,5EFC822D-3AB9-4CDF-856C-2C5EF57CBA6B,40.325122873555955,-3.8470860591612563,BP Pulse La Princesa II,,29836,2247,4,Public - Membership Required,True,50,True,2.0,1,150.0,33,1,2023-11-18T07:48:00Z,2023-11-18T07:48:00Z,public_membership,Iberdrola | BP Pulse (ES),True
235195,EB4C3C76-DE2C-4B38-82C9-FE9849FA2E2F,40.32408568231344,-3.8473482963242986,Repsol La Princesa,,29836,91,4,Public - Membership Required,True,50,True,1.0,3,50.0,"33,1036,2",1,2025-10-08T18:11:00Z,2025-10-08T18:11:00Z,public_membership,Repsol - Ibil (ES),True
235194,E3282603-EE21-4FBE-A7D7-A9B5D836A2DF,40.31681336279905,-3.848754640206721,Repsol Torres de Quevedo,,28936,91,4,Public - Membership Required,True,50,True,1.0,3,50.0,"33,1036,2",1,2025-10-08T18:20:00Z,2025-10-08T18:20:00Z,public_membership,Repsol - Ibil (ES),True
290101,E060B4BD-81AE-4844-8E41-360E94993D2A,40.31683707064792,-3.8492853593360508,Plenoil Mostoles I,,28936,3750,4,Public - Membership Required,True,50,True,2.0,1,60.0,33,1,2026-01-04T09:30:00Z,2026-01-04T09:30:00Z,public_membership,Plenergy (ES),True
216905,5C7253AC-3466-44BD-B824-2F21BE4102C9,40.31704140192792,-3.8604900435748277,Ahorramas Móstoles,,28938,3276,4,Public - Membership Required,True,50,True,4.0,1,22.0,25,1,2026-08-28T13:42:00Z,2026-08-28T13:42:00Z,public_membership,EDP,True
202916,3711A9FA-F667-42D0-B029-D9277591E539,40.314666824319914,-3.8602800925984866,Hospital HM Puerta del Sur,Móstoles,28938,207,4,Public - Membership Required,True,50,True,6.0,2,60.0,"25,33",1,2025-05-05T14:03:00Z,2025-05-05T14:03:00Z,public_membership,Endesa,True
305151,74BD2083-157D-4BBF-AFB3-404432503E7F,40.3103673986478,-3.8635302154079625,Aldi Móstoles (Atlante),,28938,3588,4,Public - Membership Required,True,50,True,2.0,1,150.0,33,1,2025-12-23T18:39:00Z,2025-12-23T18:39:00Z,public_membership,Atlante,True
300485,4754FB44-BC25-4EE6-9CA9-D30F65B7038E,40.315819198696175,-3.8503657433191165,C.C. Fuensanta,,28936,3583,4,Public - Membership Required,True,50,True,10.0,2,60.0,"33,25",1,2026-01-21T10:51:00Z,2026-01-21T10:51:00Z,public_membership,Eranovum (ES),True
202917,865A9D42-227D-4B84-8610-92487163A95D,40.3149640459352,-3.8475723434335123,Automóviles MA,Móstoles,28936,45,6,"Private - For Staff, Visitors or Customers",False,50,True,1.0,1,22.0,25,1,2022-09-13T15:02:00Z,2022-09-13T15:02:00Z,restricted,(Business Owner at Location),False
235193,6D967CEB-3E6C-4ED6-BA17-6BFB6A27389D,40.305697813380334,-3.8646182884347127,Froiz Móstoles,,28938,45,1,Public,,50,True,2.0,1,7.4,25,1,2023-02-16T17:32:00Z,2023-02-16T17:32:00Z,public,(Business Owner at Location),True
280330,2F751F22-AC88-4DA7-8617-B36B8221F0CA,40.30139410008337,-3.831510922230251,C.C. Plaza Loranca 2,,28942,3489,4,Public - Membership Required,True,50,True,10.0,3,400.0,"33,2,33",1,2026-06-20T11:40:00Z,2026-06-20T11:40:00Z,public_membership,Electra,True
288934,C2F0A8F5-F08E-423E-A278-2B37E50D66E2,40.30319274434112,-3.831650696208129,C.C. Plaza Loranca 2 (Parking Interior),,28942,3557,4,Public - Membership Required,True,150,False,,2,150.0,"25,33",1,2025-01-22T20:36:00Z,2025-01-22T20:36:00Z,public_membership,GALP Electric,True
201917,27F0BC0D-F6C3-4067-B433-2155FD6F9E6F,40.301996552721306,-3.830880985590312,Centro Comercial Loranca (Parking Exterior),Fuenlabrada,28942,3276,4,Public - Membership Required,True,50,True,2.0,3,50.0,"2,33,1036",1,2025-10-08T19:02:00Z,2025-10-08T19:02:00Z,public_membership,EDP,True
272915,70AC59C0-3EEF-4217-B58B-4C5A60424C63,40.31308103868,-3.8693934300913497,Mercadona Moraleja de Enmedio,,,3499,4,Public - Membership Required,True,50,True,4.0,1,22.0,25,1,2024-04-26T19:08:00Z,2024-04-26T19:08:00Z,public_membership,Mercadona,True
297751,32416921-7FD2-4FE3-B782-C02B0D4D370D,40.313999270327145,-3.8672780972352143,Taco Bell Móstoles (Atlante),,28938,3588,4,Public - Membership Required,True,50,True,4.0,2,150.0,"33,33",1,2025-12-23T18:40:00Z,2025-12-23T18:40:00Z,public_membership,Atlante,True
210370,57AB7668-042D-44B4-B587-8798CC35D47A,40.313550030779794,-3.868982566597424,Rest. Popeyes Luisiana Kitchen,,28938,2247,4,Public - Membership Required,True,150,False,2.0,2,50.0,"33,2",1,2025-10-08T18:16:00Z,2025-10-08T18:16:00Z,public_membership,Iberdrola | BP Pulse (ES),True
306637,D4D18744-D189-4B12-A718-A4DB6E27FFF7,40.313843251833305,-3.8693078690366747,BP Pulse Xanadú Móstoles,,28938,2247,4,Public - Membership Required,True,50,True,2.0,2,100.0,"33,2",1,2025-06-11T15:27:00Z,2025-06-11T15:27:00Z,public_membership,Iberdrola | BP Pulse (ES),True
305409,2F73AB04-12F6-45FA-8E92-1D9909B92F87,40.314619616656216,-3.872227930646261,Plenoil Móstoles II,,28938,3750,4,Public - Membership Required,True,50,True,2.0,1,60.0,33,1,2026-01-04T09:30:00Z,2026-01-04T09:30:00Z,public_membership,Plenergy (ES),True
24184,E99332E2-C483-432E-9975-BE01EB152516,40.31371051646221,-3.8715548387831404,Renault Talleres Clemente,Móstoles,28938,91,6,"Private - For Staff, Visitors or Customers",False,50,True,2.0,2,7.4,"25,13",1,2023-05-31T06:52:00Z,2023-05-31T06:52:00Z,restricted,Repsol - Ibil (ES),False
306330,B9192504-E3A6-4A4A-A512-363C25B472A8,40.310895068934514,-3.875228158146456,Bluspace Móstoles,,28938,3786,4,Public - Membership Required,True,50,True,2.0,2,120.0,"33,25",1,2024-12-08T17:20:00Z,2024-12-08T17:20:00Z,public_membership,Umbrella eMobility (ES),True
280880,832BCFE4-8ACB-48DD-AB4E-7D89A7BF8309,40.31951039849338,-3.870322007838439,C.C. Dos de Mayo,,28931,3550,4,Public - Membership Required,True,50,True,4.0,4,50.0,"1036,33,2,25",1,2026-01-01T21:13:00Z,2026-01-01T21:13:00Z,public_membership,PowerDot (Es),True
209344,4F2C057F-8AA8-4D4E-8FBB-141B32884B6F,40.320038638643695,-3.8758140981808538,CEPSA Móstoles,,28931,3584,4,Public - Membership Required,True,50,True,1.0,1,150.0,33,1,2025-05-25T21:32:00Z,2025-05-25T21:32:00Z,public_membership,Moeve (ES),True
209698,FD658078-2270-482B-ABBF-B7EB65C42192,40.31681513996526,-3.8785273096752917,Ahorramas Móstoles,,28931,3276,4,Public - Membership Required,True,50,True,4.0,1,22.0,25,1,2024-11-22T13:44:00Z,2024-11-22T13:44:00Z,public_membership,EDP,True
202914,CD96A7B1-280E-44FE-B1A1-9B08CB2C6D27,40.31656364032307,-3.8789540982819517,Mecadona Hospital Móstoles,Móstoles,28935,3499,4,Public - Membership Required,True,50,True,2.0,1,22.0,25,1,2024-04-26T19:09:00Z,2024-04-26T19:09:00Z,public_membership,Mercadona,True
306106,88703B38-285C-4B62-B6DE-9392DA3772E3,40.354109512119805,-3.8799980513587116,Carrefour Market,Villaviciosa de Odón,28670,45,1,Public,,50,True,3.0,1,11.0,25,1,2024-11-15T18:57:00Z,2024-11-15T18:57:00Z,public,(Business Owner at Location),True
207282,96E588B6-5EFD-407D-8AAF-EF7AF57F04BD,40.35160030072288,-3.8681368742561517,Saltoki Móstoles,Móstoles,28933,3401,6,"Private - For Staff, Visitors or Customers",False,50,True,4.0,1,22.0,25,1,2025-12-26T19:07:00Z,2025-12-26T19:07:00Z,restricted,Electromaps,False
265942,AAE96A16-FC56-43A8-9E19-5A5FAF767103,40.34260500165729,-3.8704453313328315,Mercadona ,,28933,3499,4,Public - Membership Required,True,50,True,6.0,1,22.0,25,1,2024-04-26T19:13:00Z,2024-04-26T19:13:00Z,public_membership,Mercadona,True
307302,CE767B13-7FC6-4B06-8E72-885C2ED279D4,40.34261893735035,-3.8782287424717197,ThyssenKrupp Elevator,,,45,2,Private - Restricted Access,True,50,True,14.0,1,7.0,25,1,2025-11-30T19:02:00Z,2025-11-30T19:02:00Z,restricted,(Business Owner at Location),False
202919,C7D76D22-62F2-4B6D-B35C-EBAAE8C23403,40.334079456006805,-3.8768903661454033,URJC Móstoles,Móstoles,28933,2247,4,Public - Membership Required,True,50,True,6.0,1,7.4,25,1,2025-10-08T18:09:00Z,2025-10-08T18:09:00Z,public_membership,Iberdrola | BP Pulse (ES),True
285159,9438EEAB-EC99-4163-A8EA-CCDDE118B4E4,40.33154115769017,-3.8561505386461477,Mercadona Móstoles,,28932,3499,4,Public - Membership Required,True,50,True,4.0,1,22.0,25,1,2024-04-26T19:07:00Z,2024-04-26T19:07:00Z,public_membership,Mercadona,True
209699,1AB97F8E-405D-4BDE-9B56-110239B6BB6B,40.335036245643835,-3.860860979914378,Ahorramas Móstoles,,28933,3276,4,Public - Membership Required,True,50,True,2.0,1,22.0,25,1,2024-04-27T10:56:00Z,2024-04-27T10:56:00Z,public_membership,EDP,True
306332,85EEE80A-5A43-433E-97BB-71174B7C96E3,40.34151644399216,-3.8612631705680656,Bluespace Mostoles Los Rosales I,,28932,3786,4,Public - Membership Required,True,50,True,1.0,1,30.0,33,1,2025-08-24T13:41:00Z,2025-08-24T13:41:00Z,public_membership,Umbrella eMobility (ES),True
202918,8AD111DC-AD3D-43AF-8AED-D015840476F5,40.34177612789216,-3.8625217673666157,Talleres Clemente,Móstoles,28933,45,6,"Private - For Staff, Visitors or Customers",False,50,True,1.0,1,11.0,25,1,2022-09-13T15:04:00Z,2022-09-13T15:04:00Z,restricted,(Business Owner at Location),False
207280,AF427F24-DDA6-4C9F-83C2-337EAA29F333,40.341654482184225,-3.860267461655212,Ballenoil Móstoles,Móstoles,28932,2247,4,Public - Membership Required,True,50,True,1.0,2,50.0,"33,2",1,2025-10-08T18:07:00Z,2025-10-08T18:07:00Z,public_membership,Iberdrola | BP Pulse (ES),True
176028,1FA8CD41-3556-4719-9632-B7672815862B,40.34427318643202,-3.852852558865834,Alcora Plaza,Alcorcón,28932,45,1,Public,,100,False,9.0,1,7.4,25,1,2025-10-08T17:59:00Z,2025-10-08T17:59:00Z,public,(Business Owner at Location),True
290076,AAD5C7D8-EFDC-427C-8556-C395B6586F68,40.34681955279359,-3.851476336165547,Lavaplus Alcorcón,,28932,3324,4,Public - Membership Required,True,50,True,2.0,3,50.0,"33,2,1036",1,2024-01-20T07:55:00Z,2024-01-20T07:55:00Z,public_membership,Zunder,True
279508,B73A1FEF-6928-48AE-9CED-AA0C9711DD7F,40.34325286376645,-3.8521756460135066,C.C. Alcora Plaza,,28932,3459,4,Public - Membership Required,True,50,True,15.0,2,120.0,"25,33",1,2026-08-26T21:44:00Z,2026-08-26T21:44:00Z,public_membership,ACCIONA - Cargacoches,True
235210,DCB8488A-1672-4C82-9588-2D6AA9B28A6D,40.34304629429576,-3.8511832063099973,Leroy Merlín Alcorcón,,28932,2247,4,Public - Membership Required,True,50,True,8.0,1,22.0,1036,1,2025-10-08T18:05:00Z,2025-10-08T18:05:00Z,public_membership,Iberdrola | BP Pulse (ES),True
207301,CF82923D-1079-49F5-9D1B-FC62E377BE5B,40.3436211958699,-3.8491902600457024,Mercadona Parque Oeste,Alcorcón,28934,3499,4,Public - Membership Required,True,50,True,4.0,1,22.0,25,1,2024-12-13T12:33:00Z,2024-12-13T12:33:00Z,public_membership,Mercadona,True
207299,215DCDF4-5A01-4816-A5BF-AB6C04478E14,40.33983455352225,-3.8479170087539387,C.C. X-Madrid,Alcorcón,28934,45,1,Public,,50,True,55.0,1,7.4,25,1,2024-08-31T10:03:00Z,2024-08-31T10:03:00Z,public,(Business Owner at Location),True
306120,6813A42A-68E3-416D-B2F6-C87C2F8BAEE4,40.33435627974745,-3.8542958430195995,Hotel IBIS Alcorcón,,28922,3550,4,Public - Membership Required,True,50,True,3.0,2,65.0,"33,25",1,2024-11-15T20:46:00Z,2024-11-15T20:46:00Z,public_membership,PowerDot (Es),True
267593,C37E30D2-3A68-40CB-9D44-9DEB880D4B1C,40.3327591912288,-3.8543154501499,BP Pulse Mostoles II,,,2247,4,Public - Membership Required,True,50,True,2.0,1,150.0,33,1,2023-08-24T11:25:00Z,2023-08-24T11:25:00Z,public_membership,Iberdrola | BP Pulse (ES),True
216878,11C11214-9261-4737-8D6D-1194B6BC437C,40.32987118903,-3.8367306206249054,Mercadona Alcorcón,,28922,3499,4,Public - Membership Required,True,50,True,6.0,1,22.0,25,1,2024-12-16T11:14:00Z,2024-12-16T11:14:00Z,public_membership,Mercadona,True
235209,D8873B68-38EC-436B-BE67-F39E451FE824,40.3294645850857,-3.8364395350465657,Aldi Alcorcón,,28922,3464,1,Public,,50,True,4.0,1,3.7,25,1,2024-12-27T17:02:00Z,2024-12-27T17:02:00Z,public,ALDI SÜD (DE),True
207295,8708D95A-161D-43A8-99C2-3D66BC2D880A,40.32981639375532,-3.829440752807159,Bálamo Alcorcón,Alcorcón,28922,2247,4,Public - Membership Required,True,50,True,3.0,1,7.4,25,1,2023-10-15T17:15:00Z,2023-10-15T17:15:00Z,public_membership,Iberdrola | BP Pulse (ES),True
279198,804FE97B-FA20-4427-BF96-01D0196C66B4,40.330658153325885,-3.8299065344809833,C.C. Bálamo-Alcampo (Zunder),,28922,3324,4,Public - Membership Required,True,50,True,8.0,2,120.0,"33,25",1,2025-10-08T17:51:00Z,2025-10-08T17:51:00Z,public_membership,Zunder,True
235208,43C29B01-EE1C-4346-8195-2FD86E69C8A9,40.33342247305211,-3.8253157695869504,Popeye's,,28922,2247,4,Public - Membership Required,True,50,True,1.0,2,50.0,"33,2",1,2023-02-16T18:10:00Z,2023-02-16T18:10:00Z,public_membership,Iberdrola | BP Pulse (ES),True
298529,35FCC862-0B89-4BB7-AA45-42845AC1DF20,40.33546871244252,-3.82833627538497,Residencia Amavir Alcorcón,,28922,207,6,"Private - For Staff, Visitors or Customers",False,50,True,2.0,1,7.0,25,1,2024-05-09T18:42:00Z,2024-05-09T18:42:00Z,restricted,Endesa,False
207296,CEA2A2C8-B361-44A5-97F8-47CABF188187,40.338238026581195,-3.8262545513697432,Ahorramas Las Retamas,Alcorcón,28922,3276,4,Public - Membership Required,True,50,True,3.0,1,22.0,25,1,2024-12-18T13:06:00Z,2024-12-18T13:06:00Z,public_membership,EDP,True
272841,B07FC90C-5AFF-4AB6-8772-CEC33D75B293,40.342337333980026,-3.828418949800607,Mercadona Los Cantos,,,3499,4,Public - Membership Required,True,50,True,2.0,1,22.0,25,1,2024-12-27T17:08:00Z,2024-12-27T17:08:00Z,public_membership,Mercadona,True
207297,783AB36C-D0E4-4288-9A58-E561F2E9C7E3,40.34053647420993,-3.8385054284193245,AhorraMas Los Robles,Alcorcón,28922,3276,4,Public - Membership Required,True,50,True,2.0,1,7.4,25,1,2024-12-19T10:33:00Z,2024-12-19T10:33:00Z,public_membership,EDP,True
207298,EB834E30-961A-40B1-86B5-75B8BFBDFB0F,40.33930518834447,-3.844069093932262,Renault Retail Alcorcón,Alcorcón,28934,3275,6,"Private - For Staff, Visitors or Customers",False,50,True,2.0,1,22.0,25,1,2022-10-10T07:21:00Z,2022-10-10T07:21:00Z,restricted,Renault,False
207302,A8F77A05-8818-41C4-AF26-8CC429B894AC,40.35019568506692,-3.8437800375304505,URJC Alcorcón,Alcorcón,28934,2247,4,Public - Membership Required,True,50,True,6.0,1,7.4,25,1,2025-10-08T17:53:00Z,2025-10-08T17:53:00Z,public_membership,Iberdrola | BP Pulse (ES),True
280030,0F04DA5F-17CA-4B2F-B6CA-5244A82DB526,40.35752204770648,-3.8378178803461083,BP Pulse San Martín I,,28291,2247,4,Public - Membership Required,True,50,True,2.0,1,150.0,33,1,2023-11-16T20:25:00Z,2023-11-16T20:25:00Z,public_membership,Iberdrola | BP Pulse (ES),True
280056,6B7B441F-BE07-4C1A-AF54-85CFA70DE8BB,40.3569866239736,-3.8374635276344975,BP Pulse San Martín II,,28291,2247,4,Public - Membership Required,True,50,True,2.0,1,150.0,33,1,2024-06-13T15:09:00Z,2024-06-13T15:09:00Z,public_membership,Iberdrola | BP Pulse (ES),True
207291,42A39AA0-4794-4A04-B6FE-7CA9B0F23F82,40.35337374648094,-3.8290758675370853,Peugeot Mabusa,Alcorcón,28921,45,6,"Private - For Staff, Visitors or Customers",False,50,True,3.0,3,30.0,"25,25,33",1,2022-10-10T07:09:00Z,2022-10-10T07:09:00Z,restricted,(Business Owner at Location),False
207288,83CFF766-0623-4832-9390-841C566B02F9,40.356537929824526,-3.8270049614319532,SEAT Sealco,Alcorcón,28921,45,6,"Private - For Staff, Visitors or Customers",False,50,True,1.0,1,11.0,25,1,2022-10-10T07:00:00Z,2022-10-10T07:00:00Z,restricted,(Business Owner at Location),False
163569,8800DCEB-64EF-42C6-B1AF-E84891DE7779,40.358225,-3.832359,Centro Comercial Tresaguas,Alcorcon,28922,45,4,Public - Membership Required,True,50,True,4.0,2,11.0,"30,25",1,2026-08-27T13:14:00Z,2026-08-27T13:14:00Z,public_membership,(Business Owner at Location),True
485910,75D7C46D-55D8-4D33-AA3C-C57F2B439F48,40.35877884182733,-3.8286149415646378,Petropix Alcorcón,,28922,3276,4,Public - Membership Required,True,50,True,2.0,1,60.0,33,1,2026-04-17T09:03:00Z,2026-04-17T09:03:00Z,public_membership,EDP,True
207289,98A338A0-4B5F-47FF-A520-2B004A185E9A,40.35768352158206,-3.836828603708227,Kia Takaimotor Alcorcon,Alcorcón,28921,45,6,"Private - For Staff, Visitors or Customers",False,50,True,2.0,3,50.0,"33,25,2",1,2022-10-10T07:01:00Z,2022-10-10T07:01:00Z,restricted,(Business Owner at Location),False
205463,E24803F1-A523-4575-BB22-B60FC0A17B0E,40.35107069956962,-3.8462491663124183,Hotel NH Alcorcón,Alcorcón,28934,3371,6,"Private - For Staff, Visitors or Customers",False,50,True,2.0,1,22.0,25,1,2025-04-12T07:09:00Z,2025-04-12T07:09:00Z,restricted,Wenea,False
270938,4F4D5BF2-1332-48BA-B40D-BAA34BBD8D9B,40.3501471960727,-3.846691474744091,C.C. Alcor Plaza,,28291,3401,4,Public - Membership Required,True,50,True,13.0,1,7.4,1036,1,2024-06-25T08:57:00Z,2024-06-25T08:57:00Z,public_membership,Electromaps,True
209409,0DB0189C-C30E-4972-BBA4-5DB2F9288449,40.34821911613162,-3.8500375677896272,Burger King C.C. Parque del Oeste,,28922,2247,4,Public - Membership Required,True,50,True,2.0,2,50.0,"33,2",1,2025-10-08T17:54:00Z,2025-10-08T17:54:00Z,public_membership,Iberdrola | BP Pulse (ES),True
459018,FFDCC9AE-8C8C-4DA8-8015-56D2DFEBF32C,40.349846162586914,-3.84784660390153,C.C. Parque Oeste (Acciona),Alcorcón,,3459,4,Public - Membership Required,True,50,True,6.0,2,100.0,"33,25",1,2026-08-26T21:44:00Z,2026-08-26T21:44:00Z,public_membership,ACCIONA - Cargacoches,True
201769,4F20DDD4-0A01-46B5-9E56-7D027D1BD407,40.348656558481764,-3.8512247040065404,McDonald's Parque Oeste,Alcorcón,28934,2247,4,Public - Membership Required,True,50,True,2.0,3,50.0,"33,2,1036",1,2022-12-13T11:01:00Z,2022-12-13T11:01:00Z,public_membership,Iberdrola | BP Pulse (ES),True
300230,ECBB0B47-8900-4163-BE8D-E73792A1C054,40.34811525666194,-3.852270369505277,Norauto Parque Oeste,,28932,2247,4,Public - Membership Required,True,50,True,2.0,1,100.0,33,1,2024-11-29T19:57:00Z,2024-11-29T19:57:00Z,public_membership,Iberdrola | BP Pulse (ES),True
300145,004EE3B7-444D-40F3-8E4C-4ED4710283D8,40.350088960301605,-3.8558310431018583,IKEA Alcorcón,,28922,3459,4,Public - Membership Required,True,50,True,40.0,2,120.0,"33,25",1,2026-01-13T19:26:00Z,2026-01-13T19:26:00Z,public_membership,ACCIONA - Cargacoches,True
161982,ACAE91D2-07D5-4466-A4C8-3808C0D35181,40.34906035576938,-3.8561003324491594,IKEA Alcorcón,Alcorcón,28922,45,6,"Private - For Staff, Visitors or Customers",False,50,True,56.0,1,3.6,25,1,2024-06-22T10:34:00Z,2024-06-22T10:34:00Z,restricted,(Business Owner at Location),False
296280,AB564A1F-D647-422D-86A2-72AA2B28C61C,40.34877323655999,-3.858696984169626,Obramat Alcorcón (Zunder),,28922,3324,4,Public - Membership Required,True,50,True,10.0,2,120.0,"33,25",1,2024-07-29T15:29:00Z,2024-07-29T15:29:00Z,public_membership,Zunder,True
298168,AEC8EE14-F7B3-4E0F-9D30-F00D7DF030FE,40.37592325691,-3.8714515618713676,E.S. Repsol Area Atalaya (Este),Villaviciosa de Odón,28660,91,4,Public - Membership Required,True,75,True,4.0,4,200.0,"33,2,1036,33",1,2026-06-30T08:22:00Z,2026-06-30T08:22:00Z,public_membership,Repsol - Ibil (ES),True
298169,037940B5-AA01-406A-B144-0C91F11DC183,40.37665197127825,-3.8747414869578733,E.S. Repsol Atalaya (Oeste),Villaviciosa de Odón,28660,91,4,Public - Membership Required,True,75,True,4.0,4,200.0,"33,2,1036,33",1,2026-06-30T08:21:00Z,2026-06-30T08:21:00Z,public_membership,Repsol - Ibil (ES),True
306334,1679CE9F-A40A-4560-BDE8-E25D62E68304,40.371221261441576,-3.744028465420598,Bluespace Carabanchel,,28044,3786,4,Public - Membership Required,True,50,True,2.0,2,120.0,"33,25",1,2024-12-07T11:10:00Z,2024-12-07T11:10:00Z,public_membership,Umbrella eMobility (ES),True
290258,1338B43C-42B4-43C7-AE0A-0652FE0CFA04,40.379213942154365,-3.7526099324727227,Ayunt. Madrid: Parque Eugenia de Montijo (Iberdrola),,28044,2247,4,Public - Membership Required,True,50,True,3.0,4,100.0,"33,33,2,1036",1,2025-11-25T20:26:00Z,2025-11-25T20:26:00Z,public_membership,Iberdrola | BP Pulse (ES),True
202293,9E98504F-652B-47EE-B847-902767CF5D89,40.37809591989421,-3.768564943479646,Mercado de las Aguilas,Madrid,28044,3552,4,Public - Membership Required,True,50,True,4.0,5,45.0,"33,2,1036,25,25",1,2025-11-25T20:34:00Z,2025-11-25T20:34:00Z,public_membership,BarterGo (ES),True
312178,F9A42AFF-F12A-4610-895E-B185BEE578E3,40.37364239261089,-3.770902734794845,Repsol Av. de la Aviación,Madrid,,91,4,Public - Membership Required,True,50,True,1.0,3,50.0,"33,2,1036",1,2025-11-25T20:30:00Z,2025-11-25T20:30:00Z,public_membership,Repsol - Ibil (ES),True
207306,D56EFD37-9822-4799-B4C7-1176D7BBC921,40.37387169508412,-3.7729426277076072,LIDL Avenida de la Aviación,Madrid,28044,38,1,Public,,100,False,4.0,1,22.0,25,1,2025-11-25T20:28:00Z,2025-11-25T20:28:00Z,public,Lidl,True
207305,BBECDAFA-F850-4D6E-BBF6-2ACF82400428,40.373793667476605,-3.7738420703982456,AhorraMás Cuatro Vientos,Madrid,28044,3276,4,Public - Membership Required,True,50,True,4.0,1,11.0,25,1,2025-11-25T20:30:00Z,2025-11-25T20:30:00Z,public_membership,EDP,True
508025,304656D6-F80E-47EB-A7B9-1C00FB77B695,40.374153862048246,-3.7738474621216938,Shell Avenida de la Aviación,,28044,200,4,Public - Membership Required,True,50,True,2.0,1,60.0,33,1,2026-09-04T14:14:00Z,2026-09-04T14:14:00Z,public_membership,PRIOE,True
101125,5B07B242-95FB-4170-B723-E481654FBBE9,40.379074,-3.778919,Marisqueria Circulo,Madrid,28044,45,6,"Private - For Staff, Visitors or Customers",False,50,True,1.0,2,13.8,"25,28",1,2025-12-31T20:04:00Z,2025-12-31T20:04:00Z,restricted,(Business Owner at Location),False
235261,FDDFD2C8-8312-40F1-8551-91FF2B2BC8C6,40.37449271186412,-3.776060555640697,Burger King  Aviación,,28917,2247,4,Public - Membership Required,True,50,True,2.0,2,50.0,"33,2",1,2025-11-25T20:32:00Z,2025-11-25T20:32:00Z,public_membership,Iberdrola | BP Pulse (ES),True
235262,08366A6E-833C-42B7-A7F1-0EE4BF5007FB,40.37355558794633,-3.775094054863075,Popeyes Aviación,,28917,2247,4,Public - Membership Required,True,50,True,2.0,2,60.0,"33,2",1,2025-11-25T20:31:00Z,2025-11-25T20:31:00Z,public_membership,Iberdrola | BP Pulse (ES),True
285165,C01BA8E4-244F-4513-9AD3-C646C9F24F98,40.37296344837483,-3.774476739318061,Mercadona Aviación,,28054,3499,4,Public - Membership Required,True,50,True,6.0,1,22.0,25,1,2024-05-02T07:27:00Z,2024-05-02T07:27:00Z,public_membership,Mercadona,True
201780,ACBA09AF-C63E-4D54-A670-FE55E9BB071B,40.37423408746295,-3.776792758752549,E.S. Ballenoil Aviación,Madrid,28044,2247,4,Public - Membership Required,True,50,True,2.0,3,50.0,"33,2,1036",1,2025-11-25T20:33:00Z,2025-11-25T20:33:00Z,public_membership,Iberdrola | BP Pulse (ES),True
207307,DD083E87-2EE2-48D1-BB46-DA84CB08636D,40.378674275046535,-3.7795243068986792,Plus Ultra,Madrid,28044,2247,4,Public - Membership Required,True,50,True,1.0,2,7.4,"25,28",1,2022-10-30T12:13:00Z,2022-10-30T12:13:00Z,public_membership,Iberdrola | BP Pulse (ES),True
235224,642E6DF4-A22D-42E7-94B8-C7D9C2383B33,40.333668437432806,-3.7746050119859262,Repsol Leganés Mendiguchía,,28913,91,4,Public - Membership Required,True,50,True,1.0,3,50.0,"33,1036,2",1,2025-10-08T18:29:00Z,2025-10-08T18:29:00Z,public_membership,Repsol - Ibil (ES),True
297972,5D358EDD-F6A0-4808-8258-4E9E9A0F7489,40.33069200894528,-3.77020133465777,Ahorramas Leganés,,28911,3276,4,Public - Membership Required,True,50,True,4.0,1,22.0,25,1,2024-11-22T12:03:00Z,2024-11-22T12:03:00Z,public_membership,EDP,True
265946,CE136860-6F3D-421E-BFFC-6FA2781FE67B,40.332410023456816,-3.76805969441898,Parking Univ. UC3,,28913,2247,6,"Private - For Staff, Visitors or Customers",False,50,True,4.0,1,22.0,1036,1,2023-05-24T19:05:00Z,2023-05-24T19:05:00Z,restricted,Iberdrola | BP Pulse (ES),False
207279,929D117A-43B6-40AD-9CB4-12B7E14A3344,40.33721997192109,-3.766123897220268,Lidl Leganés,Leganés,28913,38,1,Public,,50,True,2.0,1,22.0,25,1,2024-08-13T07:37:00Z,2024-08-13T07:37:00Z,public,Lidl,True
485911,39D28609-1E4B-4B21-8101-1F1FD8C6B11A,40.338760325449584,-3.7723220489607456,Carrefour Express Leganés,,28913,207,4,Public - Membership Required,True,50,True,2.0,3,50.0,"33,2,25",1,2026-04-17T09:06:00Z,2026-04-17T09:06:00Z,public_membership,Endesa,True
201781,CEFE4E42-3E01-45C1-A86A-40476311ED45,40.360481762360905,-3.777578641311493,Sambil Leganes,Leganés,28044,2247,4,Public - Membership Required,True,50,True,4.0,3,50.0,"33,2,1036",1,2025-10-08T17:29:00Z,2025-10-08T17:29:00Z,public_membership,Iberdrola | BP Pulse (ES),True
201622,C40A9CF3-289F-41CF-853F-D7C5D608F91C,40.368557961884164,-3.765983483365062,Repsol Carabanchel,Madrid,28044,91,4,Public - Membership Required,True,50,True,1.0,3,50.0,"33,2,1036",1,2025-11-25T20:19:00Z,2025-11-25T20:19:00Z,public_membership,Repsol - Ibil (ES),True
207304,B7EC175B-31FF-461C-902F-53170DBFEC5C,40.362687360685385,-3.765742699559496,Mercadona Cuatro Vientos,Madrid,28044,3499,4,Public - Membership Required,True,50,True,4.0,1,22.0,25,1,2024-09-28T16:04:00Z,2024-09-28T16:04:00Z,public_membership,Mercadona,True
306395,9A6C16A3-38B3-44F6-83DD-AFE8A3E0B315,40.35763145823469,-3.773936988877381,Petropix Leganés,,28917,3276,4,Public - Membership Required,True,50,True,2.0,1,150.0,33,1,2025-12-24T21:50:00Z,2025-12-24T21:50:00Z,public_membership,EDP,True
201621,73C0EF2E-0AB8-4759-ADC0-2FC92FC539C7,40.35711105872721,-3.7733473456154343,REPSOL La Fortuna,Leganés,28918,91,4,Public - Membership Required,True,50,True,1.0,3,50.0,"33,2,1036",1,2025-10-08T17:34:00Z,2025-10-08T17:34:00Z,public_membership,Repsol - Ibil (ES),True
201623,194B7B5E-E0FD-427A-8726-9347905BC55D,40.3583559161066,-3.7549790823752573,Repsol Montejano,Leganés,28054,91,4,Public - Membership Required,True,50,True,3.0,4,160.0,"33,2,1036,33",1,2026-08-25T12:41:00Z,2026-08-25T12:41:00Z,public_membership,Repsol - Ibil (ES),True
207303,5C18CE50-3477-4F27-9C4B-EF1E2AF42066,40.36279920721469,-3.7506120108636196,AhorraMas La Peseta,Madrid,28054,3276,4,Public - Membership Required,True,50,True,2.0,1,11.0,25,1,2023-02-11T10:58:00Z,2023-02-11T10:58:00Z,public_membership,EDP,True
207308,16378DA7-2550-4E0B-B8E2-195440E07C35,40.3698029706286,-3.7442789721973213,Volkswagen M.Conde,Madrid,28054,45,6,"Private - For Staff, Visitors or Customers",False,50,True,1.0,1,3.7,25,1,2022-10-10T08:29:00Z,2022-10-10T08:29:00Z,restricted,(Business Owner at Location),False
297346,2DABFBD4-F59E-4D7C-B64D-0B0DA795CF92,40.370689255538366,-3.7436141454089125,Petropix Carabanchel,,28054,3276,4,Public - Membership Required,True,50,True,2.0,1,150.0,33,1,2025-11-25T20:23:00Z,2025-11-25T20:23:00Z,public_membership,EDP,True
472119,3062BFF6-1E78-474A-9841-7F713A86F4C1,40.367581874104104,-3.744952211206737,Node Living,,28044,3377,2,Private - Restricted Access,True,50,True,10.0,1,7.0,25,1,2025-12-27T19:24:00Z,2025-12-27T19:24:00Z,restricted,eTecnic,False
299868,411FF807-5DC6-4A04-8D01-E658E8660879,40.358360577248504,-3.7467743286906625,BAUHAUS Leganés,,28054,3583,4,Public - Membership Required,True,150,False,6.0,2,120.0,"33,25",1,2024-06-26T12:53:00Z,2024-06-26T12:53:00Z,public_membership,Eranovum (ES),True
266296,2FCF4F51-3E94-4B20-9C87-9101126D8668,40.341315352273085,-3.7575177619146416,Mercadona Avenida Puerta de Alcalá,,28918,3499,4,Public - Membership Required,True,50,True,4.0,1,22.0,25,1,2024-05-02T08:00:00Z,2024-05-02T08:00:00Z,public_membership,Mercadona,True
494664,6B374C5A-E8B6-4053-AFD5-B5B23194EBD6,40.343262822014964,-3.7573454597495015,Carrefour Leganes,,28918,3960,5,Public - Pay At Location,False,50,True,1.0,2,50.0,"33,2",1,2026-06-20T12:18:00Z,2026-06-20T12:18:00Z,public,Carrefour (ES),True
207256,0CD06FF5-EAFE-43C8-B685-04240A39D447,40.327797471450225,-3.7485443985231086,Saltoki Leganés,Leganés,28915,3401,6,"Private - For Staff, Visitors or Customers",False,50,True,4.0,1,22.0,25,1,2025-12-26T19:04:00Z,2025-12-26T19:04:00Z,restricted,Electromaps,False
460540,C90F4CE9-72B5-45F2-8394-84DA61679550,40.3225995219174,-3.753568947427709,Bluespace Leganés,Leganés,,3786,4,Public - Membership Required,True,50,True,2.0,2,120.0,"33,25",1,2025-08-24T13:43:00Z,2025-08-24T13:43:00Z,public_membership,Umbrella eMobility (ES),True
290099,1B6A482B-6E7E-4125-A2FC-11C485EEB3A3,40.323294549064855,-3.751496300009876,Plenoil Leganes II,,28912,3750,4,Public - Membership Required,True,50,True,2.0,1,60.0,33,1,2026-01-04T09:29:00Z,2026-01-04T09:29:00Z,public_membership,Plenergy (ES),True
280875,49B367E7-350C-4FC0-A8DF-0E2C65B21868,40.321107716329124,-3.750110377384516,Makro Leganés,,28912,2247,4,Public - Membership Required,True,50,True,12.0,1,22.0,1036,1,2023-11-30T15:15:00Z,2023-11-30T15:15:00Z,public_membership,Iberdrola | BP Pulse (ES),True
207257,57F2292A-7796-4021-B011-98990322BEE1,40.323857835184015,-3.744650497832936,Rexel Leganés,Leganés,28915,45,6,"Private - For Staff, Visitors or Customers",False,50,True,1.0,1,7.4,25,1,2022-10-09T18:53:00Z,2022-10-09T18:53:00Z,restricted,(Business Owner at Location),False
489151,38BDE6F8-B52C-4FDD-BD33-594655919CB5,40.317347144352624,-3.744078450197094,BP Getafe,,28907,2247,4,Public - Membership Required,True,50,True,8.0,2,300.0,"33,33",1,2026-08-27T20:07:00Z,2026-08-27T20:07:00Z,public_membership,Iberdrola | BP Pulse (ES),True
209945,71F7A8E3-DA97-404D-810F-41A7AB80E855,40.31844352978263,-3.744769442765687,C.C. E. Torroja Getafe,,28907,2247,4,Public - Membership Required,True,50,True,8.0,2,120.0,"33,1036",1,2023-04-29T16:15:00Z,2023-04-29T16:15:00Z,public_membership,Iberdrola | BP Pulse (ES),True
207258,0FBBF17E-9C54-4937-8918-AE4348A73755,40.318625477904504,-3.7459205774712245,VW ,Leganés,28904,45,6,"Private - For Staff, Visitors or Customers",False,50,True,1.0,1,22.0,25,1,2022-10-09T18:55:00Z,2022-10-09T18:55:00Z,restricted,(Business Owner at Location),False
279682,98C3EC09-A438-4A96-80BB-05E20FE09A94,40.31480023252371,-3.760677012521569,EDP Petroprix ,Leganés ,,3276,4,Public - Membership Required,True,150,False,2.0,1,150.0,33,1,2024-11-22T10:03:00Z,2024-11-22T10:03:00Z,public_membership,EDP,True
235227,CAE0B2CD-61C7-4A10-BEB5-78A2A6937A35,40.3181117224201,-3.7635583904518626,NISSAN GAMBOA AUTOMOCIÓN - Getafe (Allego),,28914,103,4,Public - Membership Required,True,50,True,1.0,2,50.0,"33,2",1,2023-11-28T09:19:00Z,2023-11-28T09:19:00Z,public_membership,Allego BV,True
235226,0F46917C-EF24-4925-BD8A-E4F0E4A5EE1B,40.31875496373269,-3.762657969412686,Toyota Comautosur,,28914,45,6,"Private - For Staff, Visitors or Customers",False,50,True,1.0,2,50.0,"33,2",1,2023-02-16T18:49:00Z,2023-02-16T18:49:00Z,restricted,(Business Owner at Location),False
235225,DFEF360F-3B9C-4691-B224-DD5DFA108896,40.32681516046,-3.7580067451689274,Parking Plaza Comunidad de Madrid,,28912,2247,4,Public - Membership Required,True,50,True,4.0,1,22.0,25,1,2023-02-16T18:46:00Z,2023-02-16T18:46:00Z,public_membership,Iberdrola | BP Pulse (ES),True
207276,DEC1CB6D-158D-406B-ADFD-C93D30B74CA2,40.32026183084864,-3.7670802828577052,Ahorramás Leganés,Leganés,28911,3276,4,Public - Membership Required,True,50,True,2.0,1,22.0,25,1,2024-04-27T11:03:00Z,2024-04-27T11:03:00Z,public_membership,EDP,True
207278,BA46D752-0E37-4F27-B2E1-6DCACFA242DC,40.325552818013136,-3.769123689345747,Parking Plaza Mayor,Leganés,28911,2247,4,Public - Membership Required,True,50,True,4.0,1,22.0,1036,1,2024-04-26T19:17:00Z,2024-04-26T19:17:00Z,public_membership,Iberdrola | BP Pulse (ES),True
207277,9EEB2CF6-EEC1-48E0-B169-A21C22D7D2A8,40.32684186960526,-3.778234580966682,Mercadona Valdepelayos,Leganés,28914,3499,4,Public - Membership Required,True,50,True,6.0,1,22.0,25,1,2024-09-23T18:37:00Z,2024-09-23T18:37:00Z,public_membership,Mercadona,True
290100,F18A649E-AA7E-4125-A418-94D249603E42,40.327026677161456,-3.777084484657621,Plenoil Leganés I,,28911,3750,4,Public - Membership Required,True,50,True,2.0,1,60.0,33,1,2026-01-04T09:29:00Z,2026-01-04T09:29:00Z,public_membership,Plenergy (ES),True
207263,5584E2BB-2D49-425B-B174-C1075C314AC1,40.31323982071797,-3.774530666408509,Renault Qualytauto,Leganés,28911,3275,6,"Private - For Staff, Visitors or Customers",False,50,True,1.0,2,3.7,"25,28",1,2022-10-09T19:00:00Z,2022-10-09T19:00:00Z,restricted,Renault,False
312156,90136094-4B0A-4753-A3EE-2666655E8FAD,40.3139075016322,-3.7717103150650644,City Car sur,Leganés,,3401,4,Public - Membership Required,True,50,True,10.0,2,60.0,"33,25",1,2025-05-01T07:25:00Z,2025-05-01T07:25:00Z,public_membership,Electromaps,True
473146,4D4348FB-3517-4F19-8AAF-05C53C84D654,40.31875756420854,-3.7701626911976973,Parking Hospital Severo Ochoa,,28911,91,4,Public - Membership Required,True,50,True,6.0,1,22.0,25,1,2026-01-13T18:16:00Z,2026-01-13T18:16:00Z,public_membership,Repsol - Ibil (ES),True
235228,8827FFFC-FDAC-43A3-A383-BB243CD61CC5,40.31653340445615,-3.767236729198089,MG Electric Albión Motor,,28914,45,6,"Private - For Staff, Visitors or Customers",False,50,True,2.0,1,11.0,25,1,2023-02-16T18:51:00Z,2023-02-16T18:51:00Z,restricted,(Business Owner at Location),False
207275,4CCE6F65-C835-4496-924F-43B88A05704A,40.31836092466071,-3.767481637388528,MERCADONA Hospital Leganés,Leganés,28911,3499,4,Public - Membership Required,True,50,True,6.0,1,22.0,25,1,2024-09-23T18:41:00Z,2024-09-23T18:41:00Z,public_membership,Mercadona,True
207260,C471CB23-36F6-411D-8C02-B573CA2F1CB6,40.31485930633821,-3.7650983904700297,BMW momento,Leganés,28914,45,6,"Private - For Staff, Visitors or Customers",False,50,True,1.0,1,7.4,25,1,2022-10-09T18:57:00Z,2022-10-09T18:57:00Z,restricted,(Business Owner at Location),False
207261,5DFA24DF-00AC-4DA3-9305-A6C9E7EED71B,40.30977425606662,-3.764130177837501,Tanatorio de Leganés,Leganés,28914,45,6,"Private - For Staff, Visitors or Customers",False,50,True,1.0,1,22.0,25,1,2022-10-09T18:59:00Z,2022-10-09T18:59:00Z,restricted,(Business Owner at Location),False
207264,C8F4FC07-CC46-4147-8ECF-018351DE13DB,40.30625279199813,-3.776011596384933,REXEL Oficinas Centrales,Leganés,2945,45,6,"Private - For Staff, Visitors or Customers",False,50,True,1.0,1,7.4,25,1,2022-10-09T19:00:00Z,2022-10-09T19:00:00Z,restricted,(Business Owner at Location),False
272461,609AB0C5-0FDC-4C48-B12D-0689A07BBFE4,40.30519209678425,-3.7749956375432703,Hotel Holiday Inn (Leganés),,28914,3459,4,Public - Membership Required,True,50,True,2.0,3,50.0,"33,2,25",1,2025-07-17T13:55:00Z,2025-07-17T13:55:00Z,public_membership,ACCIONA - Cargacoches,True
235229,32290009-213D-4599-A856-B500A1569143,40.30851452596403,-3.7777178843163597,Repsol Leganes Recomba,,28914,91,4,Public - Membership Required,True,50,True,1.0,3,50.0,"33,1036,2",1,2025-10-08T18:33:00Z,2025-10-08T18:33:00Z,public_membership,Repsol - Ibil (ES),True
97233,412011E2-0DE0-4EB9-A056-8340522B1F13,40.3008455,-3.77622640000004,C.C Arroyosur,Leganés,28914,45,0,(Unknown),,50,True,11.0,2,11.0,"28,25",1,2022-09-13T18:04:00Z,2022-09-13T18:04:00Z,unknown,(Business Owner at Location),False
298527,FFA356DA-E1A6-4FA8-81FC-0C7B79D56A6E,40.294764885848764,-3.761018981234656,Residencia Adavir Getafe,,28905,207,6,"Private - For Staff, Visitors or Customers",False,50,True,2.0,1,7.0,25,1,2024-05-09T18:40:00Z,2024-05-09T18:40:00Z,restricted,Endesa,False
508026,5F666796-C8EA-44FD-901C-D7F8FD042836,40.29554272505021,-3.7617206862423984,Shell Arroyo Leganés,,28914,200,4,Public - Membership Required,True,50,True,2.0,1,90.0,33,1,2026-09-04T14:15:00Z,2026-09-04T14:15:00Z,public_membership,PRIOE,True
210365,E4C030C7-183F-49DC-ACAD-97C553B598FE,40.296356893530145,-3.7635378974745777,Verdedecora Leganés,,28905,2247,4,Public - Membership Required,True,50,True,10.0,2,120.0,"33,1036",1,2024-08-09T16:05:00Z,2024-08-09T16:05:00Z,public_membership,Iberdrola | BP Pulse (ES),True
207266,CFCB053F-9EB0-417A-BC4F-1E942FB2540C,40.30333648398434,-3.7505265716472422,AhorraMas Mari Pepa Colomer,Getafe,28905,3276,4,Public - Membership Required,True,50,True,2.0,1,7.4,25,1,2023-02-11T09:28:00Z,2023-02-11T09:28:00Z,public_membership,EDP,True
201345,82C02B12-9419-40B6-975C-6EC71093C1DB,40.295846043851725,-3.745279239167303,Centro Comercial Getafe III  (Zunder),Getafe,28905,3324,4,Public - Membership Required,True,50,True,4.0,2,120.0,"33,33",1,2024-02-04T18:00:00Z,2024-02-04T18:00:00Z,public_membership,Zunder,True
459928,E99F8D28-2EC2-4254-B560-1C0246A1479D,40.296824879758816,-3.7520668268239206,Hospital FREMAP Getafe,Getafe,,3377,1,Public,,50,True,2.0,1,22.0,25,1,2025-07-20T22:11:00Z,2025-07-20T22:11:00Z,public,eTecnic,True
235235,6EE185F5-F0A4-4867-8264-AB5286869D92,40.28068024922413,-3.7764358726732326,FUENLAMOVIL,,28946,45,6,"Private - For Staff, Visitors or Customers",False,50,True,2.0,1,7.4,25,1,2023-02-16T19:00:00Z,2023-02-16T19:00:00Z,restricted,(Business Owner at Location),False
202928,3C47E43B-9BF2-458B-9246-6FA000D744B3,40.28035942224125,-3.776391654437248,Renault Fuenlamovil,Fuenlabrada,2945,3275,6,"Private - For Staff, Visitors or Customers",False,50,True,3.0,2,22.0,"25,25",1,2022-09-26T19:44:00Z,2022-09-26T19:44:00Z,restricted,Renault,False
207267,0DFBA2CC-54E1-490F-A91C-0763007BB958,40.29130014316689,-3.7399048570430296,Vehinter Getafe,Getafe,28905,45,6,"Private - For Staff, Visitors or Customers",False,50,True,1.0,1,7.4,25,1,2022-10-09T19:15:00Z,2022-10-09T19:15:00Z,restricted,(Business Owner at Location),False
273731,5AF7728B-FEDE-4A61-9AEA-47673D46CFBC,40.30406288453878,-3.7263828165322366,E.S. Bagarciva,,28901,3571,4,Public - Membership Required,True,50,True,2.0,1,100.0,33,1,2024-09-13T09:45:00Z,2024-09-13T09:45:00Z,public_membership,TotalEnergies (ES),True
266297,AD8AA52B-ED3E-400A-92AA-E286491484E9,40.30709876766082,-3.7271023934261507,Mercadona Calle Escaño,,28901,3499,4,Public - Membership Required,True,50,True,4.0,1,22.0,25,1,2024-05-02T08:02:00Z,2024-05-02T08:02:00Z,public_membership,Mercadona,True
207274,C58CA179-479B-4B96-BD2E-E1471A9B1C01,40.30885762251384,-3.728566642744113,Parking General Palacio,Getafe,28901,45,5,Public - Pay At Location,False,50,True,1.0,1,3.7,25,1,2022-10-09T19:28:00Z,2022-10-09T19:28:00Z,public,(Business Owner at Location),True
462093,243BD2B1-2DED-4740-8AF0-18E0CDECA44B,40.30744740319852,-3.730771931457639,Ahorramas Getefe,Getafe,,3276,4,Public - Membership Required,True,50,True,2.0,1,22.0,25,1,2025-10-10T18:23:00Z,2025-10-10T18:23:00Z,public_membership,EDP,True
60896,38E3D4DB-E694-4B30-94E9-FE8EB104EFDB,40.3058559,-3.732334700000024,Parking Plaza de la Constitución,Getafe,28901,45,5,Public - Pay At Location,False,100,False,4.0,2,3.7,"25,28",1,2024-10-31T11:02:00Z,2024-10-31T11:02:00Z,public,(Business Owner at Location),True
207273,6E3D59BC-0786-4F8C-821A-D63C27E76CED,40.30907207794323,-3.7346187207130015,Mercadona Getafe Centro,Getafe,28901,3499,4,Public - Membership Required,True,50,True,4.0,1,22.0,25,1,2025-10-17T18:35:00Z,2025-10-17T18:35:00Z,public_membership,Mercadona,True
486643,318A9423-B39F-4B77-AF15-078A0A89D1E6,40.31622354081017,-3.7354311197173047,Calle Alcalde Ángel Arroyo,,28907,3809,4,Public - Membership Required,True,50,True,4.0,1,22.0,25,1,2026-04-23T13:31:00Z,2026-04-23T13:31:00Z,public_membership,Qwello,True
279683,2DB0721E-5CD3-4A26-A159-FBA0F872B769,40.31553681857781,-3.735252539394537,Mercadona Kelvinator ,Getafe,28904,2247,4,Public - Membership Required,True,50,True,2.0,1,22.0,25,1,2024-04-26T19:18:00Z,2024-04-26T19:18:00Z,public_membership,Iberdrola | BP Pulse (ES),True
265804,0B91CB9A-9E8A-43DA-930A-D9756A80A418,40.31681176944497,-3.734286538997992,Hotel B&B Madrid Getafe,,28902,207,4,Public - Membership Required,True,50,True,6.0,2,60.0,"33,25",1,2025-05-05T14:02:00Z,2025-05-05T14:02:00Z,public_membership,Endesa,True
260760,2D668808-E95F-4BEA-B018-AFB06EBCE58A,40.316950202243675,-3.7415638175916683,Hotel EXE Getafe,Getafe,28907,3557,4,Public - Membership Required,True,50,True,2.0,1,120.0,33,1,2025-08-26T09:30:00Z,2025-08-26T09:30:00Z,public_membership,GALP Electric,True
284829,0189A5E8-9894-46A2-93FD-A1DC44661215,40.31626896861664,-3.7431004601361337,McDonald's Getafe ,Getafe,28907,2247,4,Public - Membership Required,True,50,True,2.0,3,50.0,"33,2,1036",1,2024-11-18T10:56:00Z,2024-11-18T10:56:00Z,public_membership,Iberdrola | BP Pulse (ES),True
207259,8EA216B7-25FE-411D-816D-36CDE17B554D,40.3172146280817,-3.7432464413902835,AhorraMas - Glaser,Getafe,28904,3276,4,Public - Membership Required,True,50,True,5.0,1,7.4,25,1,2024-02-18T14:23:00Z,2024-02-18T14:23:00Z,public_membership,EDP,True
462092,72A700B3-54B8-425A-8033-C65C4BD921D8,40.329115145515885,-3.742518222521312,Lidl Leganés,Leganés,,38,1,Public,,50,True,4.0,1,11.0,25,1,2025-10-10T18:21:00Z,2025-10-10T18:21:00Z,public,Lidl,True
209716,7D38E961-4153-41BA-8865-203A0C63DFDF,40.32899860927674,-3.736093284549952,Ahorramas Leganes,,28907,3276,4,Public - Membership Required,True,50,True,5.0,1,22.0,25,1,2026-08-18T10:33:00Z,2026-08-18T10:33:00Z,public_membership,EDP,True
300335,47F20552-DCA4-44FE-AA9B-95FA0A048773,40.328519867753755,-3.736894285940025,Calle de Eduardo Torroja,,28914,3750,4,Public - Membership Required,True,50,True,2.0,1,60.0,33,1,2026-04-24T10:59:00Z,2026-04-24T10:59:00Z,public_membership,Plenergy (ES),True
235237,6E122A88-B7E9-43D7-814F-ABA3B4B6D94F,40.33035025384447,-3.7344518479509077,Dimel suministros eléctricos,,28907,45,6,"Private - For Staff, Visitors or Customers",False,50,True,3.0,1,11.0,25,1,2023-02-16T19:04:00Z,2023-02-16T19:04:00Z,restricted,(Business Owner at Location),False
209946,7A5DF4ED-4445-484B-A63A-BB23CC45D00C,40.3230975960704,-3.7326207387206978,MOEVE El Bercial,Getafe ,28907,3584,4,Public - Membership Required,True,50,True,2.0,2,150.0,"33,33",1,2025-12-14T19:42:00Z,2025-12-14T19:42:00Z,public_membership,Moeve (ES),True
207255,EA09FACA-8A26-41ED-B671-7853EE8B1C5A,40.329365219597975,-3.7280969575682548,El Corte Inglés (El Bercial),Getafe,28903,45,1,Public,,50,True,3.0,2,11.0,"25,28",1,2022-10-09T18:51:00Z,2022-10-09T18:51:00Z,public,(Business Owner at Location),True
210983,BA933A27-41D5-40B3-ACA0-C6D46790D8A7,40.320988504776324,-3.7267741366192695,Repsol La Amistosina,,28903,91,4,Public - Membership Required,True,150,False,2.0,2,150.0,"33,2",1,2024-11-23T11:32:00Z,2024-11-23T11:32:00Z,public_membership,Repsol - Ibil (ES),True
209714,095FBFFC-8C3F-4E80-B673-8D17D76F1044,40.31656217605402,-3.721598021778618,Ahorramas Doctor Sánchez Morate,,28903,3276,4,Public - Membership Required,True,50,True,2.0,1,7.4,25,1,2022-11-01T19:34:00Z,2022-11-01T19:34:00Z,public_membership,EDP,True
309389,7359E44A-2E6A-4B43-97F1-AC5ABFE7EFDB,40.327028557222036,-3.717395865477357,Foster's Hollywood Getafe,Getafe,,3588,4,Public - Membership Required,True,150,False,2.0,1,60.0,33,1,2025-03-09T15:15:00Z,2025-03-09T15:15:00Z,public_membership,Atlante,True
209715,0F00CF7F-9006-4295-BB0C-D676A56BEF53,40.32204509281789,-3.71728122918762,Ahorramas Getafe,,28093,3276,4,Public - Membership Required,True,50,True,2.0,1,22.0,25,1,2023-02-11T10:37:00Z,2023-02-11T10:37:00Z,public_membership,EDP,True
472763,C790437E-7A0F-469C-94F5-6C2C05B24096,40.32743232308789,-3.7116421133262065,Mad Cool,Villaverde,,2247,4,Public - Membership Required,True,100,False,8.0,1,22.0,25,1,2026-01-08T11:51:00Z,2026-01-08T11:51:00Z,public_membership,Iberdrola | BP Pulse (ES),True
148938,9E8E2B27-BA65-4839-8E44-B4199BD1898F,40.31769961744237,-3.7068955990271206,Mercadona Los Molinos Getafe,Getafe,2806,3499,4,Public - Membership Required,True,50,True,6.0,1,22.0,25,1,2024-09-23T18:42:00Z,2024-09-23T18:42:00Z,public_membership,Mercadona,True
459802,DC17105C-C1AF-485A-BD11-077FD8D1D0C9,40.31864203609638,-3.709225165465624,Estacionamiento El Casar ,Getafe,28903,1,1,Public,,50,True,16.0,1,1.0,1036,1,2025-07-15T16:14:00Z,2025-07-15T16:14:00Z,public,(Unknown Operator),True
207271,67F3921F-F1CE-4F6A-9217-3C644419B49A,40.294358522095905,-3.7078298838943056,Airbus,Getafe,28906,45,6,"Private - For Staff, Visitors or Customers",False,50,True,1.0,1,11.0,25,1,2022-10-09T19:23:00Z,2022-10-09T19:23:00Z,restricted,(Business Owner at Location),False
474976,FF7BC010-58CC-4144-996F-541A8C06222A,40.29654359570071,-3.6976151962010135,Alfen San Marcos,,28906,3557,2,Private - Restricted Access,True,50,True,1.0,1,7.4,25,1,2026-01-28T15:38:00Z,2026-01-28T15:38:00Z,restricted,GALP Electric,False
280877,039C3ECB-E4BC-49DD-8BA5-5A23151D7C74,40.29510744257959,-3.696645829427922,VW Calle Eratóstenes,,28906,45,4,Public - Membership Required,True,50,True,2.0,2,22.0,"33,25",1,2023-11-30T15:17:00Z,2023-11-30T15:17:00Z,public_membership,(Business Owner at Location),True
303278,128BCB4C-3B84-4BBE-A739-6B3A12E27EA5,40.29686,-3.69216,Cepsa Los Ángeles,,,3584,4,Public - Membership Required,True,50,True,2.0,1,150.0,33,1,2025-11-03T21:30:00Z,2025-11-03T21:30:00Z,public_membership,Moeve (ES),True
207272,E1FD0875-C5D4-4491-8C75-B70835F30D9F,40.31014391745518,-3.695217519243556,J.Abad Codelco SL,Getafe,28906,45,2,Private - Restricted Access,True,50,True,1.0,1,7.4,25,1,2024-10-31T10:52:00Z,2024-10-31T10:52:00Z,restricted,(Business Owner at Location),False
174182,C32D2E4D-C48E-43BC-81F3-FB832852C612,40.3027299,-3.696051,E.S. Ballenoil Getafe,Getafe,28906,2247,4,Public - Membership Required,True,50,True,4.0,3,50.0,"33,2,1036",1,2025-10-08T19:30:00Z,2025-10-08T19:30:00Z,public_membership,Iberdrola | BP Pulse (ES),True
267591,C7EDD413-988C-4FC0-8286-210E8D29362F,40.3039688722432,-3.70227258718592,BP Pulse Getafe Pg San Marcos,,28906,2247,4,Public - Membership Required,True,50,True,2.0,1,150.0,33,1,2023-08-24T11:25:00Z,2023-08-24T11:25:00Z,public_membership,Iberdrola | BP Pulse (ES),True
201362,6002E73D-1557-4C33-9D9A-EE054B88782C,40.31437134051484,-3.69119376190406,Hotel Los Olivos,Getafe,28906,3571,4,Public - Membership Required,True,50,True,4.0,5,140.0,"33,2,33,1036,25",1,2024-12-07T11:07:00Z,2024-12-07T11:07:00Z,public_membership,TotalEnergies (ES),True
279379,85EF64DB-5D0A-4E22-A2E8-C1C78CA0DC6C,40.280601538309355,-3.680694840456482,Decathlon (Centro Logístico),,28320,3276,6,"Private - For Staff, Visitors or Customers",False,50,True,4.0,1,22.0,25,1,2023-10-23T18:54:00Z,2023-10-23T18:54:00Z,restricted,EDP,False
297085,A24F1B75-5F5A-45CA-A0C4-CFEF5B056367,40.283544637776686,-3.6868227693380504,Costco Getafe,,28906,45,5,Public - Pay At Location,False,50,True,20.0,2,150.0,"33,25",1,2026-08-27T10:44:00Z,2026-08-27T10:44:00Z,public,(Business Owner at Location),True
163480,736A2F23-05D3-45A9-A6CC-72695F0B8BBF,40.29037,-3.69629,Tesla Supercharger Getafe,Getafe,28906,3534,4,Public - Membership Required,True,50,True,8.0,1,250.0,33,1,2025-02-25T12:51:00Z,2025-02-25T12:51:00Z,public_membership,Tesla (including non-tesla),True
472120,742877D1-D7B5-431D-B6BD-94CB8BD34195,40.284760182841126,-3.701329146690142,Logistica Integra2,,28906,3377,2,Private - Restricted Access,True,50,True,1.0,1,7.0,25,1,2025-12-27T19:26:00Z,2025-12-27T19:26:00Z,restricted,eTecnic,False
211068,0B5C7EC7-5342-454A-A1D0-48B5D32108BA,40.37779538516696,-3.694522596269053,Hotel E-Kilibrio,,28041,3377,6,"Private - For Staff, Visitors or Customers",False,50,True,4.0,1,22.0,25,1,2025-12-27T19:22:00Z,2025-12-27T19:22:00Z,restricted,eTecnic,False
298793,D4946E0E-C4CD-4025-A105-C9F6AD97696D,40.37918537355483,-3.6951991029723104,BlueSpace Usera,,28041,3786,4,Public - Membership Required,True,50,True,2.0,2,120.0,"33,25",1,2025-11-25T20:00:00Z,2025-11-25T20:00:00Z,public_membership,Umbrella eMobility (ES),True
285163,C449004B-CC14-4CBB-BDE7-4621FEDAC120,40.37987689807673,-3.694864310607386,Mercadona Antonio López,,28041,3499,4,Public - Membership Required,True,50,True,4.0,1,22.0,25,1,2024-04-26T19:46:00Z,2024-04-26T19:46:00Z,public_membership,Mercadona,True
205466,40D4C84F-EE5D-4056-8C9C-7A2E3389D702,40.37567433716157,-3.6989295965780684,Parking Hospital 12 de Octubre,Madrid,28026,3371,4,Public - Membership Required,True,50,True,28.0,1,7.4,25,1,2022-10-28T07:05:00Z,2022-10-28T07:05:00Z,public_membership,Wenea,True
202275,731455AE-45ED-41D8-9E24-1E08799A7261,40.37409366359125,-3.6959065364083017,Automóviles Alhambra,Madrid,28026,207,4,Public - Membership Required,True,50,True,4.0,4,50.0,"33,2,1036,25",1,2023-03-05T13:58:00Z,2023-03-05T13:58:00Z,public_membership,Endesa,True
459930,FB54FF3D-EE9E-4709-8FA5-CBE5C847537D,40.377329907098016,-3.6948327555854803,Funway Academic Resort,Spain,,3377,1,Public,,50,True,5.0,1,22.0,25,1,2025-07-21T10:04:00Z,2025-07-21T10:04:00Z,public,eTecnic,True
298557,0E3353FC-6845-4805-96BE-B13877D03528,40.37317849703794,-3.69367728727957,Residencia Amavir Usera,,28041,207,6,"Private - For Staff, Visitors or Customers",False,50,True,3.0,1,7.0,25,1,2024-05-10T07:37:00Z,2024-05-10T07:37:00Z,restricted,Endesa,False
290264,354A7320-9B54-47A1-A4A4-16E0C31A1FD7,40.34953073621608,-3.6910448796403443,Ayunt. Madrid: Calle de Santa Florencia (Iberdrola),,28021,2247,4,Public - Membership Required,True,50,True,3.0,4,100.0,"33,33,2,1036",1,2025-10-08T19:13:00Z,2025-10-08T19:13:00Z,public_membership,Iberdrola | BP Pulse (ES),True
207249,8A2DAFFE-BCEC-4251-B350-935C7A062618,40.34220072163248,-3.6923487346488173,Talleres Otiauto,Madrid,28021,45,6,"Private - For Staff, Visitors or Customers",False,50,True,1.0,1,22.0,25,1,2022-10-09T18:39:00Z,2022-10-09T18:39:00Z,restricted,(Business Owner at Location),False
290252,F11130E2-2258-46EC-A84D-C5B3512E3CD6,40.340742328897306,-3.6886029483246148,Ayunt. Madrid: Calle de Godella (TotalEnergies),,28021,3571,4,Public - Membership Required,True,50,True,3.0,4,100.0,"33,33,2,1036",1,2025-10-08T19:15:00Z,2025-10-08T19:15:00Z,public_membership,TotalEnergies (ES),True
305838,5982DB60-4396-423F-A4E3-5DFDA0BBC2A6,40.33518400856397,-3.6933217889384196,Logística Marconi,,28021,207,6,"Private - For Staff, Visitors or Customers",False,50,True,4.0,3,50.0,"33,2,1036",1,2025-05-08T15:00:00Z,2025-05-08T15:00:00Z,restricted,Endesa,False
189143,F18C38CB-1858-4EEC-A43D-F1642499381E,40.332126169922674,-3.702529286164861,Hotel Vertice Roomspace,Madrid,28906,3459,4,Public - Membership Required,True,50,True,2.0,3,50.0,"33,2,25",1,2025-12-18T14:20:00Z,2025-12-18T14:20:00Z,public_membership,ACCIONA - Cargacoches,True
290098,DE74B0A3-B532-41CF-85F4-66A47FB55FEE,40.34330210658214,-3.695261706934957,Plenoil Madrid VI Villaverde,,28021,3750,4,Public - Membership Required,True,50,True,2.0,1,60.0,33,1,2026-01-04T09:29:00Z,2026-01-04T09:29:00Z,public_membership,Plenergy (ES),True
207248,B380D095-2D55-4D1C-90C2-D30BC3124638,40.34535079249369,-3.693939423401389,Renault Av. Andalucía,Madrid,28021,3275,6,"Private - For Staff, Visitors or Customers",False,50,True,3.0,1,22.0,25,1,2022-10-09T18:38:00Z,2022-10-09T18:38:00Z,restricted,Renault,False
207246,2D9A7D26-8196-46D7-B797-642DA56EB1CC,40.347456067216996,-3.7024447277456147,Taller Luna Nueva,Madrid,28021,45,6,"Private - For Staff, Visitors or Customers",False,50,True,1.0,1,11.0,25,1,2023-02-19T08:49:00Z,2023-02-19T08:49:00Z,restricted,(Business Owner at Location),False
272919,7A7355F7-FA0C-43B1-BB0D-3C14BA60C2AB,40.34941821357344,-3.7024268519184034,Mercadona Alcocér,,,3499,4,Public - Membership Required,True,50,True,2.0,1,22.0,25,1,2024-04-26T19:21:00Z,2024-04-26T19:21:00Z,public_membership,Mercadona,True
207247,91B45B87-7D73-460F-AA0C-2EEF74472C85,40.35557001900557,-3.685041566015002,Mercadona Rosales,Madrid,28041,3499,4,Public - Membership Required,True,50,True,6.0,1,22.0,25,1,2024-09-23T18:55:00Z,2024-09-23T18:55:00Z,public_membership,Mercadona,True
312180,801B3711-CBF6-4AB9-A47A-B24E5903F4DC,40.36248369464866,-3.691795376949443,Carrefour Los Angeles,Madrid,,3960,4,Public - Membership Required,True,50,True,2.0,1,150.0,33,1,2026-01-17T09:59:00Z,2026-01-17T09:59:00Z,public_membership,Carrefour (ES),True
216880,3CB95202-DA34-4D05-8776-28E88EEB3FF9,40.364561,-3.687264,Mercadona Avda. Rosales,,28041,3499,4,Public - Membership Required,True,50,True,6.0,1,22.0,25,1,2024-04-26T19:21:00Z,2024-04-26T19:21:00Z,public_membership,Mercadona,True
295948,58CEAD25-6B5E-4168-80F8-79ED6065EFBD,40.367643369751306,-3.6911657940603106,Plenoil Madrid,,28041,3750,4,Public - Membership Required,True,50,True,2.0,1,60.0,33,1,2025-05-01T10:42:00Z,2025-05-01T10:42:00Z,public_membership,Plenergy (ES),True
235065,B5FC0DFA-1189-4A78-ACDA-6223A9F9E74A,40.37205706192259,-3.6951283373637125,Mercadona Avenida de Andalucía,,28041,3499,4,Public - Membership Required,True,50,True,2.0,1,22.0,25,1,2025-10-17T18:44:00Z,2025-10-17T18:44:00Z,public_membership,Mercadona,True
201625,F47686EF-2626-48B7-BC81-9B6958EA70A4,40.3673928176093,-3.6938638511585395,REPSOL Avda. Andalucía Este,Madrid,28041,91,4,Public - Membership Required,True,50,True,1.0,3,50.0,"33,2,1036",1,2025-11-25T19:52:00Z,2025-11-25T19:52:00Z,public_membership,Repsol - Ibil (ES),True
207243,2695E4B6-52BA-467E-A763-351121CB64FC,40.36731611665155,-3.6930731509826273,Kia,Madrid,28041,45,6,"Private - For Staff, Visitors or Customers",False,50,True,1.0,1,11.0,25,1,2022-10-09T18:27:00Z,2022-10-09T18:27:00Z,restricted,(Business Owner at Location),False
202276,571C2AF6-80FF-4058-A149-67C736715E98,40.366521324206445,-3.6937777590758287,McDonald’s Avda. Andalucia,Madrid,28026,207,4,Public - Membership Required,True,50,True,2.0,2,50.0,"33,25",1,2026-08-31T14:17:00Z,2026-08-31T14:17:00Z,public_membership,Endesa,True
201624,33CBAF1D-D876-4C71-A0CC-995E890696EC,40.36665495825417,-3.694715068669325,REPSOL Avda. Andalucía Oeste,Madrid,28041,91,4,Public - Membership Required,True,50,True,1.0,3,50.0,"33,2,1036",1,2025-11-25T19:55:00Z,2025-11-25T19:55:00Z,public_membership,Repsol - Ibil (ES),True
202277,7DB728ED-15E3-4617-BB44-B28F2195824F,40.365670032488794,-3.6929605802585,Ballenoil Orovilla,Madrid,28041,207,4,Public - Membership Required,True,50,True,2.0,3,50.0,"33,2,25",1,2025-11-25T19:56:00Z,2025-11-25T19:56:00Z,public_membership,Endesa,True
280870,D1ADA7D8-1F16-4C99-BBB9-8427A7710934,40.365750795507836,-3.7111670232630445,Decathlon Usera,,28041,3276,4,Public - Membership Required,True,150,False,10.0,2,150.0,"25,33",1,2024-11-22T10:03:00Z,2024-11-22T10:03:00Z,public_membership,EDP,True
309025,4C5B4A92-97B9-4DCC-B3E8-9E9BD8E3A8DA,40.36838638784721,-3.7210870568291057,E.S. BP Cheyper,Madrid,,2247,4,Public - Membership Required,True,50,True,8.0,2,300.0,"33,2",1,2025-06-11T15:28:00Z,2025-06-11T15:28:00Z,public_membership,Iberdrola | BP Pulse (ES),True
207245,89E96583-5526-42B0-9998-E74A7E87844F,40.35601551921721,-3.7050365433408388,Ahorramas Puente Alcocer,Madrid,28041,3276,4,Public - Membership Required,True,50,True,4.0,1,22.0,25,1,2023-02-11T10:59:00Z,2023-02-11T10:59:00Z,public_membership,EDP,True
216908,B57E91FF-784B-4BE7-A19C-284973D33307,40.35580284960599,-3.7050674741584544,Ahorramás Eduardo Barreiros,,28041,3276,4,Public - Membership Required,True,50,True,2.0,4,50.0,"33,2,1036,25",1,2024-11-22T10:39:00Z,2024-11-22T10:39:00Z,public_membership,EDP,True
265803,5012160F-44A7-4AAE-A945-98E45F920703,40.355937715057934,-3.7047251517302584,MacDonald's Eduardo Barreiros,,28041,207,4,Public - Membership Required,True,50,True,2.0,3,50.0,"33,2,1036",1,2023-05-20T18:48:00Z,2023-05-20T18:48:00Z,public_membership,Endesa,True
201782,34322411-C679-4650-9042-D61488C045AB,40.33615169328891,-3.714897320719956,Ballenoil Villaverde,Madrid,28903,2247,4,Public - Membership Required,True,50,True,2.0,3,50.0,"33,2,1036",1,2025-10-08T19:20:00Z,2025-10-08T19:20:00Z,public_membership,Iberdrola | BP Pulse (ES),True
207251,AD88A9DF-A737-4780-B3A2-6DB0252231A1,40.33199951790726,-3.7142619766611915,Gasolinera LowCostRepost,Madrid,28903,207,4,Public - Membership Required,True,50,True,2.0,1,11.0,25,1,2025-10-08T19:19:00Z,2025-10-08T19:19:00Z,public_membership,Endesa,True
210610,A51B13BB-234B-4344-9985-4ED0F80987CF,40.33124405120017,-3.715788727638028,Burger King Villaverde,,28093,2247,4,Public - Membership Required,True,50,True,2.0,2,50.0,"33,2",1,2025-10-08T19:17:00Z,2025-10-08T19:17:00Z,public_membership,Iberdrola | BP Pulse (ES),True
207252,0687917C-F7FB-4D10-BF6E-85F7B23D4B43,40.34928885252825,-3.726419721474599,Ardasa 2000,Leganés,28916,45,6,"Private - For Staff, Visitors or Customers",False,50,True,2.0,1,11.0,25,1,2022-10-09T18:42:00Z,2022-10-09T18:42:00Z,restricted,(Business Owner at Location),False
207254,735E55CD-7A22-4DA4-92A9-CA6969B8F59F,40.33211168561647,-3.7258881940293804,Renault Automocion Qualitauto Getafe,Getafe,28903,3275,6,"Private - For Staff, Visitors or Customers",False,50,True,6.0,2,22.0,"25,28",1,2022-10-09T18:50:00Z,2022-10-09T18:50:00Z,restricted,Renault,False
510836,A8EB3206-1037-4E05-BF16-89D931D0B86E,40.33939156337374,-3.736922209883005,C.C. Parquesur (Acciona),,28916,3459,4,Public - Membership Required,True,50,True,64.0,2,120.0,"33,25",1,2026-09-30T14:15:00Z,2026-09-30T14:15:00Z,public_membership,ACCIONA - Cargacoches,True
160812,B61D1DA8-2D29-44F4-AC79-4D53B0E8617D,40.33198889360028,-3.7361152245470066,Mercadona Leganés,Leganés,28914,3499,4,Public - Membership Required,True,50,True,6.0,1,22.0,25,1,2025-10-17T18:37:00Z,2025-10-17T18:37:00Z,public_membership,Mercadona,True
296572,C71D602F-88A2-414A-8499-ACC38BFA276A,40.330709123651104,-3.742037119476578,McDonald's Lengua Española,,28916,2247,4,Public - Membership Required,True,50,True,2.0,3,50.0,"33,2,1036",1,2026-01-12T14:46:00Z,2026-01-12T14:46:00Z,public_membership,Iberdrola | BP Pulse (ES),True
509302,CB4B4896-F471-49AA-A1DC-2C6D693A8B31,40.33569732962229,-3.742156575556237,BM Leganés,,28916,3583,4,Public - Membership Required,True,50,True,3.0,2,60.0,"33,1036",1,2026-09-15T07:00:00Z,2026-09-15T07:00:00Z,public_membership,Eranovum (ES),True
207253,0F6D8F5B-E9A6-4CA1-9655-3A523674B88A,40.340621659128345,-3.7371542082429414,C.C Parquesur (Endesa),Leganés,28916,207,4,Public - Membership Required,True,50,True,10.0,3,150.0,"33,33,25",1,2026-09-30T14:15:00Z,2026-09-30T14:15:00Z,public_membership,Endesa,True
296571,56779CC3-CF6A-41F3-B152-7A4A9F978D72,40.36344531603538,-3.7352191564827137,E.S. Leclerc,,28025,3550,4,Public - Membership Required,True,50,True,2.0,1,150.0,33,1,2025-11-25T20:15:00Z,2025-11-25T20:15:00Z,public_membership,PowerDot (Es),True
494647,E5EB07EF-76CF-4FF6-A877-33D44CDB485A,40.36347600649387,-3.7376199087810846,C.C. Isla Azul,,28054,3489,4,Public - Membership Required,True,150,False,8.0,1,400.0,33,1,2026-06-20T11:37:00Z,2026-06-20T11:37:00Z,public_membership,Electra,True
297345,42DE6BAB-9D11-4794-BC57-423C9FAB0BB3,40.364071553898185,-3.737022127590592,C.C. Isla Azul (Acciona),,28054,3459,4,Public - Membership Required,True,50,True,54.0,2,100.0,"33,25",1,2025-05-12T20:20:00Z,2025-05-12T20:20:00Z,public_membership,ACCIONA - Cargacoches,True
210373,E63FE802-376B-4E86-8594-0DF2002F3263,40.365879450294045,-3.7385515692444358,Burger King Madrid Thaler,,28054,2247,4,Public - Membership Required,True,150,False,2.0,2,50.0,"33,2",1,2024-03-13T19:14:00Z,2024-03-13T19:14:00Z,public_membership,Iberdrola | BP Pulse (ES),True
280376,FD29C1F0-BD3C-4103-91F7-EE992F7E3368,40.36550457940038,-3.738749314094889,Rest. Carl's Jr. Carabanchel (Atlante),,28054,3588,4,Public - Membership Required,True,50,True,4.0,2,150.0,"33,33",1,2026-04-17T09:12:00Z,2026-04-17T09:12:00Z,public_membership,Atlante,True
163736,18D3AEEF-2275-433A-97EF-1C75C6F45F76,40.363669,-3.739337,Centro Comercial Islazul,1,28054,45,4,Public - Membership Required,True,50,True,9.0,4,11.0,"30,1036,28,1",1,2022-10-10T07:32:00Z,2022-10-10T07:32:00Z,public_membership,(Business Owner at Location),True
496638,BE650012-77D2-4FA5-B200-63AB216FB009,40.3646199834557,-3.7409840695190724,Parking EMT Calle Catorce Olivas,,28054,3553,4,Public - Membership Required,True,50,True,4.0,1,11.0,25,1,2026-06-30T14:42:00Z,2026-06-30T14:42:00Z,public_membership,Electro-EMT,True
273875,4B574270-E22B-4691-84F1-A078DC184DA7,40.368107213603764,-3.7409752092855513,BP Pulse Isla Azul,,28054,2247,4,Public - Membership Required,True,50,True,6.0,1,180.0,33,1,2026-01-18T18:42:00Z,2026-01-18T18:42:00Z,public_membership,Iberdrola | BP Pulse (ES),True
207309,0AACE799-48A3-42BE-818D-2C61CBEDB7BC,40.370410945927546,-3.73962202897269,Renault Cota Automoción ,Madrid,28054,3275,6,"Private - For Staff, Visitors or Customers",False,50,True,1.0,2,11.0,"25,28",1,2022-10-10T08:31:00Z,2022-10-10T08:31:00Z,restricted,Renault,False
507892,7B03135C-3B10-48C7-8A92-C1FC5E8365A1,40.36904228964798,-3.7421557598081563,B& B Hotel Carabanchel ,,28054,1,4,Public - Membership Required,True,50,True,2.0,1,11.0,1036,1,2026-09-05T09:33:00Z,2026-09-05T09:33:00Z,public_membership,(Unknown Operator),True
285162,BB8F9FFF-B575-4110-824F-E6039D546789,40.37192122088351,-3.7426550783389985,Mercadona Carabanchel,,28054,3499,4,Public - Membership Required,True,50,True,4.0,1,22.0,25,1,2024-04-26T19:45:00Z,2024-04-26T19:45:00Z,public_membership,Mercadona,True
309026,036505DA-1979-4435-A9A0-95C83CA18C8D,40.373647934145794,-3.7433573073493562,Galp Carabanchel,Madrid,,3557,4,Public - Membership Required,True,50,True,2.0,1,100.0,33,1,2025-11-25T20:25:00Z,2025-11-25T20:25:00Z,public_membership,GALP Electric,True
207311,1860FCED-FF30-455C-88AF-2A7A5DA51B28,40.379670899558306,-3.7325166144703417,Renault Cota Automoción,Madrid,28025,3275,6,"Private - For Staff, Visitors or Customers",False,50,True,1.0,2,11.0,"25,28",1,2022-10-10T08:33:00Z,2022-10-10T08:33:00Z,restricted,Renault,False
280871,6CD3D564-E9D2-4CFE-BEB5-3B7993D2EE89,40.37159846615131,-3.730869498013334,Tanatorio Servisa Carabanchel,,28054,2247,4,Public - Membership Required,True,50,True,4.0,2,22.0,"25,25",1,2023-11-30T15:10:00Z,2023-11-30T15:10:00Z,public_membership,Iberdrola | BP Pulse (ES),True
210374,7B4CBBB1-3B24-4236-8C81-16CCD526F3B1,40.37263065205869,-3.7305952370493287,Burger King ,,28025,2247,4,Public - Membership Required,True,50,True,2.0,2,50.0,"33,2",1,2024-01-28T11:32:00Z,2024-01-28T11:32:00Z,public_membership,Iberdrola | BP Pulse (ES),True
210375,79E75FFB-4852-4AFA-A404-413EB8EF59D5,40.37218282865774,-3.728907138489376,Rest. Popeyes,,28025,2247,4,Public - Membership Required,True,50,True,2.0,2,50.0,"33,2",1,2023-11-30T15:09:00Z,2023-11-30T15:09:00Z,public_membership,Iberdrola | BP Pulse (ES),True
207310,D97DB238-76F2-44B4-A96C-10F06782CD95,40.372538418400836,-3.7293013373193844,LOW COST REPOST CARABANCHEL,Madrid,28025,207,4,Public - Membership Required,True,50,True,4.0,3,50.0,"25,33,2",1,2025-11-25T20:13:00Z,2025-11-25T20:13:00Z,public_membership,Endesa,True
265947,7A95F14E-B90C-41B1-8F34-E9D874B0FEC6,40.37167480597486,-3.729293277472607,Mercadona Abrantes,,28025,3499,4,Public - Membership Required,True,50,True,6.0,1,22.0,25,1,2024-04-26T19:45:00Z,2024-04-26T19:45:00Z,public_membership,Mercadona,True
304426,30E51E65-97A6-4230-B7EE-F69D35C15635,40.371680111356596,-3.7288114456244443,Electrolinera Carabanchel ,,28025,3489,4,Public - Membership Required,True,50,True,16.0,1,600.0,33,1,2026-07-01T15:31:00Z,2026-07-01T15:31:00Z,public_membership,Electra,True
235260,316AE568-7B3D-4C2D-8AB7-353FE01C1D3B,40.37829418831001,-3.718765946700387,Repsol Av Princesa de Austria,,28026,91,4,Public - Membership Required,True,50,True,1.0,3,50.0,"33,1036,2",1,2025-05-23T17:05:00Z,2025-05-23T17:05:00Z,public_membership,Repsol - Ibil (ES),True
487278,B353F697-5D9D-4B38-91D1-3B8589126020,40.314787907328906,-3.6763651546076517,Calle Confianza,,28906,207,4,Public - Membership Required,True,50,True,2.0,1,300.0,33,1,2026-06-02T10:17:00Z,2026-06-02T10:17:00Z,public_membership,Endesa,True
497781,99A78116-4685-4209-859F-6D19C1A04212,40.317261893706814,-3.67655328719934,Calle Confianza,,28906,207,4,Public - Membership Required,True,50,True,2.0,3,50.0,"33,2,1036",1,2026-07-07T21:13:00Z,2026-07-07T21:13:00Z,public_membership,Endesa,True
473115,937A1184-B86B-4881-88A1-6D830963F2AF,40.31753072543293,-3.678509268685957,TNT Transporte,,28906,207,6,"Private - For Staff, Visitors or Customers",False,50,True,2.0,1,22.0,25,1,2026-01-13T11:45:00Z,2026-01-13T11:45:00Z,restricted,Endesa,False
472463,B00A2D54-522E-46E0-9915-B79E3A4AD0B1,40.28529891524167,-3.672172677699109,ATG Getafe,,28909,3584,6,"Private - For Staff, Visitors or Customers",False,50,True,2.0,1,180.0,33,1,2026-01-02T20:57:00Z,2026-01-02T20:57:00Z,restricted,Moeve (ES),False
298140,889029E6-1D29-46C8-BE2A-540EAF76A928,40.32192536963899,-3.6558877347513317,Supermercado Hiber Perales del Río,,28906,3583,4,Public - Membership Required,True,50,True,3.0,2,150.0,"33,1036",1,2024-11-21T10:46:00Z,2024-11-21T10:46:00Z,public_membership,Eranovum (ES),True
201212,E5076902-F4FD-4A1B-86E3-CB31E74F7B04,40.35669585457421,-3.6619739498763693,MercaMadrid-BarterGo,Madrid,28053,3552,4,Public - Membership Required,True,50,True,5.0,4,180.0,"33,33,2,25",1,2025-05-08T14:57:00Z,2025-05-08T14:57:00Z,public_membership,BarterGo (ES),True
304352,81204E5A-092D-414F-B4B6-DB337E3E9CBD,40.35809208094551,-3.660027251782026,Repsol Mercamadrid,,28053,91,4,Public - Membership Required,True,50,True,1.0,3,50.0,"33,2,25",1,2025-05-23T17:07:00Z,2025-05-23T17:07:00Z,public_membership,Repsol - Ibil (ES),True
202295,C7F68085-502C-4846-82E2-95A7D26AD3A4,40.36255959810336,-3.6582373754310993,Mercamadrid - Frutas,Madrid,28018,3552,4,Public - Membership Required,True,50,True,2.0,3,50.0,"33,2,1036",1,2024-05-17T19:26:00Z,2024-05-17T19:26:00Z,public_membership,BarterGo (ES),True
207237,7AD8E76A-5601-454D-9B84-53FACB7ED3D7,40.359244729906976,-3.6620534762497527,Mercamadrid - Pescados,Madrid,28053,3552,4,Public - Membership Required,True,50,True,6.0,5,150.0,"33,2,1036,33,2",1,2024-05-17T19:25:00Z,2024-05-17T19:25:00Z,public_membership,BarterGo (ES),True
202294,67096B3C-C0F7-4275-9F01-EA454FF768AD,40.36003365233941,-3.6616215970896064,Mercamadrid - Zona Comercial,Madrid,28053,3552,4,Public - Membership Required,True,50,True,8.0,4,50.0,"33,2,1036,25",1,2024-05-17T19:25:00Z,2024-05-17T19:25:00Z,public_membership,BarterGo (ES),True
279602,CB423503-C6B2-4E4F-8FD2-F6F189543028,40.36622644753845,-3.655313578762957,Repsol,Madrid,28018,91,4,Public - Membership Required,True,50,True,2.0,2,180.0,"33,2",1,2026-07-06T21:16:00Z,2026-07-06T21:16:00Z,public_membership,Repsol - Ibil (ES),True
298128,9E448826-7068-4BF7-A76B-A0872AF45B56,40.36575463878049,-3.655030051368726,CTM (Privado),,28018,3324,6,"Private - For Staff, Visitors or Customers",False,50,True,2.0,1,400.0,33,1,2025-05-01T08:41:00Z,2025-05-01T08:41:00Z,restricted,Zunder,False
207238,AAB7C85F-5873-415C-80B4-823F354173DD,40.36397735403571,-3.6559199168302143,CTM Vallecas Gas Natural,Madrid,28018,3573,4,Public - Membership Required,True,50,True,4.0,5,80.0,"33,25,2,33,2",1,2026-03-01T15:30:00Z,2026-03-01T15:30:00Z,public_membership,Naturgy (ES),True
312160,CFFB16B5-3FF5-4154-BB19-5A276E87B7DF,40.36516524472026,-3.6544105814180057,CTM Madrid (AC) (Zunder),Madrid,,3324,4,Public - Membership Required,True,50,True,10.0,1,22.0,25,1,2025-05-01T08:40:00Z,2025-05-01T08:40:00Z,public_membership,Zunder,True
279495,F95E0EFB-F569-43ED-9276-3F09F15514DC,40.36558895284176,-3.654700524984719,Centro Transportes Madrid (Zunder),,28018,3324,4,Public - Membership Required,True,50,True,16.0,2,400.0,"33,33",1,2025-05-08T14:58:00Z,2025-05-08T14:58:00Z,public_membership,Zunder,True
207236,73A8E0CC-AD3E-4860-8766-1530534CD057,40.37338975091919,-3.6497467488463826,Ballenoil Entrevías,Madrid,28018,207,4,Public - Membership Required,True,50,True,2.0,1,22.0,25,1,2025-10-08T19:38:00Z,2025-10-08T19:38:00Z,public_membership,Endesa,True
473147,00E79D43-29D5-49F6-9AA0-4248172EBDF2,40.370856516936385,-3.6456466547683704,Seur Madrid,,28018,91,2,Private - Restricted Access,True,50,True,28.0,1,22.0,25,1,2026-01-13T18:20:00Z,2026-01-13T18:20:00Z,restricted,Repsol - Ibil (ES),False
472436,6388C603-907A-479C-8F6A-E2FE8DA30E97,40.370647349949195,-3.6458552317908186,SEUR, VAllecas,,3557,2,Private - Restricted Access,True,50,True,2.0,1,60.0,33,1,2026-01-01T21:35:00Z,2026-01-01T21:35:00Z,restricted,GALP Electric,False
300334,1E08CD1D-E909-4A6E-AD50-9CFBC66E4A8D,40.37164553885373,-3.642639917318462,Plenoil Madrid I,,28018,3750,4,Public - Membership Required,True,50,True,2.0,1,60.0,33,1,2026-01-04T09:28:00Z,2026-01-04T09:28:00Z,public_membership,Plenergy (ES),True
207233,442BB614-949D-4804-AFF8-0A05D3B56744,40.37091501967819,-3.6405565861587377,Saltoki Vallecas,Madrid,28018,3401,4,Public - Membership Required,True,50,True,2.0,1,11.0,25,1,2024-06-01T17:56:00Z,2024-06-01T17:56:00Z,public_membership,Electromaps,True
297880,AD86B4B9-BFD4-488B-AF70-BFF1605EC869,40.370792012321544,-3.6416942530256904,Vallecas La Atalayuela (Zunder),,28051,3324,4,Public - Membership Required,True,50,True,28.0,1,400.0,33,1,2026-07-06T21:20:00Z,2026-07-06T21:20:00Z,public_membership,Zunder,True
306335,1E857D03-B5D8-4F21-9EBD-5FD1C1F626E0,40.37213585167032,-3.640995666495911,Bluespace Vallecas,,28018,3786,4,Public - Membership Required,True,50,True,2.0,2,90.0,"33,25",1,2026-07-06T21:23:00Z,2026-07-06T21:23:00Z,public_membership,Umbrella eMobility (ES),True
207232,C8923D51-C6D4-4463-B916-395B31243A16,40.37203798345405,-3.6392914648441774,Gran Bazar Vallecas,Madrid,28018,45,6,"Private - For Staff, Visitors or Customers",False,50,True,1.0,1,3.7,25,1,2022-10-09T17:59:00Z,2022-10-09T17:59:00Z,restricted,(Business Owner at Location),False
201627,FBB1485D-9C57-474F-9A07-219D00E9DC48,40.37217362629849,-3.6390418497538803,Repsol La Atalayuela,Madrid,28018,91,4,Public - Membership Required,True,50,True,1.0,3,50.0,"33,2,1036",1,2025-10-08T19:41:00Z,2025-10-08T19:41:00Z,public_membership,Repsol - Ibil (ES),True
304500,5237FA6F-3CB3-4939-9882-A22875C39676,40.37282817860333,-3.6376747837125833,Aldi Mayorazgo (Atlante),,28031,3588,4,Public - Membership Required,True,50,True,4.0,2,150.0,"33,33",1,2025-12-23T18:35:00Z,2025-12-23T18:35:00Z,public_membership,Atlante,True
307345,57AC0D7C-BA87-4A09-8371-019578AF92CF,40.372009897680414,-3.637546442271372,Popeye's Mayorazgo,Madrid,,2247,4,Public - Membership Required,True,50,True,2.0,1,100.0,33,1,2025-06-11T15:23:00Z,2025-06-11T15:23:00Z,public_membership,Iberdrola | BP Pulse (ES),True
497639,B6EDB532-5A30-4D62-BA89-2553F6CAC252,40.37130272915263,-3.6357941976986297,Merkacash Vallecas,,28031,3786,4,Public - Membership Required,True,150,False,2.0,2,120.0,"33,25",1,2026-07-06T21:23:00Z,2026-07-06T21:23:00Z,public_membership,Umbrella eMobility (ES),True
300470,8CD10C17-FF7B-4791-B4A2-8B192632D627,40.371628985711936,-3.636431841767262,Plenoil Madrid VIII,,28031,3750,4,Public - Membership Required,True,50,True,2.0,1,60.0,33,1,2026-01-04T09:28:00Z,2026-01-04T09:28:00Z,public_membership,Plenergy (ES),True
298560,061788B8-C67E-4CC3-84DE-F675EBDE8445,40.37040663075078,-3.6342465014440393,Residencia Amavir La Gavia,,28031,207,6,"Private - For Staff, Visitors or Customers",False,50,True,2.0,1,7.0,25,1,2024-05-10T07:46:00Z,2024-05-10T07:46:00Z,restricted,Endesa,False
212425,7E54DDA5-975A-4AAB-A31F-61A8A66D46FC,40.36907271442027,-3.6312215258108154,Galp Avenida del Mayorazgo,,28031,3557,4,Public - Membership Required,True,50,True,4.0,4,180.0,"33,2,25,33",1,2025-10-08T19:47:00Z,2025-10-08T19:47:00Z,public_membership,GALP Electric,True
207231,CFAF9109-4712-4B96-BE75-72D4C0B97CCF,40.36954807855571,-3.631770562759357,Burger King Mayorazgo,Madrid,28031,2247,4,Public - Membership Required,True,50,True,2.0,2,50.0,"33,2",1,2025-10-08T19:47:00Z,2025-10-08T19:47:00Z,public_membership,Iberdrola | BP Pulse (ES),True
266265,545E4197-8B58-4628-AA71-924A9C002D78,40.374013110424016,-3.628554928498261,Mercadona TINEO,,28031,3499,4,Public - Membership Required,True,50,True,6.0,1,22.0,25,1,2024-04-26T19:37:00Z,2024-04-26T19:37:00Z,public_membership,Mercadona,True
474972,59DFD741-2A54-4CBD-AE57-B3A631E6A482,40.37401119678668,-3.627006132691207,Hiper Usera,,28031,3557,4,Public - Membership Required,True,50,True,2.0,1,60.0,33,1,2026-01-28T15:23:00Z,2026-01-28T15:23:00Z,public_membership,GALP Electric,True
298187,1CCBFDC0-78E7-4D11-A606-B48C09F611CF,40.34404710282925,-3.588964477530226,E.S. Repsol Valdemingomez (Sur),,28051,91,4,Public - Membership Required,True,50,True,5.0,5,80.0,"33,2,1036,33,2",1,2026-01-11T18:50:00Z,2026-01-11T18:50:00Z,public_membership,Repsol - Ibil (ES),True
472980,6534A7D7-231B-4D63-8B16-30A4857C4DC8,40.34540986246188,-3.5893804582574376,E.S. Repsol Valdemingomez (Norte),,28051,91,4,Public - Membership Required,True,50,True,4.0,1,120.0,33,1,2026-04-02T14:51:00Z,2026-04-02T14:51:00Z,public_membership,Repsol - Ibil (ES),True
298186,74795C84-09CB-45F3-AD5E-5AA05B74ECBA,40.345871153312686,-3.5881626294199407,E.S. Repsol Valdemingomez (Norte),,28051,91,4,Public - Membership Required,True,50,True,1.0,3,50.0,"33,2,1036",1,2024-07-29T14:25:00Z,2024-07-29T14:25:00Z,public_membership,Repsol - Ibil (ES),True
285166,BC329FE7-C5A2-46EA-A52B-4C7ADC4757D8,40.364377736286656,-3.5993867606277945,Mercadona Ensanche Vallecas,,28051,3499,4,Public - Membership Required,True,50,True,2.0,1,22.0,25,1,2024-04-26T19:36:00Z,2024-04-26T19:36:00Z,public_membership,Mercadona,True
209713,BAAAA932-A93F-4296-94B8-6AEBA3FBB09D,40.362700881135396,-3.5952851287659087,Ahorramas Vallecas,,28051,3276,4,Public - Membership Required,True,50,True,2.0,1,22.0,25,1,2025-12-24T21:54:00Z,2025-12-24T21:54:00Z,public_membership,EDP,True
207222,C1E9790F-4C48-4041-966F-60DAA5D8FFD0,40.36539619035247,-3.5846472174193877,E.S. Ballenoil Vallecas,Madrid,28051,207,4,Public - Membership Required,True,50,True,2.0,1,22.0,25,1,2025-10-08T20:05:00Z,2025-10-08T20:05:00Z,public_membership,Endesa,True
207223,66AE0465-A53F-4AB6-AD76-CFC6BC258503,40.36404417023988,-3.5898576699391924,Mercadona Gran Vía del Sureste,Madrid,28051,3499,4,Public - Membership Required,True,50,True,2.0,1,22.0,25,1,2024-04-26T19:36:00Z,2024-04-26T19:36:00Z,public_membership,Mercadona,True
195444,492DDECE-AA6B-4E8D-94C8-69F1C352CAA8,40.367817161561334,-3.5883672147755306,Burger King ,Madrid,28051,207,4,Public - Membership Required,True,50,True,2.0,3,50.0,"2,33,1036",1,2025-10-08T20:04:00Z,2025-10-08T20:04:00Z,public_membership,Endesa,True
235242,8A8A4D9A-AD48-4E1D-8631-A6B58D6F0B02,40.369276776472475,-3.5989637842296816,La Gavia CC,,28051,3276,4,Public - Membership Required,True,50,True,20.0,3,60.0,"25,33,25",1,2025-05-08T14:58:00Z,2025-05-08T14:58:00Z,public_membership,EDP,True
207230,77929B07-83B5-426F-A028-302983A92088,40.370871136951735,-3.611454672001855,Mercadona Ensanche de Vallecas,Madrid,28051,3499,4,Public - Membership Required,True,50,True,4.0,1,22.0,25,1,2024-09-23T18:58:00Z,2024-09-23T18:58:00Z,public_membership,Mercadona,True
295945,D019D8CD-4997-4E7C-8B8D-973BF62E69BF,40.36958322894756,-3.6094694936365386,Supermercado BM Vallecas (Zunder),Madrid,28051,3324,4,Public - Membership Required,True,50,True,4.0,1,150.0,33,1,2026-01-22T15:58:00Z,2026-01-22T15:58:00Z,public_membership,Zunder,True
312162,9C8D738C-33EE-41AF-970F-5B9CBA69C050,40.369069482674576,-3.601576798175415,Carrefour La Gavia,Madrid,,3960,5,Public - Pay At Location,False,50,True,1.0,2,50.0,"33,2",1,2026-01-17T09:58:00Z,2026-01-17T09:58:00Z,public,Carrefour (ES),True
209720,6288ED2D-39B9-4CD2-A7AB-5565150CF244,40.37130624081482,-3.612633210715103,Ahorramas La Gavia,,28051,3276,4,Public - Membership Required,True,50,True,7.0,1,22.0,25,1,2025-12-24T21:53:00Z,2025-12-24T21:53:00Z,public_membership,EDP,True
304926,FB877BE3-983B-4A27-8B2B-89769669705F,40.37840614075202,-3.6144119241901365,CEPSA Ensanche Vallecas,,28031,3584,4,Public - Membership Required,True,50,True,2.0,2,150.0,"33,33",1,2024-11-14T16:20:00Z,2024-11-14T16:20:00Z,public_membership,Moeve (ES),True
201628,35005267-BCB5-438F-9283-21095C1D42A5,40.37578265326317,-3.604182571770707,Repsol PAU Vallecas,Madrid,28031,91,4,Public - Membership Required,True,50,True,1.0,3,50.0,"33,2,1036",1,2025-10-08T20:00:00Z,2025-10-08T20:00:00Z,public_membership,Repsol - Ibil (ES),True
312781,9548D1BB-B9FC-4439-9674-832A2BF67C33,40.37988171332333,-3.5961248862072352,Repsol Rivas,Rivas,,91,4,Public - Membership Required,True,50,True,1.0,3,50.0,"33,2,1036",1,2025-10-08T20:02:00Z,2025-10-08T20:02:00Z,public_membership,Repsol - Ibil (ES),True
290775,928B1D26-6478-419D-97FD-F912F74F0B48,40.37721182347562,-3.631021541719889,E.S. Plenoil Madrid V,,28031,3750,4,Public - Membership Required,True,50,True,2.0,1,60.0,33,1,2026-01-04T09:27:00Z,2026-01-04T09:27:00Z,public_membership,Plenergy (ES),True
207234,49604B60-FB66-433B-AAD3-7D74165231A2,40.37586982060017,-3.63934916567905,Ballenoil Zero-E,Madrid,28018,45,5,Public - Pay At Location,False,50,True,2.0,1,22.0,25,1,2025-12-26T19:13:00Z,2025-12-26T19:13:00Z,public,(Business Owner at Location),True
207235,AD0F17BE-ACD3-4F02-A629-F7E26F27DE1F,40.374963868408315,-3.6479875010631986,Renault Karfer Motor,Madrid,28018,3275,6,"Private - For Staff, Visitors or Customers",False,50,True,1.0,1,22.0,25,1,2022-10-09T18:03:00Z,2022-10-09T18:03:00Z,restricted,Renault,False
209243,00A5DC54-F2B8-4383-B0A7-E358A46738A1,40.35613243669712,-3.6692804574387026,Endesa Calle Eje Mercamadrid,,28053,207,4,Public - Membership Required,True,50,True,4.0,2,150.0,"33,25",1,2024-10-04T20:34:00Z,2024-10-04T20:34:00Z,public_membership,Endesa,True
202296,D4367A4E-6AFB-4DE4-B307-2345A6869A0D,40.35962581470528,-3.6694687471158716,Mercamadrid - Carnes,Madrid,28053,3552,4,Public - Membership Required,True,50,True,2.0,3,50.0,"33,2,1036",1,2024-05-17T19:26:00Z,2024-05-17T19:26:00Z,public_membership,BarterGo (ES),True
201626,8E0DAF29-03A0-469D-833E-D417FC550863,40.339493012572234,-3.6686176407710036,REPSOL Avenida de los Rosales,Madrid,28021,91,4,Public - Membership Required,True,50,True,1.0,3,50.0,"33,2,1036",1,2025-10-08T19:27:00Z,2025-10-08T19:27:00Z,public_membership,Repsol - Ibil (ES),True
207250,CA7E7585-7483-4BA4-9532-84887EA80E58,40.34006011038932,-3.6752101590382154,Mercadona Butarque,Madrid,28021,3499,4,Public - Membership Required,True,50,True,2.0,1,22.0,25,1,2024-05-03T09:57:00Z,2024-05-03T09:57:00Z,public_membership,Mercadona,True
312159,6D30D31B-6971-488D-99F2-66FE20F9EAC2,40.33751829610026,-3.679320830491065,Ballenoil Butarque,Villaverde,,3584,4,Public - Membership Required,True,150,False,1.0,1,150.0,33,1,2026-09-04T10:35:00Z,2026-09-04T10:35:00Z,public_membership,Moeve (ES),True
298526,F11D47C7-74E4-4B1A-891F-87962F8F9AF5,40.34417520583773,-3.6767982437997944,Residencia Amavir Villaverde,,28909,207,6,"Private - For Staff, Visitors or Customers",False,50,True,2.0,1,7.0,25,1,2024-05-09T18:36:00Z,2024-05-09T18:36:00Z,restricted,Endesa,False
207170,AF426D09-E02B-4671-9361-72DA20F0E04B,40.374276268266215,-3.4856397498326714,Ahorramás Velilla de San Antonio,Velilla de San Antonio,28891,3276,4,Public - Membership Required,True,50,True,2.0,1,7.4,25,1,2023-02-11T09:27:00Z,2023-02-11T09:27:00Z,public_membership,EDP,True
207173,EC6D4FAB-C5D5-4BB2-B5EE-E1B5E980DB59,40.37780632926061,-3.5378489496014254,Centro deportivo Supera Rivas,Rivas-Vaciamadrid,28522,45,1,Public,,50,True,6.0,1,3.7,25,1,2022-10-09T13:38:00Z,2022-10-09T13:38:00Z,public,(Business Owner at Location),True
207174,658F9335-3C4E-4EEE-91A7-D7287865F220,40.379030861617025,-3.5380414864453087,Rivas Vaciamadrid Ocho de Marzo,Rivas-Vaciamadrid,28522,3401,4,Public - Membership Required,True,50,True,2.0,2,22.0,"25,28",1,2025-10-09T17:39:00Z,2025-10-09T17:39:00Z,public_membership,Electromaps,True
207176,5E3B4811-BA39-4AE9-A105-0D5B79F019CB,40.36809828315518,-3.54999926806272,Rivas Vaciamadrid Bhima Sangha,Rivas-Vaciamadrid,28523,3401,4,Public - Membership Required,True,50,True,2.0,2,22.0,"25,28",1,2023-09-14T08:57:00Z,2023-09-14T08:57:00Z,public_membership,Electromaps,True
207179,D26CB873-CA1E-4872-BCFD-2FA18A816E44,40.35960006139831,-3.5504143003961417,Rivas Vaciamadrid El Vivero,Rivas-Vaciamadrid,28521,3401,4,Public - Membership Required,True,50,True,2.0,2,22.0,"25,28",1,2023-09-14T09:15:00Z,2023-09-14T09:15:00Z,public_membership,Electromaps,True
207177,2849DA05-3D0E-4E23-89A1-1BB49047BDB8,40.36664264837492,-3.5485387852924077,Rivas Vaciamadrid Abogados de Atocha,Rivas-Vaciamadrid,28523,3401,4,Public - Membership Required,True,50,True,2.0,2,22.0,"25,28",1,2023-09-14T08:52:00Z,2023-09-14T08:52:00Z,public_membership,Electromaps,True
274462,24B6C070-2F88-486A-97EF-616E30ADE4EE,40.364596769830655,-3.5518433807777114,Rivas Vaciamadrid Avenida de Covibar,Rivas-Vaciamadrid,28521,3401,4,Public - Membership Required,True,50,True,2.0,2,22.0,"25,28",1,2025-10-09T17:42:00Z,2025-10-09T17:42:00Z,public_membership,Electromaps,True
492187,D926478C-006A-44FE-93CF-E5A8BA35E7AE,40.35739398717959,-3.558774586332447,E.S. Repsol Jamac,,28523,91,4,Public - Membership Required,True,50,True,1.0,3,50.0,"33,2,1036",1,2026-06-02T10:12:00Z,2026-06-02T10:12:00Z,public_membership,Repsol - Ibil (ES),True
235610,AA4ED174-14DE-44AF-BDFF-9DFCD1560373,40.35374598208938,-3.548948987048675,Burger King  Rivas,Rivas-Vaciamadrid,28523,2247,4,Public - Membership Required,True,50,True,4.0,3,50.0,"33,2,1036",1,2023-09-14T09:24:00Z,2023-09-14T09:24:00Z,public_membership,Iberdrola | BP Pulse (ES),True
305146,20185C57-37B5-4C41-8D8E-C0972EBB20E9,40.353518522054486,-3.5501621088997126,Aldi Rivas (Atlante),Rivas-Vaciamadrid,28523,3588,4,Public - Membership Required,True,50,True,4.0,2,100.0,"33,33",1,2025-05-19T17:02:00Z,2025-05-19T17:02:00Z,public_membership,Atlante,True
202274,81369B38-6B21-4C96-B045-EB805A32E75D,40.35422508805999,-3.5495899759489475,E.S Atenoil Stor,Rivas-Vaciamadrid,28521,207,4,Public - Membership Required,True,50,True,2.0,3,50.0,"33,2,1036",1,2023-09-14T09:26:00Z,2023-09-14T09:26:00Z,public_membership,Endesa,True
207181,5C6BFBAF-F165-4BBF-814B-C4C064A3EA3A,40.354729368378656,-3.547114833966816,Rivas Vaciamadrid Ayuntamiento,Rivas-Vaciamadrid,28521,3401,1,Public,,50,True,1.0,1,22.0,25,1,2023-09-14T09:34:00Z,2023-09-14T09:34:00Z,public,Electromaps,True
207180,F89F22F0-C498-4EDC-9E80-7C7DB1F92748,40.35659814657305,-3.546504422303542,Rivas Vaciamadrid. Pol. Cerro del Telegrafo,Rivas-Vaciamadrid,28521,3401,4,Public - Membership Required,True,50,True,2.0,1,22.0,25,1,2023-09-14T09:37:00Z,2023-09-14T09:37:00Z,public_membership,Electromaps,True
290068,3EF1AA30-C617-480C-9903-61C8CD2F4520,40.354193760731874,-3.5435821262523746,Plenoil Rivas,Rivas-Vaciamadrid,28522,3750,4,Public - Membership Required,True,50,True,2.0,1,60.0,33,1,2025-07-27T09:50:00Z,2025-07-27T09:50:00Z,public_membership,Plenergy (ES),True
207185,C8C46DB2-9C44-4240-B990-0F561B7F2773,40.354834410959796,-3.5435769365815304,Hyundai Rivas,Rivas-Vaciamadrid,28521,45,6,"Private - For Staff, Visitors or Customers",False,50,True,1.0,1,22.0,25,1,2022-10-09T13:57:00Z,2022-10-09T13:57:00Z,restricted,(Business Owner at Location),False
235252,B1A26799-DD52-4CDB-87C2-012DB2D8138A,40.35441377256424,-3.5431751635479714,Nissan GAMBOA AUTOMOCIÓN - RIVAS (Allego),Rivas-Vaciamadrid,28522,103,6,"Private - For Staff, Visitors or Customers",False,50,True,1.0,2,50.0,"33,2",1,2023-11-28T10:07:00Z,2023-11-28T10:07:00Z,restricted,Allego BV,False
207186,4A7E05CC-800E-46F0-A84E-1EC5ED9B0C2E,40.35541801049135,-3.541652783605514,Mercadona Rivas-Vaciamadrid,Rivas-Vaciamadrid,28521,3499,4,Public - Membership Required,True,50,True,4.0,1,22.0,25,1,2024-05-03T16:36:00Z,2024-05-03T16:36:00Z,public_membership,Mercadona,True
312167,230D7B88-1734-4288-A6D7-9820848FA18D,40.35349386090439,-3.5427863935345556,Kaidrive,Rivas,,3556,4,Public - Membership Required,True,50,True,2.0,2,60.0,"33,25",1,2025-05-08T14:59:00Z,2025-05-08T14:59:00Z,public_membership,Place To Plug,True
207188,56EE7F0F-E75A-4F33-8C6D-A609DA46E22E,40.348650021202445,-3.543475155167698,VW Jarmauto,Rivas-Vaciamadrid,28521,45,6,"Private - For Staff, Visitors or Customers",False,50,True,2.0,1,3.7,25,1,2022-10-09T13:59:00Z,2022-10-09T13:59:00Z,restricted,(Business Owner at Location),False
460136,1354558D-23B5-4D82-8048-950AFC945E5C,40.339400564343265,-3.5360164937458194,Ionity Rivas,Rivas,,3299,4,Public - Membership Required,True,150,False,6.0,1,400.0,33,1,2025-07-28T15:02:00Z,2025-07-28T15:02:00Z,public_membership,Ionity,True
299867,1C501C19-4076-43A7-9B3D-CE1CA2CFDE68,40.34071164014654,-3.5363572798692644,Carrefour Rivas,Rivas-Vaciamadrid,28526,3960,4,Public - Membership Required,True,50,True,2.0,1,150.0,33,1,2026-01-15T22:17:00Z,2026-01-15T22:17:00Z,public_membership,Carrefour (ES),True
235251,BB59AA87-B15B-4959-9251-5C95FED8DBB6,40.34184886057392,-3.5345080866241574,Avenida de la Técnica,Rivas-Vaciamadrid,28529,2247,4,Public - Membership Required,True,50,True,5.0,3,50.0,"33,2,1036",1,2023-06-14T11:26:00Z,2023-06-14T11:26:00Z,public_membership,Iberdrola | BP Pulse (ES),True
312523,DF8CA85B-D22C-4238-A331-838D91316C97,40.34042814737839,-3.530860629475143,Be Casa Rivas Apartments,Rivas-Vaciamadrid,,45,2,Private - Restricted Access,True,50,True,20.0,1,3.7,28,1,2025-05-10T19:23:00Z,2025-05-10T19:23:00Z,restricted,(Business Owner at Location),False
235587,B9709AC8-76C7-41DC-A27F-326AF1A75E31,40.339416538602876,-3.5325513494996414,Hotel AB Rivas,Rivas-Vaciamadrid,28529,45,6,"Private - For Staff, Visitors or Customers",False,100,False,2.0,2,7.4,"25,28",1,2023-02-25T20:40:00Z,2023-02-25T20:40:00Z,restricted,(Business Owner at Location),False
192961,0E9309B6-27F6-45A3-9BF4-F624BD4A7F11,40.336745245148364,-3.532844341260443,Parque Comercial Rivas Futura ,Rivas-Vaciamadrid,28521,1,1,Public,,50,True,4.0,1,4.6,25,1,2026-06-19T13:45:00Z,2026-06-19T13:45:00Z,public,(Unknown Operator),True
209257,A33A1289-F894-4470-B6A3-71EDBC3B58CA,40.338875250368545,-3.5312423368867485,Atenoil - Avenida de Aurelio Álvarez,Rivas-Vaciamadrid,28529,207,4,Public - Membership Required,True,50,True,2.0,2,60.0,"33,25",1,2026-08-31T14:18:00Z,2026-08-31T14:18:00Z,public_membership,Endesa,True
460202,5A1DA9C3-768B-4FFE-B1DC-F7D92EFCDAC9,40.337386875698826,-3.5292354152724954,C.C. Rivas Futura (Acciona),Rivas,,3459,4,Public - Membership Required,True,150,False,40.0,3,150.0,"33,25,33",1,2025-09-01T20:00:00Z,2025-09-01T20:00:00Z,public_membership,ACCIONA - Cargacoches,True
299291,2882C2C6-E53A-419A-9EC8-E812429A0650,40.33690283925003,-3.5290602417305763,FuelExpress C.C Rivas Futura,Rivas-Vaciamadrid,28526,45,4,Public - Membership Required,True,50,True,2.0,1,60.0,33,1,2025-09-01T11:23:00Z,2025-09-01T11:23:00Z,public_membership,(Business Owner at Location),True
460498,6E9CD18C-0B3C-4C05-94DA-358D51BAF888,40.338471798437666,-3.5297153274097752,JYSK Rivas,Rivas,,3632,4,Public - Membership Required,True,150,False,4.0,1,300.0,33,1,2025-08-21T09:24:00Z,2025-08-21T09:24:00Z,public_membership,PowerGo,True
207190,6316F20A-D14F-45E5-9D04-F994A58A680C,40.33932957115729,-3.5265800112224497,Lidl Rivas,Rivas-Vaciamadrid,28521,38,1,Public,,50,True,2.0,1,11.0,25,1,2022-10-09T14:02:00Z,2022-10-09T14:02:00Z,public,Lidl,True
162282,6BA4559F-61D7-43F1-8B05-03C8BC8ABA7D,40.33693899121607,-3.5265617305013848,Centro Comercial Rivas H2O,Rivas-Vaciamadrid,28521,45,1,Public,,50,True,3.0,3,22.0,"1,1036,1036",1,2023-02-19T09:33:00Z,2023-02-19T09:33:00Z,public,(Business Owner at Location),True
207182,DE96B8E3-3CB5-4607-BDC6-6F4868C11456,40.34132370648166,-3.522808929259895,Rivas Vaciamadrid - Eduardo Mendoza,Rivas-Vaciamadrid,28521,3401,4,Public - Membership Required,True,50,True,2.0,2,22.0,"25,28",1,2023-09-14T10:26:00Z,2023-09-14T10:26:00Z,public_membership,Electromaps,True
209683,04E85AC6-9A35-4F5A-90AD-3FD563C3C2BB,40.342424591732396,-3.5222220763132555,Ahoramas Rivas,Rivas-Vaciamadrid,28521,3276,4,Public - Membership Required,True,50,True,4.0,1,22.0,25,1,2026-05-31T14:33:00Z,2026-05-31T14:33:00Z,public_membership,EDP,True
300469,364995A9-CF7D-47C2-8DF1-83EB2E061541,40.34517009593421,-3.5306658097142645,Plenoil Rivas 2,Rivas-Vaciamadrid,28522,3750,4,Public - Membership Required,True,50,True,2.0,1,90.0,33,1,2025-07-27T09:53:00Z,2025-07-27T09:53:00Z,public_membership,Plenergy (ES),True
188922,006B49A2-7F1A-493F-9F89-9D196D8688B8,40.349266454550985,-3.526694851436787,Rivas Vaciamadrid - Biblioteca Gloria Fuertes,Rivas-Vaciamadrid,28521,3401,4,Public - Membership Required,True,50,True,2.0,2,22.0,"25,28",1,2025-10-09T17:47:00Z,2025-10-09T17:47:00Z,public_membership,Electromaps,True
207189,3EABEB1E-E3EA-4011-9F3F-4DCB0A87548C,40.348898857036545,-3.536470886417078,Renault Rycauto,Rivas-Vaciamadrid,28521,3275,6,"Private - For Staff, Visitors or Customers",False,50,True,1.0,1,22.0,25,1,2025-10-09T17:45:00Z,2025-10-09T17:45:00Z,restricted,Renault,False
312163,F8EB3DA3-F7B3-4EE3-8386-31705BD2EF3B,40.34862925583073,-3.536355272536724,NISSAN CAETANO REIMCONSA,Rivas,,103,6,"Private - For Staff, Visitors or Customers",False,50,True,1.0,2,50.0,"33,2",1,2025-05-01T08:54:00Z,2025-05-01T08:54:00Z,restricted,Allego BV,False
207187,1C79B098-DB9B-4D7A-A4E6-2EDA013E06E5,40.35306292398337,-3.537901746653688,Ahorramás Rivas,Rivas-Vaciamadrid,28521,3276,4,Public - Membership Required,True,50,True,2.0,1,3.7,25,1,2023-09-14T09:53:00Z,2023-09-14T09:53:00Z,public_membership,EDP,True
209684,7E0C0580-D964-40C5-AC9C-99F5C636989F,40.376598900911375,-3.5358150150798338,Ahorramas Rivas - Lolo Rico,Rivas-Vaciamadrid,28523,3276,4,Public - Membership Required,True,50,True,4.0,1,22.0,25,1,2024-04-27T11:06:00Z,2024-04-27T11:06:00Z,public_membership,EDP,True
207172,4C4B5033-F1B5-4367-BC73-83F82DF2A547,40.37611747387001,-3.533310509616399,Mercadona Barrio de la Luna,Rivas-Vaciamadrid,28522,3499,4,Public - Membership Required,True,50,True,6.0,1,22.0,25,1,2025-10-17T18:50:00Z,2025-10-17T18:50:00Z,public_membership,Mercadona,True
207175,A25CD486-D4EE-4F2A-A8E9-A01B8DADAC42,40.374092037008836,-3.5275851410533505,"Rivas Vaciamadrid, Cerpa",Rivas-Vaciamadrid,28522,45,4,Public - Membership Required,True,50,True,2.0,1,22.0,25,1,2025-12-26T19:14:00Z,2025-12-26T19:14:00Z,public_membership,(Business Owner at Location),True
311696,226C8C26-4143-4186-B07C-E35881EAE43A,40.34865504344771,-3.518023235626856,Burger King Rivas,Rivas Vaciamadrid,,2247,4,Public - Membership Required,True,50,True,2.0,2,100.0,"33,2",1,2025-06-11T06:26:00Z,2025-06-11T06:26:00Z,public_membership,Iberdrola | BP Pulse (ES),True
461981,170569F5-BBF0-41B0-8C26-C9EC2CF3849D,40.343067607300526,-3.5191835330506365,Ayunt. Rivas Vaciamadrid - Av. Aurelio Álvarez,Rivas Vaciamadrid ,,3401,4,Public - Membership Required,True,50,True,2.0,2,22.0,"25,28",1,2025-10-10T07:30:00Z,2025-10-10T07:30:00Z,public_membership,Electromaps,True
209682,C2349AFF-4FCE-4577-A240-901345081DDD,40.33716351504313,-3.5179260480711037,Ahorramas Rivas,Rivas-Vaciamadrid,28521,3276,4,Public - Membership Required,True,50,True,2.0,1,22.0,25,1,2025-01-06T16:33:00Z,2025-01-06T16:33:00Z,public_membership,EDP,True
207184,EF48C1C6-33B0-4B02-875E-4BED93CD901B,40.323671530339055,-3.5127374180150355,Rivas Vaciamadrid. Parque del Sureste,Rivas-Vaciamadrid,28521,3401,4,Public - Membership Required,True,50,True,2.0,1,22.0,25,1,2022-10-09T13:54:00Z,2022-10-09T13:54:00Z,public_membership,Electromaps,True
207183,2AFC801D-30F0-45B9-80AD-F48027028B2F,40.32958757017539,-3.5209863683251115,Rivas Vaciamadrid Casa + Grande,Rivas-Vaciamadrid,28521,3401,4,Public - Membership Required,True,50,True,2.0,2,22.0,"25,28",1,2025-10-09T17:53:00Z,2025-10-09T17:53:00Z,public_membership,Electromaps,True
129308,BF94BC8A-52BC-4A35-A558-98D19F806D44,40.33063306488978,-3.5242934001535104,E.S. Adenor - Rivas Vaciamadrid,Rivas-Vaciamadrid,28521,2247,4,Public - Membership Required,True,50,True,2.0,3,50.0,"33,2,1036",1,2022-12-13T11:21:00Z,2022-12-13T11:21:00Z,public_membership,Iberdrola | BP Pulse (ES),True
306600,481DC298-4D32-4219-BC4B-E7F23A0923E2,40.33584328135407,-3.524267237789246,Tesla Supercharger Rivas,Rivas-Vaciamadrid,28529,3534,4,Public - Membership Required,True,50,True,12.0,1,250.0,33,1,2025-04-03T19:15:00Z,2025-04-03T19:15:00Z,public_membership,Tesla (including non-tesla),True
289539,A991DAB7-E46C-46ED-A0FC-7141E6CDFFDB,40.334177267480044,-3.5280926313497787,Decathlon Rivas,Rivas-Vaciamadrid,28521,3276,4,Public - Membership Required,True,150,False,26.0,3,150.0,"25,33,33",1,2025-05-08T14:59:00Z,2025-05-08T14:59:00Z,public_membership,EDP,True
306709,C7A1B40E-2D7F-4709-8E64-1C4397F2A9D8,40.336340563280714,-3.5318723217503702,C.C. Rivas Futura (Electra),Rivas-Vaciamadrid,28526,3489,4,Public - Membership Required,True,50,True,8.0,1,400.0,33,1,2026-07-01T15:29:00Z,2026-07-01T15:29:00Z,public_membership,Electra,True
202283,8FFDFFBC-9788-4E76-80D3-6A6B2AFD5AB5,40.31219481281795,-3.4869986792411964,McDonalds Arganda,Arganda del Rey,28500,207,4,Public - Membership Required,True,50,True,2.0,2,60.0,"33,25",1,2026-08-31T14:19:00Z,2026-08-31T14:19:00Z,public_membership,Endesa,True
305839,B6D7D383-888A-40BD-8CC8-31816DA1CA90,40.309403862252964,-3.4804051688222444,Atenoil Arganda,Arganda del Rey,28500,207,4,Public - Membership Required,True,50,True,2.0,3,50.0,"33,2,1036",1,2025-10-09T18:00:00Z,2025-10-09T18:00:00Z,public_membership,Endesa,True
201464,F28CF6FE-EFC2-4D3D-A0EE-756EAB1C4C83,40.30992619830323,-3.4810435345370934,B&B Hotel Arganda,Arganda del Rey,28500,207,4,Public - Membership Required,True,50,True,6.0,2,60.0,"33,25",1,2025-10-09T17:58:00Z,2025-10-09T17:58:00Z,public_membership,Endesa,True
88854,E3BA8C85-769E-4651-B701-031ED5CFA97C,40.309483477120324,-3.481481328527593,Ibis Madrid Arganda,Arganda del Rey,28500,45,6,"Private - For Staff, Visitors or Customers",False,50,True,3.0,2,22.0,"30,1036",1,2024-11-10T19:48:00Z,2024-11-10T19:48:00Z,restricted,(Business Owner at Location),False
265770,0CAE9336-D229-4C07-B028-06E352E2EBFD,40.3111179059031,-3.482732699399918,Avenida de Madrid,Arganda del Rey,28500,207,4,Public - Membership Required,True,50,True,2.0,2,60.0,"33,25",1,2026-08-31T14:19:00Z,2026-08-31T14:19:00Z,public_membership,Endesa,True
460494,C514DE63-DDDE-470E-BEDA-848F05BA0F69,40.34525807603424,-3.448819684743853,R3-Támbora (Dir. Norte),Támbora,,3632,4,Public - Membership Required,True,150,False,4.0,1,400.0,33,1,2025-08-21T08:50:00Z,2025-08-21T08:50:00Z,public_membership,PowerGo,True
460495,99BFEF83-0E15-47E3-B7B2-8A62F5FBD414,40.34604229042972,-3.4509994606763996,R3-Támbora (Dir. Sur),Támbora,,3632,4,Public - Membership Required,True,150,False,4.0,1,400.0,33,1,2025-08-21T08:51:00Z,2025-08-21T08:51:00Z,public_membership,PowerGo,True
461982,D6EC33B8-476E-4125-8AB3-2CD55BB0E81F,40.356798529192616,-3.4756077973677293,Talleres Jota Car,Velilla de San Antonio,,45,6,"Private - For Staff, Visitors or Customers",False,50,True,1.0,1,11.0,25,1,2025-10-10T08:24:00Z,2025-10-10T08:24:00Z,restricted,(Business Owner at Location),False
235250,1E5D8EF2-DA52-4A27-A434-B46DF2719A5C,40.313522752794654,-3.4762830746358304,Ayuntamiento de Arganda,Arganda del Rey,28500,3377,4,Public - Membership Required,True,50,True,2.0,1,22.0,25,1,2025-12-27T19:27:00Z,2025-12-27T19:27:00Z,public_membership,eTecnic,True
207227,26DC6274-4523-4FDC-9AC8-029571F6FB15,40.30957628111324,-3.4764334086044073,Centro Comercial La Milla de Arganda,Arganda del Rey,28500,207,1,Public,,50,True,4.0,1,22.0,25,1,2023-05-19T08:38:00Z,2023-05-19T08:38:00Z,public,Endesa,True
505219,430EE20E-1256-4093-91A6-3991631C78FD,40.30992396828293,-3.4740299815073854,Hiperusera Arganda,Arganda del Rey,28500,3557,4,Public - Membership Required,True,50,True,2.0,1,120.0,33,1,2026-08-18T10:25:00Z,2026-08-18T10:25:00Z,public_membership,GALP Electric,True
207226,EBF3EEDA-81FD-4ABD-9D6F-521EF6CCA93E,40.30679482828799,-3.468127814532181,Hotel AB Arganda del Rey,Arganda del Rey,28500,45,6,"Private - For Staff, Visitors or Customers",False,50,True,1.0,2,22.0,"25,28",1,2022-10-09T17:37:00Z,2022-10-09T17:37:00Z,restricted,(Business Owner at Location),False
306011,C9CBA2AC-F39F-49BA-BB2E-31CDA2DCDC63,40.30566994647944,-3.4625222743547965,BP Pulse Arganda,Arganda del Rey,28500,2247,4,Public - Membership Required,True,50,True,2.0,1,150.0,33,1,2025-06-11T06:27:00Z,2025-06-11T06:27:00Z,public_membership,Iberdrola | BP Pulse (ES),True
300333,AB4239F0-028B-46B9-85C4-E03FAD122E3A,40.30640347590864,-3.4635806846182504,Plenoil Arganda I,Arganda del Rey,28500,3750,4,Public - Membership Required,True,50,True,2.0,1,60.0,33,1,2026-01-04T09:28:00Z,2026-01-04T09:28:00Z,public_membership,Plenergy (ES),True
235249,9AA44A87-C388-481B-B99F-B1A75C867C5D,40.303134698750995,-3.4564853774247695,Ballenoil Arganda I,Arganda del Rey,28500,2247,4,Public - Membership Required,True,150,False,2.0,2,50.0,"33,2",1,2025-10-09T18:02:00Z,2025-10-09T18:02:00Z,public_membership,Iberdrola | BP Pulse (ES),True
207224,44609246-1265-4E51-A678-D4BBFE3A6CDD,40.3045808880824,-3.457080535313139,AhorraMas Arganda,Arganda del Rey,28500,3276,4,Public - Membership Required,True,50,True,3.0,1,7.4,25,1,2023-05-14T15:34:00Z,2023-05-14T15:34:00Z,public_membership,EDP,True
306010,DF5149FD-B5DD-4434-8EC4-E106EAC92DC4,40.304279056734146,-3.4518689557212383,Aldi Arganda,Arganda del Rey,28500,3464,1,Public,,50,True,1.0,1,7.4,25,1,2024-11-10T19:33:00Z,2024-11-10T19:33:00Z,public,ALDI SÜD (DE),True
288921,0839E111-FFA3-4531-BB1D-9F08551072F1,40.30218045424854,-3.4522097487043766,Mercadona Arganda,Arganda del Rey,28500,3499,4,Public - Membership Required,True,50,True,6.0,1,22.0,25,1,2026-05-19T17:38:00Z,2026-05-19T17:38:00Z,public_membership,Mercadona,True
490136,4ED123CA-3AC9-48C8-B02D-6B9A2AE28181,40.30185056325848,-3.4524133755711546,Supeco Arganda,Arganda del Rey,28500,207,4,Public - Membership Required,True,50,True,2.0,1,150.0,33,1,2026-05-19T17:40:00Z,2026-05-19T17:40:00Z,public_membership,Endesa,True
209681,B0B986F4-3404-471C-81A9-A609537AD85C,40.30901124834031,-3.4472930574327165,Ahorramas Arganda,Arganda del Rey,28500,3276,4,Public - Membership Required,True,50,True,4.0,1,22.0,25,1,2024-04-27T11:07:00Z,2024-04-27T11:07:00Z,public_membership,EDP,True
472564,FB2328B3-4282-424D-B424-3A8EEBF38A11,40.29403174431479,-3.426294495882047,Dia Arganda,Arganda del Rey,28500,3798,4,Public - Membership Required,True,50,True,2.0,1,150.0,33,1,2026-08-27T20:56:00Z,2026-08-27T20:56:00Z,public_membership,REMO Mobility (ES),True
235248,973962D2-3244-457E-A981-DB7ABB4861CC,40.29614745977747,-3.4322076513145703,Ayuntamiento de Arganda,Arganda del Rey,28500,3377,4,Public - Membership Required,True,50,True,2.0,1,22.0,25,1,2025-12-27T19:27:00Z,2025-12-27T19:27:00Z,public_membership,eTecnic,True
260351,A356048D-5F43-4082-A84D-B52F46426471,40.29664930060409,-3.457491188166074,Hospital Universitario del Sureste,Arganda del Rey,28500,3371,4,Public - Membership Required,True,50,True,14.0,1,22.0,25,1,2025-11-30T18:59:00Z,2025-11-30T18:59:00Z,public_membership,Wenea,True
235246,DCF8F345-EBC9-4F4F-AC7D-76661401B34D,40.33129659236397,-3.4033574358393253,Repsol Campo Real,,28510,91,4,Public - Membership Required,True,50,True,1.0,3,50.0,"33,1036,2",1,2025-10-09T18:12:00Z,2025-10-09T18:12:00Z,public_membership,Repsol - Ibil (ES),True
209680,477BB769-B409-4256-A0DA-4024A24A8E1C,40.34100138520111,-3.377148947310161,Ahorramas Campo Real,,28510,3276,4,Public - Membership Required,True,50,True,2.0,1,22.0,25,1,2026-01-28T15:16:00Z,2026-01-28T15:16:00Z,public_membership,EDP,True
279514,29F7E472-6182-4608-B627-4C7369C03DCB,40.364558311223675,-3.2451246834589256,Nuevo Baztán (Acciona),,28514,3459,4,Public - Membership Required,True,50,True,4.0,1,22.0,25,1,2024-07-09T14:22:00Z,2024-07-09T14:22:00Z,public_membership,ACCIONA - Cargacoches,True
235243,3AFE2147-F7B4-4482-863E-5238804353D5,40.282849481796234,-3.20726526330688,Orusco de Tajuña (Acciona),,28570,3459,4,Public - Membership Required,True,50,True,2.0,1,100.0,33,1,2025-05-12T20:17:00Z,2025-05-12T20:17:00Z,public_membership,ACCIONA - Cargacoches,True
300791,4EA401BB-BF31-49D0-B74A-ED8F083A7A3B,40.32755932705453,-3.1191966682932843,E.S. Repsol Mondéjar,,19910,91,4,Public - Membership Required,True,50,True,1.0,3,50.0,"25,33,2",1,2025-12-24T17:24:00Z,2025-12-24T17:24:00Z,public_membership,Repsol - Ibil (ES),True
235119,EC02E5A1-1530-470D-93DD-69621829A920,40.42884842000461,-4.554083599778949,Hotel Posada del Agua,,05278,45,6,"Private - For Staff, Visitors or Customers",False,50,True,1.0,2,3.7,"28,1036",1,2024-11-14T21:24:00Z,2024-11-14T21:24:00Z,restricted,(Business Owner at Location),False
460069,C7378393-9661-4C58-B006-A79A8597473C,40.409545044135655,-4.493367169895464,E.S. Q8 El Tiemblo,El Tiemblo,,2247,4,Public - Membership Required,True,50,True,2.0,2,100.0,"33,2",1,2025-07-25T08:07:00Z,2025-07-25T08:07:00Z,public_membership,Iberdrola | BP Pulse (ES),True
202872,06F5DC03-1480-4CC6-A3E6-F450D444EE63,40.411002074121285,-4.496094521185086,Ayunt. El Tiemblo Paseo de Recoletos,El Tiemblo,05270,1,1,Public,,100,False,2.0,1,7.4,25,1,2024-11-14T21:29:00Z,2024-11-14T21:29:00Z,public,(Unknown Operator),True
209186,480331B1-3CD3-4F63-BF36-970CECCAF7F6,40.41884816574455,-4.563086267457265,Casa de la reserva natural del Valle de Iruelas (Moveletur),,05278,3324,1,Public,,50,True,1.0,2,11.0,"25,28",1,2025-08-20T19:18:00Z,2025-08-20T19:18:00Z,public,Zunder,True
303377,E7AF854B-5E80-4AA8-874A-433E0784F655,40.40773541438617,-4.57393127554036,Camping Valle De Iruelas,,05278,45,6,"Private - For Staff, Visitors or Customers",False,50,True,1.0,1,2.3,28,1,2024-08-23T13:14:00Z,2024-08-23T13:14:00Z,restricted,(Business Owner at Location),False
295892,EF970810-03F4-42F7-BB93-02C2ACAEA432,40.46362632372322,-4.459388962301375,Rest. El Rondón,,05260,3459,4,Public - Membership Required,True,50,True,2.0,1,100.0,33,1,2025-05-09T13:07:00Z,2025-05-09T13:07:00Z,public_membership,ACCIONA - Cargacoches,True
235126,EA59E76C-41CF-41B5-AB9F-C4152E090804,40.41920204347386,-4.1970723966126116,Ayunt. Colmenar del Arroyo,,28213,3459,4,Public - Membership Required,True,50,True,2.0,1,22.0,25,1,2023-06-24T09:57:00Z,2023-06-24T09:57:00Z,public_membership,ACCIONA - Cargacoches,True
299118,90A27DF6-CE0F-46AC-8002-58ACD15D043B,40.38330825561826,-4.241553394181096,Plenoil Navas del Rey I,,28695,3750,4,Public - Membership Required,True,50,True,2.0,1,60.0,33,1,2026-01-04T09:22:00Z,2026-01-04T09:22:00Z,public_membership,Plenergy (ES),True
202948,2409633C-395A-49A3-8A21-45EB4009AD97,40.38386647393591,-4.250096533381907,Ayunt. Navas del Rey,Navas del Rey,,1,1,Public,,50,True,6.0,1,22.0,25,1,2023-06-24T10:22:00Z,2023-06-24T10:22:00Z,public,(Unknown Operator),True
202949,A88F0045-5D20-4C04-9C13-C0CDD1E5B061,40.38216883077564,-4.2106605411339615,Ayunt. Chapinería,Chapinería,,3459,4,Public - Membership Required,True,50,True,2.0,2,11.0,"25,28",1,2023-08-15T06:50:00Z,2023-08-15T06:50:00Z,public_membership,ACCIONA - Cargacoches,True
202967,2853B054-B623-49AD-9997-396D73B3090C,40.468749982789916,-4.123903585878651,Ayunt. Navalagamella,Navalagamella,,2247,4,Public - Membership Required,True,50,True,2.0,2,7.4,"25,28",1,2023-06-23T08:06:00Z,2023-06-23T08:06:00Z,public_membership,Iberdrola | BP Pulse (ES),True
307187,8B5C7BEB-498A-4E44-A45C-0257E9844BCC,40.4693545,-4.1238856,Ayunt. Navalgamella (Acciona),Navalgamella,28212,3459,4,Public - Membership Required,True,50,True,2.0,2,100.0,"33,25",1,2025-12-17T16:30:00Z,2025-12-17T16:30:00Z,public_membership,ACCIONA - Cargacoches,True
209548,9DC14E8A-F8DF-4963-A8C4-0E9E33099356,40.469501659320514,-4.122658687371427,Ayunt. Navaluenga Calle Las Escuelas,Navalagamella,,2247,4,Public - Membership Required,True,50,True,2.0,1,7.4,1036,1,2023-06-23T08:09:00Z,2023-06-23T08:09:00Z,public_membership,Iberdrola | BP Pulse (ES),True
509303,CCFD0458-2544-4BAE-AE92-7D84D9CAEEE2,40.397351223409345,-3.99511714748337,Ayunt. Brunete. Calle río Perales,,28690,3809,4,Public - Membership Required,True,50,True,2.0,1,22.0,25,1,2026-09-15T07:02:00Z,2026-09-15T07:02:00Z,public_membership,Qwello,True
460703,B95ADDA7-271D-48EA-95DC-3FE3F0749EE0,40.39780187878549,-3.994608381700573,Hiper Usera - Brunete,Brunete,,3557,4,Public - Membership Required,True,150,False,2.0,1,150.0,33,1,2025-09-04T11:04:00Z,2025-09-04T11:04:00Z,public_membership,GALP Electric,True
202951,E0AE8725-6536-47F7-A4A0-B6478AA249F5,40.394624398537786,-3.992712975541963,Aldi Brunete,Brunete,,3464,1,Public,,50,True,2.0,2,7.4,"25,28",1,2024-11-15T18:01:00Z,2024-11-15T18:01:00Z,public,ALDI SÜD (DE),True
305154,E34DC3D9-E209-4C26-93E3-EFC6C7E30A09,40.395121462883736,-3.992737007796933,Aldi Brunete (Atlante),Brunete,28690,3588,4,Public - Membership Required,True,150,False,4.0,2,150.0,"33,33",1,2024-10-13T19:27:00Z,2024-10-13T19:27:00Z,public_membership,Atlante,True
456383,C328EFB2-BEF3-4D4B-8FD5-16E3A330378E,40.455464680390946,-3.992148882357668,Aquopolis Villanueva de la Cañada (PowerGo),Villanueva de la Cañada,28691,3632,4,Public - Membership Required,True,50,True,14.0,1,22.0,25,1,2025-08-21T07:53:00Z,2025-08-21T07:53:00Z,public_membership,PowerGo,True
460488,AC5BBF63-395A-4FFB-858E-C3F898AD95DE,40.45573126610037,-3.9922548318939732,Aquopolis (Endesa),Villanueva De La Cañada,,207,4,Public - Membership Required,True,50,True,4.0,1,22.0,25,1,2025-08-21T07:51:00Z,2025-08-21T07:51:00Z,public_membership,Endesa,True
509598,DAAE5A97-D30E-45E5-A0FA-B3D97023221F,40.45634841918945,-3.991952896118164,Aquopolis Villanueva de la Cañada (PowerGo),Villanueva de la Cañada,28691,3632,4,Public - Membership Required,True,50,True,,14,12.7,"25,25,25,25,25,25,25,25,25,25,25,25,25,25",54,2026-10-06T05:28:00Z,2026-10-06T05:28:00Z,public_membership,PowerGo,True
202961,19EA25BA-8F8F-41BD-8819-B37A301ACB78,40.44709742293793,-3.9934189512650846,Ahorramas Villanueva de la Cañada,Villanueva de la Cañada,28691,3276,4,Public - Membership Required,True,50,True,6.0,2,60.0,"25,33",1,2025-05-07T19:53:00Z,2025-05-07T19:53:00Z,public_membership,EDP,True
301082,1788C971-8549-4968-AA4B-E25CC292745E,40.44787088186982,-3.99203788238313,Residencia AMMA Villanueva,Villanueva de la Cañada,28691,207,6,"Private - For Staff, Visitors or Customers",False,50,True,4.0,1,22.0,25,1,2024-07-15T06:49:00Z,2024-07-15T06:49:00Z,restricted,Endesa,False
202960,6DBED52C-F52C-4133-842A-A0B3750FCC33,40.43387826073055,-4.00184885134604,C.C. Las Cárcavas,Villanueva de la Cañada,28691,2247,4,Public - Membership Required,True,50,True,10.0,3,50.0,"33,2,1036",1,2023-06-25T20:04:00Z,2023-06-25T20:04:00Z,public_membership,Iberdrola | BP Pulse (ES),True
202950,B8EAFDBE-8D2A-43D1-978D-651F33E0D944,40.403507584806704,-3.9993149033253985,Ayunt. Brunete,Brunete,,3809,4,Public - Membership Required,True,50,True,4.0,1,22.0,25,1,2026-10-02T13:11:00Z,2026-10-02T13:11:00Z,public_membership,Qwello,True
509304,A726C188-36EB-4009-82A9-CD1A803F936E,40.41262330096984,-4.002802187116913,Ayunt. Brunete. Polideportivo,,28690,3809,4,Public - Membership Required,True,50,True,2.0,1,22.0,25,1,2026-09-15T07:04:00Z,2026-09-15T07:04:00Z,public_membership,Qwello,True
271079,3D65C6AB-5AD6-41F0-93CD-FECA5173DB01,40.450070981068336,-3.9813537882479864,Club Golf Dehesa,Villanueva de la Cañada,28691,3552,4,Public - Membership Required,True,50,True,6.0,4,60.0,"33,2,1036,25",1,2025-05-07T19:53:00Z,2025-05-07T19:53:00Z,public_membership,BarterGo (ES),True
267314,E40CBB72-5CDF-4CFA-AC4D-2779F8DB3664,40.474068082717565,-3.8832111960942655,Calle de la Granja del Conde,Majadahonda,28220,207,4,Public - Membership Required,True,50,True,4.0,2,60.0,"33,25",1,2025-05-05T14:00:00Z,2025-05-05T14:00:00Z,public_membership,Endesa,True
207328,0BA04CFF-CC67-4C6D-A38A-62F47C77DBFA,40.45467195517344,-3.887882075118796,ALDI Majadahonda,Majadahonda,28220,207,4,Public - Membership Required,True,50,True,2.0,1,22.0,25,1,2026-04-17T09:01:00Z,2026-04-17T09:01:00Z,public_membership,Endesa,True
207332,03AFFD2B-41D2-494F-B1AB-ED0BD2478546,40.450713568857935,-3.882670158747146,BM Majadahonda,Majadahonda,28220,207,1,Public,,50,True,8.0,1,22.0,25,1,2022-10-10T09:12:00Z,2022-10-10T09:12:00Z,public,Endesa,True
298533,3B8A9555-05CD-409E-B833-682D330D578B,40.45213640979611,-3.881526097845722,Verdedecora Majadahonda,Majadahonda,28222,207,4,Public - Membership Required,True,50,True,10.0,2,60.0,"25,33",1,2025-10-07T19:17:00Z,2025-10-07T19:17:00Z,public_membership,Endesa,True
298167,E634ECFC-5961-4D48-B606-F6D2BB7BBFA7,40.45054448796961,-3.8814462157761227,E.S. Repsol Majadahonda,Majadahonda,28222,91,4,Public - Membership Required,True,50,True,1.0,3,50.0,"33,2,1036",1,2024-05-03T09:30:00Z,2024-05-03T09:30:00Z,public_membership,Repsol - Ibil (ES),True
202397,8B9AF45A-EEF5-4CC5-816E-E58398C62FAD,40.44956614252746,-3.8812238796760994,Supermercado Sánchez Romero,Majadahonda,28220,3279,4,Public - Membership Required,True,50,True,2.0,1,7.4,25,1,2022-09-10T13:05:00Z,2022-09-10T13:05:00Z,public_membership,Fenie Energía (Spain),True
207329,F01608C4-47EA-44A9-BD5B-6DBF2008CE8B,40.454025441807744,-3.8818326481072063,Bricomart Majadahonda,Majadahonda,28220,45,1,Public,,50,True,10.0,1,22.0,25,1,2022-10-10T09:10:00Z,2022-10-10T09:10:00Z,public,(Business Owner at Location),True
209701,F7C7C1AE-C931-4165-BF2D-8D596C7732C4,40.45397212382545,-3.885286910502714,Ahorramas Boadilla,Majadahonda,28222,3276,4,Public - Membership Required,True,50,True,4.0,1,22.0,25,1,2024-11-22T12:13:00Z,2024-11-22T12:13:00Z,public_membership,EDP,True
472756,153FAEE0-1879-4950-BFC4-B10AF3CFA2A0,40.4330072980205,-3.885431017444944,Ayunt. . Calle Islas Loberias,Boadilla,,2247,4,Public - Membership Required,True,50,True,2.0,1,22.0,25,1,2026-01-08T11:33:00Z,2026-01-08T11:33:00Z,public_membership,Iberdrola | BP Pulse (ES),True
472754,E14BAADB-CCA0-4FC4-BE71-DA5F850BE170,40.442477763909835,-3.882485882885362,Ayunt. Boadilla. Calle Sardinero,Boadilla,,2247,4,Public - Membership Required,True,50,True,2.0,1,22.0,25,1,2026-01-08T11:28:00Z,2026-01-08T11:28:00Z,public_membership,Iberdrola | BP Pulse (ES),True
202398,4471249B-B321-4131-914F-BC1EBBCE270F,40.44532950408524,-3.882306594219557,Ayunt. Boadilla. Playa de la Concha,Boadilla del Monte,28220,2247,4,Public - Membership Required,True,50,True,2.0,1,60.0,33,1,2025-12-21T20:57:00Z,2025-12-21T20:57:00Z,public_membership,Iberdrola | BP Pulse (ES),True
478740,A3A4E968-A167-4273-A0F8-0C30921BA13D,40.44317472542289,-3.8936586277011713,Ayunt. Boadilla. Calle Playa de la Lanzada,Boadilla del Monte,28222,2247,4,Public - Membership Required,True,50,True,2.0,1,22.0,25,1,2026-02-23T14:30:00Z,2026-02-23T14:30:00Z,public_membership,Iberdrola | BP Pulse (ES),True
472755,09CA65E8-29C8-4445-B35C-27BC6D7605BA,40.43977883826784,-3.89987609917398,Ayunt. Boadilla. Calle del Sella,Boadilla,,2247,4,Public - Membership Required,True,50,True,2.0,1,22.0,25,1,2026-01-08T11:31:00Z,2026-01-08T11:31:00Z,public_membership,Iberdrola | BP Pulse (ES),True
472757,A05F8EC6-388C-484F-A661-0EED87311E78,40.42239436227541,-3.898672930715975,Ayunt. Boadilla. Calle Miguel Ángel Cantero Oliva,Boadilla del Monte,28669,2247,4,Public - Membership Required,True,50,True,2.0,1,22.0,25,1,2026-01-08T11:35:00Z,2026-01-08T11:35:00Z,public_membership,Iberdrola | BP Pulse (ES),True
472758,54204973-E94B-4C07-AFDF-100A505D75D2,40.41986469042624,-3.9021672147871413,Ayunt. Boadilla. Calle de Monte Guadalupe,Boadilla del Monte,28669,2247,4,Public - Membership Required,True,50,True,2.0,1,22.0,25,1,2026-01-08T11:36:00Z,2026-01-08T11:36:00Z,public_membership,Iberdrola | BP Pulse (ES),True
202956,D1CF5A86-6296-485A-959A-D9F2ECF71DDB,40.411683312652656,-3.896928850289896,Parking Polideportivo,Boadilla del Monte,28660,2247,1,Public,,50,True,4.0,1,7.4,25,1,2024-12-25T09:45:00Z,2024-12-25T09:45:00Z,public,Iberdrola | BP Pulse (ES),True
306099,496BEDF0-C012-4035-BE65-2436DAB1B633,40.41342082155239,-3.898409111201545,C.C. Boadilla del Monte,Boadilla del Monte,28669,2247,4,Public - Membership Required,True,50,True,4.0,3,50.0,"33,2,1036",1,2024-11-15T18:08:00Z,2024-11-15T18:08:00Z,public_membership,Iberdrola | BP Pulse (ES),True
195460,F37341D7-81D3-4BF7-BBFD-2128525B2E4B,40.41288282639857,-3.8982896721347515,Burger King Boadilla,Boadilla del Monte,28660,2247,4,Public - Membership Required,True,50,True,2.0,1,320.0,33,1,2023-07-25T21:03:00Z,2023-07-25T21:03:00Z,public_membership,Iberdrola | BP Pulse (ES),True
235603,9D475A54-46A0-4752-A118-B7D380FB4FE8,40.41282209743838,-3.898649160163245,Popeyes Boadilla ,Boadilla del Monte,28660,2247,4,Public - Membership Required,True,50,True,2.0,2,50.0,"33,2",1,2023-06-26T09:09:00Z,2023-06-26T09:09:00Z,public_membership,Iberdrola | BP Pulse (ES),True
463342,F48ADC45-BCDD-4863-87D1-D6278440C0CB,40.40898025612927,-3.905057864900982,BM Boadilla (Zunder),Boadilla del Monte,,3324,4,Public - Membership Required,True,50,True,4.0,2,100.0,"33,25",1,2026-02-27T14:15:00Z,2026-02-27T14:15:00Z,public_membership,Zunder,True
202401,3AD3B274-C55A-4671-9C7A-695FF04A41E3,40.40885941557232,-3.904079833253377,Supermercado Ahorramas Boadilla,Boadilla del Monte,28660,3276,4,Public - Membership Required,True,50,True,4.0,1,7.4,25,1,2023-02-16T17:39:00Z,2023-02-16T17:39:00Z,public_membership,EDP,True
202955,60DBF5FF-E087-408B-958B-CF69DA4DD026,40.40816767347857,-3.9026339654612627,Carrefour Market Boadilla,Boadilla del Monte,28660,45,1,Public,,50,True,4.0,1,7.4,25,1,2024-11-15T18:11:00Z,2024-11-15T18:11:00Z,public,(Business Owner at Location),True
472759,6469514C-C345-4E5B-AED9-2F7692AADE63,40.4111408841959,-3.899821565792763,Ayunt. Boadilla. Avenida Condesa de Chinchón,Boadilla del Monte,28660,2247,4,Public - Membership Required,True,50,True,2.0,1,22.0,25,1,2026-01-08T11:37:00Z,2026-01-08T11:37:00Z,public_membership,Iberdrola | BP Pulse (ES),True
61034,2D9FFCC5-D0C9-4DCE-A83A-C7B78E5872AF,40.409003291823694,-3.896715292247336,Ayunt. Boadilla del Monte - Hermanos Machado,Boadilla del Monte,28660,2247,4,Public - Membership Required,True,50,True,2.0,1,22.0,25,1,2026-01-08T11:39:00Z,2026-01-08T11:39:00Z,public_membership,Iberdrola | BP Pulse (ES),True
471414,39DB1E00-D6C3-48CF-B9C9-657379EC380E,40.410863341133705,-3.8922989701264896,Ayunt. Boadilla. Parque Severo Ochoa,Boadilla,,2247,4,Public - Membership Required,True,50,True,2.0,1,60.0,33,1,2025-12-21T21:11:00Z,2025-12-21T21:11:00Z,public_membership,Iberdrola | BP Pulse (ES),True
472433,9F648EAA-AA0F-44D8-89F2-9426806CCC90,40.412935952538845,-3.8935836674265545,Galp Boadilla,Boadilla,,3557,4,Public - Membership Required,True,50,True,2.0,1,150.0,33,1,2026-01-01T21:11:00Z,2026-01-01T21:11:00Z,public_membership,GALP Electric,True
202957,8C166ED5-9641-450E-A3F8-3F06BA9A6B3F,40.41335514992798,-3.89515324785566,Lidl Boadilla,Boadilla del Monte,28660,38,1,Public,,50,True,6.0,1,11.0,25,1,2022-09-26T19:49:00Z,2022-09-26T19:49:00Z,public,Lidl,True
202958,60539B4C-B08F-4EB4-A073-6562A5296BE2,40.413485356553906,-3.8959197909116483,Supercor Boadilla,Boadilla del Monte,28660,45,1,Public,,50,True,2.0,1,11.0,25,1,2022-09-13T21:51:00Z,2022-09-13T21:51:00Z,public,(Business Owner at Location),True
479968,40BAEFB6-9E3E-480A-92A5-320E1A67CB15,40.40951484992911,-3.8847634911697924,Ayunt. Boadilla del Monte - Calle María Estuardo,Boadilla del Monte,28660,2247,4,Public - Membership Required,True,50,True,2.0,1,22.0,25,1,2026-03-08T20:07:00Z,2026-03-08T20:07:00Z,public_membership,Iberdrola | BP Pulse (ES),True
478177,3862D872-308E-47B4-AFCF-52726B1313E9,40.40524286333428,-3.882316171828961,Ayunt. Boadilla. Calle Nájera,Boadilla del Monte,28660,2247,4,Public - Membership Required,True,50,True,2.0,1,60.0,33,1,2026-02-15T18:53:00Z,2026-02-15T18:53:00Z,public_membership,Iberdrola | BP Pulse (ES),True
471412,BEF1C99D-64AA-4CDB-ACC5-668E946DFA02,40.40303035794267,-3.8856219495580717,Ayunt. Boadilla. Calle Tomás Bretón,Boadilla del Monte,28660,2247,4,Public - Membership Required,True,50,True,2.0,1,60.0,33,1,2025-12-21T21:08:00Z,2025-12-21T21:08:00Z,public_membership,Iberdrola | BP Pulse (ES),True
235218,86D9A507-83E1-44DD-A872-39BF0F7F92A6,40.401171557821556,-3.881799124032682,McDonalds Boadilla,Boadilla del Monte,28660,207,4,Public - Membership Required,True,50,True,2.0,3,50.0,"33,1036,2",1,2025-10-07T20:09:00Z,2025-10-07T20:09:00Z,public_membership,Endesa,True
500999,CE6021CD-06BF-490C-AE89-88AEC8DFC980,40.40107536812528,-3.880027280040281,Ayunt. Boadilla. Ferial de Boadilla,Boadilla del Monte,28660,2247,4,Public - Membership Required,True,50,True,2.0,1,22.0,25,1,2026-07-28T12:42:00Z,2026-07-28T12:42:00Z,public_membership,Iberdrola | BP Pulse (ES),True
176316,4E3126B0-13F0-4C13-ACFC-C64FCD6CA74B,40.40256299267969,-3.8946494673872394,Ayunt. Boadilla. Centro de Salud Infante Don Luis,Boadilla del Monte,28660,2247,4,Public - Membership Required,True,50,True,2.0,1,60.0,33,1,2025-12-21T21:04:00Z,2025-12-21T21:04:00Z,public_membership,Iberdrola | BP Pulse (ES),True
471413,9AED9508-EFCA-4B1C-A892-43DDA2D41107,40.40466218406414,-3.8979986689419093,Ayunt. Boadilla. Parque Azorín,Boadilla,,2247,4,Public - Membership Required,True,50,True,2.0,1,60.0,33,1,2025-12-21T21:10:00Z,2025-12-21T21:10:00Z,public_membership,Iberdrola | BP Pulse (ES),True
202953,7FF9B18D-9874-4AE9-A22E-8C78E163BD3B,40.399901332647175,-3.896874660688809,Mercadona Boadilla,Boadilla del Monte,28660,3499,4,Public - Membership Required,True,50,True,4.0,1,22.0,25,1,2025-10-17T18:15:00Z,2025-10-17T18:15:00Z,public_membership,Mercadona,True
235197,F9B12556-A481-480E-B842-9E4BB4B2CDEF,40.38106047535419,-3.9076389446786095,Camping Madrid Arco Iris,Villaviciosa de Odón,28670,45,6,"Private - For Staff, Visitors or Customers",False,50,True,1.0,1,3.7,28,1,2023-02-16T17:38:00Z,2023-02-16T17:38:00Z,restricted,(Business Owner at Location),False
306103,83886B7B-1D8C-40D8-B026-2BA8A658C4B0,40.38460826416173,-3.9317813665185497,La Despensa Villaviciosa de Odón,Villaviciosa de Odón,28670,45,7,Public - Notice Required,False,50,True,3.0,1,3.7,25,1,2024-11-15T18:49:00Z,2024-11-15T18:49:00Z,public,(Business Owner at Location),True
202952,27B52586-5BBE-4B19-9536-90EFCF69AE98,40.38618902273299,-3.9309526395916237,Imeyca S.L.,Villaviciosa de Odón,28670,45,6,"Private - For Staff, Visitors or Customers",False,50,True,1.0,1,11.0,25,1,2022-09-13T21:41:00Z,2022-09-13T21:41:00Z,restricted,(Business Owner at Location),False
235187,195FF037-A3DA-48AF-BCAF-867F771709BD,40.42361520826566,-3.977784410370532,Hotel La Ermita,Brunete,28690,45,6,"Private - For Staff, Visitors or Customers",False,50,True,1.0,1,3.7,28,1,2024-11-15T17:59:00Z,2024-11-15T17:59:00Z,restricted,(Business Owner at Location),False
267312,BD02B7B6-6C93-41BA-8538-D83972CE6A3B,40.412753356978016,-3.9563185695908203,Urb. Guadamonte,Villanueva de la Cañada,28669,3556,6,"Private - For Staff, Visitors or Customers",False,50,True,2.0,1,7.4,25,1,2024-05-17T19:31:00Z,2024-05-17T19:31:00Z,restricted,Place To Plug,False
285160,10C683A2-BBEF-43F4-8A14-7941515A104F,40.40965771408665,-3.9073303274935256,Mercadona Boadilla,Boadilla del Monte,28669,3499,4,Public - Membership Required,True,50,True,6.0,1,22.0,25,1,2024-04-26T19:14:00Z,2024-04-26T19:14:00Z,public_membership,Mercadona,True
472760,1B56782A-FC70-425F-9CE4-E98282AD3A50,40.41183088791331,-3.911476906774851,Ayunt. Boadilla. Calle Cristóbal Colón,Boadilla del Monte,28669,2247,4,Public - Membership Required,True,50,True,2.0,1,22.0,25,1,2026-01-08T11:40:00Z,2026-01-08T11:40:00Z,public_membership,Iberdrola | BP Pulse (ES),True
235534,B5E167BA-F85E-47EF-A211-EBA4D65C11FA,40.4217882995317,-3.9104344214940454,Carrefour Market,Boadilla del Monte,,45,1,Public,,50,True,2.0,1,11.0,25,1,2024-11-15T18:04:00Z,2024-11-15T18:04:00Z,public,(Business Owner at Location),True
489150,789A0A0B-7B54-429C-BFF8-7A21C10DE536,40.42819870430648,-3.9186382073933146,Ayunt. Boadilla. Calle Méndez Nuñez,Boadilla del Monte,28669,2247,4,Public - Membership Required,True,50,True,2.0,1,60.0,33,1,2026-05-12T12:29:00Z,2026-05-12T12:29:00Z,public_membership,Iberdrola | BP Pulse (ES),True
301083,FEB93EEC-D8C0-4B86-9AF5-224ED7A92F91,40.476497432040645,-3.9397118920493597,UCJC Villafranca del Castillo,Villanueva de la Cañada,28692,1,6,"Private - For Staff, Visitors or Customers",False,50,True,2.0,1,22.0,25,1,2024-07-15T06:57:00Z,2024-07-15T06:57:00Z,restricted,(Unknown Operator),False
207137,AA1157B8-CDBB-4752-8827-41B06282215C,40.47511890949005,-3.843336507130971,Club Internacional de Tenis,Majadahonda,28221,45,6,"Private - For Staff, Visitors or Customers",False,50,True,1.0,1,11.0,25,1,2023-02-19T08:50:00Z,2023-02-19T08:50:00Z,restricted,(Business Owner at Location),False
308842,68103759-3449-4B9F-9440-82DF3F9CA833,40.475207933291415,-3.8414533908864428,Club Tenis Majadahonda,Majadahonda,,3583,4,Public - Membership Required,True,50,True,3.0,2,100.0,"33,25",1,2025-03-14T20:23:00Z,2025-03-14T20:23:00Z,public_membership,Eranovum (ES),True
280883,684CD4D8-1D2B-4D93-995D-34A6AE4AA148,40.47374104662643,-3.82664057498485,Parking Globelas 35,,28221,45,6,"Private - For Staff, Visitors or Customers",False,50,True,6.0,1,22.0,25,1,2025-12-26T18:59:00Z,2025-12-26T18:59:00Z,restricted,(Business Owner at Location),False
459927,476ABB09-9B90-40BE-B45D-C5AD11FC9C4F,40.45233287501546,-3.8502564259693486,Hospital FREMAP,Mahadahonda,,3377,1,Public,,50,True,12.0,1,22.0,25,1,2025-07-20T22:05:00Z,2025-07-20T22:05:00Z,public,eTecnic,True
312783,082C0B9D-60C9-4653-9E83-56A2C5CFFEED,40.448829404093374,-3.8600593310586646,Repsol Mahadahonda I,Mahadahonda,,91,4,Public - Membership Required,True,50,True,1.0,3,50.0,"33,2,1036",1,2025-05-23T17:27:00Z,2025-05-23T17:27:00Z,public_membership,Repsol - Ibil (ES),True
235214,4078ADC5-0342-4D68-A347-3F76861EFEFF,40.44904998035753,-3.860482572798702,Zona Comercial c/ Manuel de Falla,Majadahonda,28222,207,4,Public - Membership Required,True,50,True,6.0,1,22.0,25,1,2025-10-07T20:00:00Z,2025-10-07T20:00:00Z,public_membership,Endesa,True
235215,2ABACE2B-32C9-493E-973E-504090AA6700,40.44867297802455,-3.860790114232543,Ahorramas Majadahonda,Majadahonda,28220,207,4,Public - Membership Required,True,50,True,4.0,1,22.0,25,1,2025-10-07T20:02:00Z,2025-10-07T20:02:00Z,public_membership,Endesa,True
474977,440D551F-750E-4370-AA39-1E3F483C2CC3,40.44887646255631,-3.8654387668009065,Calle de Joaquín Turina,Majadahonda,28222,207,4,Public - Membership Required,True,50,True,2.0,1,22.0,25,1,2026-01-28T15:47:00Z,2026-01-28T15:47:00Z,public_membership,Endesa,True
235213,68B8433D-F19D-4D8C-BC2A-9D9A03453D2A,40.47423391776718,-3.848553367380134,Repsol Carretera de Majadahonda - El Plantío,Majadahonda,28221,91,4,Public - Membership Required,True,50,True,1.0,3,50.0,"33,1036,2",1,2025-10-07T19:56:00Z,2025-10-07T19:56:00Z,public_membership,Repsol - Ibil (ES),True
266828,C400A1D9-E75D-4500-99B4-134F4EF8C969,40.47391146667891,-3.8491138808570895,E-Leclerc Carretera de El Plantío,Majadahonda,28221,3550,4,Public - Membership Required,True,50,True,10.0,3,120.0,"33,2,25",1,2024-09-07T17:27:00Z,2024-09-07T17:27:00Z,public_membership,PowerDot (Es),True
207138,F3541225-539F-407F-80AC-7CD541E726A7,40.474947314321184,-3.850201081211253,BMW El plantio,Majadahonda,28221,45,6,"Private - For Staff, Visitors or Customers",False,50,True,2.0,1,11.0,25,1,2022-10-09T10:55:00Z,2022-10-09T10:55:00Z,restricted,(Business Owner at Location),False
458987,FC23B427-C659-4263-8BB0-378E4D481CFD,40.47116044638676,-3.8740459809685035,Parking - Los Morrones,Majadahonda,,4028,5,Public - Pay At Location,False,50,True,10.0,1,22.0,1036,1,2026-09-17T07:13:00Z,2026-09-17T07:13:00Z,public,Telpark (ES),True
298138,EC459CB5-6F44-43C7-82C5-3F2F7FBF40DC,40.47522111806546,-3.875045862918398,Supermercado Hiber Majadahonda,Majadahonda,28220,3583,4,Public - Membership Required,True,50,True,3.0,2,60.0,"33,1036",1,2024-11-21T10:31:00Z,2024-11-21T10:31:00Z,public_membership,Eranovum (ES),True
267313,88ADF51D-BCC0-4860-9B6A-19CD9F31EF27,40.47365534680711,-3.8759059535398137,Repsol Majadahonda,Majadahonda,28220,91,4,Public - Membership Required,True,50,True,1.0,3,50.0,"1036,33,2",1,2024-05-03T09:21:00Z,2024-05-03T09:21:00Z,public_membership,Repsol - Ibil (ES),True
303775,ACD0BDF5-5F12-42ED-9688-5825757D737E,40.44953795427253,-3.8757590359836342,Hospital Puerta de Hierro (Parking Interior),Majadahonda,28222,3550,4,Public - Membership Required,True,150,False,16.0,3,150.0,"33,2,25",1,2024-09-03T15:15:00Z,2024-09-03T15:15:00Z,public_membership,PowerDot (Es),True
289866,EDE07472-023B-4DD5-9F21-A3B2D09C8019,40.45108803717585,-3.875942265882827,Hospital Puerta de Hierro (Parking Exterior),Majadahonda,28222,3550,4,Public - Membership Required,True,150,False,21.0,3,100.0,"33,2,25",1,2024-09-03T15:12:00Z,2024-09-03T15:12:00Z,public_membership,PowerDot (Es),True
307054,3A26A4FE-996C-4DB3-9A2D-E0C7C25B7C30,40.456213885086584,-3.877807329749942,Fronda Majadahonda,Majadahonda,28222,3371,4,Public - Membership Required,True,50,True,6.0,2,90.0,"33,25",1,2025-03-22T22:02:00Z,2025-03-22T22:02:00Z,public_membership,Wenea,True
271089,C12E6A0E-2DB9-4526-9994-533B307E42F6,40.45855087058109,-3.872669254511038,Parking Hotel Majadahonda,Majadahonda,28222,3459,4,Public - Membership Required,True,50,True,4.0,2,100.0,"33,25",1,2025-05-12T20:22:00Z,2025-05-12T20:22:00Z,public_membership,ACCIONA - Cargacoches,True
207322,458105EC-DA9A-4BDC-A89E-5FCA9B111487,40.45841626130044,-3.871690094037831,Renault Retail Group,Majadahonda,28220,3275,6,"Private - For Staff, Visitors or Customers",False,50,True,2.0,2,22.0,"25,28",1,2022-10-10T08:58:00Z,2022-10-10T08:58:00Z,restricted,Renault,False
312175,253E5BC3-C601-493A-A8A7-3C726C534869,40.46532015056519,-3.8706370611339764,Lidl Majadahonda,Majadahonda,,38,1,Public,,150,False,3.0,2,50.0,"33,25",1,2025-05-01T10:26:00Z,2025-05-01T10:26:00Z,public,Lidl,True
235337,F6180473-29E8-44B7-BCFB-55740A715F42,40.454064100449415,-3.8696982427003377,Norauto Majadahonda,Majadahonda,28222,2247,4,Public - Membership Required,True,50,True,2.0,1,120.0,33,1,2025-06-11T15:34:00Z,2025-06-11T15:34:00Z,public_membership,Iberdrola | BP Pulse (ES),True
280532,9B4E262B-6DB1-41C6-BE14-AEB060765639,40.45508399501162,-3.8701073135266313,Nissan Pozuelo (Allego),Majadahonda,28222,103,4,Public - Membership Required,True,50,True,1.0,2,50.0,"33,2",1,2023-11-28T13:18:00Z,2023-11-28T13:18:00Z,public_membership,Allego BV,True
201768,4078D96B-2E82-485B-89C4-9ACFA1BDBAF7,40.4562884290859,-3.8686883350092103,C.C. Millenium Mahadahonda,Majadahonda,28220,2247,4,Public - Membership Required,True,50,True,14.0,4,50.0,"33,2,1036,1036",1,2026-01-08T11:23:00Z,2026-01-08T11:23:00Z,public_membership,Iberdrola | BP Pulse (ES),True
304625,5BB997EA-0961-4D2E-8AC9-5DC777F41F3A,40.457505509218976,-3.874506978962444,Leroy Merlin Majadahonda,Majadahonda,28222,2247,4,Public - Membership Required,True,50,True,6.0,1,22.0,1036,1,2024-09-28T15:51:00Z,2024-09-28T15:51:00Z,public_membership,Iberdrola | BP Pulse (ES),True
207326,81372DC1-3B17-4CB7-8FD1-8654B117DCE4,40.4560884777689,-3.8734303507619643,McDonald's Majadahonda,Majadahonda,28220,207,4,Public - Membership Required,True,50,True,2.0,3,50.0,"33,1036,2",1,2024-01-28T11:30:00Z,2024-01-28T11:30:00Z,public_membership,Endesa,True
207327,FCCC188E-016C-4697-924D-BEA6F43FE648,40.45532400211968,-3.8739531220025185,Equinoccio Majadahonda,Majadahonda,28220,207,4,Public - Membership Required,True,50,True,8.0,3,150.0,"33,33,25",1,2024-12-16T14:23:00Z,2024-12-16T14:23:00Z,public_membership,Endesa,True
207323,49D4A544-591D-4284-8EEF-132461DF8E90,40.45343583897983,-3.8719900528558355,Pista de Hielo La Nevera,Majadahonda,28220,207,4,Public - Membership Required,True,50,True,4.0,1,22.0,25,1,2025-10-07T19:57:00Z,2025-10-07T19:57:00Z,public_membership,Endesa,True
207325,8F48B291-750A-4307-BAA1-E8B949F3FFE2,40.45506408477121,-3.8715820813175696,VW Majadahonda,Majadahonda,28220,45,4,Public - Membership Required,True,50,True,2.0,1,22.0,25,1,2023-11-30T15:37:00Z,2023-11-30T15:37:00Z,public_membership,(Business Owner at Location),True
174625,20CEC88D-B2E8-4601-86D1-9C46B5DB7C3A,40.45548975127974,-3.871470876418158,Centro Porsche MADRID OESTE,Majadahonda,28220,3523,6,"Private - For Staff, Visitors or Customers",False,50,True,4.0,2,320.0,"33,1036",1,2023-02-24T12:13:00Z,2023-02-24T12:13:00Z,restricted,Porsche Smart Mobility GmbH,False
498832,0DD0B1CA-76E0-42C3-B072-35923272CB43,40.453198000620944,-3.8711446779237804,Guaw Majadahonda,Majadahonda,28222,3798,4,Public - Membership Required,True,50,True,2.0,1,100.0,33,1,2026-09-03T14:50:00Z,2026-09-03T14:50:00Z,public_membership,REMO Mobility (ES),True
474371,CD5EC490-B41E-42BF-8464-358DB07D4931,40.452924090214196,-3.8695470364025653,Carrefour Majadahonda,Majadahona,,3960,1,Public,,50,True,3.0,1,22.0,25,1,2026-01-19T22:16:00Z,2026-01-19T22:16:00Z,public,Carrefour (ES),True
170702,FF3E64A6-7EE5-4C18-BB93-8210F9730748,40.4530962253489,-3.869201915484382,Carrefour Majadahonda (DC),Majadahonda,28222,3960,5,Public - Pay At Location,False,50,True,2.0,1,150.0,33,1,2026-01-19T22:14:00Z,2026-01-19T22:14:00Z,public,Carrefour (ES),True
298532,E57604D0-8729-4383-A5F9-F7ECFF485AD4,40.45160998805207,-3.866405376441037,Calle de Goya,Majadahonda,28222,207,4,Public - Membership Required,True,50,True,4.0,2,60.0,"25,33",1,2025-10-07T19:59:00Z,2025-10-07T19:59:00Z,public_membership,Endesa,True
472753,29655CBD-449C-4F0B-BEBD-9F8DFE0C4049,40.44329125765424,-3.8751781645971732,Ayunt. Boadilla. Calle Comunidad Navarra,Boadilla,,2247,4,Public - Membership Required,True,50,True,2.0,1,22.0,25,1,2026-01-08T11:27:00Z,2026-01-08T11:27:00Z,public_membership,Iberdrola | BP Pulse (ES),True
306100,274F4F01-F2D3-4551-BA17-1844EB49D91A,40.40755454004366,-3.877149660720761,Parking Plaza Concordia,Boadilla del Monte,28660,2247,4,Public - Membership Required,True,50,True,4.0,1,7.4,25,1,2024-11-15T18:25:00Z,2024-11-15T18:25:00Z,public_membership,Iberdrola | BP Pulse (ES),True
85394,763D6266-9DC4-4B2E-A5DB-D1A8FCB95E9B,40.4075168539176,-3.87742042946514,Ayunt. Boadilla del Monte - Camino de San Sebastián,Boadilla del Monte,28660,2247,4,Public - Membership Required,True,50,True,2.0,1,22.0,25,1,2026-06-30T14:38:00Z,2026-06-30T14:38:00Z,public_membership,Iberdrola | BP Pulse (ES),True
202399,ABE6269D-1588-47B7-BB43-9315EABF106B,40.41714919093306,-3.860818515014671,Ayunt. Boadilla (Complejo Ángel Nieto),Boadilla del Monte,28660,2247,4,Public - Membership Required,True,50,True,2.0,1,22.0,25,1,2023-05-24T18:49:00Z,2023-05-24T18:49:00Z,public_membership,Iberdrola | BP Pulse (ES),True
163729,EFB0BCD5-639D-4BD9-B1C5-3118D6A26185,40.442883,-3.845569,Centro Comercial Monteclaro,Madrid,28223,45,4,Public - Membership Required,True,50,True,2.0,1,13.0,30,1,2022-09-19T14:16:00Z,2022-09-19T14:16:00Z,public_membership,(Business Owner at Location),True
312176,71350E8B-FB4C-4F5D-B5B8-3406209A7A00,40.440674127565416,-3.8401478919984413,Ballenoil Pozuelo de Alarcón,Pozuelo de Alarcón,,3880,4,Public - Membership Required,True,150,False,2.0,1,60.0,33,1,2025-07-10T06:27:00Z,2025-07-10T06:27:00Z,public_membership,Ballenoil (ES),True
265378,EF46F687-F088-4FEF-B717-4282C4C8835A,40.442349136441266,-3.8451448773918173,C.C. Monteclaro,Pozuelo de Alarcón,28221,3371,4,Public - Membership Required,True,50,True,2.0,2,30.0,"25,33",1,2023-05-08T08:07:00Z,2023-05-08T08:07:00Z,public_membership,Wenea,True
298531,6EC6A5B5-35E6-4EEB-886B-3886C0CCB3BA,40.43995443823607,-3.834389811202726,Univ. Francisco Vitoria,Pozuelo de Alarcón,28224,207,4,Public - Membership Required,True,50,True,8.0,1,11.0,25,1,2024-05-09T18:47:00Z,2024-05-09T18:47:00Z,public_membership,Endesa,True
207320,4134F569-026E-4684-AE08-A6AAAAB79615,40.441701275353665,-3.832771301878438,Universidad Francisco de Vitoria,Pozuelo de Alarcón,28221,207,4,Public - Membership Required,True,50,True,7.0,1,22.0,25,1,2022-10-10T08:53:00Z,2022-10-10T08:53:00Z,public_membership,Endesa,True
305837,164CF6A9-2652-46EC-A9FA-2D49C2D27BA4,40.44210248099111,-3.8346645397753036,Universidad Francisco de Vitoria,Pozuelo de Alarcón,28224,207,4,Public - Membership Required,True,50,True,2.0,1,60.0,33,1,2025-05-05T14:01:00Z,2025-05-05T14:01:00Z,public_membership,Endesa,True
235216,2B039BE1-51D5-412F-976F-F42E1B07767E,40.41183026133814,-3.8426219761815616,Arroyo Motor Bosch Car Service,Boadilla del Monte,28223,45,6,"Private - For Staff, Visitors or Customers",False,50,True,1.0,1,3.7,1036,1,2024-04-18T15:30:00Z,2024-04-18T15:30:00Z,restricted,(Business Owner at Location),False
307650,CDE40302-6805-431C-A0E8-48E31666F60C,40.42742522517656,-3.822880904197632,BP Pulse Pozuelo,Pozuelo,,2247,4,Public - Membership Required,True,50,True,12.0,2,300.0,"33,2",1,2025-08-10T19:52:00Z,2025-08-10T19:52:00Z,public_membership,Iberdrola | BP Pulse (ES),True
235204,52C37566-3A4F-4B9F-A34A-9D385F193788,40.418576578155324,-3.799755100095865,Parque Empresarial La Finca,Pozuelo de Alarcón,28223,91,6,"Private - For Staff, Visitors or Customers",False,50,True,2.0,1,3.7,28,1,2025-03-19T09:27:00Z,2025-03-19T09:27:00Z,restricted,Repsol - Ibil (ES),False
210101,B79E578B-3A31-43D1-84FA-F26D0F698FFF,40.42031789360732,-3.803388891284385,Hotel AC La Finca,Pozuelo de Alarcón,28223,207,6,"Private - For Staff, Visitors or Customers",False,50,True,4.0,1,11.0,25,1,2022-11-26T20:31:00Z,2022-11-26T20:31:00Z,restricted,Endesa,False
306831,D01B3C83-BD3C-40B3-9594-61FF0F387012,40.43204406430141,-3.8039296429192007,Apartamentos The Oliver. Arte Hotel,Pozuelo de Alarcón,28223,3324,6,"Private - For Staff, Visitors or Customers",False,50,True,2.0,1,22.0,25,1,2024-12-07T19:55:00Z,2024-12-07T19:55:00Z,restricted,Zunder,False
296560,473986B9-528E-48DF-B4E1-B6F5A5B4FE02,40.43699426064464,-3.801414997528582,ESIC Campus Valdenigrales,Pozuelo de Alarcón,28223,3371,2,Private - Restricted Access,True,50,True,3.0,1,7.0,25,1,2024-03-13T18:06:00Z,2024-03-13T18:06:00Z,restricted,Wenea,False
202269,D1CDA9D5-B005-4D7B-A387-BD1ADE00564E,40.431407011220955,-3.7949580521199096,McDonald's  Pozuleo Carretera de Húmera,Pozuelo de Alarcón,28223,207,4,Public - Membership Required,True,50,True,2.0,2,60.0,"33,25",1,2026-08-31T14:16:00Z,2026-08-31T14:16:00Z,public_membership,Endesa,True
235203,52B7945D-6292-4686-9584-6AA67CD35336,40.43106341350435,-3.794283723815397,Aldi Pozuelo,Pozuelo de Alarcón,28334,207,4,Public - Membership Required,True,50,True,2.0,1,11.0,25,1,2025-11-26T17:37:00Z,2025-11-26T17:37:00Z,public_membership,Endesa,True
235201,22F2E12B-D54A-4FC3-B0E2-30FDF8C307A3,40.44897385415496,-3.7966784619304974,Aldi Pozuelo,Pozuelo de Alarcón,28023,3464,1,Public,,50,True,2.0,2,7.4,"25,28",1,2023-02-16T18:00:00Z,2023-02-16T18:00:00Z,public,ALDI SÜD (DE),True
235376,0AB827EF-F06E-4058-998B-935516E2EAAF,40.44913227041508,-3.799071505424081,Taller Mr. Cap,Pozuelo de Alarcón,28334,45,6,"Private - For Staff, Visitors or Customers",False,50,True,1.0,1,11.0,1036,1,2023-02-19T08:57:00Z,2023-02-19T08:57:00Z,restricted,(Business Owner at Location),False
460541,1BAB3257-A450-48CC-A9B6-C51FA8F45E00,40.44832290083525,-3.798450867119044,Bluespace Pozuelo,Pozuelo,,3786,4,Public - Membership Required,True,50,True,1.0,1,30.0,33,1,2025-08-24T13:45:00Z,2025-08-24T13:45:00Z,public_membership,Umbrella eMobility (ES),True
235202,B4B5A1F7-BAF2-4330-A41A-D697436F37FF,40.4472563724178,-3.7972797895280905,Renault Gabella Motor Pozuelo,Pozuelo de Alarcón,28023,3275,6,"Private - For Staff, Visitors or Customers",False,50,True,2.0,2,22.0,"25,25",1,2023-02-16T18:00:00Z,2023-02-16T18:00:00Z,restricted,Renault,False
485909,BBD7BFC7-E4CA-4BE1-BC6C-13E35E7B892F,40.44742162187478,-3.799479693097169,Ahorramas Pozuelo,Pozuelo de Alarcón,28224,3276,4,Public - Membership Required,True,50,True,6.0,2,60.0,"33,25",1,2026-04-17T08:59:00Z,2026-04-17T08:59:00Z,public_membership,EDP,True
279871,6E7CA3E5-C08D-4FB4-B4E8-E70EE00FA42C,40.44788308747172,-3.8014735308999263,C.C. Estación Pozuelo,Pozuelo de Alarcón,28334,3550,4,Public - Membership Required,True,50,True,2.0,1,22.0,25,1,2026-01-01T21:15:00Z,2026-01-01T21:15:00Z,public_membership,PowerDot (Es),True
470242,3E95EB38-F059-4382-9F6F-404717CE7238,40.448198809765245,-3.800309431777123,Aparcamiento Matadero,Pozuelo,,3401,1,Public,,50,True,8.0,1,22.0,25,1,2025-12-26T19:09:00Z,2025-12-26T19:09:00Z,public,Electromaps,True
280885,010F1B69-07FB-4CD4-AFA4-A9B3E7C22D0E,40.449602052255386,-3.7995588850113506,E.S. Sudel,Pozuelo de Alarcón,28224,3276,4,Public - Membership Required,True,50,True,4.0,3,50.0,"1036,33,2",1,2025-11-30T11:27:00Z,2025-11-30T11:27:00Z,public_membership,EDP,True
288234,4A347E40-26F8-435D-ABB1-B91949AE7F0F,40.44515744015885,-3.8084743254213436,C.C. El Torreón,Pozuelo de Alarcón,28334,3583,4,Public - Membership Required,True,50,True,8.0,2,30.0,"33,25",1,2024-11-21T10:28:00Z,2024-11-21T10:28:00Z,public_membership,Eranovum (ES),True
298530,BE49DE2A-48CA-4F8C-B4F6-6EC155356882,40.43861852261452,-3.804594702125769,Residencia Amavir Pozuelo,Pozuelo de Alarcón,28334,207,6,"Private - For Staff, Visitors or Customers",False,50,True,2.0,1,7.0,25,1,2024-05-09T18:45:00Z,2024-05-09T18:45:00Z,restricted,Endesa,False
299956,93D4BA6B-35C1-43A6-AE0D-EB3832DBAF7F,40.43560891728856,-3.814604599606355,Parking Plaza Padre Vallet,Pozuelo de Alarcón,28223,3798,4,Public - Membership Required,True,50,True,8.0,2,100.0,"33,25",1,2026-09-04T12:48:00Z,2026-09-04T12:48:00Z,public_membership,REMO Mobility (ES),True
299957,F8C4F24E-AEE6-4C9E-B695-0171191D6441,40.45637934231149,-3.810944125448259,Shell Pozuelo I,Pozuelo de Alarcón,28334,200,4,Public - Membership Required,True,50,True,2.0,3,50.0,"33,2,1036",1,2026-04-17T08:56:00Z,2026-04-17T08:56:00Z,public_membership,PRIOE,True
209947,F22AC185-9D93-4F45-A426-1C3690061EBF,40.45549223781504,-3.8119969913824434,Shell Pozuelo II,Pozuelo de Alarcón,28334,200,4,Public - Membership Required,True,50,True,2.0,3,50.0,"33,1036,2",1,2026-04-17T08:55:00Z,2026-04-17T08:55:00Z,public_membership,PRIOE,True
163515,5363C2F2-2E85-47E0-857A-F4554BA9FA1D,40.462721,-3.806132,El Corte Ingles Centro Comercial Pozuelo,,28224,45,4,Public - Membership Required,True,50,True,14.0,2,11.0,"30,1036",1,2022-10-09T10:53:00Z,2022-10-09T10:53:00Z,public_membership,(Business Owner at Location),True
298166,C0214EEE-5D7D-4A2C-B634-46B1B90C0D99,40.46535353853537,-3.805118762184719,E.S. Repsol Concordy,,28334,91,4,Public - Membership Required,True,50,True,1.0,3,50.0,"33,2,1036",1,2025-10-07T20:06:00Z,2025-10-07T20:06:00Z,public_membership,Repsol - Ibil (ES),True
207136,FE927E3F-B331-4EEE-83D9-64B49A156E22,40.465001002971064,-3.807793111405317,Estación de Cercanías El Barrial,Madrid,28023,1,1,Public,,30,True,2.0,1,11.0,25,1,2022-10-09T10:51:00Z,2022-10-09T10:51:00Z,public,(Unknown Operator),True
207135,9301DFE1-9035-4246-A2DA-1556F0CAEE82,40.4661314623967,-3.8094347227244043,Revival Club Cafe,Madrid,28023,45,6,"Private - For Staff, Visitors or Customers",False,50,True,2.0,1,11.0,25,1,2023-02-19T08:50:00Z,2023-02-19T08:50:00Z,restricted,(Business Owner at Location),False
163735,9833EC34-7364-4217-8CE6-D9D85A89BAD7,40.467567,-3.81407,Centro Comercial Sexta Avenida,2,28023,45,4,Public - Membership Required,True,50,True,5.0,2,11.0,"30,1036",1,2022-10-09T10:53:00Z,2022-10-09T10:53:00Z,public_membership,(Business Owner at Location),True
201619,68788AFB-4D61-44AC-9E2C-56FEFDA5954F,40.46891001136896,-3.820005765313226,REPSOL Aravaca el Plantío,Madrid,28221,91,4,Public - Membership Required,True,50,True,1.0,3,50.0,"33,2,1036",1,2025-10-07T20:04:00Z,2025-10-07T20:04:00Z,public_membership,Repsol - Ibil (ES),True
304305,DD146389-F7BE-404F-B774-84708E3D5710,40.47307596622181,-3.8244045370058757,Eulen Gobelas,,28224,91,2,Private - Restricted Access,True,50,True,6.0,1,7.4,25,1,2024-09-22T11:28:00Z,2024-09-22T11:28:00Z,restricted,Repsol - Ibil (ES),False
290262,2D0F2EC7-8E1F-41B3-9A4A-65C1F22888DF,40.46531384930245,-3.786342698303997,Ayunt. Madrid: Camino de la Zarzuela (Iberdrola),,28023,2247,4,Public - Membership Required,True,50,True,3.0,4,100.0,"33,33,2,1036",1,2025-12-21T21:13:00Z,2025-12-21T21:13:00Z,public_membership,Iberdrola | BP Pulse (ES),True
305836,D2F1F916-9C69-4D98-9365-126B624EDD54,40.46324910361875,-3.7848480769172284,Hospital La Zarzuela,,28023,207,4,Public - Membership Required,True,50,True,8.0,1,11.0,25,1,2024-11-03T11:50:00Z,2024-11-03T11:50:00Z,public_membership,Endesa,True
485908,04691932-8FF9-4735-8DA8-8C8E50EF42C6,40.46651430705214,-3.801389085941878,Edif. Oficor,,28023,91,2,Private - Restricted Access,True,50,True,8.0,1,22.0,25,1,2026-04-17T08:54:00Z,2026-04-17T08:54:00Z,restricted,Repsol - Ibil (ES),False
62712,9698A17F-A83B-4F7E-BC7D-1DAAB1FDCE3D,40.46513,-3.801653,Nissan Iberauto,Madrid,28023,3558,6,"Private - For Staff, Visitors or Customers",False,50,True,1.0,1,50.0,2,1,2022-09-26T19:49:00Z,2022-09-26T19:49:00Z,restricted,Nissan (ES) Dealer Network,False
207134,416419CD-067C-47E9-A3BD-7EA3B6EE7558,40.46476249226441,-3.798450191924303,Aldi Aravaca,Madrid,28023,3464,1,Public,,50,True,3.0,2,7.4,"25,28",1,2022-10-09T10:49:00Z,2022-10-09T10:49:00Z,public,ALDI SÜD (DE),True
272903,31AF3D78-D0BB-4D1D-A383-4883F4985629,40.46048785196942,-3.8001763966343276,Mercadona Aravaca,,28023,3499,4,Public - Membership Required,True,50,True,6.0,1,22.0,25,1,2024-04-26T19:41:00Z,2024-04-26T19:41:00Z,public_membership,Mercadona,True
280884,3C5D72A2-6DFB-4C7A-A8FF-DC96E66951FE,40.45827444242519,-3.800555122181521,BM Pozuelo,Pozuelo de Alarcón,28224,2247,4,Public - Membership Required,True,50,True,4.0,1,7.4,25,1,2024-11-15T19:35:00Z,2024-11-15T19:35:00Z,public_membership,Iberdrola | BP Pulse (ES),True
235198,E67C1C50-F0F4-4508-82E9-D162BD06A348,40.460487423074625,-3.8031318981888944,Mad4Padel Pozuelo,Pozuelo de Alarcón,28023,3889,6,"Private - For Staff, Visitors or Customers",False,50,True,3.0,1,22.0,25,1,2026-03-13T19:29:00Z,2026-03-13T19:29:00Z,restricted,emovili Fast (ES),False
210577,94ABE61F-F2EA-41FA-AF5E-D3BF469E9C81,40.4646309476623,-3.7829680351153456,LAravaca Car Wash,,28023,3371,4,Public - Membership Required,True,50,True,2.0,3,100.0,"33,2,25",1,2024-11-15T07:25:00Z,2024-11-15T07:25:00Z,public_membership,Wenea,True
207133,3C778512-002D-4C5D-8881-3E741BBFBBCD,40.46661402916786,-3.782883717021548,Hospital Vithas Pardo de Aravaca,Madrid,28023,207,4,Public - Membership Required,True,50,True,2.0,3,50.0,"33,2,1036",1,2025-05-01T10:33:00Z,2025-05-01T10:33:00Z,public_membership,Endesa,True
312177,E005C2BB-4EC3-4108-836B-C92EC75F574C,40.46737205429281,-3.783077991774036,Hospital Vithas Pardo de Aravaca,Madrid,,207,4,Public - Membership Required,True,50,True,2.0,1,22.0,25,1,2025-05-01T10:34:00Z,2025-05-01T10:34:00Z,public_membership,Endesa,True
205465,256F2DE7-F72B-4BFB-AAE7-5D2657508E8F,40.44109701311493,-3.7841088588934326,C.C. Zielo Shopping,Pozuelo de Alarcón,28224,3371,4,Public - Membership Required,True,50,True,4.0,1,7.4,25,1,2025-04-12T07:09:00Z,2025-04-12T07:09:00Z,public_membership,Wenea,True
202313,B3266915-9541-4429-B5A7-D48194664777,40.38301095720834,-3.7834788645215554,Parking EMT Calle Fuente de Lima,Madrid,28024,3553,4,Public - Membership Required,True,50,True,10.0,1,7.0,25,1,2025-11-25T20:36:00Z,2025-11-25T20:36:00Z,public_membership,Electro-EMT,True
207333,AA4AF9A4-BBD9-44BF-ACC4-D36A196174B2,40.39872978924524,-3.7836717667797757,Carrefour Ciudad de la Imagen,Pozuelo de Alarcón,28024,45,1,Public,,50,True,1.0,2,22.0,"25,28",1,2022-10-10T09:19:00Z,2022-10-10T09:19:00Z,public,(Business Owner at Location),True
307053,0FAC9E61-73CC-49E3-9FF6-FC117145412F,40.410061297076254,-3.789033542334437,RTVE Madrid,Pozuelo de Alarcón,28024,3371,6,"Private - For Staff, Visitors or Customers",False,50,True,36.0,1,7.4,25,1,2024-12-15T18:46:00Z,2024-12-15T18:46:00Z,restricted,Wenea,False
309140,AFC42A64-EE2C-44AA-80BD-8784055005CF,40.398461810980535,-3.7854571036126288,C.C. Carrefour Pozuelo,Pozuelo,,2247,4,Public - Membership Required,True,50,True,2.0,1,100.0,33,1,2025-02-28T07:56:00Z,2025-02-28T07:56:00Z,public_membership,Iberdrola | BP Pulse (ES),True
195459,233D41FE-8C75-4935-B4CA-0E99C53352CB,40.397406701867254,-3.7845470701852264,Ciudad de La Imagen,Pozuelo de Alarcón,28024,207,4,Public - Membership Required,True,50,True,46.0,2,150.0,"33,25",1,2023-02-28T18:08:00Z,2023-02-28T18:08:00Z,public_membership,Endesa,True
61029,201A72AE-0F51-4882-89F1-A264957EDC6D,40.39404,-3.7966,Kinépolis,Pozuelo,28223,3371,4,Public - Membership Required,True,50,True,8.0,1,22.0,1036,1,2025-04-12T07:10:00Z,2025-04-12T07:10:00Z,public_membership,Wenea,True
192063,EB687610-9DA4-4937-901A-7D0AA0442D87,40.39452874425598,-3.798129049810882,McDonald's Pozuelo,Pozuelo de Alarcón,28223,207,1,Public,,50,True,2.0,3,50.0,"33,2,25",1,2025-11-30T11:29:00Z,2025-11-30T11:29:00Z,public,Endesa,True
279963,6B05046B-C706-4D4A-AEAE-F2BA95909658,40.40383430538344,-3.797955716281649,La Finca Grand Café - Parking Lago,Pozuelo de Alarcón,28024,3371,4,Public - Membership Required,True,50,True,6.0,1,22.0,25,1,2024-03-07T20:23:00Z,2024-03-07T20:23:00Z,public_membership,Wenea,True
279962,C81CC372-7C16-4D3A-A348-A4A256F6660C,40.404781237500885,-3.797692673140517,La Finca Grand Café,Pozuelo de Alarcón,,3371,4,Public - Membership Required,True,50,True,24.0,3,120.0,"25,33,33",1,2025-04-28T11:06:00Z,2025-04-28T11:06:00Z,public_membership,Wenea,True
192255,F7A5EBB5-DE48-43FC-A7AD-8E6DD2062B1F,40.39451300976657,-3.8448125495202703,Citroën Mosancar,Boadilla del Monte,28660,45,6,"Private - For Staff, Visitors or Customers",False,50,True,1.0,4,50.0,"25,25,25,33",1,2024-11-15T18:33:00Z,2024-11-15T18:33:00Z,restricted,(Business Owner at Location),False
205464,1C945F7A-C455-4136-91C4-9CB97B8BD641,40.395908471500235,-3.8441635420423097,Coolab Coworking ,Boadilla del Monte,28660,3371,6,"Private - For Staff, Visitors or Customers",False,50,True,2.0,1,22.0,25,1,2024-11-15T18:34:00Z,2024-11-15T18:34:00Z,restricted,Wenea,False
305411,F2607DEF-3529-457A-BBC3-B221BFEDE7DF,40.39496455976797,-3.84125041290406,Plenoil Alcorcón II,,28223,3750,4,Public - Membership Required,True,50,True,2.0,1,60.0,33,1,2026-01-04T09:30:00Z,2026-01-04T09:30:00Z,public_membership,Plenergy (ES),True
192253,7CC90045-332B-4F03-A5D6-0D5D6C45C885,40.3946401954596,-3.8416446270053655,Ballenoil Ventorro del Cano,Alcorcón,28660,207,4,Public - Membership Required,True,50,True,2.0,1,22.0,25,1,2024-11-15T18:36:00Z,2024-11-15T18:36:00Z,public_membership,Endesa,True
192256,5BFC4003-5EA6-4034-94C7-8547776A0BBA,40.3928763459034,-3.8458075333608974,Demac motor,Boadilla del Monte,28660,45,6,"Private - For Staff, Visitors or Customers",False,50,True,1.0,1,11.0,25,1,2022-10-10T09:16:00Z,2022-10-10T09:16:00Z,restricted,(Business Owner at Location),False
272916,5D438C33-D8CD-4F13-AD76-7D6A9EB25213,40.39296472931915,-3.851018641408672,Prado Espino ,,,2247,4,Public - Membership Required,True,50,True,2.0,1,22.0,25,1,2024-11-15T18:32:00Z,2024-11-15T18:32:00Z,public_membership,Iberdrola | BP Pulse (ES),True
306101,67F6940B-D862-4898-B124-1CF5C1C328F0,40.39412206943405,-3.851074304208396,Prado del Espino 2,Boadilla del Monte,28660,2247,4,Public - Membership Required,True,50,True,2.0,1,22.0,25,1,2024-11-15T18:30:00Z,2024-11-15T18:30:00Z,public_membership,Iberdrola | BP Pulse (ES),True
202400,B77DA1F9-BEB0-4D75-BDF8-3578071BA020,40.40574826959437,-3.8781277003948844,Ayunt. Boadilla  Juan García Serrano,Boadilla del Monte,28660,2247,4,Public - Membership Required,True,50,True,2.0,1,60.0,33,1,2025-12-21T21:07:00Z,2025-12-21T21:07:00Z,public_membership,Iberdrola | BP Pulse (ES),True
235217,5218D67C-4FC9-4CD0-B5D8-1A201C8B6C29,40.40320376379947,-3.8762262130449017,Ayunt. Boadilla. Paseo Madrid ,Boadilla del Monte,28660,2247,4,Public - Membership Required,True,50,True,2.0,1,60.0,33,1,2025-12-21T21:06:00Z,2025-12-21T21:06:00Z,public_membership,Iberdrola | BP Pulse (ES),True
297686,9C521A14-502B-41C6-912D-FB760EE079AA,40.39674622777443,-3.8719656638604363,El Faro Centro Negocios,Boadilla del Monte,28660,45,6,"Private - For Staff, Visitors or Customers",False,50,True,8.0,1,3.0,28,1,2024-04-18T15:33:00Z,2024-04-18T15:33:00Z,restricted,(Business Owner at Location),False
306110,B068B422-BCB2-4563-A9D1-7542B28F2AF7,40.47062680076422,-3.7688336980801864,Hotel Eurostars Zarzuela Park,,28023,3557,6,"Private - For Staff, Visitors or Customers",False,50,True,2.0,1,22.0,25,1,2024-11-15T19:43:00Z,2024-11-15T19:43:00Z,restricted,GALP Electric,False
235200,BCAD2972-8120-4673-ACB7-3BBCAFF0EABD,40.46540234605462,-3.7502952568463854,La Alameda,,28040,45,6,"Private - For Staff, Visitors or Customers",False,50,True,1.0,1,3.7,25,1,2023-02-16T17:58:00Z,2023-02-16T17:58:00Z,restricted,(Business Owner at Location),False
191257,698E44A0-C815-43CA-8DFC-6A07ECA01087,40.46088635592821,-3.7574964710546794,Repsol Hipódromo,Madrid,28040,91,4,Public - Membership Required,True,50,True,3.0,5,80.0,"33,2,33,2,1036",1,2024-11-23T11:52:00Z,2024-11-23T11:52:00Z,public_membership,Repsol - Ibil (ES),True
508015,EE556DEA-93A4-4823-AC33-59FF735961EE,40.45538362203217,-3.749855957357113,CSIC ICIFOR,,28040,1,6,"Private - For Staff, Visitors or Customers",False,50,True,4.0,1,7.4,25,1,2026-09-04T10:14:00Z,2026-09-04T10:14:00Z,restricted,(Unknown Operator),False
280886,85DF96AD-7616-46CA-BDEB-49027B18A46F,40.45087602646012,-3.7582986257133086,IESE Madrid,,28023,3401,4,Public - Membership Required,True,50,True,12.0,1,7.4,25,1,2023-11-30T15:46:00Z,2023-11-30T15:46:00Z,public_membership,Electromaps,True
280887,88986047-271D-47DA-88BF-C31B58288B42,40.450744144834516,-3.759353202827157,IESE Madrid,,28023,3401,4,Public - Membership Required,True,50,True,12.0,1,7.4,25,1,2023-11-30T15:47:00Z,2023-11-30T15:47:00Z,public_membership,Electromaps,True
272917,856858FC-B22B-4DA0-AA4D-D68E97078CCB,40.406184602042174,-3.74581822088885,Mercadona Olivillo La Latina,Madrid,28011,3499,4,Public - Membership Required,True,50,True,4.0,1,22.0,25,1,2026-01-29T12:43:00Z,2026-01-29T12:43:00Z,public_membership,Mercadona,True
207318,A13CBED1-FE43-45AB-A4E4-E43DFCC32CC3,40.40146766057026,-3.751612461022887,Mercadona Latina,Madrid,28047,3499,4,Public - Membership Required,True,50,True,2.0,1,22.0,25,1,2025-10-17T18:39:00Z,2025-10-17T18:39:00Z,public_membership,Mercadona,True
207317,159DC07F-D5C0-4EA9-8DF7-DF1FF6A84BD1,40.406535886378265,-3.7491295871403736,Parking CicletaPark,Madrid,28011,45,5,Public - Pay At Location,False,50,True,8.0,2,7.4,"25,28",1,2022-10-10T08:46:00Z,2022-10-10T08:46:00Z,public,(Business Owner at Location),True
235205,F14A321E-1807-4AB1-B081-3152DCEEC401,40.40168959347051,-3.761420518563824,E.S. Repsol Batan Madrid,,28024,91,4,Public - Membership Required,True,50,True,1.0,3,50.0,"33,2,25",1,2025-11-25T20:39:00Z,2025-11-25T20:39:00Z,public_membership,Repsol - Ibil (ES),True
306400,25EA61D2-F752-4AFC-A68B-117E0C33772C,40.38546157031149,-3.7445658693666815,Ahorramas Fátima,,,3276,4,Public - Membership Required,True,50,True,2.0,1,22.0,25,1,2025-11-25T20:27:00Z,2025-11-25T20:27:00Z,public_membership,EDP,True
207314,16D23CFA-D79A-4E0A-9C1D-06D54C1D6728,40.38636193359088,-3.764015752591149,Centro Comercial Plaza de Aluche,Madrid,28044,3377,1,Public,,50,True,2.0,1,11.0,25,1,2026-09-04T12:57:00Z,2026-09-04T12:57:00Z,public,eTecnic,True
290261,55465023-8220-471A-A46C-577F9189D734,40.384870029514786,-3.7646662343190656,Ayunt. Madrid: Plaza Distrito Latina (Iberdrola),,,2247,4,Public - Membership Required,True,50,True,3.0,4,100.0,"33,33,2,1036",1,2025-11-25T20:37:00Z,2025-11-25T20:37:00Z,public_membership,Iberdrola | BP Pulse (ES),True
458972,8A0F6CD4-C3E9-4BB0-955F-E0F0BC20401D,40.39697774074281,-3.6823378087195806,Hotel Madrid Centro Atocha,Madrid,,3371,4,Public - Membership Required,True,50,True,8.0,2,150.0,"1036,33",1,2025-09-14T06:52:00Z,2025-09-14T06:52:00Z,public_membership,Wenea,True
306113,DAA47564-01BB-495D-9D72-C5D2CCAD5EE0,40.397481564645744,-3.68187886504586,Edificio Méndez Álvaro 61,,28045,3557,6,"Private - For Staff, Visitors or Customers",False,50,True,16.0,1,7.4,25,1,2024-11-15T20:13:00Z,2024-11-15T20:13:00Z,restricted,GALP Electric,False
191836,3954FFB4-1019-471A-A142-0F1F0372C629,40.40716340550742,-3.682980626372256,Hotel Agumar,Madrid,28014,45,6,"Private - For Staff, Visitors or Customers",False,50,True,4.0,1,22.0,25,1,2024-11-21T22:20:00Z,2024-11-21T22:20:00Z,restricted,(Business Owner at Location),False
311732,3D85A75A-64D8-4E3A-968C-4C7F299E597D,40.40490865217228,-3.6861652355451042,Parking Atocha Renfe 3 (Planta 2),Madrid,,45,5,Public - Pay At Location,False,150,False,20.0,1,7.4,25,1,2026-01-04T12:51:00Z,2026-01-04T12:51:00Z,public,(Business Owner at Location),True
190435,47C7C3AD-2E45-4C34-AE51-D541CDD51C9C,40.40386076879747,-3.6855530348805985,Ferrolinera Estación de Atocha,Madrid,28007,3523,4,Public - Membership Required,True,100,False,2.0,3,150.0,"33,33,2",1,2025-04-13T12:16:00Z,2025-04-13T12:16:00Z,public_membership,Porsche Smart Mobility GmbH,True
61033,0EC806BA-A5EC-4048-9F27-ADE7BD3CA512,40.40572309021309,-3.686530441737659,Edificio RENFE Atocha,Madrid,28007,1,2,Private - Restricted Access,True,50,True,2.0,1,3.7,25,1,2022-11-18T16:17:00Z,2022-11-18T16:17:00Z,restricted,(Unknown Operator),False
190436,06B21889-BB43-43ED-9DC1-10F70E36EF9C,40.407298469532606,-3.688390025080963,Only you Hotel,Madrid,28014 ,207,6,"Private - For Staff, Visitors or Customers",False,50,True,6.0,1,22.0,1036,1,2024-05-10T07:24:00Z,2024-05-10T07:24:00Z,restricted,Endesa,False
280869,03720C0B-0813-45D1-9B44-F3BBDCCC907C,40.40820576252216,-3.6890669033229813,Parking Colonial,,28014,45,2,Private - Restricted Access,True,50,True,4.0,1,7.4,25,1,2025-12-26T19:29:00Z,2025-12-26T19:29:00Z,restricted,(Business Owner at Location),False
209999,B05295EA-DB29-42BF-82C6-87BA39D96288,40.40560096445094,-3.687823050038105,Parking Saba Estación de Atocha,,28014,45,5,Public - Pay At Location,False,100,False,2.0,2,11.0,"25,28",1,2025-09-14T07:05:00Z,2025-09-14T07:05:00Z,public,(Business Owner at Location),True
298555,3FD3A781-E662-4D9D-9D5B-6B401813E165,40.40322317235126,-3.690436700735802,Parking Aparca&Go Atocha,,28045,207,4,Public - Membership Required,True,50,True,4.0,2,150.0,"25,33",1,2024-05-10T07:29:00Z,2024-05-10T07:29:00Z,public_membership,Endesa,True
260737,BB0A53B3-8E5D-4320-BA8A-BE803DFD44D7,40.410157224240606,-3.693351503689371,Parking Calle del Cenicero,,28014,45,5,Public - Pay At Location,False,50,True,2.0,1,3.7,28,1,2024-04-17T19:06:00Z,2024-04-17T19:06:00Z,public,(Business Owner at Location),True
297631,E7407968-5A83-49A4-A901-8521FED80382,40.40988960084874,-3.6933880081421364,Hotel Paseo del Arte,,,45,6,"Private - For Staff, Visitors or Customers",False,50,True,2.0,1,3.7,28,1,2024-04-17T19:08:00Z,2024-04-17T19:08:00Z,restricted,(Business Owner at Location),False
470251,DA68D1EC-28F5-4551-8CD4-9479F6647497,40.40943361644153,-3.693973598666048,Parking APK Atocha Reina Sofía,,28014,3276,5,Public - Pay At Location,False,50,True,4.0,1,22.0,25,1,2026-01-30T13:25:00Z,2026-01-30T13:25:00Z,public,EDP,True
207373,F1E8FA39-558A-4070-A2F9-1CC362986D05,40.41166978768027,-3.697805014283972,Parking Atocha i70,Madrid,28012,207,5,Public - Pay At Location,False,50,True,2.0,1,22.0,25,1,2023-01-05T11:09:00Z,2023-01-05T11:09:00Z,public,Endesa,True
61032,BEF9AA22-77EB-45C8-90EA-00470ACCFAC9,40.405731,-3.699459,Ayunt. Madrid: RONDA Valencia (Wenea),Madrid,28012,3371,4,Public - Membership Required,True,50,True,2.0,3,50.0,"33,25,2",1,2024-12-15T19:16:00Z,2024-12-15T19:16:00Z,public_membership,Wenea,True
272920,8CA24C12-CD39-4A6A-94A9-7F959CCADE96,40.40692387431494,-3.696335786554698,Parking Ruiz Ronda Atocha 12,,,2247,4,Public - Membership Required,True,50,True,4.0,1,22.0,1036,1,2024-04-17T18:03:00Z,2024-04-17T18:03:00Z,public_membership,Iberdrola | BP Pulse (ES),True
298556,63A3422E-BFDE-42BC-969F-FA515D9A0143,40.40611652924915,-3.695451104094218,Hotel Hard Rock,,28014,207,6,"Private - For Staff, Visitors or Customers",False,50,True,4.0,1,22.0,25,1,2024-05-10T07:32:00Z,2024-05-10T07:32:00Z,restricted,Endesa,False
260735,07E21926-5B69-4350-9350-C32C6CCB3D4F,40.40591610858755,-3.69507897315475,Repsol Paseo de Santa María de la Cabeza,,28045,91,4,Public - Membership Required,True,50,True,1.0,3,50.0,"33,2,1036",1,2024-05-04T08:00:00Z,2024-05-04T08:00:00Z,public_membership,Repsol - Ibil (ES),True
194517,E6FD9436-D35C-4685-8F8A-59FA6433F57B,40.398063625028215,-3.6945747011129697,Parking DELICIAS 82,Madrid,28045,45,5,Public - Pay At Location,False,50,True,6.0,2,22.0,"25,28",1,2022-11-21T10:50:00Z,2022-11-21T10:50:00Z,public,(Business Owner at Location),True
285161,388BC9D4-3BEB-4BFE-896A-1B5C18C06CC8,40.39896265042762,-3.69549316283792,Mercadona Delicias,,28045,3499,4,Public - Membership Required,True,50,True,2.0,1,22.0,25,1,2024-04-27T14:39:00Z,2024-04-27T14:39:00Z,public_membership,Mercadona,True
191819,E62AAB3E-21EC-489F-B1E1-2DEBA499199B,40.393116586709084,-3.6991212281858736,Junta Municipal Arganzuela,Madrid,28045,1,2,Private - Restricted Access,True,50,True,2.0,1,22.0,25,1,2022-11-21T11:08:00Z,2022-11-21T11:08:00Z,restricted,(Unknown Operator),False
271801,E9EB7CAD-3B88-48F5-89C4-8410FBE2837B,40.39590621489975,-3.6932246540212645,Parking Juan de Vera,,28045,45,5,Public - Pay At Location,False,50,True,2.0,1,7.4,25,1,2023-07-11T13:38:00Z,2023-07-11T13:38:00Z,public,(Business Owner at Location),True
272838,F9003443-ED17-4680-907C-D6738F87D855,40.40113500276186,-3.6918663961199627,Parking General Lacy,,,91,6,"Private - For Staff, Visitors or Customers",False,50,True,2.0,2,3.7,"25,1",1,2023-07-20T07:03:00Z,2023-07-20T07:03:00Z,restricted,Repsol - Ibil (ES),False
274415,B87CA1C4-78A1-4C8D-92BF-A9D7A267188E,40.40171688948536,-3.6907406182046714,Ayunt. Madrid: Calle General Lacy (TotalEnergies),,28045,3571,4,Public - Membership Required,True,50,True,3.0,4,100.0,"33,33,2,1036",1,2024-05-24T07:57:00Z,2024-05-24T07:57:00Z,public_membership,TotalEnergies (ES),True
260736,35CC6429-7633-4022-98C0-5E0B566F44AE,40.40283329555345,-3.6898427225662545,Repsol Calle del Áncora,,28045,91,4,Public - Membership Required,True,50,True,1.0,3,50.0,"33,2,1036",1,2025-12-30T14:04:00Z,2025-12-30T14:04:00Z,public_membership,Repsol - Ibil (ES),True
163640,6AD701FD-E0AA-4672-9A90-9135F6AC0073,40.401365,-3.687091,Rafael Hoteles Atocha,30,28045,91,6,"Private - For Staff, Visitors or Customers",False,50,True,5.0,2,22.0,"30,25",1,2023-05-31T07:04:00Z,2023-05-31T07:04:00Z,restricted,Repsol - Ibil (ES),False
24186,F367C37F-E84D-40DD-8375-F3373236D748,40.39789778626137,-3.68400873815915,Repsol Campus,Madrid,28007,91,6,"Private - For Staff, Visitors or Customers",False,50,True,34.0,1,7.4,25,1,2026-01-13T18:23:00Z,2026-01-13T18:23:00Z,restricted,Repsol - Ibil (ES),False
305847,7C883C08-1D9B-42EF-B0F0-F177868F3704,40.38604250230526,-3.688731213706774,Residencia Amavir Arganzuela,,,207,2,Private - Restricted Access,True,50,True,2.0,1,7.0,25,1,2024-11-03T17:14:00Z,2024-11-03T17:14:00Z,restricted,Endesa,False
191272,EEE76BFD-4894-4FE8-AEA0-1F9752932771,40.38628274056231,-3.6906610421728487,Mercadona Legazpi,Madrid,28045,3499,4,Public - Membership Required,True,50,True,2.0,1,22.0,25,1,2025-10-17T18:46:00Z,2025-10-17T18:46:00Z,public_membership,Mercadona,True
191820,05ADAC8C-3C06-4D60-AA9F-E3B42364CD17,40.39021931818186,-3.6892510768261673,Ahorramás Legazpi,Madrid,28045,3276,4,Public - Membership Required,True,50,True,4.0,1,22.0,25,1,2023-07-11T13:41:00Z,2023-07-11T13:41:00Z,public_membership,EDP,True
271802,17FE2D27-9290-4467-802F-8DCD99C127CF,40.39169484833042,-3.695360916361892,Repsol Legazpi,,28045,91,4,Public - Membership Required,True,50,True,1.0,3,50.0,"1036,33,2",1,2024-05-04T08:00:00Z,2024-05-04T08:00:00Z,public_membership,Repsol - Ibil (ES),True
191818,93EA4FB9-E94D-4D46-86D9-56211A37A400,40.39172675920824,-3.701505224146331,Plaza Rio 2,Madrid,28026,1,4,Public - Membership Required,True,50,True,20.0,1,3.7,28,1,2022-11-21T11:33:00Z,2022-11-21T11:33:00Z,public_membership,(Unknown Operator),True
280332,9AF6922B-3308-4902-9D05-64426CE8F37E,40.39071743908741,-3.7015638124982786,C.C. Plaza Río 2 (Electra),,28026,3489,4,Public - Membership Required,True,50,True,8.0,1,200.0,33,1,2026-06-20T11:58:00Z,2026-06-20T11:58:00Z,public_membership,Electra,True
265948,986C03A7-DBCF-4144-A31A-07B344BE0D1E,40.389751138349624,-3.700529328192829,Mercadona Río,,28026,3499,4,Public - Membership Required,True,50,True,2.0,1,22.0,25,1,2024-04-26T19:46:00Z,2024-04-26T19:46:00Z,public_membership,Mercadona,True
288961,0F14D3E4-B15C-4F9E-831F-C49D1612A511,40.38970074805397,-3.7026688829982106,Ayunt. Madrid: Calle Matilde Gayo (Wenea),,28026,3371,4,Public - Membership Required,True,150,False,3.0,2,100.0,"33,25",1,2025-05-08T14:55:00Z,2025-05-08T14:55:00Z,public_membership,Wenea,True
209718,E656CEE7-6F32-46E4-B014-B2E842B9F055,40.38795047021006,-3.702775450903914,Ahorramas Calle de Amparo Usera,,28026,3276,4,Public - Membership Required,True,50,True,2.0,1,7.4,25,1,2025-11-25T20:02:00Z,2025-11-25T20:02:00Z,public_membership,EDP,True
288950,E06E8FC8-02EB-4811-89E9-DD3543B195BA,40.38604328169498,-3.698409245157535,Ayunt. Madrid: Avenida de Córdoba 3 (TotalEnergies),,28026,3571,4,Public - Membership Required,True,50,True,3.0,4,100.0,"33,33,2,1036",1,2025-02-20T19:39:00Z,2025-02-20T19:39:00Z,public_membership,TotalEnergies (ES),True
474975,1A228F99-8CF7-49B0-8B2F-B90349996C61,40.383011328178554,-3.6961497008688298,Repaol Carabanchel,,28026,91,4,Public - Membership Required,True,50,True,1.0,3,50.0,"33,2,1036",1,2026-01-28T15:31:00Z,2026-01-28T15:31:00Z,public_membership,Repsol - Ibil (ES),True
207312,A539D1DE-5C10-4D21-A6EA-2AD49DEF93F8,40.38562778451424,-3.7387973700230077,Hipercor Vista Alegre,Madrid,28025,45,1,Public,,50,True,3.0,1,3.7,25,1,2022-10-10T08:34:00Z,2022-10-10T08:34:00Z,public,(Business Owner at Location),True
307303,B0383F75-B5A7-4623-B783-AF310CCA0009,40.38592353706298,-3.738569659985359,C.C. Vistalegre,Madrid,,3371,4,Public - Membership Required,True,150,False,20.0,1,180.0,33,1,2025-10-14T06:43:00Z,2025-10-14T06:43:00Z,public_membership,Wenea,True
265560,4CC92147-C7A3-4813-BA08-6EA0FB0EF136,40.38841205896719,-3.7348194575054094,Ahorramas Carabanchel,,28025,3276,4,Public - Membership Required,True,50,True,2.0,1,22.0,25,1,2023-05-14T15:44:00Z,2023-05-14T15:44:00Z,public_membership,EDP,True
288969,2C8E4742-03E6-4E56-8C34-CC7D269027AF,40.3835568505051,-3.724291763806292,Repsol Avenida de Abrantes,,28025,91,4,Public - Membership Required,True,50,True,2.0,1,150.0,33,1,2026-09-05T11:10:00Z,2026-09-05T11:10:00Z,public_membership,Repsol - Ibil (ES),True
288951,F2E15977-A958-4E31-800A-E23D52BBFB5E,40.38103740343561,-3.727573789655935,Ayunt. Madrid: Avenida de Abrantes (TotalEnergies),,28025,3571,4,Public - Membership Required,True,50,True,3.0,4,100.0,"33,33,2,1036",1,2025-11-25T20:09:00Z,2025-11-25T20:09:00Z,public_membership,TotalEnergies (ES),True
307414,84D22124-8826-4E59-8992-ACEB4F40B593,40.38011310073779,-3.7316235283929586,Parking Azorín Hermanos S.A.,Madrid,,45,2,Private - Restricted Access,True,50,True,7.0,2,22.0,"25,25",1,2025-12-31T20:05:00Z,2025-12-31T20:05:00Z,restricted,(Business Owner at Location),False
288960,298FB5A7-7008-4713-A612-89F8E5AB6AB9,40.381411667187734,-3.715035509112681,Ayunt. Madrid: Travesía de Santoña (Iberdrola),,28026,2247,4,Public - Membership Required,True,50,True,3.0,4,100.0,"33,33,2,1036",1,2025-05-01T10:41:00Z,2025-05-01T10:41:00Z,public_membership,Iberdrola | BP Pulse (ES),True
279499,B9FFB88A-AFD6-416A-835E-A8981501CE67,40.38706396906335,-3.706227355793743,Mercado Usera,,28026,3552,4,Public - Membership Required,True,50,True,2.0,3,60.0,"33,2,1036",1,2024-05-17T19:19:00Z,2024-05-17T19:19:00Z,public_membership,BarterGo (ES),True
288962,FA658861-294C-4983-919A-D4D57E8708C9,40.39130722452407,-3.710727415714473,Ayunt. Madrid: Calle del Marqués de Jura Real (Wenea),,28019,3371,4,Public - Membership Required,True,150,False,3.0,2,100.0,"33,25",1,2025-05-08T14:55:00Z,2025-05-08T14:55:00Z,public_membership,Wenea,True
207241,149B277D-DAA1-4692-A04E-C670CD30932C,40.39109751920515,-3.7151418153978284,Taller Kia Selikar,Madrid,28019,45,6,"Private - For Staff, Visitors or Customers",False,50,True,2.0,1,11.0,25,1,2022-10-09T18:24:00Z,2022-10-09T18:24:00Z,restricted,(Business Owner at Location),False
235259,03ABF445-6EF9-4A09-906D-1D69ADE2DC0D,40.38401609066321,-3.717529862041033,Goofit Madrid,,28019,2247,6,"Private - For Staff, Visitors or Customers",False,50,True,2.0,1,22.0,1036,1,2023-12-29T08:39:00Z,2023-12-29T08:39:00Z,restricted,Iberdrola | BP Pulse (ES),False
308261,5E07EAF5-6306-4754-950E-ACF5A99907C7,40.386098611423506,-3.716957138348846,Shell Plaza Elíptica,Madrid,,200,4,Public - Membership Required,True,50,True,2.0,1,60.0,33,1,2025-06-27T09:42:00Z,2025-06-27T09:42:00Z,public_membership,PRIOE,True
305122,A0878967-0F37-4DAF-9250-5E6DD885E986,40.40056401059252,-3.7194138096681684,Parking EMT San Epifanio,,,3553,4,Public - Membership Required,True,50,True,14.0,1,7.4,25,1,2024-10-13T16:04:00Z,2024-10-13T16:04:00Z,public_membership,Electro-EMT,True
265971,1FEFC504-1D55-47D8-B81D-3C380D895355,40.40201000797518,-3.7154791635404933,Makro Paseo Imperial,,28005,2247,4,Public - Membership Required,True,50,True,4.0,1,22.0,25,1,2023-05-25T16:53:00Z,2023-05-25T16:53:00Z,public_membership,Iberdrola | BP Pulse (ES),True
207242,4BB5E148-8498-4D11-A46F-B9FA35F3CFD3,40.39226944233499,-3.717218073649093,Parking GoFit,Madrid,28019,2247,4,Public - Membership Required,True,50,True,2.0,1,3.7,1036,1,2023-12-29T10:24:00Z,2023-12-29T10:24:00Z,public_membership,Iberdrola | BP Pulse (ES),True
202308,76F281EE-8CB5-4C13-833B-1AFA67B82355,40.39400906422168,-3.707022607040699,Hotel Praga,Madrid,28019,3552,6,"Private - For Staff, Visitors or Customers",False,50,True,5.0,1,22.0,25,1,2022-10-30T17:51:00Z,2022-10-30T17:51:00Z,restricted,BarterGo (ES),False
207239,CF917101-3C38-44B4-A47A-022121CAB179,40.39532053344686,-3.707859510886692,Parking Jose,Madrid,28019,3324,4,Public - Membership Required,True,50,True,4.0,1,7.4,25,1,2026-06-08T10:41:00Z,2026-06-08T10:41:00Z,public_membership,Zunder,True
274416,39C345C9-8C18-4E64-B6DC-2A69DCF5011B,40.4018067393273,-3.703962661857247,Ayunt. Madrid: Calle del Laurel (Wenea),,28005,3371,4,Public - Membership Required,True,150,False,3.0,2,100.0,"33,25",1,2024-10-15T15:37:00Z,2024-10-15T15:37:00Z,public_membership,Wenea,True
191823,C70184C8-F4D5-4A9C-BE12-397F3484D10B,40.40244727801533,-3.7036862404745534,Oterojls,Madrid,28012,45,6,"Private - For Staff, Visitors or Customers",False,50,True,1.0,2,7.4,"25,28",1,2022-10-10T11:05:00Z,2022-10-10T11:05:00Z,restricted,(Business Owner at Location),False
266298,4377E174-EA42-4B04-9095-89B96A72C896,40.400543968996885,-3.7122796598494006,Mercadona Paseo de Yeserías,,28005,3499,4,Public - Membership Required,True,50,True,2.0,1,22.0,25,1,2024-04-27T14:40:00Z,2024-04-27T14:40:00Z,public_membership,Mercadona,True
274116,162665D0-445C-4276-9EB3-DCD08A3EA7E3,40.401324004325204,-3.7116201396239603,Calle de Carmen Cobeña,,28005,1,2,Private - Restricted Access,True,50,True,1.0,1,7.4,25,1,2023-09-06T03:31:00Z,2023-09-06T03:31:00Z,restricted,(Unknown Operator),False
191824,56BFFE7D-A2FC-4428-9A75-6DD23ABD5E06,40.40478359894814,-3.7061805280656017,Mercadona Ronda de Toledo,,28005,3499,4,Public - Membership Required,True,50,True,4.0,1,22.0,25,1,2024-04-27T14:40:00Z,2024-04-27T14:40:00Z,public_membership,Mercadona,True
191825,CA3A1425-3D74-464A-82DE-332E20910397,40.407036220325125,-3.703983628713928,Parking - Casino de la Reina,Madrid,28012,4028,5,Public - Pay At Location,False,50,True,5.0,1,22.0,1036,1,2026-09-17T07:11:00Z,2026-09-17T07:11:00Z,public,Telpark (ES),True
273074,729311F9-9330-463A-99DC-34461CC1E8FD,40.408798435901275,-3.706160821369167,Parking Cascorro,,28005,207,4,Public - Membership Required,True,50,True,2.0,1,22.0,25,1,2024-04-17T17:39:00Z,2024-04-17T17:39:00Z,public_membership,Endesa,True
297515,09F3CB6C-17D1-4204-85CE-27910CF06BC3,40.40815482075769,-3.7042872869042185,Parking Embajadores 35,,28012,3571,4,Public - Membership Required,True,50,True,2.0,1,7.4,25,1,2024-04-17T17:35:00Z,2024-04-17T17:35:00Z,public_membership,TotalEnergies (ES),True
297516,F34379B0-01A0-4CA6-AE8B-0C4A472CA200,40.41079814537784,-3.7058790685831298,The Central House Hotel,,28012,45,6,"Private - For Staff, Visitors or Customers",False,50,True,1.0,1,3.0,25,1,2024-04-12T21:08:00Z,2024-04-12T21:08:00Z,restricted,(Business Owner at Location),False
202309,198978E3-87F5-483A-A841-86D165B6A81C,40.410973656154425,-3.7099190594262836,Mercado de la Cebada,Madrid,28005,3557,4,Public - Membership Required,True,50,True,4.0,3,50.0,"2,33,1036",1,2026-01-01T21:32:00Z,2026-01-01T21:32:00Z,public_membership,GALP Electric,True
207372,837A4777-B5C0-470D-80E8-F633E67C1F07,40.40821004961927,-3.7108194831965875,Hotel Ganivet,Madrid,28005,45,6,"Private - For Staff, Visitors or Customers",False,50,True,1.0,1,7.4,25,1,2024-04-12T21:00:00Z,2024-04-12T21:00:00Z,restricted,(Business Owner at Location),False
189119,4C3B4CCB-6734-41E3-9080-C5C57A8134D4,40.40857309631636,-3.714504007736423,Parking Promoparc Hospital VOT,Madrid,28005,3371,1,Public,,50,True,4.0,1,7.4,25,1,2024-12-20T17:44:00Z,2024-12-20T17:44:00Z,public,Wenea,True
475336,4BFA4186-3537-472A-A57E-4799B2621F8A,40.40290466810043,-3.716516437534267,Mahou Calderon,,28005,3571,4,Public - Membership Required,True,50,True,3.0,5,100.0,"33,2,25,33,2",1,2026-02-01T14:41:00Z,2026-02-01T14:41:00Z,public_membership,TotalEnergies (ES),True
305846,E2DD5188-2C38-4A03-9D5C-7C39FA710633,40.405585961257344,-3.717111730327332,Residencia Los Nogales,,28005,207,2,Private - Restricted Access,True,50,True,2.0,1,22.0,25,1,2024-11-03T17:13:00Z,2024-11-03T17:13:00Z,restricted,Endesa,False
210114,44191E7A-D67E-4512-94CE-6ABA7E29EFCC,40.40712896715357,-3.719616327248559,Parking Los Nogales Pontones,,28005,207,4,Public - Membership Required,True,50,True,4.0,2,150.0,"25,33",1,2026-08-31T13:42:00Z,2026-08-31T13:42:00Z,public_membership,Endesa,True
211104,881E3F0A-270A-4B00-BB4E-1817F7168790,40.406915841298144,-3.7205301403788553,Oficinas Iberdrola,,28005,2247,2,Private - Restricted Access,True,50,True,10.0,5,50.0,"33,2,1036,1036,25",1,2023-11-08T18:16:00Z,2023-11-08T18:16:00Z,restricted,Iberdrola | BP Pulse (ES),False
304641,346AA3A0-717F-420D-8C58-1C8330D6A034,40.402850057417055,-3.720913430172317,Mercadona Paseo Melancólicos,,28019,3499,4,Public - Membership Required,True,50,True,8.0,1,22.0,25,1,2024-09-28T18:31:00Z,2024-09-28T18:31:00Z,public_membership,Mercadona,True
210581,E5B49755-68A1-47DC-8AA9-1E7C6BA81AA0,40.40631467534956,-3.721549601988727,Hotel NH Ribera Manzanares,,28005,3371,6,"Private - For Staff, Visitors or Customers",False,50,True,3.0,3,30.0,"25,33,2",1,2023-01-04T11:54:00Z,2023-01-04T11:54:00Z,restricted,Wenea,False
24600,405DAAED-7526-4492-92F0-116675219584,40.407388941049845,-3.72027036650627,Ayunt. Madrid: Paseo de los Chulapos (Iberdrola),Madrid,28005,2247,4,Public - Membership Required,True,50,True,2.0,3,50.0,"33,2,25",1,2024-12-16T18:29:00Z,2024-12-16T18:29:00Z,public_membership,Iberdrola | BP Pulse (ES),True
235206,EE4D28AF-F04E-4021-84D8-F32E2D322A5E,40.410113527646445,-3.7332168657887905,HERRAMAR (Carrocería),,28011,45,6,"Private - For Staff, Visitors or Customers",False,50,True,1.0,2,3.7,"28,17",1,2023-02-16T18:06:00Z,2023-02-16T18:06:00Z,restricted,(Business Owner at Location),False
496639,6CEFF705-018C-4A21-A454-A1C90557A359,40.397531099248,-3.735377314678658,Parking EMT Calle de Zaida,,28019,3553,4,Public - Membership Required,True,50,True,2.0,1,22.0,25,1,2026-06-30T14:44:00Z,2026-06-30T14:44:00Z,public_membership,Electro-EMT,True
297944,CCD4D42F-1786-480C-BE2C-64949AE244D8,40.39172661864211,-3.7350096156164057,Mercadona Calle de Cañete,,28019,3499,4,Public - Membership Required,True,50,True,8.0,1,22.0,25,1,2024-04-26T19:44:00Z,2024-04-26T19:44:00Z,public_membership,Mercadona,True
207315,DF2B7BFA-3022-45CB-B22B-760DF99EAF17,40.39334663464905,-3.73468317260415,TALLERES JUMY,Madrid,28019,45,6,"Private - For Staff, Visitors or Customers",False,50,True,1.0,1,3.7,25,1,2022-10-10T08:39:00Z,2022-10-10T08:39:00Z,restricted,(Business Owner at Location),False
207313,93C02275-4AA4-46DC-B263-4CC0ACFD45A4,40.39177568394197,-3.7414266213611427,Mercadona Calle Pinzón,Madrid,28019,3499,4,Public - Membership Required,True,50,True,2.0,1,22.0,25,1,2025-10-17T18:42:00Z,2025-10-17T18:42:00Z,public_membership,Mercadona,True
207316,DEEC2494-314A-45BE-AA50-0F7E6A7D892B,40.411699444564846,-3.7356293179950626,Parking Bingo Madrid,Madrid,28011,45,6,"Private - For Staff, Visitors or Customers",False,50,True,1.0,1,11.0,1036,1,2023-11-08T18:09:00Z,2023-11-08T18:09:00Z,restricted,(Business Owner at Location),False
308843,41B8E659-8466-432A-ABDE-6B204ED95DAA,40.410312224517156,-3.7385277942776156,Supermercado BM Paseo Extremadura,Madrid,,3583,4,Public - Membership Required,True,50,True,2.0,1,60.0,33,1,2025-02-14T19:38:00Z,2025-02-14T19:38:00Z,public_membership,Eranovum (ES),True
279791,5A366CC1-CF74-4E96-BE05-7C9866C31625,40.415404601831426,-3.7406150505305504,Parking Casa de Campo,,,3377,1,Public,,100,False,26.0,1,7.0,25,1,2025-12-27T19:21:00Z,2025-12-27T19:21:00Z,public,eTecnic,True
202314,BEA967AD-4CB9-42A2-9EE5-79116E3C8B5C,40.41525047394953,-3.727564620864996,Parking EMT Avenida de Portugal,Madrid,28011,3553,1,Public,,50,True,18.0,1,7.0,25,1,2024-10-13T16:01:00Z,2024-10-13T16:01:00Z,public,Electro-EMT,True
191834,20CC6ADB-4496-47CD-A241-9967B385738B,40.4291279354442,-3.729770501053281,El Rincón del Café,Madrid,28008,45,6,"Private - For Staff, Visitors or Customers",False,50,True,1.0,1,3.7,28,1,2022-10-10T08:48:00Z,2022-10-10T08:48:00Z,restricted,(Business Owner at Location),False
191835,EF6A9E2D-99C9-43AE-83DE-674B76497424,40.43015753337039,-3.734575148258614,Vivienda Particular,Madrid,28008,1,2,Private - Restricted Access,True,50,True,1.0,2,7.4,"28,25",1,2022-10-10T08:48:00Z,2022-10-10T08:48:00Z,restricted,(Unknown Operator),False
191266,40798736-8D5E-4B2B-A6FE-837E84A83101,40.44250938191223,-3.7268481850510966,Parking Complutense,Madrid,28040,3798,4,Public - Membership Required,True,50,True,6.0,1,22.0,25,1,2024-10-21T09:22:00Z,2024-10-21T09:22:00Z,public_membership,REMO Mobility (ES),True
470248,B30EE9AC-4A97-4F36-8D94-ABC442EF8483,40.433329658690155,-3.720812392915377,C.G. Ejercito Aire,,28008,1,6,"Private - For Staff, Visitors or Customers",False,50,True,4.0,1,11.0,25,1,2025-11-26T19:28:00Z,2025-11-26T19:28:00Z,restricted,(Unknown Operator),False
299740,23C9FD7F-2A57-4EF7-8EF7-965D4A6CCAA7,40.43365805395797,-3.717460758511635,Hotel EXE Moncloa,,28015,3557,6,"Private - For Staff, Visitors or Customers",False,50,True,2.0,1,7.4,25,1,2024-11-15T19:52:00Z,2024-11-15T19:52:00Z,restricted,GALP Electric,False
486647,D9D9DA0C-D400-4297-AB2C-0198AC302C6E,40.44295698282423,-3.715797130913643,Univ. San Pablo CEU,,28003,2247,6,"Private - For Staff, Visitors or Customers",False,50,True,12.0,1,7.4,25,1,2026-04-23T13:54:00Z,2026-04-23T13:54:00Z,restricted,Iberdrola | BP Pulse (ES),False
191267,E981CD12-EC00-44A2-B45F-A9F41E804954,40.43955593610187,-3.7181757296876867,Parking - Hospital La Concepción,Madrid,28008,4028,5,Public - Pay At Location,False,50,True,13.0,2,120.0,"1036,33",1,2026-09-17T07:11:00Z,2026-09-17T07:11:00Z,public,Telpark (ES),True
307418,34190CE0-84DC-48FA-82BF-57B7DCE71C3A,40.44597711773369,-3.720496453090675,"FUNDACIÓN EOI, F.S.P.",Madrid,,45,2,Private - Restricted Access,True,50,True,2.0,1,7.4,25,1,2025-12-31T20:03:00Z,2025-12-31T20:03:00Z,restricted,(Business Owner at Location),False
298552,D938B0CC-8371-4538-BE56-AAED2A7BD5F2,40.44587685775133,-3.7170584026454776,Hospital Viamed Santa Elena,,28003,207,4,Public - Membership Required,True,50,True,4.0,4,150.0,"25,33,2,1036",1,2026-08-31T10:49:00Z,2026-08-31T10:49:00Z,public_membership,Endesa,True
274418,1526F148-9EBF-4AF1-8637-C23AAB0083E7,40.44337912825347,-3.7104031774649684,Ayunt. Madrid: Calle de Santander (Iberdrola),,28003,2247,4,Public - Membership Required,True,50,True,3.0,4,100.0,"33,33,2,1036",1,2025-02-20T19:12:00Z,2025-02-20T19:12:00Z,public_membership,Iberdrola | BP Pulse (ES),True
191268,C677CA47-FB9B-4D05-B40C-62EF63F1F7F5,40.44777882164587,-3.7094685741082003,Cruz Roja Oficina Central,Madrid,28003,45,6,"Private - For Staff, Visitors or Customers",False,50,True,1.0,2,22.0,"25,28",1,2022-10-10T09:51:00Z,2022-10-10T09:51:00Z,restricted,(Business Owner at Location),False
210105,1EA8949F-61E8-48EB-AB0C-3E09A05B3BC0,40.44787373705876,-3.7109503077762156,"Parking los Nogales - C. de los Vascos, 10",,28040,207,4,Public - Membership Required,True,50,True,2.0,1,22.0,25,1,2023-01-05T13:36:00Z,2023-01-05T13:36:00Z,public_membership,Endesa,True
191269,DA94D5D8-C3BF-404C-A480-080223D08FEB,40.44888905562635,-3.7119570344442536,Mercadona Los Vascos,Madrid,28003,3499,4,Public - Membership Required,True,50,True,2.0,1,22.0,25,1,2025-10-17T19:14:00Z,2025-10-17T19:14:00Z,public_membership,Mercadona,True
207339,656D24CE-A594-445A-B8A7-5323DEE0CE1E,40.44736678552826,-3.7057341992581314,Hotel Jardin Metropolitano,Madrid,28003,45,6,"Private - For Staff, Visitors or Customers",False,50,True,3.0,1,7.4,25,1,2022-10-10T09:52:00Z,2022-10-10T09:52:00Z,restricted,(Business Owner at Location),False
61049,21D62F84-C40C-4543-9C83-4686466328A6,40.43521747482015,-3.7092862635062147,"Ayunt. Madrid: Fernández de los Ríos, 42",Madrid,28015,3371,4,Public - Membership Required,True,50,True,2.0,3,50.0,"33,2,25",1,2024-12-16T18:08:00Z,2024-12-16T18:08:00Z,public_membership,Wenea,True
207394,7DC798A3-E99A-4E67-85A2-A2BBE246466E,40.43681876141784,-3.704471218043068,NISSAN GAMBOA ,Madrid,28003,3558,6,"Private - For Staff, Visitors or Customers",False,50,True,1.0,1,50.0,2,1,2022-10-10T12:43:00Z,2022-10-10T12:43:00Z,restricted,Nissan (ES) Dealer Network,False
210106,620F46DF-3D71-4C27-9F30-E48BF31D00A6,40.43688995046719,-3.703975635637107,Parking Calle de Bravo Murillo 30,,28015,207,4,Public - Membership Required,True,50,True,4.0,1,22.0,25,1,2022-11-26T21:37:00Z,2022-11-26T21:37:00Z,public_membership,Endesa,True
24603,5728BDDE-4560-4340-9975-B33D1B2C36D8,40.432228,-3.704729,San Bernardo 122,Madrid,,91,4,Public - Membership Required,True,50,True,1.0,2,3.7,"25,28",1,2022-11-25T11:28:00Z,2022-11-25T11:28:00Z,public_membership,Repsol - Ibil (ES),True
191843,5E787E7C-FD8F-456D-9EF2-F579116A58E8,40.43166223406698,-3.7072045247865617,Ayunt. Madrid: Plaza del Conde del Valle de Súchil (Iberdrola),Madrid,28015,2247,4,Public - Membership Required,True,50,True,2.0,3,50.0,"33,2,25",1,2024-12-16T18:32:00Z,2024-12-16T18:32:00Z,public_membership,Iberdrola | BP Pulse (ES),True
191845,30F8665D-5854-40D9-B5C3-9127266B3688,40.43177468569698,-3.7064668292090914,Parking Indigo Quevedo,Madrid,28015,3571,5,Public - Pay At Location,False,50,True,4.0,1,7.4,25,1,2022-11-18T15:30:00Z,2022-11-18T15:30:00Z,public,TotalEnergies (ES),True
207380,68F7B6A7-A707-453B-992D-DCB2AD38B014,40.42301813868778,-3.708818867643714,Parking Plaza Mostenses,Madrid,28015,207,4,Public - Membership Required,True,50,True,2.0,1,22.0,25,1,2024-05-10T07:16:00Z,2024-05-10T07:16:00Z,public_membership,Endesa,True
313551,4A07422B-5D9E-4DCC-9AE4-8489605DB4F4,40.42333498060006,-3.709337852439262,Parquing Plaza Mostenses (Iberdrola-BP Pulse),Madrid,,2247,4,Public - Membership Required,True,50,True,14.0,2,400.0,"33,33",1,2026-01-12T14:45:00Z,2026-01-12T14:45:00Z,public_membership,Iberdrola | BP Pulse (ES),True
207379,5F36C477-D174-43D7-9475-2F59B8CB2C80,40.424427356582726,-3.711207203876029,Hotel Riu Plaza España,Madrid,28026,45,6,"Private - For Staff, Visitors or Customers",False,50,True,2.0,1,11.0,25,1,2022-10-10T11:20:00Z,2022-10-10T11:20:00Z,restricted,(Business Owner at Location),False
472052,68D3BF42-97AA-4416-9926-1ECB98C9F5ED,40.42301733773215,-3.71194575825632,Parking Plaza de España,,28008,3553,4,Public - Membership Required,True,50,True,26.0,6,400.0,"33,25,2,25,33,33",1,2026-01-04T11:50:00Z,2026-01-04T11:50:00Z,public_membership,Electro-EMT,True
202403,1D8A0010-FEF7-47AF-8C1D-F3654EE8DC15,40.42524057151664,-3.712852733825912,Parking Indigo Princesa,,28008,3571,4,Public - Membership Required,True,50,True,2.0,1,7.4,25,1,2024-05-20T11:07:00Z,2024-05-20T11:07:00Z,public_membership,TotalEnergies (ES),True
201642,C118B9F3-C7CC-4842-A66C-5450E3DAD6B8,40.42962323280227,-3.708408262851435,Repsol Alberto Aguilera,Madrid,28015,91,4,Public - Membership Required,True,50,True,4.0,1,300.0,33,1,2026-09-05T11:08:00Z,2026-09-05T11:08:00Z,public_membership,Repsol - Ibil (ES),True
207393,570F1EEA-AA8F-4717-B405-8F45EBB1840C,40.430468613972835,-3.709237909161743,Parking Vallehermoso,Madrid,28015,3401,4,Public - Membership Required,True,50,True,2.0,1,7.4,25,1,2022-11-18T11:53:00Z,2022-11-18T11:53:00Z,public_membership,Electromaps,True
207392,9382CB99-1A5C-4B95-B991-7C45557E5E79,40.43244487874085,-3.7101988724056127,Parking AUCENSA,Madrid,28015,45,5,Public - Pay At Location,False,150,False,1.0,1,22.0,25,1,2022-11-25T10:36:00Z,2022-11-25T10:36:00Z,public,(Business Owner at Location),True
207382,00091E12-CE32-4629-BA2A-6C43A76AB34A,40.430332835736266,-3.7155514777962253,El Corte Inglés (Princesa),Madrid,28015,45,1,Public,,50,True,3.0,1,11.0,1036,1,2022-11-26T21:38:00Z,2022-11-26T21:38:00Z,public,(Business Owner at Location),True
210107,8A5E42BC-151E-4A2E-BBE0-1988038D2075,40.43090359734447,-3.7148198275488085,"Parking Calle de Andrés Mellado, 5",,28015,207,4,Public - Membership Required,True,50,True,4.0,1,11.0,25,1,2023-03-05T14:13:00Z,2023-03-05T14:13:00Z,public_membership,Endesa,True
274417,812D8BBF-ADA4-4FCB-8C4C-6E379BC933DE,40.42783348509755,-3.720105381720032,Ayunt. Madrid: Calle del Buen Suceso (TotalEnergies),,28008,3571,4,Public - Membership Required,True,50,True,3.0,4,100.0,"33,33,2,1036",1,2025-12-26T12:20:00Z,2025-12-26T12:20:00Z,public_membership,TotalEnergies (ES),True
207381,709B92E4-F41A-4277-BA58-C6D86F7336A1,40.429808327513456,-3.719066580230219,PARKIA Marqués de Urquijo (Endesa),Madrid,28008,207,4,Public - Membership Required,True,50,True,4.0,1,22.0,25,1,2024-06-04T13:45:00Z,2024-06-04T13:45:00Z,public_membership,Endesa,True
299739,3FD267BE-10B9-4BFF-8652-DB11D9FE76AF,40.429923494676984,-3.7186188386600065,Parking PARKIA Marqués de Urquijo (Wenea),,28008,3371,4,Public - Membership Required,True,50,True,5.0,1,22.0,25,1,2025-12-26T10:32:00Z,2025-12-26T10:32:00Z,public_membership,Wenea,True
191833,8177A0C7-E66F-43D6-94D6-EB1A232DFABE,40.42253237822058,-3.7211560982387937,Parking Klepierre - Príncipe Pío,Madrid,28008,3276,4,Public - Membership Required,True,50,True,19.0,2,22.0,"25,25",1,2022-11-18T10:52:00Z,2022-11-18T10:52:00Z,public_membership,EDP,True
207383,A4873036-A230-4B3A-854E-6FFC83FF0477,40.42685544590424,-3.7142872652668757,Parking Princesa 25 iPark,Madrid,28008,207,5,Public - Pay At Location,False,50,True,2.0,1,22.0,25,1,2022-11-18T11:25:00Z,2022-11-18T11:25:00Z,public,Endesa,True
205468,B5D0632F-7C9F-4611-8E99-D4E29C8DBDAA,40.42731733014841,-3.714053443352668,Hotel Melia Madrid Princesa,Madrid,28015,3371,6,"Private - For Staff, Visitors or Customers",False,50,True,1.0,1,22.0,25,1,2023-04-26T12:42:00Z,2023-04-26T12:42:00Z,restricted,Wenea,False
235537,142AF547-287E-405E-87D2-5AFE2943D918,40.42462970831778,-3.7149774258423633,Suites Viena,,28008,3377,6,"Private - For Staff, Visitors or Customers",False,50,True,2.0,1,11.0,25,1,2025-12-27T19:19:00Z,2025-12-27T19:19:00Z,restricted,eTecnic,False
163723,F15A358B-FF33-4F9E-BD14-F7B327175D10,40.421088,-3.71479,Parking&apartosuites Jardines de Sabatini,14-16,28008,45,6,"Private - For Staff, Visitors or Customers",False,50,True,2.0,2,22.0,"30,1036",1,2022-09-20T14:03:00Z,2022-09-20T14:03:00Z,restricted,(Business Owner at Location),False
510825,26CA8989-3D77-4492-8CD4-0A4A33A5FC97,40.422004939041216,-3.720691660739618,Tesla Supercharger Principe Pio,,28008,3534,4,Public - Membership Required,True,150,False,8.0,1,250.0,33,1,2026-09-30T12:10:00Z,2026-09-30T12:10:00Z,public_membership,Tesla (including non-tesla),True
191832,A8809EC1-8BCE-491C-964C-EEB3F3726D4D,40.421727094047384,-3.721778605913329,Hotel Acta Madford,Madrid,28008,45,6,"Private - For Staff, Visitors or Customers",False,50,True,1.0,1,11.0,25,1,2023-02-19T09:05:00Z,2023-02-19T09:05:00Z,restricted,(Business Owner at Location),False
191826,4D6B90E7-97DC-46A3-BB17-BFEE2F7EB02A,40.41877336988688,-3.71156614027376,Parking APK2 Plaza de Oriente,Madrid,28013,3276,4,Public - Membership Required,True,50,True,4.0,1,22.0,25,1,2026-01-30T13:23:00Z,2026-01-30T13:23:00Z,public_membership,EDP,True
163555,3FD6DB13-8C7F-4722-81E9-234531A0B663,40.422713,-3.711732,Hotel VP Plaza España Design,5,28000,3889,6,"Private - For Staff, Visitors or Customers",False,50,True,8.0,1,7.4,1036,1,2026-03-13T19:32:00Z,2026-03-13T19:32:00Z,restricted,emovili Fast (ES),False
207375,15505DA6-AC6F-4141-8D8B-EE7135CBD402,40.42214203676451,-3.7095891431793007,Hotel Mayorazgo,Madrid,28015,45,6,"Private - For Staff, Visitors or Customers",False,50,True,2.0,1,11.0,25,1,2023-02-19T09:06:00Z,2023-02-19T09:06:00Z,restricted,(Business Owner at Location),False
274724,E658978C-3FEA-49EF-B191-CA215913444A,40.422864272925324,-3.708850637560147,Tesla Supercharger Parking Plaza Mostenses,,28015,3534,4,Public - Membership Required,True,50,True,8.0,1,250.0,33,1,2025-12-23T11:20:00Z,2025-12-23T11:20:00Z,public_membership,Tesla (including non-tesla),True
207377,072CC240-129B-49C4-87DF-2DF5781B03F4,40.421580409746724,-3.70914585757032,Parking APK2 Isabel la Católica,Madrid,28013,3276,4,Public - Membership Required,True,50,True,2.0,1,7.4,25,1,2026-06-09T10:44:00Z,2026-06-09T10:44:00Z,public_membership,EDP,True
211107,2C51423E-B282-4234-BB6A-CF5739E0D925,40.41959520609558,-3.7099894601853975,Parking Hotel Melia Palacio de los Duques,,28013,3371,4,Public - Membership Required,True,50,True,3.0,3,30.0,"25,33,2",1,2024-06-18T06:03:00Z,2024-06-18T06:03:00Z,public_membership,Wenea,True
191829,CF80D496-ABF5-45CC-9827-E33B43571F30,40.418566740592865,-3.7070232210646736,Parking Descalzas,,28013,45,5,Public - Pay At Location,False,50,True,4.0,2,11.0,"25,28",1,2022-11-18T09:51:00Z,2022-11-18T09:51:00Z,public,(Business Owner at Location),True
256445,C2CA666C-361C-4202-ACCD-5AE4BF904A72,40.42069273584417,-3.707366273899993,Hotel Indigo Gran Via,,28013,45,6,"Private - For Staff, Visitors or Customers",False,50,True,2.0,1,22.0,1036,1,2023-03-09T10:28:00Z,2023-03-09T10:28:00Z,restricted,(Business Owner at Location),False
191830,2E2BACDE-7250-4593-B18E-0CAFCAA7FD8A,40.419585448948,-3.7048394739123296,El Corte Inglés Callao,,28013,45,1,Public,,50,True,3.0,1,11.0,1036,1,2022-11-18T10:04:00Z,2022-11-18T10:04:00Z,public,(Business Owner at Location),True
191828,31E6C101-B946-441F-817D-71F0015675D7,40.418025601365485,-3.7053245006510735,El Corte Inglés Preciados,Madrid,28080,45,1,Public,,50,True,2.0,1,11.0,1036,1,2022-11-18T09:41:00Z,2022-11-18T09:41:00Z,public,(Business Owner at Location),True
306627,54ED161C-FC3E-48CB-BD73-BF289D568665,40.41864130587831,-3.7040584601180626,Hotel Liabeny,,,45,6,"Private - For Staff, Visitors or Customers",False,50,True,2.0,1,11.0,25,1,2024-11-29T09:28:00Z,2024-11-29T09:28:00Z,restricted,(Business Owner at Location),False
311707,08C5961B-32EE-45B1-BF3E-FEAB6C39E8C1,40.418776821738675,-3.703505197971481,Parking Plaza Del Carmen (Telpark),Madrid,,4028,5,Public - Pay At Location,False,50,True,40.0,2,120.0,"1036,33",1,2026-09-17T07:11:00Z,2026-09-17T07:11:00Z,public,Telpark (ES),True
191827,55CDCFE7-9700-4ABB-9C0E-6E492CC42C2D,40.41602347053828,-3.707700759390889,Parking EMT Plaza Mayor,Madrid,28013,3553,4,Public - Membership Required,True,50,True,10.0,2,7.0,"25,28",1,2025-04-11T08:24:00Z,2025-04-11T08:24:00Z,public_membership,Electro-EMT,True
235265,B7E959C7-AE78-41F2-AEBC-B72F58488FEF,40.413993655967346,-3.7053266985747655,Parking mimoto Jacinto Benavente,,28012,45,6,"Private - For Staff, Visitors or Customers",False,50,True,1.0,1,3.7,28,1,2023-02-16T20:04:00Z,2023-02-16T20:04:00Z,restricted,(Business Owner at Location),False
86084,0E68814C-C45A-40E2-95B0-615B28E5EB8E,40.4143508846259,-3.70393946382365,Parking EMT Jacinto Benavente,Madrid,28012,3553,4,Public - Membership Required,True,50,True,10.0,5,50.0,"25,33,2,25,28",1,2024-10-13T16:00:00Z,2024-10-13T16:00:00Z,public_membership,Electro-EMT,True
201410,08E1FE7C-7E8F-4F3A-BE56-4004FA762AC8,40.41677012457217,-3.700637707160695,Parking Pza. Canalejas 360 (planta -1) (EMT),Madrid,28080,3553,4,Public - Membership Required,True,50,True,12.0,6,400.0,"33,33,2,33,1036,2",1,2024-04-12T21:15:00Z,2024-04-12T21:15:00Z,public_membership,Electro-EMT,True
290530,EB4EA3D4-AD25-4853-B448-C898BD461C39,40.41778257897249,-3.699952877960442,Parking C.C. Canalejas (planta -3) (Eranovum),,28014,3583,4,Public - Membership Required,True,50,True,20.0,3,150.0,"33,33,1036",1,2024-04-19T14:58:00Z,2024-04-19T14:58:00Z,public_membership,Eranovum (ES),True
297517,E0930410-2C44-4F59-9BC3-C711032C155D,40.4172277718682,-3.6985750763855663,Parking Cedaceros,,28014,45,5,Public - Pay At Location,False,50,True,2.0,1,7.4,1036,1,2024-04-19T15:03:00Z,2024-04-19T15:03:00Z,public,(Business Owner at Location),True
209734,F2F74133-F948-412D-81F6-F32DD9F1472F,40.418121534615096,-3.6980951877765165,Parking Plaza Canalejas (planta -2) (Endesa),,28014,207,4,Public - Membership Required,True,50,True,12.0,1,22.0,25,1,2025-08-25T07:58:00Z,2025-08-25T07:58:00Z,public_membership,Endesa,True
99982,759F7351-429F-48EF-AFC9-54E072ED5C36,40.415024,-3.698171,Hotel Vincci Soho,Madrid,28014,45,6,"Private - For Staff, Visitors or Customers",False,50,True,4.0,2,22.0,"30,1036",1,2023-02-19T09:08:00Z,2023-02-19T09:08:00Z,restricted,(Business Owner at Location),False
70954,B70E084F-68AB-4F17-A819-390D186C52F9,40.41562719217214,-3.695468509878083,Parking Cortes (Telpark),,28014,4028,5,Public - Pay At Location,False,50,True,40.0,2,120.0,"1036,33",1,2026-09-17T07:10:00Z,2026-09-17T07:10:00Z,public,Telpark (ES),True
506645,66B302EA-EC81-45DC-9E29-87DCF1D18280,40.416316017942734,-3.6967674293408663,Congreso Diputados,,28014,1,2,Private - Restricted Access,True,50,True,8.0,1,7.4,25,1,2026-08-27T20:28:00Z,2026-08-27T20:28:00Z,restricted,(Unknown Operator),False
207385,6D088340-4584-4233-83C7-8A618D60AB56,40.42027242142194,-3.695874386583796,Parking APK2 Plaza del Rey,Madrid,28004,3276,4,Public - Membership Required,True,50,True,2.0,1,7.4,25,1,2023-02-11T09:31:00Z,2023-02-11T09:31:00Z,public_membership,EDP,True
475776,F5B7DAE7-20F8-4419-8CBF-E618BD9A3D67,40.422065439437944,-3.69478637487623,ONCE madrid,,28004,91,2,Private - Restricted Access,True,50,True,14.0,1,22.0,25,1,2026-02-08T21:39:00Z,2026-02-08T21:39:00Z,restricted,Repsol - Ibil (ES),False
256447,F76339D0-A83A-4009-BB98-A553B1E3F76C,40.42279662698411,-3.696397140630779,"Parking Gravina, 21",,28004,45,5,Public - Pay At Location,False,50,True,2.0,1,22.0,25,1,2023-03-09T11:17:00Z,2023-03-09T11:17:00Z,public,(Business Owner at Location),True
61039,C297A181-B83C-443F-A56F-26FA9CAB9ED3,40.422047,-3.697554,Mercado San Antón,Madrid,28004,207,4,Public - Membership Required,True,50,True,6.0,2,22.0,"28,25",1,2023-07-25T10:42:00Z,2023-07-25T10:42:00Z,public_membership,Endesa,True
305121,2D7150F0-E0F7-455B-9B10-10C6CDCAE539,40.42071493896455,-3.6992488714658975,Parking EMT Plaza Pedro Zelozo,,,3553,4,Public - Membership Required,True,50,True,4.0,1,7.4,25,1,2024-10-13T15:59:00Z,2024-10-13T15:59:00Z,public_membership,Electro-EMT,True
470249,32F0D985-3E0E-4FCC-AE48-CFB2B5C49953,40.41989227891855,-3.698880500431642,Parking de la Reina,Madrid,,45,5,Public - Pay At Location,False,50,True,1.0,1,11.0,25,1,2025-11-26T19:36:00Z,2025-11-26T19:36:00Z,public,(Business Owner at Location),True
210113,85B6A85A-BB72-45DB-9649-3887B63F7E2A,40.42341243594666,-3.6999895003450547,"Parking Calle de Hernán Cortés, 8",,28004,207,4,Public - Membership Required,True,50,True,4.0,1,11.0,25,1,2023-03-09T11:05:00Z,2023-03-09T11:05:00Z,public_membership,Endesa,True
101396,88F3279B-718D-4D30-9EFA-C5949313E583,40.424175,-3.699349,Parking Escuela San Anton ,Madrid,28004,3279,4,Public - Membership Required,True,50,True,3.0,2,7.4,"25,28",1,2022-11-25T12:59:00Z,2022-11-25T12:59:00Z,public_membership,Fenie Energía (Spain),True
78991,6F4DCEED-3695-4629-ADE7-3F04FEDFCD8E,40.426818,-3.698358,Urso Hotel & Spa,Madrid,28004,45,6,"Private - For Staff, Visitors or Customers",False,50,True,4.0,2,11.0,"30,1036",1,2023-02-19T09:07:00Z,2023-02-19T09:07:00Z,restricted,(Business Owner at Location),False
207384,B675831B-02D3-45A1-BA95-15F3751E8361,40.42716809032282,-3.699222474758699,Parking Mercado Barceló,Madrid,28071,3401,4,Public - Membership Required,True,50,True,4.0,1,7.4,25,1,2025-12-26T19:26:00Z,2025-12-26T19:26:00Z,public_membership,Electromaps,True
470250,01D8535C-4A08-4971-BA34-31C0F21C13A3,40.42633087384877,-3.7007728888708016,Inerparking Hispania Barceló,Madrid,28004,3975,5,Public - Pay At Location,False,50,True,8.0,1,8.0,25,1,2026-02-14T14:47:00Z,2026-02-14T14:47:00Z,public,Interparking (ES),True
202317,D61FAE05-353E-4AF5-BA83-B2E2394796ED,40.42941441558648,-3.7023450367048554,Parking EMT Calle Fuencarral,Madrid,28071,3553,4,Public - Membership Required,True,50,True,6.0,1,7.0,25,1,2022-11-25T11:49:00Z,2022-11-25T11:49:00Z,public_membership,Electro-EMT,True
235344,0CEB86DF-978A-4C77-8512-54868D73803F,40.42969966090078,-3.7025893092798015,Ayunt. Madrid: Calle de Fuencarral 114 (TotalEnergies),,28010,3571,4,Public - Membership Required,True,50,True,4.0,3,50.0,"33,2,25",1,2025-11-30T11:23:00Z,2025-11-30T11:23:00Z,public_membership,TotalEnergies (ES),True
305123,4DF55A1A-D720-4CB3-ACAE-EFFA9D085404,40.432196746313224,-3.700828187471757,Parking EMT Plaza Olavide,,,3553,4,Public - Membership Required,True,50,True,4.0,1,7.4,25,1,2024-10-13T16:10:00Z,2024-10-13T16:10:00Z,public_membership,Electro-EMT,True
191840,EC96053A-CB19-480A-A4E4-EBA7FA12DDEC,40.43139874400342,-3.699781852173885,GMP - Luchana 23,Madrid,28010,3276,4,Public - Membership Required,True,50,True,9.0,1,22.0,25,1,2023-02-11T09:32:00Z,2023-02-11T09:32:00Z,public_membership,EDP,True
191841,49EA89C0-DA5A-48A9-9BE4-6FE274233F7D,40.43245913977006,-3.699393611165732,Parking Juan de Austria Ballesol,Madrid,28010,45,5,Public - Pay At Location,False,50,True,1.0,1,22.0,25,1,2022-11-25T11:52:00Z,2022-11-25T11:52:00Z,public,(Business Owner at Location),True
61044,C0557E8A-071B-4C58-8622-55D3F53149A8,40.430516,-3.699094,Ayunt. Madrid: Manuel Silvela 16 (TotalEnergies),Madrid,28010,3571,4,Public - Membership Required,True,50,True,2.0,3,50.0,"33,25,2",1,2024-12-16T18:22:00Z,2024-12-16T18:22:00Z,public_membership,TotalEnergies (ES),True
256490,8E42CBB8-72F6-4A8E-AC9B-FC26346FBAEF,40.430019862333126,-3.699679359971725,Parking Manuel Cortina 2,,28010,45,5,Public - Pay At Location,False,50,True,4.0,1,22.0,25,1,2025-01-06T16:26:00Z,2025-01-06T16:26:00Z,public,(Business Owner at Location),True
485433,5A5693C7-33F0-43AE-8FF4-090F88B11D5E,40.432800873833,-3.695748160695871,Parking Apk,Madrid,28010,1,4,Public - Membership Required,True,50,True,1.0,1,11.0,1036,1,2026-04-16T10:34:00Z,2026-04-16T10:34:00Z,public_membership,(Unknown Operator),True
298553,552009B7-A307-4D2F-9396-981B58835032,40.430867614433595,-3.6931011226660075,Hotel Santo Mauro,,28010,207,6,"Private - For Staff, Visitors or Customers",False,50,True,2.0,1,22.0,25,1,2024-05-10T07:13:00Z,2024-05-10T07:13:00Z,restricted,Endesa,False
210063,AB9160C0-F039-4210-A960-F3E770D5FEEE,40.43028016272112,-3.693090412706283,Parking EMT Calle de Almagro 15,,28010,3553,4,Public - Membership Required,True,50,True,12.0,1,7.4,25,1,2024-10-13T16:13:00Z,2024-10-13T16:13:00Z,public_membership,Electro-EMT,True
191785,A4EE485A-AA8C-4720-8213-732B2E610AE3,40.427336663318044,-3.6932885497071766,Hotel Orfila,Madrid,28010,45,6,"Private - For Staff, Visitors or Customers",False,50,True,1.0,1,2.3,28,1,2022-10-10T11:30:00Z,2022-10-10T11:30:00Z,restricted,(Business Owner at Location),False
191784,5050B51D-28D7-4E43-BD33-A146BB350324,40.426649151669125,-3.6933273353846516,Parking Colonial - Génova 17,Madrid,28004,45,2,Private - Restricted Access,True,50,True,12.0,1,7.4,25,1,2023-11-30T14:54:00Z,2023-11-30T14:54:00Z,restricted,(Business Owner at Location),False
280867,BE202988-ACD2-4F53-BC75-3B82BBEE4D74,40.4279184872164,-3.6967082626814545,Parking Colonial,,28071,45,2,Private - Restricted Access,True,50,True,10.0,1,7.4,25,1,2024-07-10T06:43:00Z,2024-07-10T06:43:00Z,restricted,(Business Owner at Location),False
488195,16F2AFF8-5197-43F0-907F-6D5E47D699BE,40.4239344077034,-3.6916320511509184,Parking Centro Colón (Eranovum),,28004,3583,4,Public - Membership Required,True,50,True,4.0,2,100.0,"33,25",1,2026-05-05T12:46:00Z,2026-05-05T12:46:00Z,public_membership,Eranovum (ES),True
191783,6EFC1A35-2554-40DA-B583-B9F5B318647E,40.4242284226753,-3.691643363604129,Parking Centro Colon,Madrid,28004,3557,4,Public - Membership Required,True,50,True,4.0,1,7.4,25,1,2026-01-01T21:30:00Z,2026-01-01T21:30:00Z,public_membership,GALP Electric,True
305085,1F6D4DE2-4966-4921-9FBF-AAB282E31DA5,40.42485825157698,-3.6922882045933534,Parking EMT Villa de Paris,,28004,3553,4,Public - Membership Required,True,50,True,6.0,1,7.4,25,1,2024-10-12T19:07:00Z,2024-10-12T19:07:00Z,public_membership,Electro-EMT,True
60887,F48CBE77-C74F-46FE-B5C7-763DE0F28C31,40.42499721388367,-3.688098169547459,Aparcamiento de Serrano 2,Madrid,28001,45,5,Public - Pay At Location,False,50,True,,1,3.7,28,1,2022-11-12T12:45:00Z,2022-11-12T12:45:00Z,public,(Business Owner at Location),True
191780,19395A31-1F74-453C-8586-DFD94EAA99BC,40.4251478688052,-3.6889786255435695,Parking - Plaza de Colón (Telpark),Madrid,28001,4028,5,Public - Pay At Location,False,50,True,39.0,3,120.0,"1036,33,25",1,2026-09-17T07:10:00Z,2026-09-17T07:10:00Z,public,Telpark (ES),True
191777,CD1A154C-674E-404B-8AD3-5CD2D1DFFE25,40.42503709715285,-3.689903682037766,EMT Plaza de Colón,Madrid,28001,3553,4,Public - Membership Required,True,50,True,4.0,3,50.0,"33,1036,2",1,2022-11-23T15:10:00Z,2022-11-23T15:10:00Z,public_membership,Electro-EMT,True
205469,9B34E717-5651-4F0B-BBF6-6F5027B0107C,40.426198261359644,-3.689326037057299,Hotel Melia Fenix,Madrid,28001,3371,6,"Private - For Staff, Visitors or Customers",False,50,True,2.0,1,7.4,25,1,2022-10-28T07:06:00Z,2022-10-28T07:06:00Z,restricted,Wenea,False
191781,323FE345-DFA2-4611-A2C4-396D88349298,40.4262061110108,-3.68869111422066,NH Collection Madrid Colón,Madrid,28001,3371,6,"Private - For Staff, Visitors or Customers",False,50,True,4.0,1,7.4,25,1,2023-04-26T12:40:00Z,2023-04-26T12:40:00Z,restricted,Wenea,False
61042,0B215775-D7F2-4222-A22F-1C329950F53C,40.426973,-3.687714,Parking Serrano 3,Madrid,28001,45,5,Public - Pay At Location,False,50,True,6.0,1,3.7,28,1,2022-11-12T12:14:00Z,2022-11-12T12:14:00Z,public,(Business Owner at Location),True
470465,04B3401A-D3BF-4EBE-889B-713244FDFE67,40.42748354866194,-3.6879806148273246,Edif. Byrsa Serrano 33,,28001,3371,2,Private - Restricted Access,True,50,True,6.0,1,7.4,25,1,2026-02-08T13:59:00Z,2026-02-08T13:59:00Z,restricted,Wenea,False
472025,53033263-67C1-412B-B254-4D46D2EA6970,40.42703685772341,-3.6907051554732107,Parking Paseo de la Castellana,,28046,3401,4,Public - Membership Required,True,50,True,4.0,1,22.0,25,1,2025-12-26T19:27:00Z,2025-12-26T19:27:00Z,public_membership,Electromaps,True
85403,C1F7190D-3058-4162-84EF-D1AC947B5827,40.4260082252444,-3.6924078807538763,"Ayunt. Madrid: GENOVA, 24 (Iberdrola)",Madrid,28004,2247,4,Public - Membership Required,True,50,True,2.0,3,50.0,"25,33,2",1,2024-12-16T18:30:00Z,2024-12-16T18:30:00Z,public_membership,Iberdrola | BP Pulse (ES),True
459934,0BA3519F-6DAC-4E71-A7CD-1390D1521BFD,40.43144076627365,-3.6899940976946652,Parking MM,Madrid,,3377,2,Private - Restricted Access,True,50,True,2.0,1,22.0,25,1,2025-07-21T10:37:00Z,2025-07-21T10:37:00Z,restricted,eTecnic,False
61047,4CE839C5-023B-4B40-B399-E28BF4B75325,40.43194159853144,-3.6891203081067943,Ayunt. Madrid: Paseo de la Castellana 33 (Wenea),Madrid,28010,3371,4,Public - Membership Required,True,50,True,2.0,3,50.0,"33,25,2",1,2024-12-15T19:22:00Z,2024-12-15T19:22:00Z,public_membership,Wenea,True
485906,9F9CE487-A5D2-478D-A314-7DE5E0C2A911,40.43251375907175,-3.6895866371010015,Parking M.M. Paseo de la Castellana 33,,28046,3377,6,"Private - For Staff, Visitors or Customers",False,50,True,1.0,1,22.0,25,1,2026-04-17T08:49:00Z,2026-04-17T08:49:00Z,restricted,eTecnic,False
280862,A7F509B4-7C4A-4731-B0BB-6A7A311891D5,40.43350980923523,-3.6891039266479595,Parking  Castellana 35,,28046,45,2,Private - Restricted Access,True,50,True,5.0,1,22.0,25,1,2025-12-26T19:24:00Z,2025-12-26T19:24:00Z,restricted,(Business Owner at Location),False
163596,4FBDE4D0-81E8-4CD2-A8CC-60F998A9751B,40.4322368920667,-3.688093133349639,Centro Comercial ABC Serrano,,28006,207,4,Public - Membership Required,True,50,True,9.0,2,22.0,"30,25",1,2023-03-17T14:59:00Z,2023-03-17T14:59:00Z,public_membership,Endesa,True
299211,BAF3B5FF-B61B-405B-B4FA-D6EA9A462E9D,40.429375845964074,-3.688517804080135,Parking Castellana 20,,28001,3371,6,"Private - For Staff, Visitors or Customers",False,50,True,10.0,1,7.4,25,1,2024-06-18T06:12:00Z,2024-06-18T06:12:00Z,restricted,Wenea,False
191847,7C67D5C6-1083-4C45-A0BE-1B916E323BA0,40.42882067254183,-3.687549403992108,Parking - Serrano 41 (Telpark),Madrid,28001,4028,5,Public - Pay At Location,False,50,True,20.0,2,120.0,"1036,33",1,2026-09-17T07:09:00Z,2026-09-17T07:09:00Z,public,Telpark (ES),True
191846,409F7E57-4CD7-41D9-9894-421D2F3D6533,40.43035189287062,-3.687355510828894,El Corte Ingles Calle Serrano,Madrid,28001,1,4,Public - Membership Required,True,50,True,1.0,1,7.4,25,1,2022-11-19T14:05:00Z,2022-11-19T14:05:00Z,public_membership,(Unknown Operator),True
207399,03727B9D-F4A4-4F56-A191-E677A376F632,40.431546428692116,-3.6874425770256494,Parking Marques de Villamejor 5,Madrid,28006,3377,6,"Private - For Staff, Visitors or Customers",False,50,True,5.0,1,7.4,25,1,2025-07-21T10:34:00Z,2025-07-21T10:34:00Z,restricted,eTecnic,False
191851,2FF25E05-DE87-470A-A315-4360A925C4DA,40.4330075164448,-3.685976812655781,Serrano Park 1,,28006,45,5,Public - Pay At Location,False,50,True,13.0,1,3.7,28,1,2022-11-19T11:50:00Z,2022-11-19T11:50:00Z,public,(Business Owner at Location),True
478121,59409BFC-B7D8-41CE-BD61-AF79080DEA30,40.43244206160418,-3.6834848502304283,Parking Saba-Interparking Velázquez-Juan Bravo,,28006,3975,5,Public - Pay At Location,False,50,True,60.0,1,7.4,25,1,2026-08-04T06:34:00Z,2026-08-04T06:34:00Z,public,Interparking (ES),True
191850,8C840338-9905-48D0-8C60-EFECC3CA6B03,40.42949516258892,-3.683587935340711,Ayunt. Madrid: Velázquez 74 (Wenea),Madrid,28001,3371,4,Public - Membership Required,True,50,True,2.0,3,50.0,"33,2,25",1,2024-12-15T19:21:00Z,2024-12-15T19:21:00Z,public_membership,Wenea,True
191849,B4E5C6CF-0DA4-4A95-9512-50C00505B996,40.42966799848094,-3.6835952026239056,Velázquez 74 (motos),Madrid,28001,1,4,Public - Membership Required,True,50,True,1.0,1,3.7,28,1,2022-11-23T10:59:00Z,2022-11-23T10:59:00Z,public_membership,(Unknown Operator),True
280619,F5714FCC-04D9-494F-B83A-394CEFC538EB,40.42749150696534,-3.6830944051855568,Parking Ayala,,28001,3704,4,Public - Membership Required,True,50,True,3.0,1,22.0,1036,1,2026-08-04T06:27:00Z,2026-08-04T06:27:00Z,public_membership,Electrico.es,True
459935,001524CB-74A6-4BC8-B66C-06B3F847D068,40.426506196221396,-3.6835274067632326,Parking Gewiss Mazarrón,Madrid,,3377,2,Private - Restricted Access,True,50,True,2.0,1,7.4,25,1,2025-07-21T10:39:00Z,2025-07-21T10:39:00Z,restricted,eTecnic,False
502112,C2E4D33F-EA8D-4E74-9751-ED7C3F6609D2,40.42726624109838,-3.683927494489552,Parking Saba-Interparking Velázquez-Ayala,,28001,3975,5,Public - Pay At Location,False,50,True,60.0,1,7.4,25,1,2026-08-04T06:33:00Z,2026-08-04T06:33:00Z,public,Interparking (ES),True
205470,60471C81-4A67-4A6C-AA75-8737D0E0FB8B,40.42751405049842,-3.6849514545747297,Hotel NH Lagasca,Madrid,28001,3371,6,"Private - For Staff, Visitors or Customers",False,50,True,1.0,1,7.4,25,1,2025-04-12T07:09:00Z,2025-04-12T07:09:00Z,restricted,Wenea,False
470464,90CC415B-50D0-44A4-95E2-EF10B13A00C1,40.42746663944507,-3.686459018784717,Edif. Byrsa Claudio Coello 57,,28001,3371,2,Private - Restricted Access,True,50,True,6.0,1,7.4,25,1,2026-02-08T13:59:00Z,2026-02-08T13:59:00Z,restricted,Wenea,False
207400,1CEA94D1-2077-4AA7-96F5-631F1F87A3B5,40.427180687449464,-3.685213026157726,Mercado de La Paz,Madrid,28001,2247,4,Public - Membership Required,True,150,False,6.0,1,22.0,1036,1,2024-01-28T16:55:00Z,2024-01-28T16:55:00Z,public_membership,Iberdrola | BP Pulse (ES),True
207386,37DB9FAC-2E53-4241-8A63-582BF8165538,40.42372834074297,-3.684258255730583,Parking Saba-Interparking Velázquez - Jorge Juan,Madrid,28001,3975,5,Public - Pay At Location,False,50,True,60.0,1,7.4,25,1,2026-08-04T06:34:00Z,2026-08-04T06:34:00Z,public,Interparking (ES),True
470253,4E61757B-14AD-4364-944D-55F50EB1963E,40.42442223259897,-3.682654331976323,Parking Nuñed de Balboa 12,,28001,45,5,Public - Pay At Location,False,50,True,4.0,1,7.4,25,1,2025-11-26T19:56:00Z,2025-11-26T19:56:00Z,public,(Business Owner at Location),True
78703,83DF5BA1-9D4D-49CE-9582-5CEAF71702C1,40.42192000327012,-3.684046653747373,Hotel Wellington Madrid,Madrid,28001,45,6,"Private - For Staff, Visitors or Customers",False,50,True,3.0,2,22.0,"30,1036",1,2026-08-04T06:23:00Z,2026-08-04T06:23:00Z,restricted,(Business Owner at Location),False
61038,C24D783F-B52A-4F51-A0E0-1C716A270584,40.421521,-3.688698,Parking Serrano 1,Madrid,28001,45,5,Public - Pay At Location,False,50,True,6.0,1,3.7,28,1,2022-11-12T12:44:00Z,2022-11-12T12:44:00Z,public,(Business Owner at Location),True
298554,A349757A-28DE-40FC-A3AB-141D18BA8F53,40.4213045620217,-3.6894362797912663,Parking Hotel AC Recoletos,,28001,207,4,Public - Membership Required,True,50,True,4.0,2,60.0,"25,33",1,2025-05-05T14:02:00Z,2025-05-05T14:02:00Z,public_membership,Endesa,True
478176,9485CC5B-E770-4F26-B879-17AD5996BBB8,40.42250116123307,-3.69020550621417,Arrend. Recoletos,,28001,207,2,Private - Restricted Access,True,50,True,1.0,1,7.0,25,1,2026-02-15T18:49:00Z,2026-02-15T18:49:00Z,restricted,Endesa,False
470254,BC62C73B-C0DB-4176-AFFD-D4C3C5CCD20A,40.42262133843937,-3.689263961798247,VP Jardin de Recoletos,,28001,45,6,"Private - For Staff, Visitors or Customers",False,50,True,4.0,1,11.0,25,1,2025-11-26T19:57:00Z,2025-11-26T19:57:00Z,restricted,(Business Owner at Location),False
305084,70E04D77-8011-48BC-88D8-16CA469A8C10,40.42145467645395,-3.691740916282299,Parking EMT Paseo de Recoletos,,28001,3553,4,Public - Membership Required,True,50,True,8.0,4,50.0,"33,1036,2,25",1,2025-12-26T11:08:00Z,2025-12-26T11:08:00Z,public_membership,Electro-EMT,True
24601,3F0C5879-676D-45BF-AD7A-59786E6F71E2,40.41922754005225,-3.6888801347561184,"Ayunt. Madrid: Calle Alfonso XII, 2 (TotalEnergies)",Madrid,28014,3571,4,Public - Membership Required,True,50,True,2.0,3,50.0,"33,2,25",1,2025-05-23T17:22:00Z,2025-05-23T17:22:00Z,public_membership,TotalEnergies (ES),True
202318,F291A9A9-80CE-4574-91A5-63A343969A94,40.418190870444164,-3.691156759748992,Parking EMT Calle de Montalbán,Madrid,28014,3553,5,Public - Pay At Location,False,50,True,4.0,1,7.4,25,1,2022-11-24T14:54:00Z,2022-11-24T14:54:00Z,public,Electro-EMT,True
85402,2F75AF48-359C-4DC9-86AC-DF7E554C64EC,40.4161266324797,-3.69217161534424,Ayunt. Madrid: Plaza Lealtad (Iberdrola),Madrid,28014,2247,4,Public - Membership Required,True,50,True,4.0,3,50.0,"33,2,25",1,2025-01-04T11:02:00Z,2025-01-04T11:02:00Z,public_membership,Iberdrola | BP Pulse (ES),True
97377,D8884CDB-3517-4945-8886-59DF95930EFD,40.4221803433862,-3.68110131093329,Hotel H10 Puerta de Alcalá,Madrid,28009,3401,6,"Private - For Staff, Visitors or Customers",False,50,True,2.0,1,7.4,25,1,2025-12-26T19:29:00Z,2025-12-26T19:29:00Z,restricted,Electromaps,False
61040,960FF79C-C4B4-42A5-8A3C-6859AB56862B,40.42493799468244,-3.6811008908422025,Ayunt. Madrid: Goya 36 (TotalEnergies),Madrid,28001,3571,4,Public - Membership Required,True,50,True,2.0,3,50.0,"33,2,25",1,2024-12-16T18:28:00Z,2024-12-16T18:28:00Z,public_membership,TotalEnergies (ES),True
300020,C01D34BE-EBE6-422B-869D-7797AAA928B8,40.42736210451616,-3.6807018043998596,Parking Publico El Pilar,,28001,3583,4,Public - Membership Required,True,50,True,6.0,2,30.0,"33,1036",1,2024-11-21T10:41:00Z,2024-11-21T10:41:00Z,public_membership,Eranovum (ES),True
191852,FF801F9F-96A3-493F-A024-488AABEF08E6,40.433080427716504,-3.6825009534496758,Parking Juan Bravo 13 ,Madrid,28006,2247,4,Public - Membership Required,True,50,True,25.0,1,22.0,25,1,2023-07-21T19:43:00Z,2023-07-21T19:43:00Z,public_membership,Iberdrola | BP Pulse (ES),True
205471,2CF8039D-7426-46AE-BF15-2DCDFE9E5854,40.435830100034224,-3.681671292198189,Hotel NH Madrid Balboa,Madrid,28006,3371,6,"Private - For Staff, Visitors or Customers",False,50,True,1.0,1,7.4,25,1,2022-10-28T07:07:00Z,2022-10-28T07:07:00Z,restricted,Wenea,False
191853,F8E61726-595C-4FC9-A075-39A4E489FA7E,40.43511268097791,-3.680739211529499,Ayunt. Madrid: CASTELLO (Wenea),Madrid,28006,3371,4,Public - Membership Required,True,50,True,2.0,3,50.0,"33,2,25",1,2024-12-15T19:19:00Z,2024-12-15T19:19:00Z,public_membership,Wenea,True
191854,908E8A8C-8A29-4FD9-BBE8-90CDA747ED5C,40.43833826669601,-3.6823841288812673,Parking SEPI-GEWISS,Madrid,28027,3377,2,Private - Restricted Access,True,50,True,10.0,1,7.4,25,1,2025-07-21T10:21:00Z,2025-07-21T10:21:00Z,restricted,eTecnic,False
265619,CB96119C-CCA0-4201-B455-E7DD176C4468,40.43953351915337,-3.6804997251381906,Parking CNMV,,28006,45,4,Public - Membership Required,True,50,True,3.0,1,7.0,25,1,2025-07-21T10:18:00Z,2025-07-21T10:18:00Z,public_membership,(Business Owner at Location),True
280844,581012B4-7704-4A53-AE0D-CDC833A3971B,40.45158808559981,-3.689600570008281,Parking Calle de San Juan de la Salle,,28020,45,2,Private - Restricted Access,True,50,True,2.0,1,22.0,25,1,2025-12-26T19:20:00Z,2025-12-26T19:20:00Z,restricted,(Business Owner at Location),False
280839,616B66C3-9016-48DB-BCD2-070AF2DE2830,40.447963573166675,-3.6920053711893672,Parking Paseo de la Castellana 79,,28020,45,2,Private - Restricted Access,True,50,True,2.0,1,22.0,25,1,2025-12-26T19:20:00Z,2025-12-26T19:20:00Z,restricted,(Business Owner at Location),False
61051,A0C663F3-C203-4DDB-B4A1-3FC3365D4941,40.447020889481365,-3.6918882782811124,Parking Nuevos Ministerios,Madrid,28046,1,5,Public - Pay At Location,False,50,True,2.0,2,7.4,"25,28",1,2023-02-10T19:16:00Z,2023-02-10T19:16:00Z,public,(Unknown Operator),True
24606,A32A87DF-5CFB-4506-A6F8-A9530899E929,40.445533,-3.690724,Ayunt. Madrid: Paseo Castellana 106 (TotalEnergies),Madrid,28046,3571,4,Public - Membership Required,True,50,True,2.0,3,50.0,"25,33,2",1,2024-12-16T18:21:00Z,2024-12-16T18:21:00Z,public_membership,TotalEnergies (ES),True
163904,390C8D80-2D3C-4370-B2C9-2F5B7909BF0D,40.443856,-3.691665,Madrid Tesla Supercharger,Madrid,28001,3534,4,Public - Membership Required,True,50,True,18.0,1,250.0,33,1,2025-07-25T15:19:00Z,2025-07-25T15:19:00Z,public_membership,Tesla (including non-tesla),True
307641,A37AA282-C362-49F4-912F-C35EBA5C6C84,40.44439909972522,-3.69125543121109,Parking Nuevos Ministerios (BP Pulse-Iberdrola),Madrid,,2247,4,Public - Membership Required,True,50,True,26.0,5,360.0,"33,2,33,33,33",1,2026-08-01T21:03:00Z,2026-08-01T21:03:00Z,public_membership,Iberdrola | BP Pulse (ES),True
280847,FF75582F-0B15-4B19-B8C9-4EC6C8D48A90,40.44379377054864,-3.683497021129398,EAE Business School,,28002,3401,2,Private - Restricted Access,True,50,True,2.0,1,7.4,25,1,2023-11-30T14:33:00Z,2023-11-30T14:33:00Z,restricted,Electromaps,False
307417,5FDBC410-AAC1-4A24-BFD1-FD4751997812,40.44005541674471,-3.687520127254743,CSIC Residencia Estudiantes,Madrid,,3279,2,Private - Restricted Access,True,50,True,6.0,1,7.4,25,1,2024-12-25T10:05:00Z,2024-12-25T10:05:00Z,restricted,Fenie Energía (Spain),False
280851,6CA01F04-6928-4C1E-BD34-BB6EB365948B,40.439928261951735,-3.6844731287697527,Instituto de Empresa,,28006,45,2,Private - Restricted Access,True,50,True,2.0,1,22.0,25,1,2025-12-26T19:23:00Z,2025-12-26T19:23:00Z,restricted,(Business Owner at Location),False
210100,B4C90D14-ABAA-4738-8335-0EE39C8722E1,40.43792317055784,-3.683613015295464,Parking María de Molina 27,,28006,207,4,Public - Membership Required,True,50,True,4.0,1,11.0,25,1,2022-11-26T20:20:00Z,2022-11-26T20:20:00Z,public_membership,Endesa,True
298211,3FB5639E-1773-4C25-877A-36C66C89BD59,40.437874388309325,-3.6845199885772217,E.S. Repsol María de Molina,,,91,4,Public - Membership Required,True,50,True,1.0,3,50.0,"33,2,25",1,2025-11-28T17:07:00Z,2025-11-28T17:07:00Z,public_membership,Repsol - Ibil (ES),True
238245,F05C526E-D15A-42B6-9BFD-0536547F0A40,40.43529590649359,-3.685784259517561,Parking Galdós Hotel Meliá Serrano,,28006,3371,4,Public - Membership Required,True,50,True,2.0,3,30.0,"33,2,25",1,2024-06-18T06:10:00Z,2024-06-18T06:10:00Z,public_membership,Wenea,True
280852,ADECD44D-5A3A-48D9-80DB-BD04726847FE,40.43822604670319,-3.686746054606459,Instituto de Empresa,,28006,45,2,Private - Restricted Access,True,50,True,2.0,1,22.0,25,1,2025-12-26T19:23:00Z,2025-12-26T19:23:00Z,restricted,(Business Owner at Location),False
280853,8AD6C81A-D1D0-4700-B9CD-F3F4BB30231B,40.437377005823265,-3.689231400962001,Parking Castellana 66,,28006,45,2,Private - Restricted Access,True,50,True,9.0,1,7.4,25,1,2025-12-26T19:23:00Z,2025-12-26T19:23:00Z,restricted,(Business Owner at Location),False
80083,2BD9897A-742C-4785-9166-A83DD2B41C73,40.436415,-3.690211,Hotel Intercontinental Madrid,Madrid,28046,45,6,"Private - For Staff, Visitors or Customers",False,50,True,3.0,3,22.0,"30,1036,25",1,2023-02-19T09:05:00Z,2023-02-19T09:05:00Z,restricted,(Business Owner at Location),False
280860,C23A02EA-D027-4F78-AF5F-42A21FF772E0,40.43570717298675,-3.6881769836419096,Parking Colonial,,28046,45,2,Private - Restricted Access,True,50,True,2.0,1,7.4,25,1,2025-12-26T19:24:00Z,2025-12-26T19:24:00Z,restricted,(Business Owner at Location),False
24605,739AB80C-9926-47A8-B6D1-CFB6EAADF2A6,40.43531430267518,-3.6880387835282136,Ayunt. Madrid: Paseo Castellana 52 (TotalEnergies),Madrid,28046,3571,4,Public - Membership Required,True,50,True,2.0,3,50.0,"25,33,2",1,2025-05-23T17:23:00Z,2025-05-23T17:23:00Z,public_membership,TotalEnergies (ES),True
280859,8C08514E-F0E3-44B7-B620-B6F3E30042CC,40.43549866252104,-3.689853227081386,Parking Colonial,,28046,45,2,Private - Restricted Access,True,50,True,6.0,1,7.4,25,1,2025-12-26T19:24:00Z,2025-12-26T19:24:00Z,restricted,(Business Owner at Location),False
207398,538B6E9F-F759-4925-980F-9D28CE3875E5,40.43550434501401,-3.6914460475401256,Mercadona Martínez Campos,Madrid,28050,3499,4,Public - Membership Required,True,50,True,2.0,1,22.0,25,1,2025-10-17T19:12:00Z,2025-10-17T19:12:00Z,public_membership,Mercadona,True
207397,6970EC30-FA62-456A-A860-F41E5433B229,40.43492834206546,-3.692201607184188,Parking  del General Martínez Campos,Madrid,28010,2247,4,Public - Membership Required,True,50,True,2.0,2,7.4,"25,28",1,2022-10-30T12:23:00Z,2022-10-30T12:23:00Z,public_membership,Iberdrola | BP Pulse (ES),True
280858,9A528EDB-AB4B-4F49-9C66-86E9B6F4E093,40.43528209278759,-3.6918643970339247,"Parking Miguel Angel, 11",,28010,45,2,Private - Restricted Access,True,50,True,12.0,1,22.0,25,1,2025-12-26T19:23:00Z,2025-12-26T19:23:00Z,restricted,(Business Owner at Location),False
280855,E9D696D0-84BB-423A-B3A7-34835AC86BD8,40.4377202220966,-3.6921120697478784,Parking Calle de José Abascal 56,,28003,45,2,Private - Restricted Access,True,50,True,8.0,1,7.4,25,1,2025-12-26T19:22:00Z,2025-12-26T19:22:00Z,restricted,(Business Owner at Location),False
79514,95EFBC6B-A981-47C4-90DD-E949002828D2,40.438894,-3.691474,Hotel Regency Hesperia Madrid,Madrid,28046,3371,6,"Private - For Staff, Visitors or Customers",False,50,True,4.0,3,22.0,"30,1036,25",1,2025-04-12T07:09:00Z,2025-04-12T07:09:00Z,restricted,Wenea,False
307416,ECEC7AE7-1823-4718-82A7-ED2A62785AC0,40.44184941166441,-3.6882207104476663,CSIC,Madrid,,3279,2,Private - Restricted Access,True,50,True,2.0,1,7.4,25,1,2024-12-25T10:02:00Z,2024-12-25T10:02:00Z,restricted,Fenie Energía (Spain),False
161671,7E4268C6-F348-40D6-917D-92644D78B9B5,40.44275588480008,-3.6913544030869616,Porsche DC City Charging - Nuevos Ministerios,Madrid,28046,1,1,Public,,50,True,2.0,4,50.0,"33,2,1036,25",1,2022-11-16T12:59:00Z,2022-11-16T12:59:00Z,public,(Unknown Operator),True
307415,CCBCF5FF-BB7A-434F-957E-06C370AA75B2,40.443199501299176,-3.694505836929096,CAMPUS CSIC. PARKING ITEFI,Madrid,,3279,2,Private - Restricted Access,True,50,True,2.0,1,7.4,25,1,2024-12-25T10:04:00Z,2024-12-25T10:04:00Z,restricted,Fenie Energía (Spain),False
207362,157821C7-BEC4-46C8-A17E-8EC4A202EB28,40.44070403517725,-3.6970411639667873,Parking Pablo Augusto,Madrid,28003,3324,4,Public - Membership Required,True,50,True,10.0,2,11.0,"25,25",1,2026-06-21T17:11:00Z,2026-06-21T17:11:00Z,public_membership,Zunder,True
207364,AE291A05-4E40-4871-B946-53E205D59749,40.4386612660646,-3.6951607178978065,NH Collection Abascal,Madrid,28010,45,6,"Private - For Staff, Visitors or Customers",False,50,True,2.0,1,7.4,25,1,2025-11-30T19:08:00Z,2025-11-30T19:08:00Z,restricted,(Business Owner at Location),False
207363,A7EE48FA-D4FE-4EFE-93C2-F124FA22B8A6,40.44087307384538,-3.6944002684098223,Renault Gabella Motor,Madrid,28010,3275,6,"Private - For Staff, Visitors or Customers",False,50,True,1.0,1,22.0,25,1,2022-10-10T10:36:00Z,2022-10-10T10:36:00Z,restricted,Renault,False
238248,CE5E17F9-1728-430D-BC44-D98D845B854C,40.43886144431934,-3.6930094923857553,Hotel NH Zurbano,,28003,3371,6,"Private - For Staff, Visitors or Customers",False,50,True,2.0,1,7.4,25,1,2023-03-03T12:58:00Z,2023-03-03T12:58:00Z,restricted,Wenea,False
274203,CA0A8A74-E8E3-4C7D-81B5-B847878B696B,40.437351858091944,-3.695160906285082,ClimiParking,,28010,3371,4,Public - Membership Required,True,50,True,4.0,3,30.0,"33,2,25",1,2024-06-18T06:10:00Z,2024-06-18T06:10:00Z,public_membership,Wenea,True
280857,9AB0B9CF-5BCB-4BB5-8A41-26088F46524A,40.438314184569435,-3.6955611853629193,Parking Colonial,,28003,45,2,Private - Restricted Access,True,50,True,10.0,1,7.4,25,1,2025-12-26T19:22:00Z,2025-12-26T19:22:00Z,restricted,(Business Owner at Location),False
85408,7B3C606A-A785-4E35-A500-A6535285B05F,40.4381756842859,-3.70028322698363,Ayunt. Madrid: Calle Santa Engracia 115 (Iberdrola),Madrid,28010,2247,4,Public - Membership Required,True,50,True,2.0,3,50.0,"1036,33,2",1,2024-12-16T18:33:00Z,2024-12-16T18:33:00Z,public_membership,Iberdrola | BP Pulse (ES),True
279411,10D013F8-DFCD-4833-B3DF-50EC291718C4,40.43760624416515,-3.7007652335570356,Parking Arturo,,28010,3324,4,Public - Membership Required,True,50,True,8.0,1,4.0,25,1,2026-06-21T17:09:00Z,2026-06-21T17:09:00Z,public_membership,Zunder,True
207361,0E41961A-E510-4B06-AB55-7DFA573CCAB7,40.43994199257321,-3.6992733822185073,Garaje Premier Ponzano,Madrid,28003,45,5,Public - Pay At Location,False,150,False,1.0,2,22.0,"25,28",1,2024-01-28T16:57:00Z,2024-01-28T16:57:00Z,public,(Business Owner at Location),True
499817,0BB792E1-D758-40EC-AC4A-FBC127C09F7C,40.4410916332003,-3.698845173521022,Parking Pryorato Ponzano,,28003,3571,6,"Private - For Staff, Visitors or Customers",False,50,True,2.0,1,11.0,25,1,2026-07-21T10:10:00Z,2026-07-21T10:10:00Z,restricted,TotalEnergies (ES),False
202404,C3B19EA9-A687-45F0-93E3-7AB34B88B271,40.44186540741828,-3.7004554496961646,WPP Calle de Ríos Rosas,Madrid,28003,45,6,"Private - For Staff, Visitors or Customers",False,50,True,2.0,1,7.4,25,1,2024-12-25T10:19:00Z,2024-12-25T10:19:00Z,restricted,(Business Owner at Location),False
210612,9BD53BAB-EFB8-4826-9124-6B3AE698D38B,40.44466401844653,-3.6990442160318935,Parking Calle de Ponzano,,28003,4028,4,Public - Membership Required,True,50,True,6.0,1,22.0,1036,1,2026-09-17T07:11:00Z,2026-09-17T07:11:00Z,public_membership,Telpark (ES),True
475721,FAC27E27-F83E-4117-B523-C3F47B8DBB0A,40.44449743010526,-3.6985279553141197,Ed. Byrsa Ponzano,,28003,3371,2,Private - Restricted Access,True,50,True,10.0,1,7.4,25,1,2026-02-08T13:58:00Z,2026-02-08T13:58:00Z,restricted,Wenea,False
305967,05237F92-5BE1-493B-85C9-9EB92E47A107,40.44524511528604,-3.693399148743623,Nuevos Ministerios,,28000,1,2,Private - Restricted Access,True,50,True,61.0,2,7.4,"25,28",1,2024-11-08T17:53:00Z,2024-11-08T17:53:00Z,restricted,(Unknown Operator),False
165078,2B754B78-631F-4AFC-B481-A90E40B18745,40.446884,-3.69471,El Corte Ingles Castellana Interparking,79,28003,3975,4,Public - Membership Required,True,50,True,4.0,1,8.0,25,1,2026-02-14T14:45:00Z,2026-02-14T14:45:00Z,public_membership,Interparking (ES),True
207343,DEBBFC38-DAF9-4FA4-9D93-D4DC68723BE7,40.44815291685492,-3.694260598529354,Edificio Bronce Azca,Madrid,28046,2247,4,Public - Membership Required,True,50,True,4.0,2,7.4,"25,28",1,2022-11-24T12:04:00Z,2022-11-24T12:04:00Z,public_membership,Iberdrola | BP Pulse (ES),True
207342,0F2C92C4-9A7A-47D5-8C09-EB5D77B744DF,40.4480800685225,-3.6959700419623687,Parking Hernani Interparking,Madrid,28003,45,5,Public - Pay At Location,False,50,True,4.0,1,8.0,25,1,2026-02-14T14:44:00Z,2026-02-14T14:44:00Z,public,(Business Owner at Location),True
207341,09B2B45E-617F-45AF-A44C-4F9F4B443836,40.4473378889374,-3.6970600855286193,Parking APK2 Moscardó,Madrid,28003,3276,4,Public - Membership Required,True,50,True,2.0,1,22.0,25,1,2026-01-30T13:22:00Z,2026-01-30T13:22:00Z,public_membership,EDP,True
207340,A8B1B5FB-5B1B-4AD3-AAE3-E5D4A41D869D,40.44700204625755,-3.697669194604032,Nissan Madrid  (Allego),Madrid,28003,103,4,Public - Membership Required,True,50,True,1.0,2,50.0,"33,2",1,2023-11-28T09:18:00Z,2023-11-28T09:18:00Z,public_membership,Allego BV,True
280841,0B32F7E4-F163-4717-A894-AB59E5F8CFF9,40.45008918650191,-3.6931544939359355,Parking Torre Picasso,,28020,45,2,Private - Restricted Access,True,50,True,16.0,1,7.4,25,1,2025-12-26T19:20:00Z,2025-12-26T19:20:00Z,restricted,(Business Owner at Location),False
235264,2550762B-EEAB-46A5-ABF8-D55341C3A302,40.45114772751006,-3.694865771081851,Parking Orense 24,,28020,45,5,Public - Pay At Location,False,50,True,12.0,1,3.7,28,1,2023-02-16T20:00:00Z,2023-02-16T20:00:00Z,public,(Business Owner at Location),True
280175,CFA57B27-5E65-4785-84DE-F41C7F9C77F9,40.451968439297445,-3.6928098277451795,Parking Ed. Masters,,28020,3583,6,"Private - For Staff, Visitors or Customers",False,50,True,4.0,1,22.0,1036,1,2024-10-10T10:28:00Z,2024-10-10T10:28:00Z,restricted,Eranovum (ES),False
207345,47B97F6C-CE90-447E-9A61-FE882C5770EB,40.452136224680345,-3.6937767394587127,Parking APK2 Holiday Park,Madrid,28046,3276,4,Public - Membership Required,True,50,True,6.0,1,22.0,25,1,2026-01-30T13:21:00Z,2026-01-30T13:21:00Z,public_membership,EDP,True
202316,202ECE79-135A-4236-991C-5ED3AAD16DC7,40.452673241062854,-3.693898990329785,Parking EMT  Avenida del General Perón,Madrid,28020,3553,1,Public,,50,True,5.0,1,7.4,25,1,2024-10-13T16:18:00Z,2024-10-13T16:18:00Z,public,Electro-EMT,True
207347,CC548791-ED99-478D-AAE0-05220B568F3F,40.45362107325829,-3.694362572762657,First Stop,Madrid,28046,45,6,"Private - For Staff, Visitors or Customers",False,50,True,1.0,1,22.0,25,1,2022-10-10T10:09:00Z,2022-10-10T10:09:00Z,restricted,(Business Owner at Location),False
207346,BC664F85-BE93-4FB9-86A2-270ED0FBA3F8,40.453000563116234,-3.6964899219498193,Parking público Presidente Carmona ,Madrid,28020,207,4,Public - Membership Required,True,50,True,4.0,1,22.0,25,1,2022-10-10T10:08:00Z,2022-10-10T10:08:00Z,public_membership,Endesa,True
209255,2048CF1C-5EB4-4E5D-B3B8-331B1F1AA1C7,40.452607867642996,-3.695604942702971,Parking público Presidente Carmona,,28020,207,4,Public - Membership Required,True,50,True,2.0,3,50.0,"33,1036,2",1,2025-11-26T19:05:00Z,2025-11-26T19:05:00Z,public_membership,Endesa,True
265802,A2C3FEF2-5803-413C-A809-9269E9FFA42F,40.44887508724307,-3.701104666363335,Parkin Davila - Calle de Oviedo,,28003,207,4,Public - Membership Required,True,50,True,4.0,1,22.0,25,1,2023-05-20T18:40:00Z,2023-05-20T18:40:00Z,public_membership,Endesa,True
202311,E3601A3A-5365-4350-BC77-E921EF4273F6,40.44925968845462,-3.702829685045913,Mercado Maravillas,Madrid,29039,3552,4,Public - Membership Required,True,50,True,6.0,4,180.0,"33,33,25,2",1,2025-05-08T14:52:00Z,2025-05-08T14:52:00Z,public_membership,BarterGo (ES),True
279509,599167FC-BCF3-4BD6-A3C6-180E002D72E7,40.45573438792124,-3.700495461343678,Mercado San Enrique,,28020,3459,4,Public - Membership Required,True,50,True,2.0,1,22.0,25,1,2023-10-28T19:25:00Z,2023-10-28T19:25:00Z,public_membership,ACCIONA - Cargacoches,True
460543,5DF78D3E-65DE-48A7-94B3-7AD9B7A03936,40.45543612381206,-3.7023086602785042,Bluespace Bravo Murillo,Madrid,,3786,4,Public - Membership Required,True,50,True,1.0,1,30.0,33,1,2025-08-24T13:49:00Z,2025-08-24T13:49:00Z,public_membership,Umbrella eMobility (ES),True
472117,E415014C-A3AF-4DB5-994D-651648835528,40.45630086828194,-3.7001958977071183,Orbis,,28020,3377,2,Private - Restricted Access,True,50,True,1.0,1,7.0,25,1,2025-12-27T19:13:00Z,2025-12-27T19:13:00Z,restricted,eTecnic,False
280888,7675A7D1-6363-4930-9372-007739B20901,40.458476371262776,-3.699410777794526,Parking G 3 Galeón,,28020,3401,2,Private - Restricted Access,True,50,True,2.0,1,7.4,25,1,2023-11-30T15:50:00Z,2023-11-30T15:50:00Z,restricted,Electromaps,False
211070,BA1BC8DE-4E0E-48B4-84B7-43A494AB9DC7,40.45853520003283,-3.697892214913395,Funway,,28020,3377,2,Private - Restricted Access,True,50,True,2.0,1,22.0,25,1,2025-07-21T10:32:00Z,2025-07-21T10:32:00Z,restricted,eTecnic,False
499816,540E81DC-8502-4C08-8F26-8CB40A152A4D,40.45640876238076,-3.6979768429346223,PArking San German 14,,28020,2247,6,"Private - For Staff, Visitors or Customers",False,50,True,1.0,1,7.4,25,1,2026-07-21T10:07:00Z,2026-07-21T10:07:00Z,restricted,Iberdrola | BP Pulse (ES),False
500998,3857DBF5-E30E-4FF4-84F3-B26FE0B6CCF4,40.45409229328229,-3.699579263140066,Hub  Manuel Luna ,,28020,91,4,Public - Membership Required,True,50,True,8.0,1,200.0,33,1,2026-07-28T12:42:00Z,2026-07-28T12:42:00Z,public_membership,Repsol - Ibil (ES),True
207348,111EED5F-D6E4-4814-8D87-27533E6B5092,40.45447793404526,-3.694603457752237,GMP - Iberia Mart II,Madrid,28020,3276,4,Public - Membership Required,True,50,True,15.0,1,22.0,25,1,2023-02-11T09:33:00Z,2023-02-11T09:33:00Z,public_membership,EDP,True
488568,9B141DB5-C6BB-47A4-87C9-51EFEBDA119F,40.45463026437477,-3.6936286005861803,Parking Orense 34,,28020,3996,4,Public - Membership Required,True,50,True,6.0,1,7.0,25,1,2026-05-16T07:32:00Z,2026-05-16T07:32:00Z,public_membership,Plenitude On The Road (EU),True
207349,43865A1A-9B98-4A21-9272-8DDD5012471F,40.45618280709485,-3.693552170605926,Parking APK2 Avenida de Brasil ,Madrid,28046,3276,4,Public - Membership Required,True,50,True,4.0,2,22.0,"25,25",1,2026-01-30T13:21:00Z,2026-01-30T13:21:00Z,public_membership,EDP,True
85497,2244B9F2-9085-4F42-A52E-23BB6933CE1E,40.455272,-3.694315,Hotel H10 Tribeca,Madrid,28020,3401,6,"Private - For Staff, Visitors or Customers",False,50,True,4.0,1,7.4,25,1,2025-12-26T19:19:00Z,2025-12-26T19:19:00Z,restricted,Electromaps,False
312648,263E4C13-23DD-48F8-8360-B68146DBAC22,40.457406606716006,-3.6942839717565903,Carrefour Orense,Madrid,,207,4,Public - Membership Required,True,50,True,2.0,1,150.0,33,1,2026-08-31T13:41:00Z,2026-08-31T13:41:00Z,public_membership,Endesa,True
202405,3223A438-ED5A-43E6-B4F0-E661E4A79861,40.458044726989726,-3.694035521193996,Parking Indigo Orense,Madrid,28020,3571,4,Public - Membership Required,True,50,True,5.0,2,7.4,"25,25",1,2022-11-24T11:05:00Z,2022-11-24T11:05:00Z,public_membership,TotalEnergies (ES),True
470247,DF606E79-DEF4-4505-9BE5-06BBAB06229D,40.46173184356161,-3.6937918937850327,CIC Madrid,,28020,3401,6,"Private - For Staff, Visitors or Customers",False,50,True,1.0,1,7.4,25,1,2025-12-26T19:18:00Z,2025-12-26T19:18:00Z,restricted,Electromaps,False
207354,7E88DE0F-0918-4F84-9ADC-7261926E7BAC,40.46312600222922,-3.696461015519162,Parking POWEN,Madrid,2829,45,5,Public - Pay At Location,False,50,True,1.0,1,22.0,25,1,2022-10-10T10:18:00Z,2022-10-10T10:18:00Z,public,(Business Owner at Location),True
306112,05503AFB-887D-4696-8433-96D04BA98CD3,40.47379606571451,-3.7012885941533966,Galp Sinesio Delgado,,28029,3557,4,Public - Membership Required,True,50,True,2.0,1,60.0,33,1,2025-11-30T11:26:00Z,2025-11-30T11:26:00Z,public_membership,GALP Electric,True
209730,800A6D43-1422-4052-A619-4A75B592885A,40.47159268388401,-3.69713001288585,Ahorramas Sorolla,,28029,3276,4,Public - Membership Required,True,50,True,2.0,1,22.0,25,1,2023-02-11T11:11:00Z,2023-02-11T11:11:00Z,public_membership,EDP,True
192263,D305DEA4-4897-4FC1-AFCC-3478B8838D9C,40.46547694035189,-3.6932082802373998,Parking Gomasa,Madrid,2829,3401,4,Public - Membership Required,True,50,True,6.0,1,7.4,25,1,2025-11-26T18:51:00Z,2025-11-26T18:51:00Z,public_membership,Electromaps,True
290263,57D46645-9A8E-4B7C-AC73-FB5E5B792E80,40.4642828520802,-3.692497916517027,Ayunt. Madrid: Calle de José Castán Tobeñas (Iberdrola),,28020,2247,4,Public - Membership Required,True,50,True,3.0,4,100.0,"33,33,2,1036",1,2026-09-05T20:00:00Z,2026-09-05T20:00:00Z,public_membership,Iberdrola | BP Pulse (ES),True
207355,8FD7E8D1-D89A-4350-AA48-703057A68DE0,40.464100166988516,-3.6924220697763985,PARKING JOSE CASTAN TOBEÑAS,Madrid,2829,45,5,Public - Pay At Location,False,50,True,2.0,1,7.4,25,1,2022-10-10T10:20:00Z,2022-10-10T10:20:00Z,public,(Business Owner at Location),True
201786,EFD3C8EE-55A6-4851-A121-FDC95B96AF6A,40.46774181015442,-3.6904496042861865,Parking Intercambiador Plaza España,Madrid,28046,2247,4,Public - Membership Required,True,50,True,8.0,4,50.0,"33,2,1036,1036",1,2024-10-27T21:54:00Z,2024-10-27T21:54:00Z,public_membership,Iberdrola | BP Pulse (ES),True
202406,021A9345-E1F8-4FBE-AC13-B692D2938069,40.467642400633196,-3.6903435964326263,Parking Indigo Plaza de Castilla,Madrid,28046,3571,4,Public - Membership Required,True,50,True,3.0,1,7.4,25,1,2024-12-25T10:13:00Z,2024-12-25T10:13:00Z,public_membership,TotalEnergies (ES),True
459931,801C9998-C07F-4F55-9C96-A06E6FBC7E95,40.46829722068176,-3.6917787965473394,Metro Madrid,Madrid,,3377,2,Private - Restricted Access,True,50,True,11.0,1,7.4,25,1,2025-07-21T10:24:00Z,2025-07-21T10:24:00Z,restricted,eTecnic,False
52580,2A3F2617-A564-47E0-BBF8-C5197A7B5EDF,40.47433052601224,-3.687726535335969,Ayunt. Madrid:  Paseo de la Castellana 257B (Iberdrola),Madrid,28029,2247,4,Public - Membership Required,True,50,True,2.0,3,50.0,"33,2,1036",1,2024-12-16T18:34:00Z,2024-12-16T18:34:00Z,public_membership,Iberdrola | BP Pulse (ES),True
235066,1C21ED4C-7B63-45D8-AE3A-EE5ACB7E2B78,40.47095887226891,-3.686544864132429,Mercadona Mauricio Legendre,,28036,3499,4,Public - Membership Required,True,50,True,2.0,1,22.0,25,1,2024-09-28T16:56:00Z,2024-09-28T16:56:00Z,public_membership,Mercadona,True
61060,750DA268-8F65-4153-84F4-ED4AE1F47D3D,40.47133391546879,-3.6829858528350314,Parking Estación ADIF,Madrid,28036,45,1,Public,,100,False,,2,3.7,"25,25",1,2022-12-26T10:34:00Z,2022-12-26T10:34:00Z,public,(Business Owner at Location),True
210104,89E80DD4-ABE4-427F-9EB9-59FB6CE93753,40.47024544900981,-3.684966308893422,Hotel Barceló Image,,28036,207,6,"Private - For Staff, Visitors or Customers",False,50,True,4.0,1,22.0,25,1,2022-11-26T20:53:00Z,2022-11-26T20:53:00Z,restricted,Endesa,False
192262,02DE2D49-2FFD-49BE-9E1C-87139CC034F0,40.466330683221315,-3.6855584158241754,Repsol Mateo Inurrua,Madrid,28029,91,4,Public - Membership Required,True,50,True,2.0,1,300.0,33,1,2026-10-04T19:01:00Z,2026-10-04T19:01:00Z,public_membership,Repsol - Ibil (ES),True
237692,9432B868-BB1F-40C9-8A4F-29A769C2D0FE,40.46275685783294,-3.689022556610439,"Paseo de la Castellana, 71",,28046,2247,4,Public - Membership Required,True,150,False,2.0,2,7.4,"25,28",1,2024-07-10T13:27:00Z,2024-07-10T13:27:00Z,public_membership,Iberdrola | BP Pulse (ES),True
260353,E6E09CDA-9AA0-4D7C-B7B5-85BB9C7F63EA,40.46124984868163,-3.6923489607690385,Hotel Melia Castilla,,28020,3371,6,"Private - For Staff, Visitors or Customers",False,50,True,8.0,3,30.0,"25,33,2",1,2024-06-18T06:10:00Z,2024-06-18T06:10:00Z,restricted,Wenea,False
61055,A72B357C-C902-47A2-9D86-F62E8555FD9E,40.457343,-3.688678,Ministerio de Economía,Madrid,28046,91,6,"Private - For Staff, Visitors or Customers",False,50,True,1.0,1,11.0,25,1,2023-05-31T07:30:00Z,2023-05-31T07:30:00Z,restricted,Repsol - Ibil (ES),False
256683,15D1B321-A73C-446C-8A73-5D6754DEDA38,40.45810080842088,-3.6896193459309643,"Ayunt. Madrid: Paseo de la Castellana,160 (Wenea)",,28020,3371,4,Public - Membership Required,True,50,True,4.0,1,150.0,33,1,2025-12-23T11:47:00Z,2025-12-23T11:47:00Z,public_membership,Wenea,True
207351,0D133E05-133A-4553-99E6-1F28E39FA196,40.458064771480366,-3.6906456702488413,Parking Castellana 123,Madrid,28046,45,5,Public - Pay At Location,False,50,True,2.0,1,3.7,25,1,2022-10-10T10:15:00Z,2022-10-10T10:15:00Z,public,(Business Owner at Location),True
207350,4864DE9A-D6B7-4272-B287-2E96C4B526BC,40.4586144055381,-3.6909110946871806,Parking Cuzco,Madrid,28046,2247,4,Public - Membership Required,True,50,True,2.0,1,7.4,25,1,2022-11-24T10:24:00Z,2022-11-24T10:24:00Z,public_membership,Iberdrola | BP Pulse (ES),True
287673,333BED19-CFA7-4B21-816F-055A1C088956,40.45882571738977,-3.691142953798135,Hotel AC cuzco,,28020,207,6,"Private - For Staff, Visitors or Customers",False,50,True,2.0,1,22.0,25,1,2023-12-08T14:46:00Z,2023-12-08T14:46:00Z,restricted,Endesa,False
216882,BEA9E2F5-A05A-4EC4-858B-24FD3F2A594B,40.45721437677449,-3.6914174863409244,Mercadona Cuzco,,28020,3499,4,Public - Membership Required,True,50,True,2.0,1,22.0,25,1,2024-04-27T14:35:00Z,2024-04-27T14:35:00Z,public_membership,Mercadona,True
205472,3C6F23E5-57C7-447C-8CDD-A0B86DD0EEAA,40.4581721707149,-3.685904630490313,NH Eurobuilding,Madrid,28036,3371,6,"Private - For Staff, Visitors or Customers",False,50,True,3.0,1,7.4,25,1,2025-04-12T07:09:00Z,2025-04-12T07:09:00Z,restricted,Wenea,False
207356,64F0770A-5F9D-49DC-A3D8-293B5A4B5BDC,40.459177183618465,-3.686102657067863,Parking Mundial,Madrid,28036,207,4,Public - Membership Required,True,50,True,6.0,4,50.0,"25,33,2,25",1,2022-11-24T10:03:00Z,2022-11-24T10:03:00Z,public_membership,Endesa,True
207357,E2454B29-23F5-4A51-A4E2-05A3FFCEE5EA,40.457813275208935,-3.685478715589852,Garaje O’Donnell,Madrid,28036,45,5,Public - Pay At Location,False,50,True,2.0,1,3.7,25,1,2022-11-24T10:08:00Z,2022-11-24T10:08:00Z,public,(Business Owner at Location),True
210580,FC380D83-02F4-4F62-A513-01F42F26ED4B,40.45583180372668,-3.6819749571275224,Hotel NH Paseo de La Habana,,28036,3371,6,"Private - For Staff, Visitors or Customers",False,50,True,1.0,1,7.4,25,1,2022-12-12T15:05:00Z,2022-12-12T15:05:00Z,restricted,Wenea,False
274413,EC7B011A-A084-41B1-AE02-507C76813489,40.45911028292849,-3.681330588736273,Repsol Paseo de la Habana,,28016,91,4,Public - Membership Required,True,50,True,2.0,1,100.0,33,1,2026-09-06T12:06:00Z,2026-09-06T12:06:00Z,public_membership,Repsol - Ibil (ES),True
459933,6A853799-0C1D-4345-AC15-A20BBD4AFAE0,40.45746070168576,-3.680694065356704,INECO,Madrid,,45,2,Private - Restricted Access,True,50,True,21.0,1,7.4,25,1,2025-12-27T19:15:00Z,2025-12-27T19:15:00Z,restricted,(Business Owner at Location),False
207358,0A3F89CC-8C8A-4270-AF03-6271F99745EA,40.456972991286136,-3.6815736539809905,Hospital Fraternidad-Muprespa Habana,Madrid,28036,45,5,Public - Pay At Location,False,50,True,16.0,1,7.4,25,1,2022-10-10T10:26:00Z,2022-10-10T10:26:00Z,public,(Business Owner at Location),True
473152,FF5A796D-1240-4014-B04C-6207C6E1DDA6,40.467823115054074,-3.6802828783194173,Universida Comillas,,28036,91,6,"Private - For Staff, Visitors or Customers",False,50,True,11.0,1,22.0,25,1,2026-01-13T18:41:00Z,2026-01-13T18:41:00Z,restricted,Repsol - Ibil (ES),False
313312,EBD8770D-3FAB-4579-BC01-426E64918C47,40.47466612657777,-3.6860457184911866,Electrolinera Castellana,Madrid,,3459,4,Public - Membership Required,True,150,False,12.0,1,400.0,33,1,2026-02-16T10:38:00Z,2026-02-16T10:38:00Z,public_membership,ACCIONA - Cargacoches,True
459932,F61E1C20-D706-45CA-831C-407ED13F9502,40.478070471820246,-3.6873502650792034,Parking Torre de Cristal,Madrid,,3377,6,"Private - For Staff, Visitors or Customers",False,50,True,31.0,1,22.0,25,1,2025-07-21T10:26:00Z,2025-07-21T10:26:00Z,restricted,eTecnic,False
212435,481C1207-C0A6-400E-860E-D674507047C4,40.47812496268128,-3.686422115010771,Paseo de la Castellana 257 (GIC),,28029,210,4,Public - Membership Required,True,50,True,1.0,1,7.3,25,1,2025-11-30T11:25:00Z,2025-11-30T11:25:00Z,public_membership,GIC,True
304360,BAE0B5F7-FFBB-45D0-8695-FDB7B40A2B9E,40.47899225953179,-3.686739469436901,Torre Emperador,,28046,91,2,Private - Restricted Access,True,50,True,90.0,1,22.0,25,1,2024-09-24T08:44:00Z,2024-09-24T08:44:00Z,restricted,Repsol - Ibil (ES),False
210579,F490019A-02B7-481B-B69F-A00F14701818,40.47835828361556,-3.6890314761469654,C.C. Caleido ,,28046,91,4,Public - Membership Required,True,50,True,71.0,1,7.4,25,1,2025-11-30T19:11:00Z,2025-11-30T19:11:00Z,public_membership,Repsol - Ibil (ES),True
470112,9E115D0F-B154-44CC-8508-90D7B67D70A7,40.4772637443437,-3.6890285954985984,C.C. Caleido (Repsol - Uber/Auro),Madrid,,91,2,Private - Restricted Access,True,50,True,20.0,1,210.0,33,1,2025-11-24T20:55:00Z,2025-11-24T20:55:00Z,restricted,Repsol - Ibil (ES),False
291222,22D625D8-269D-4B7F-9D4F-66D8383BC2E3,40.476539630522666,-3.6878020211123896,EUROSTARS MADRID TOWER,,28046,3557,6,"Private - For Staff, Visitors or Customers",False,50,True,6.0,2,120.0,"33,25",1,2025-11-24T20:30:00Z,2025-11-24T20:30:00Z,restricted,GALP Electric,False
191244,7D3A8F01-6E2C-4E85-8D21-63EC39D7DD82,40.47696779653219,-3.7181674784533243,GOfit Peñagrande,Madrid,28035,2247,4,Public - Membership Required,True,50,True,1.0,1,7.4,25,1,2022-10-09T10:27:00Z,2022-10-09T10:27:00Z,public_membership,Iberdrola | BP Pulse (ES),True
238426,97C82CF1-250F-4D1E-B3B1-3F8BE9CC73CF,40.47400172028665,-3.721591543622395,Parking los Nogales,,28035,207,4,Public - Membership Required,True,50,True,2.0,1,22.0,25,1,2023-03-05T14:01:00Z,2023-03-05T14:01:00Z,public_membership,Endesa,True
209729,A6CB6CDB-147F-47BD-8410-B3FD8042A8BC,40.47497367897253,-3.711731614122641,Ahorramas Betanzos,,28029,3276,4,Public - Membership Required,True,50,True,2.0,1,22.0,25,1,2024-04-27T11:19:00Z,2024-04-27T11:19:00Z,public_membership,EDP,True
191275,854AA08F-7568-4777-A847-528653FEA153,40.47182096681527,-3.707967381994962,Mercadona El Pilar,Madrid,28029,3499,4,Public - Membership Required,True,50,True,4.0,1,22.0,25,1,2024-09-24T08:48:00Z,2024-09-24T08:48:00Z,public_membership,Mercadona,True
191274,41CCF959-B23A-4018-B50E-B0AE4AEACBF7,40.4723131383316,-3.7064474946858468,KITUR MADRID | KIA,Madrid,28029,45,6,"Private - For Staff, Visitors or Customers",False,50,True,1.0,1,50.0,2,1,2022-10-10T09:26:00Z,2022-10-10T09:26:00Z,restricted,(Business Owner at Location),False
265969,E8640375-80E0-4E1D-88F0-CA15B0B0E7C1,40.45732214383071,-3.703470415087054,Mercadona Lope de Haro,,28039,3499,4,Public - Membership Required,True,50,True,2.0,1,22.0,25,1,2024-04-27T14:35:00Z,2024-04-27T14:35:00Z,public_membership,Mercadona,True
290250,CD1C4875-86A1-495A-8056-DB65E16EB748,40.456370267269534,-3.707741606980676,Ayunt. Madrid: Calle de Pamplona (TotalEnergies),,28039,3571,4,Public - Membership Required,True,50,True,3.0,4,100.0,"33,33,2,1036",1,2025-11-30T11:25:00Z,2025-11-30T11:25:00Z,public_membership,TotalEnergies (ES),True
201641,63395007-16B9-4D36-AC85-607F86AB4FC2,40.461376280554504,-3.7085275717485047,Repsol Ofelia Nieto,Madrid,28039,91,4,Public - Membership Required,True,50,True,1.0,3,50.0,"33,2,1036",1,2025-11-30T11:24:00Z,2025-11-30T11:24:00Z,public_membership,Repsol - Ibil (ES),True
191543,782327BA-5D69-4B82-8F8C-1C335C22C259,40.46555269263939,-3.723642550900763,Particular,Madrid,28035,1,2,Private - Restricted Access,True,50,True,1.0,1,3.7,1,1,2022-10-10T09:25:00Z,2022-10-10T09:25:00Z,restricted,(Unknown Operator),False
191265,B4611B66-EFF0-47F4-947B-81DEA3C36437,40.45431223287943,-3.72891980674126,Ciemat,Madrid,28040,1,6,"Private - For Staff, Visitors or Customers",False,50,True,1.0,2,7.4,"25,28",1,2025-11-26T19:10:00Z,2025-11-26T19:10:00Z,restricted,(Unknown Operator),False
307056,894ED600-06E8-42F0-A394-9D8A3433AEC4,40.45622331471327,-3.731770464878167,RTVE Instituto,,28040,3371,6,"Private - For Staff, Visitors or Customers",False,50,True,8.0,1,7.4,25,1,2024-12-15T19:25:00Z,2024-12-15T19:25:00Z,restricted,Wenea,False
306111,E12BA68D-F152-4E8D-B326-A9D378A0958A,40.475095437533895,-3.7431749178686005,Hotel Eurostars Montereal,,28035,3557,6,"Private - For Staff, Visitors or Customers",False,50,True,2.0,1,7.4,25,1,2024-11-15T19:42:00Z,2024-11-15T19:42:00Z,restricted,GALP Electric,False
191238,D5018BE2-2ECE-45C2-9FCC-209877E426FA,40.47690850047428,-3.7302300203190555,Clínica veterinaria Peñagrande,Madrid,28035,45,6,"Private - For Staff, Visitors or Customers",False,50,True,1.0,2,3.7,"25,28",1,2022-10-10T09:22:00Z,2022-10-10T09:22:00Z,restricted,(Business Owner at Location),False
191577,5E771C06-23C5-4B60-B00B-F3B482AAC52B,40.47886160494784,-3.7274657288498645,Fundación LUIKE,Madrid,28035,45,6,"Private - For Staff, Visitors or Customers",False,50,True,1.0,2,3.7,"25,28",1,2022-10-10T09:23:00Z,2022-10-10T09:23:00Z,restricted,(Business Owner at Location),False
235346,1FDA48D7-A2E2-4663-9825-29B75AA9CC1A,40.47906508275628,-3.725814984407748,Repsol  Cardenal Herrera Oria,,28035,91,4,Public - Membership Required,True,50,True,2.0,2,80.0,"33,2",1,2026-09-05T11:09:00Z,2026-09-05T11:09:00Z,public_membership,Repsol - Ibil (ES),True
235064,A8AA7D1E-76BF-40F5-A722-FE7A870472E1,40.38512561495193,-3.611720152592966,Mercadona de Santa Eugenia,,28031,3499,4,Public - Membership Required,True,50,True,2.0,1,22.0,25,1,2025-10-17T18:47:00Z,2025-10-17T18:47:00Z,public_membership,Mercadona,True
265618,9380F9B5-4227-4166-A96F-22FC8D395FA9,40.387206056655344,-3.6170671524045304,Parking Hospital Infanta Leonor,,28031,3798,4,Public - Membership Required,True,50,True,32.0,3,60.0,"25,33,33",1,2024-07-19T05:31:00Z,2024-07-19T05:31:00Z,public_membership,REMO Mobility (ES),True
460490,0F98ACE9-D891-4611-83BA-A7CDD92398CF,40.393497682358344,-3.61309183576563,Faunia (PowerGo),Madrid,,3632,4,Public - Membership Required,True,150,False,34.0,1,22.0,25,1,2025-08-21T07:53:00Z,2025-08-21T07:53:00Z,public_membership,PowerGo,True
209719,DE177578-EB16-487E-A193-D6E55FE66FBD,40.38642182853741,-3.6093129801409987,Ahorramas Santa Eugenia,,28031,3276,4,Public - Membership Required,True,50,True,2.0,1,22.0,25,1,2024-04-27T11:05:00Z,2024-04-27T11:05:00Z,public_membership,EDP,True
312780,0632EC62-8564-4C2B-85F2-9BB944B12F82,40.380041302971904,-3.5975711867072278,Repsol Rivas,Rivas,,91,4,Public - Membership Required,True,50,True,1.0,3,50.0,"33,2,1036",1,2025-10-08T20:02:00Z,2025-10-08T20:02:00Z,public_membership,Repsol - Ibil (ES),True
303311,E83C968D-7EDF-45C1-AF05-B0B4D1F47E21,40.391797745012184,-3.5857859391066143,Zunder Vicálvaro,,28052,3324,4,Public - Membership Required,True,50,True,16.0,1,400.0,33,1,2025-03-06T21:26:00Z,2025-03-06T21:26:00Z,public_membership,Zunder,True
279143,5A2C848C-A4F0-4FA8-82BA-6B464B5FFEE3,40.39409878509417,-3.5979690441967307,Almacén de laVilla,,28052,1,6,"Private - For Staff, Visitors or Customers",False,50,True,6.0,4,50.0,"33,2,25,25",1,2024-08-22T06:56:00Z,2024-08-22T06:56:00Z,restricted,(Unknown Operator),False
297598,57387767-575A-4351-A8C8-FB85A4B64210,40.397762307215885,-3.5985181296885003,Plenoil Madrid III Vicálvaro,Madrid,28052,3750,1,Public,,50,True,2.0,1,60.0,33,1,2025-08-25T07:56:00Z,2025-08-25T07:56:00Z,public,Plenergy (ES),True
288955,0FB9EDD0-53F3-4ADB-BC60-8A716373B0F0,40.40285818576439,-3.599018098706239,Ayunt. Madrid: Calle de Minerva (TotalEnergies),,28032,3571,4,Public - Membership Required,True,50,True,3.0,4,100.0,"33,33,2,1036",1,2025-10-09T17:35:00Z,2025-10-09T17:35:00Z,public_membership,TotalEnergies (ES),True
207166,00E1392E-39AD-4F55-BBFC-0FB15CC67ED1,40.40518148272983,-3.5920103668174193,Lidl Vicalvaro,Madrid,28031,38,1,Public,,50,True,4.0,1,22.0,25,1,2023-12-27T11:02:00Z,2023-12-27T11:02:00Z,public,Lidl,True
210611,508F2A5B-F6B6-46DC-AD52-A8A7E29D8DC5,40.40488519905091,-3.591545972957306,Burger King Vicálvaro,,28032,2247,4,Public - Membership Required,True,50,True,4.0,3,50.0,"33,2,1036",1,2023-12-27T11:00:00Z,2023-12-27T11:00:00Z,public_membership,Iberdrola | BP Pulse (ES),True
291058,9605CA76-1FA5-4AD0-9403-F4551CC2A165,40.39712244863159,-3.5941250678498307,Electrolinera Vicálvaro (Acciona),,28052,3459,4,Public - Membership Required,True,50,True,32.0,5,400.0,"33,33,33,33,25",1,2025-11-15T07:42:00Z,2025-11-15T07:42:00Z,public_membership,ACCIONA - Cargacoches,True
462096,9F2579E9-2C1C-4054-9B76-078B5A802E0D,40.39622765626089,-3.5908804824382514,Paddle Espirit,madrid,,3583,4,Public - Membership Required,True,50,True,5.0,3,60.0,"33,33,25",1,2025-10-10T18:38:00Z,2025-10-10T18:38:00Z,public_membership,Eranovum (ES),True
488887,1D481B67-9FAF-46D5-AF2D-E00ECDFC45C4,40.40394792089123,-3.5876042602615144,Madrid Central Padel,,28052,3809,4,Public - Membership Required,True,50,True,4.0,1,22.0,25,1,2026-05-10T18:51:00Z,2026-05-10T18:51:00Z,public_membership,Qwello,True
289864,9F0D0D69-E12F-4556-AE36-EF890B2AF388,40.404897454727546,-3.5909244664422886,E.S. Plenoil Madrid VII Vicálvaro,Madrid,28032,3750,4,Public - Membership Required,True,50,True,2.0,1,60.0,33,1,2026-01-04T09:27:00Z,2026-01-04T09:27:00Z,public_membership,Plenergy (ES),True
312181,DFC293E3-CAF3-4F3C-898E-7A568BD90BF8,40.40595595860381,-3.5905224544377177,Ballenoil - Vicálvaro II,Vicálvaro,,3880,4,Public - Membership Required,True,150,False,2.0,1,60.0,33,1,2025-07-10T06:29:00Z,2025-07-10T06:29:00Z,public_membership,Ballenoil (ES),True
272921,43A906A8-97D5-43CC-8AAE-68918CE4094E,40.40572980813468,-3.5910564236287428,Mercadona Vicálvaro,,,3499,4,Public - Membership Required,True,50,True,6.0,1,22.0,25,1,2024-04-26T19:48:00Z,2024-04-26T19:48:00Z,public_membership,Mercadona,True
288954,B32CE11C-35D8-4CF8-95B6-6FBC281A6068,40.40584485705642,-3.6083064324601537,Ayunt. Madrid: Calle de Villardondiego (TotalEnergies),,28032,3571,4,Public - Membership Required,True,50,True,3.0,4,100.0,"33,33,2,1036",1,2025-05-01T10:48:00Z,2025-05-01T10:48:00Z,public_membership,TotalEnergies (ES),True
288956,0CD7031B-3A02-4644-B5B5-53D75994B396,40.40922507630188,-3.603983286655591,Ayunt. Madrid: Paseo Polideportivo (TotalEnergies),,28032,3571,4,Public - Membership Required,True,50,True,3.0,4,100.0,"33,33,2,1036",1,2025-05-01T10:48:00Z,2025-05-01T10:48:00Z,public_membership,TotalEnergies (ES),True
470170,5C7ACCDF-993E-42B0-903D-5659417CE679,40.40439721431798,-3.608528310380052,C.C. Vicálvaro,Vicálvaro,,45,5,Public - Pay At Location,False,50,True,3.0,1,7.4,25,1,2025-11-25T19:35:00Z,2025-11-25T19:35:00Z,public,(Business Owner at Location),True
305083,8180A268-C3E6-42B2-B18F-DED072F7951E,40.40460166304047,-3.6091334439220475,Parking EMT Paseo de los Artilleros,,28032,3553,5,Public - Pay At Location,False,50,True,8.0,1,22.0,25,1,2024-10-13T15:59:00Z,2024-10-13T15:59:00Z,public,Electro-EMT,True
285067,1C0D789A-BA5D-4E9F-954A-0A30A2052D71,40.40432119829222,-3.6107104004919393,Repsol Vicálvaro,,28032,91,4,Public - Membership Required,True,50,True,1.0,3,50.0,"33,2,1036",1,2023-12-27T11:47:00Z,2023-12-27T11:47:00Z,public_membership,Repsol - Ibil (ES),True
470172,B2B3CE62-3B2A-48B6-B027-8AE248D13F67,40.40318796534771,-3.6155789800670846,Petropix Vicálvaro,Vicálvaro,,3371,4,Public - Membership Required,True,50,True,2.0,1,50.0,33,1,2025-11-25T19:38:00Z,2025-11-25T19:38:00Z,public_membership,Wenea,True
313987,2E3185A1-78B1-44FC-A586-42837F4DD1CD,40.40067249427645,-3.6161996600324073,Ballenoil Valdebernardo I,Vicálvaro,,3584,4,Public - Membership Required,True,150,False,2.0,1,150.0,33,1,2026-07-19T18:13:00Z,2026-07-19T18:13:00Z,public_membership,Moeve (ES),True
313986,068CCED5-4694-4F46-9976-0F52737AC458,40.400600233740875,-3.6153476000793603,Ballenoil Valdebernardo II,Vicálvaro,,3584,4,Public - Membership Required,True,150,False,2.0,1,150.0,33,1,2026-07-19T18:13:00Z,2026-07-19T18:13:00Z,public_membership,Moeve (ES),True
207165,E7290874-7CB3-408E-9C1A-7EF5912917F2,40.39758989887537,-3.618214101705803,Centro Comercial Valdebernardo,Madrid,28032,45,1,Public,,50,True,7.0,2,11.0,"1036,1036",1,2023-04-29T15:58:00Z,2023-04-29T15:58:00Z,public,(Business Owner at Location),True
290235,E0842DFD-69AC-4F88-9E70-4E248D0B608E,40.39734962359114,-3.620376304062745,Ayunt. Madrid: Bulevar José Prat (Iberdrola),Madrid,,2247,4,Public - Membership Required,True,50,True,3.0,4,100.0,"33,33,2,1036",1,2025-10-09T17:29:00Z,2025-10-09T17:29:00Z,public_membership,Iberdrola | BP Pulse (ES),True
207167,64FBA194-BCAA-474A-8ACE-3031C3435CE0,40.40622183690823,-3.6126447496957326,URJC Vicálvaro,Madrid,28032,2247,4,Public - Membership Required,True,50,True,6.0,1,7.4,1036,1,2023-12-27T11:54:00Z,2023-12-27T11:54:00Z,public_membership,Iberdrola | BP Pulse (ES),True
191758,161A6513-F1C3-41E6-B37D-C6E0E87B7219,40.40958763892118,-3.6285667172719513,jim3cantos (solo para emergencias),Madrid,28032,1,3,Privately Owned - Notice Required,,50,True,1.0,2,3.7,"25,28",1,2022-10-09T13:23:00Z,2022-10-09T13:23:00Z,restricted,(Unknown Operator),False
475777,00970DA0-9DBF-496C-85FB-951C1FE0C56D,40.407245551567115,-3.634638806375733,ONCE Doctor García Tapia,,28030,91,2,Private - Restricted Access,True,50,True,4.0,1,7.4,25,1,2026-02-08T21:41:00Z,2026-02-08T21:41:00Z,restricted,Repsol - Ibil (ES),False
290234,7458B7A1-3C51-4860-8E86-FBC25310DC65,40.40051835234638,-3.6346268307351863,Ayunt. Madrid: Calle Hacienda de Pavones (Iberdrola),Madrid,,2247,4,Public - Membership Required,True,50,True,3.0,4,100.0,"33,33,2,1036",1,2024-09-28T16:14:00Z,2024-09-28T16:14:00Z,public_membership,Iberdrola | BP Pulse (ES),True
235258,4A47C104-A094-4012-B2BB-B8FC2B3C0A1E,40.40164708387786,-3.6360343989836394,Repsol Pavones,,28030,91,4,Public - Membership Required,True,50,True,1.0,3,50.0,"33,1036,2",1,2025-01-27T14:28:00Z,2025-01-27T14:28:00Z,public_membership,Repsol - Ibil (ES),True
307419,E6AF3BDF-64A8-4BB4-A3C1-2998D6AF8D57,40.403559271081605,-3.6285548493881095,COLEGIO GSD MORATALAZ,Madrid,,45,2,Private - Restricted Access,True,50,True,2.0,1,7.4,25,1,2025-12-31T20:04:00Z,2025-12-31T20:04:00Z,restricted,(Business Owner at Location),False
235068,9C5363A1-41B6-40A1-9C4C-B132DD66787A,40.3989865994146,-3.6258089230662165,Mercadona Ladera de los Almendros,,28032,3499,4,Public - Membership Required,True,50,True,18.0,1,22.0,25,1,2024-09-28T16:17:00Z,2024-09-28T16:17:00Z,public_membership,Mercadona,True
298559,6D9905A9-69C4-499D-908E-A6295121F0AF,40.39603332480317,-3.626278420887928,Residencia AMMA Vicálvaro,,28032,207,6,"Private - For Staff, Visitors or Customers",False,50,True,2.0,1,7.0,25,1,2024-05-10T07:44:00Z,2024-05-10T07:44:00Z,restricted,Endesa,False
460689,5FDABE1D-C80D-42E8-9BF2-5298784A5FA3,40.38640827503784,-3.6249388502558304,Indie Padel club,Vallecas,,3889,4,Public - Membership Required,True,50,True,2.0,1,7.4,25,1,2025-09-03T11:14:00Z,2025-09-03T11:14:00Z,public_membership,emovili Fast (ES),True
312161,ACD42A25-1427-49C5-BAE6-D6BC1AD27716,40.387931300334145,-3.623637644729598,Power3oil - Avda. Democracia,Madrid,,45,4,Public - Membership Required,True,150,False,2.0,1,50.0,33,1,2025-05-01T08:49:00Z,2025-05-01T08:49:00Z,public_membership,(Business Owner at Location),True
278618,BD0801F8-6678-434A-BFD7-50EE58E4F561,40.382923643916854,-3.6259918419972337,Mercadona,,28031,2247,4,Public - Membership Required,True,50,True,4.0,1,22.0,25,1,2024-04-26T19:38:00Z,2024-04-26T19:38:00Z,public_membership,Iberdrola | BP Pulse (ES),True
309136,B202B5B2-8445-41DC-88CD-5EDB800D858C,40.3827896498818,-3.627874884775565,Supeco,Madrid,28031,45,1,Public,,50,True,2.0,2,50.0,"33,2",1,2026-09-03T14:43:00Z,2026-09-03T14:43:00Z,public,(Business Owner at Location),True
207228,7C0D2A9D-FEC0-4E3A-B625-F06F0B05FF97,40.383393968600274,-3.6304393207590238,Ford Almoauto,Madrid,28007,45,6,"Private - For Staff, Visitors or Customers",False,50,True,2.0,1,22.0,25,1,2022-10-09T17:48:00Z,2022-10-09T17:48:00Z,restricted,(Business Owner at Location),False
207229,E29043CE-5BF2-4C22-BD00-AA041F8AA57D,40.383636812456416,-3.6295596867109907,Ballenoil Vallecas,Madrid,28007,207,4,Public - Membership Required,True,30,True,2.0,1,22.0,25,1,2026-04-06T13:08:00Z,2026-04-06T13:08:00Z,public_membership,Endesa,True
132703,EBD377BE-8AFB-469E-949B-27F347783E4D,40.38395390109065,-3.631976389500892,Albufera 319,Madrid,28018,2247,4,Public - Membership Required,True,50,True,4.0,3,50.0,"33,2,1036",1,2025-10-08T19:54:00Z,2025-10-08T19:54:00Z,public_membership,Iberdrola | BP Pulse (ES),True
235239,2E44D3C3-4B0D-4FCF-AF8C-3E8A5F3BD07A,40.384124704069194,-3.6325167599377437,Repsol Av. Albufera,,28031,91,4,Public - Membership Required,True,50,True,1.0,3,50.0,"33,1036,2",1,2025-10-08T19:53:00Z,2025-10-08T19:53:00Z,public_membership,Repsol - Ibil (ES),True
290233,2A039B44-B690-45AA-B434-B54D41DFA8C1,40.38868688528203,-3.6389405663194907,Ayunt. Madrid: Calle San Claudio Centro Salud (TotalEnergies),Madrid,,3571,4,Public - Membership Required,True,50,True,3.0,4,100.0,"33,33,2,1036",1,2025-11-25T19:48:00Z,2025-11-25T19:48:00Z,public_membership,TotalEnergies (ES),True
298558,1057119D-FCD9-4C3E-9F9F-C40050E4518E,40.38618237610285,-3.6372608103014272,Parking Setex Albufera,,28018,207,4,Public - Membership Required,True,50,True,20.0,1,22.0,25,1,2024-05-10T07:43:00Z,2024-05-10T07:43:00Z,public_membership,Endesa,True
272839,40DE471F-59C2-413B-BBF7-B24E0643C5FE,40.38094004015619,-3.6614180726859615,"Mercadona, Pablo Neruda",,,3499,4,Public - Membership Required,True,50,True,6.0,1,22.0,25,1,2024-08-11T18:19:00Z,2024-08-11T18:19:00Z,public_membership,Mercadona,True
266802,096EFC56-4429-4127-B7B0-E436B3DBA754,40.392326428186294,-3.6559605275303113,C.C. Albufera Plaza,,28038,3550,4,Public - Membership Required,True,50,True,6.0,2,120.0,"33,2",1,2024-09-07T17:28:00Z,2024-09-07T17:28:00Z,public_membership,PowerDot (Es),True
271799,8150FA4A-DBD9-4D35-BD19-78676594BE96,40.393173580178285,-3.657871341015607,Mercado Numancia,,28038,45,1,Public,,50,True,2.0,1,11.0,1036,1,2025-11-25T19:43:00Z,2025-11-25T19:43:00Z,public,(Business Owner at Location),True
298561,96C42D40-60E7-46C1-BBD4-900A05C597E6,40.402031133332684,-3.6597284112154114,Residencia Amavir Numancia,,28038,207,6,"Private - For Staff, Visitors or Customers",False,50,True,2.0,1,22.0,25,1,2024-05-10T07:48:00Z,2024-05-10T07:48:00Z,restricted,Endesa,False
191264,F2A46D65-E1DA-44D0-9D47-5148FC2C007F,40.40616897691825,-3.649713396817333,First Stop Moratalaz,Madrid,28030,45,6,"Private - For Staff, Visitors or Customers",False,50,True,1.0,1,22.0,25,1,2023-04-29T16:45:00Z,2023-04-29T16:45:00Z,restricted,(Business Owner at Location),False
201629,97AA5061-6540-4781-9FB7-5DFC0BEE64B8,40.407396297684585,-3.652026888733303,Repsol Moratalaz,Madrid,28030,91,4,Public - Membership Required,True,50,True,1.0,3,50.0,"33,2,1036",1,2024-05-03T16:30:00Z,2024-05-03T16:30:00Z,public_membership,Repsol - Ibil (ES),True
288953,6EA6E251-A6C6-4B13-89E1-E53FC35214ED,40.411774623417244,-3.6549091534448053,Ayunt. Madrid: Calle Carmen Amaya (TotalEnergies),,28030,3571,4,Public - Membership Required,True,50,True,3.0,4,100.0,"33,33,2,1036",1,2025-11-25T19:30:00Z,2025-11-25T19:30:00Z,public_membership,TotalEnergies (ES),True
209721,CC855833-A8E6-460E-AA9C-D2FB2C67D5D4,40.41007567781833,-3.655124024606721,Ahorramas Vinateros,,28030,3276,4,Public - Membership Required,True,50,True,2.0,1,22.0,25,1,2023-04-29T16:58:00Z,2023-04-29T16:58:00Z,public_membership,EDP,True
235256,FB7FF6A7-41FB-4D29-A0F1-3DF62CED306D,40.40764061988156,-3.6602478389687008,Repsol Moratalaz,,28030,91,4,Public - Membership Required,True,50,True,1.0,3,50.0,"33,1036,2",1,2026-01-16T18:20:00Z,2026-01-16T18:20:00Z,public_membership,Repsol - Ibil (ES),True
285167,A2A1A811-75DE-42BF-8E1F-88BF7413AE3F,40.41157434984029,-3.6592207351818615,Mercadona Moratalaz,,28030,3499,4,Public - Membership Required,True,50,True,2.0,1,22.0,25,1,2024-04-26T19:47:00Z,2024-04-26T19:47:00Z,public_membership,Mercadona,True
191270,9659787D-385C-4EF9-A9F7-D08F3C4FAFDC,40.413308473269154,-3.668991380978923,Ayre Gran Hotel Colón,Madrid,28007,207,6,"Private - For Staff, Visitors or Customers",False,50,True,2.0,2,22.0,"25,0",1,2024-07-18T20:39:00Z,2024-07-18T20:39:00Z,restricted,Endesa,False
210062,36A8C8C1-9566-43B6-B12C-A2CB61BAD588,40.409798550689686,-3.669653087142251,E.S. Repsol Calle del Doctor Esquerdo,,28007,91,5,Public - Pay At Location,False,50,True,2.0,1,120.0,33,1,2026-03-01T09:31:00Z,2026-03-01T09:31:00Z,public,Repsol - Ibil (ES),True
237785,30323717-02F0-4CBF-8586-9D7D33D74A47,40.40462014639729,-3.6701257794576634,Mercadona Calle de las Adelfas,,28007,3499,4,Public - Membership Required,True,50,True,2.0,1,22.0,25,1,2024-04-27T14:39:00Z,2024-04-27T14:39:00Z,public_membership,Mercadona,True
191686,4F6AEB74-A182-43F9-B5B2-02B4A6FBEA1A,40.40575974951605,-3.6694742067980997,Parking Prosegur Calle Carlos y Guillermo Fernández Shaw,,28007,45,2,Private - Restricted Access,True,50,True,10.0,1,22.0,25,1,2022-11-15T11:43:00Z,2022-11-15T11:43:00Z,restricted,(Business Owner at Location),False
79413,6B73540C-5DB8-4554-A38E-3698A85CB3EF,40.40590719050087,-3.66924912508307,Hotel Claridge,Madrid,28007,45,6,"Private - For Staff, Visitors or Customers",False,50,True,11.0,4,22.0,"30,25,1,28",1,2023-03-17T14:55:00Z,2023-03-17T14:55:00Z,restricted,(Business Owner at Location),False
130819,E5DDF790-96FD-4092-B7FC-6EA6B70B4A96,40.40624839329729,-3.6692776247764414,Hotel Claridge,Madrid,28007,3552,4,Public - Membership Required,True,50,True,2.0,3,50.0,"33,2,1036",1,2024-05-17T19:19:00Z,2024-05-17T19:19:00Z,public_membership,BarterGo (ES),True
271078,A5731843-31E2-4E40-AD1D-401FE03A584B,40.395112260965504,-3.6677571233601043,Mercado Puente de Vallecas,,28053,3552,4,Public - Membership Required,True,50,True,4.0,4,50.0,"33,2,1036,25",1,2025-05-08T14:57:00Z,2025-05-08T14:57:00Z,public_membership,BarterGo (ES),True
205467,16D26C51-E414-4CD8-8D9A-C8500A2C0EC9,40.3991512113131,-3.6699128588754775,Hotel Catalonia El Retiro,Madrid,28007,45,6,"Private - For Staff, Visitors or Customers",False,50,True,4.0,2,22.0,"25,25",1,2025-04-12T07:20:00Z,2025-04-12T07:20:00Z,restricted,(Business Owner at Location),False
191839,9B4101AB-952E-4672-8134-40C26DED65E6,40.40309184703628,-3.670102793713113,Valderribas motor,Madrid,28007,45,6,"Private - For Staff, Visitors or Customers",False,50,True,2.0,2,50.0,"25,33",1,2022-10-10T10:44:00Z,2022-10-10T10:44:00Z,restricted,(Business Owner at Location),False
274396,40789646-B5FC-409B-AC72-7C0869000FB4,40.402126072141584,-3.6760804254685127,E.S. Cepsa Ciudad de Barcelona,,28007,3584,4,Public - Membership Required,True,50,True,1.0,1,150.0,33,1,2025-11-15T11:10:00Z,2025-11-15T11:10:00Z,public_membership,Moeve (ES),True
61030,FD43EE60-5A89-4CB0-8DA2-B1192538F001,40.400157953127575,-3.6749051270411996,Ayunt. Madrid: Cerro de la Plata (TotalEnergies),Madrid,28007,3571,4,Public - Membership Required,True,50,True,2.0,3,50.0,"33,2,25",1,2024-12-16T18:26:00Z,2024-12-16T18:26:00Z,public_membership,TotalEnergies (ES),True
287675,8BDBD42D-3DF2-4296-9D8F-9C611389D2DF,40.400660724879,-3.6741909103046737,Parking Los Nogales,,28007,207,4,Public - Membership Required,True,50,True,2.0,1,22.0,25,1,2023-12-08T14:54:00Z,2023-12-08T14:54:00Z,public_membership,Endesa,True
191838,F5B41BD2-B996-4EA2-A27D-5702EF1A2926,40.3996378444171,-3.6728642697939904,Renault Jurado (Taller),,28007,3275,6,"Private - For Staff, Visitors or Customers",False,50,True,1.0,2,3.7,"25,28",1,2022-11-15T11:43:00Z,2022-11-15T11:43:00Z,restricted,Renault,False
274414,C1FD180C-E3BB-4637-BED9-9E0806D94C15,40.39682202843301,-3.6731448953748327,Ayunt. Madrid: Calle de Luis Peidró (Iberdrola),,28007,2247,4,Public - Membership Required,True,50,True,3.0,4,100.0,"33,33,2,1036",1,2024-12-19T15:01:00Z,2024-12-19T15:01:00Z,public_membership,Iberdrola | BP Pulse (ES),True
216909,C16E66EB-E061-4A5C-8285-D069504F46A2,40.39530950328901,-3.676772040988311,Edificio Ombú,,28045,45,6,"Private - For Staff, Visitors or Customers",False,50,True,6.0,1,7.4,25,1,2025-04-12T07:22:00Z,2025-04-12T07:22:00Z,restricted,(Business Owner at Location),False
191837,8EBC10F0-56D2-4348-A78A-1DDCE6EC080D,40.40246545149009,-3.677727956371882,Parking Daoiz y Velarde,,28007,207,4,Public - Membership Required,True,50,True,2.0,1,22.0,25,1,2022-11-15T11:43:00Z,2022-11-15T11:43:00Z,public_membership,Endesa,True
259285,36835D0C-62EE-4D26-A5F0-A28E877A0612,40.405277800420606,-3.678978659420409,Parking Juan de Vera,,28007,45,5,Public - Pay At Location,False,50,True,1.0,1,7.4,25,1,2023-03-31T08:54:00Z,2023-03-31T08:54:00Z,public,(Business Owner at Location),True
299210,0E2D3605-7159-42F3-9A13-29090FE58661,40.390979740117245,-3.679572828125629,Exolum (Parking),,28045,3371,6,"Private - For Staff, Visitors or Customers",False,50,True,20.0,1,7.4,25,1,2024-06-18T05:54:00Z,2024-06-18T05:54:00Z,restricted,Wenea,False
191867,3D055C1A-3FAA-4488-9828-88679BE5D48E,40.41844119177014,-3.678494507197172,Ayunt. Madrid: Calle Ibiza (Wenea),Madrid,28009,3371,4,Public - Membership Required,True,50,True,2.0,4,50.0,"33,2,25,28",1,2024-12-15T19:17:00Z,2024-12-15T19:17:00Z,public_membership,Wenea,True
191868,53DA56E3-7C3F-49CD-B28F-2EF4AE0CB2D0,40.42050168645949,-3.67835862519928,Parking Arregax,Madrid,28009,207,4,Public - Membership Required,True,50,True,2.0,1,22.0,25,1,2022-11-23T12:20:00Z,2022-11-23T12:20:00Z,public_membership,Endesa,True
163860,35829227-5575-46C9-A644-0D395B51D21F,40.420352,-3.673746,Europar Plazas,Madrid,28009,45,4,Public - Membership Required,True,50,True,4.0,2,22.0,"30,1036",1,2022-11-22T14:49:00Z,2022-11-22T14:49:00Z,public_membership,(Business Owner at Location),True
191865,E17B215C-D7A2-472B-947A-D8780F86CAB1,40.41751648155682,-3.6727232845887556,Parking APK2 Maiquez Planta -2,Madrid,28009,2247,4,Public - Membership Required,True,50,True,2.0,2,7.3,"28,25",1,2022-11-14T12:40:00Z,2022-11-14T12:40:00Z,public_membership,Iberdrola | BP Pulse (ES),True
191866,B4C9D4C3-129D-4B84-B591-1AED49F63D8E,40.41744233043525,-3.673038037808965,Parking APK2 Maiquez Planta -1,Madrid,28009,3276,4,Public - Membership Required,True,50,True,5.0,1,7.36,25,1,2026-01-30T13:24:00Z,2026-01-30T13:24:00Z,public_membership,EDP,True
470252,B27374C9-E730-420B-A318-286FD5CBA313,40.41810592752245,-3.6685214563558475,Hospital Gregorio Marañón,,28007,3401,5,Public - Pay At Location,False,50,True,4.0,1,22.0,25,1,2025-11-26T19:52:00Z,2025-11-26T19:52:00Z,public,Electromaps,True
259291,ED35DBB1-5CCA-431A-91F8-DAAF216BD3A4,40.41530809076147,-3.6697630281552165,Citroen Doctor Esquerdo,,28007,45,6,"Private - For Staff, Visitors or Customers",False,50,True,4.0,1,7.4,25,1,2023-03-31T10:15:00Z,2023-03-31T10:15:00Z,restricted,(Business Owner at Location),False
207366,9099263A-17D4-4FDC-9AD7-81D7CA43B1A0,40.41730836230175,-3.6647416857618964,Parking Magalar,Madrid,28009,207,5,Public - Pay At Location,False,50,True,8.0,1,22.0,25,1,2024-05-10T07:49:00Z,2024-05-10T07:49:00Z,public,Endesa,True
307055,A7C91603-ECC9-4B5C-9C1F-60BFF5B3AB94,40.42074478577689,-3.6625730929613383,RTVE Torrespaña,,28028,3371,6,"Private - For Staff, Visitors or Customers",False,50,True,28.0,1,7.4,25,1,2024-12-15T19:18:00Z,2024-12-15T19:18:00Z,restricted,Wenea,False
210097,5DED855A-329F-4262-A0B2-129A7D1E583C,40.420998136834015,-3.6704937879683257,Parking Calle de O'Donnell 50,,28009,207,4,Public - Membership Required,True,50,True,4.0,1,11.0,25,1,2023-03-31T10:49:00Z,2023-03-31T10:49:00Z,public_membership,Endesa,True
279412,27932D6D-D4D6-431C-9919-7060ED787391,40.42157553816958,-3.672442368758567,Novotel Madrid Center,,28009,3324,6,"Private - For Staff, Visitors or Customers",False,50,True,10.0,2,22.0,"25,25",1,2023-10-24T19:21:00Z,2023-10-24T19:21:00Z,restricted,Zunder,False
207389,AEBFC0E2-5896-45BA-B6F8-D67687EC053C,40.424034641886834,-3.671530256875883,Wizink Center (Porsche DC),Madrid,28009,45,1,Public,,50,True,2.0,1,11.0,25,1,2023-02-19T09:09:00Z,2023-02-19T09:09:00Z,public,(Business Owner at Location),True
207390,80F74970-E2C9-4A15-8003-0532E7BB1B4C,40.42495489724166,-3.671866660658452,PARKING GOYA 115,Madrid,28009,45,5,Public - Pay At Location,False,50,True,3.0,1,7.4,25,1,2022-11-23T11:49:00Z,2022-11-23T11:49:00Z,public,(Business Owner at Location),True
24602,14592073-233D-486A-97E8-73421A062551,40.424590406845226,-3.6712368502833215,Ayunt. Madrid: Goya 123 (Iberdrola),Madrid,28009,2247,4,Public - Membership Required,True,50,True,2.0,3,50.0,"2,33,1036",1,2024-12-16T18:35:00Z,2024-12-16T18:35:00Z,public_membership,Iberdrola | BP Pulse (ES),True
209560,CCD70A0F-437C-4F67-B81E-825A3D686AC8,40.42416740033491,-3.6714159901534913,Iberdrola Wizik Center,Madrid,28009,2247,4,Public - Membership Required,True,50,True,2.0,2,7.4,"25,28",1,2023-02-18T14:02:00Z,2023-02-18T14:02:00Z,public_membership,Iberdrola | BP Pulse (ES),True
207365,8CD87A4D-76EC-456A-A5FA-AE2517B72B06,40.427625474840795,-3.6716192494014877,Parking Príncipe de Asturias,Madrid,28006,3401,4,Public - Membership Required,True,50,True,2.0,1,22.0,25,1,2023-04-28T09:57:00Z,2023-04-28T09:57:00Z,public_membership,Electromaps,True
191864,3E69887D-C1EB-4469-A110-77F8820F58FC,40.42769438151396,-3.670299282361242,Renault Jurado Alcalá,Madrid,28009,3275,6,"Private - For Staff, Visitors or Customers",False,50,True,1.0,2,3.7,"25,28",1,2022-10-10T10:40:00Z,2022-10-10T10:40:00Z,restricted,Renault,False
265970,0A371AF4-E90D-48B6-8C0C-202DD8FF3119,40.42637952283951,-3.6689279382744644,Parking Doctor Esquerdo 6,,28028,2247,4,Public - Membership Required,True,50,True,2.0,1,7.4,25,1,2023-05-25T16:46:00Z,2023-05-25T16:46:00Z,public_membership,Iberdrola | BP Pulse (ES),True
191862,BC986E6E-1ACA-414C-A149-99BD129B1ABD,40.426669548907256,-3.663726174909357,Renault Jurado Vizconde de Matamala,Madrid,28028,3275,6,"Private - For Staff, Visitors or Customers",False,50,True,2.0,1,22.0,25,1,2022-10-10T10:40:00Z,2022-10-10T10:40:00Z,restricted,Renault,False
191863,A3EFDDEE-29C6-4CAD-A0E4-B368D70D1F0E,40.43030353889378,-3.663901609851223,La Nube Sofás,Madrid,28028,45,6,"Private - For Staff, Visitors or Customers",False,50,True,1.0,1,3.7,25,1,2022-03-03T20:56:00Z,2022-03-03T20:56:00Z,restricted,(Business Owner at Location),False
296556,E347AC94-4617-4B66-B642-F89259E61A87,40.433959014065834,-3.6702400818112437,Parking San Cayetano (Wenea),,28028,3371,4,Public - Membership Required,True,50,True,8.0,1,22.0,25,1,2024-06-18T06:11:00Z,2024-06-18T06:11:00Z,public_membership,Wenea,True
202270,4A1FEA00-CE89-4F9E-A854-169E1EEFAEC2,40.43426357399778,-3.670697351828835,Parking Parkia San Cayetano,Madrid,28028,207,4,Public - Membership Required,True,50,True,4.0,4,50.0,"33,2,25,25",1,2023-01-04T09:31:00Z,2023-01-04T09:31:00Z,public_membership,Endesa,True
280863,25839DAE-EDFF-4157-8F93-BDB61BF060F7,40.433338022272295,-3.6726951002989665,Parking Colonial,,28028,45,2,Private - Restricted Access,True,50,True,9.0,1,7.4,25,1,2025-12-26T19:21:00Z,2025-12-26T19:21:00Z,restricted,(Business Owner at Location),False
299762,989B70EE-69B9-45EE-B8EF-D9816CEF4501,40.43180436798761,-3.673788671970783,Hotel Zenit,,28006,45,6,"Private - For Staff, Visitors or Customers",False,50,True,1.0,1,7.4,25,1,2024-06-04T17:40:00Z,2024-06-04T17:40:00Z,restricted,(Business Owner at Location),False
191860,5F4CBB5C-181D-4862-8D1C-AD146F857E94,40.43043109839263,-3.675410727017834,Parking GO Ortega y Gasset (Iberdrola),Madrid,28006,2247,4,Public - Membership Required,True,50,True,4.0,1,22.0,25,1,2022-11-23T10:27:00Z,2022-11-23T10:27:00Z,public_membership,Iberdrola | BP Pulse (ES),True
191859,A3553C12-82AD-45B2-B03C-12A6AF3896E4,40.430408830508384,-3.6764238337103734,Parking Ortega y Gasset (Endesa),Madrid,28006,207,4,Public - Membership Required,True,50,True,6.0,1,22.0,25,1,2022-11-23T10:28:00Z,2022-11-23T10:28:00Z,public_membership,Endesa,True
299761,EB3E4427-ECDA-4D15-A12F-10FC8B14BCFD,40.429203878623525,-3.673039908209205,Club Arsenal ,,28006,3586,6,"Private - For Staff, Visitors or Customers",False,50,True,4.0,1,11.0,25,1,2024-06-04T17:38:00Z,2024-06-04T17:38:00Z,restricted,POWY,False
280864,EEE88AD4-E2C2-4C1B-B0DA-9D7FDCA4F11B,40.428463126464436,-3.6741552432474407,Parking Colonial,,28006,45,2,Private - Restricted Access,True,50,True,6.0,1,7.4,25,1,2025-12-26T19:21:00Z,2025-12-26T19:21:00Z,restricted,(Business Owner at Location),False
299763,B83232D5-16FA-49B4-8D7C-5A7797B21520,40.42551681903703,-3.673693315747414,Parking Pryorato Alcalá,,28009,3571,4,Public - Membership Required,True,50,True,2.0,1,11.0,25,1,2024-06-04T17:43:00Z,2024-06-04T17:43:00Z,public_membership,TotalEnergies (ES),True
84266,84A70356-BA22-4350-8974-B3120D43E421,40.424557,-3.673235,El Corte Ingles Goya,Madrid,28009,45,4,Public - Membership Required,True,50,True,3.0,2,11.0,"30,25",1,2022-11-16T17:58:00Z,2022-11-16T17:58:00Z,public_membership,(Business Owner at Location),True
306548,7994208E-9E9A-4662-A6FD-5546003A6352,40.42542600168193,-3.678702853558889,Parking iPark General Pardiñas,,28001,207,4,Public - Membership Required,True,50,True,3.0,2,120.0,"33,25",1,2024-12-22T13:27:00Z,2024-12-22T13:27:00Z,public_membership,Endesa,True
210096,B4347603-22C4-437F-A919-D001C4E65CFC,40.42531635091669,-3.6779196068742976,Hotel Vincci Soma,,28001,207,6,"Private - For Staff, Visitors or Customers",False,50,True,4.0,1,22.0,25,1,2022-11-26T20:09:00Z,2022-11-26T20:09:00Z,restricted,Endesa,False
191858,AD204929-878A-49DD-BBAF-9AAF0D7D6BAB,40.43041841561981,-3.6793707165196565,Parking EMT Marqués de Salamanca,Madrid,28006,3553,4,Public - Membership Required,True,50,True,10.0,5,50.0,"1036,33,2,28,25",1,2024-10-13T16:15:00Z,2024-10-13T16:15:00Z,public_membership,Electro-EMT,True
191857,73C7D144-576B-4727-8AA4-5658D97A7A37,40.436396453731646,-3.678566212076703,NH Príncipe de Vergara,Madrid,28006,3371,6,"Private - For Staff, Visitors or Customers",False,50,True,1.0,1,7.4,25,1,2023-12-23T09:38:00Z,2023-12-23T09:38:00Z,restricted,Wenea,False
472118,A11C5F54-5FC4-4727-BA5C-19D9B93C38A0,40.43534964526938,-3.679577553078474,Hospital Nuestra Señora Del Rosario,,28006,3377,4,Public - Membership Required,True,50,True,4.0,1,22.0,25,1,2025-12-27T19:18:00Z,2025-12-27T19:18:00Z,public_membership,eTecnic,True
288805,A839B15F-1AA5-4860-84A8-82B6B0CE483D,40.43772629752749,-3.6788639064023982,"Parking Calle de María de Molina, 41",,28006,3324,6,"Private - For Staff, Visitors or Customers",False,50,True,2.0,1,22.0,25,1,2023-12-23T09:39:00Z,2023-12-23T09:39:00Z,restricted,Zunder,False
266299,3DD6A1C0-DC23-46B2-B9F8-9C95D4ADBFE8,40.44186443761134,-3.679121404578609,Reale Seguros,,28002,91,6,"Private - For Staff, Visitors or Customers",False,50,True,20.0,2,22.0,"25,25",1,2023-05-31T07:27:00Z,2023-05-31T07:27:00Z,restricted,Repsol - Ibil (ES),False
280848,93B4CA15-9F69-4A64-9E6D-E0EE95D0F778,40.44098078728962,-3.679811947888112,Parking Colonial,,28002,45,2,Private - Restricted Access,True,50,True,2.0,1,7.4,25,1,2025-12-26T19:21:00Z,2025-12-26T19:21:00Z,restricted,(Business Owner at Location),False
280849,508A2FC7-8F6D-4602-AC2A-D378E6B019A5,40.439707221869554,-3.678220214852786,Parking Colonial,,28002,45,2,Private - Restricted Access,True,50,True,14.0,1,7.4,25,1,2025-12-26T19:21:00Z,2025-12-26T19:21:00Z,restricted,(Business Owner at Location),False
470257,297ACEEE-511E-44B5-8B9C-19531DB996EF,40.443216716519515,-3.6766378827719564,Parking Pavapark Lopez de Hoyos,,28002,3955,5,Public - Pay At Location,False,50,True,4.0,1,11.0,25,1,2026-01-10T07:48:00Z,2026-01-10T07:48:00Z,public,Pavapark (ES),True
163557,D3F5DA23-7278-46BA-A15F-9E0351A4E431,40.441895,-3.674985,My Car Wash Madrid Canillas,26,28002,45,6,"Private - For Staff, Visitors or Customers",False,50,True,2.0,2,22.0,"30,1036",1,2022-09-20T13:54:00Z,2022-09-20T13:54:00Z,restricted,(Business Owner at Location),False
470255,F2D6A6BA-C473-4EA6-9644-F168513CB2B8,40.43879856061298,-3.672761680346184,Hotel Abba Madrid,,28028,45,6,"Private - For Staff, Visitors or Customers",False,50,True,2.0,1,11.0,25,1,2025-11-26T20:06:00Z,2025-11-26T20:06:00Z,restricted,(Business Owner at Location),False
287674,F63809B7-DA3C-47F3-A08E-07EA93B630DA,40.43797268263839,-3.672658005251037,Hotel AC Avenida de America,,28028,207,6,"Private - For Staff, Visitors or Customers",False,50,True,4.0,2,60.0,"25,33",1,2025-11-26T20:04:00Z,2025-11-26T20:04:00Z,restricted,Endesa,False
210003,2BB4C4B3-6215-4B16-BAC8-F0C24277C43B,40.43871831976983,-3.675640768486687,Tesla Supercharger Avda. América (Uber),,28006,23,2,Private - Restricted Access,True,150,False,8.0,2,150.0,"27,1036",1,2024-06-21T20:58:00Z,2024-06-21T20:58:00Z,restricted,Tesla (Tesla-only charging),False
201787,CCB3A07C-D1D1-4C0E-8DA5-869789FC441E,40.438207705533955,-3.676452948428164,Intercambiador de Avenida de América,Madrid,28006,2247,4,Public - Membership Required,True,50,True,14.0,3,50.0,"33,2,1036",1,2023-01-03T12:53:00Z,2023-01-03T12:53:00Z,public_membership,Iberdrola | BP Pulse (ES),True
207359,BC97DBE2-4F20-43E1-B51A-E3AA38D24CEE,40.43725760996642,-3.6757321205246853,Parking Coslada 3,Madrid,28028,207,5,Public - Pay At Location,False,50,True,4.0,2,75.0,"25,33",1,2026-01-12T21:03:00Z,2026-01-12T21:03:00Z,public,Endesa,True
191855,09372E08-0E3D-41AB-9A42-C11B9A5D4A17,40.43512127088846,-3.676466868633497,VP El Madroño,Madrid,28006,45,5,Public - Pay At Location,False,50,True,6.0,1,7.4,1036,1,2022-11-19T11:14:00Z,2022-11-19T11:14:00Z,public,(Business Owner at Location),True
191856,E1257397-7F3D-45D2-935A-3096C0F9AB46,40.43484096959631,-3.675439330689983,Interparking Diego de León,Madrid,28006,3975,4,Public - Membership Required,True,50,True,6.0,1,8.0,25,1,2026-02-14T14:48:00Z,2026-02-14T14:48:00Z,public_membership,Interparking (ES),True
306336,918ED8CD-F0C9-4C78-AAAA-B78968D05AA8,40.436852933619065,-3.6686216203908373,Bluspace Salamanca,,28028,3786,4,Public - Membership Required,True,50,True,1.0,1,30.0,33,1,2024-11-21T14:34:00Z,2024-11-21T14:34:00Z,public_membership,Umbrella eMobility (ES),True
192258,1AA7E8A3-02F1-4ACF-846B-A46D6A8BACBB,40.443483709836954,-3.6686724055643936,Parking Urbasa Clara Del Rey,Madrid,28002,207,4,Public - Membership Required,True,50,True,2.0,1,22.0,25,1,2023-01-03T12:34:00Z,2023-01-03T12:34:00Z,public_membership,Endesa,True
297983,5EDF54BB-8EC9-470C-8C1E-DC5E75419A9E,40.4423325749803,-3.669415993883291,Mercadona  Corazón de María,,28002,3499,4,Public - Membership Required,True,50,True,2.0,1,22.0,25,1,2024-04-29T08:21:00Z,2024-04-29T08:21:00Z,public_membership,Mercadona,True
192257,35EBB2FC-B672-45FD-843A-D7CA57D9BC5F,40.440412142925055,-3.6702592712081525,Hotel Silken Puerta América,Madrid,28002,45,6,"Private - For Staff, Visitors or Customers",False,50,True,4.0,2,11.0,"28,1036",1,2023-02-19T09:01:00Z,2023-02-19T09:01:00Z,restricted,(Business Owner at Location),False
192260,E76A388E-2DC5-42A6-82FB-C768B6668C70,40.44870652935674,-3.6687256974726097,Mercadona López de Hoyos,Madrid,28002,3499,4,Public - Membership Required,True,50,True,2.0,1,22.0,25,1,2025-11-21T16:13:00Z,2025-11-21T16:13:00Z,public_membership,Mercadona,True
209731,435235F4-C747-4AB6-92BD-BD1CF1B6E8C3,40.44529053922918,-3.6676660180826275,Ahorramas Santa Rita,,28002,3276,4,Public - Membership Required,True,50,True,2.0,1,22.0,25,1,2024-11-22T12:07:00Z,2024-11-22T12:07:00Z,public_membership,EDP,True
192259,B91E0567-F1C3-4151-94A7-EDCC840755FC,40.44457726276221,-3.6669774157880966,Parking APK2 Corazón de María,Madrid,28002,3276,4,Public - Membership Required,True,50,True,6.0,1,22.0,25,1,2026-01-30T13:22:00Z,2026-01-30T13:22:00Z,public_membership,EDP,True
470256,81C8FA57-32F7-4E4B-B452-196D5754657E,40.447631378093035,-3.6659916213330916,Cepsa Corazón de María,,28002,3584,4,Public - Membership Required,True,50,True,1.0,1,150.0,33,1,2026-07-14T15:28:00Z,2026-07-14T15:28:00Z,public_membership,Moeve (ES),True
279141,B06499B4-0666-4C2E-B340-12710488B801,40.444733759679195,-3.677419446373335,Junta Municipal Chamartín,,28002,1,6,"Private - For Staff, Visitors or Customers",False,50,True,3.0,1,7.4,25,1,2023-10-28T18:18:00Z,2023-10-28T18:18:00Z,restricted,(Unknown Operator),False
266300,C10E5366-1942-4BDE-ADDC-7763D9F82F69,40.44709518368225,-3.677282238066482,Uría Menéndez,,28002,91,6,"Private - For Staff, Visitors or Customers",False,50,True,9.0,1,7.4,25,1,2023-12-04T14:50:00Z,2023-12-04T14:50:00Z,restricted,Repsol - Ibil (ES),False
284808,690B0487-9367-4A2A-A256-182C31F35969,40.447106758491714,-3.6786758734771183,Calle de las Caleras,,28002,91,2,Private - Restricted Access,True,50,True,16.0,1,7.4,25,1,2023-12-04T14:50:00Z,2023-12-04T14:50:00Z,restricted,Repsol - Ibil (ES),False
470258,57A217E0-5FFE-4038-9E7B-DEB1BF027D1F,40.449720766205786,-3.6782687374924308,Parking Príncipe de Vergara,,28002,207,4,Public - Membership Required,True,50,True,4.0,1,22.0,25,1,2025-11-26T20:15:00Z,2025-11-26T20:15:00Z,public_membership,Endesa,True
297495,44706B2C-06B7-4C51-8799-0B2FD62C1200,40.450356638230915,-3.677850810659322,Ayunt. Madrid: Calle del Príncipe de Vergara (Wenea),,28002,3371,4,Public - Membership Required,True,150,False,3.0,3,100.0,"33,2,25",1,2025-05-08T14:53:00Z,2025-05-08T14:53:00Z,public_membership,Wenea,True
192261,4E35900B-00A5-453A-BA98-96D7EA6DB064,40.4545298030973,-3.6781911033263555,ROISA HOSTAL BOUTIQUE 1,Madrid,28016,2247,6,"Private - For Staff, Visitors or Customers",False,50,True,2.0,1,7.4,25,1,2022-10-30T12:26:00Z,2022-10-30T12:26:00Z,restricted,Iberdrola | BP Pulse (ES),False
307306,7AAECE67-9502-481C-85CA-7066C62315D7,40.45525503736462,-3.6785574422610807,Parking Del Olmo,Madrid,,3377,4,Public - Membership Required,True,50,True,3.0,1,7.0,25,1,2025-12-27T19:14:00Z,2025-12-27T19:14:00Z,public_membership,eTecnic,True
191948,87B8AE56-4E98-4189-AFCF-4FEC3DBFC518,40.46257497936901,-3.675296908220446,Parking Alcampo Pío XII,Madrid,E28016,2247,4,Public - Membership Required,True,50,True,1.0,2,7.4,"25,28",1,2023-01-03T11:06:00Z,2023-01-03T11:06:00Z,public_membership,Iberdrola | BP Pulse (ES),True
505220,BEDD1209-4CE0-42EB-8B8E-CBCBCBB7B25D,40.45874339521126,-3.6761781076022544,Parking Parkia Republica Dominicana (Wenea),,28016,3371,4,Public - Membership Required,True,50,True,2.0,1,7.4,25,1,2026-08-18T10:30:00Z,2026-08-18T10:30:00Z,public_membership,Wenea,True
191262,6CBBA2D1-4A58-4397-B50C-C7655CD80985,40.45890736874219,-3.676519844998353,Parking Indigo Republica Dominicana,Madrid,28016,3571,4,Public - Membership Required,True,50,True,2.0,1,7.4,25,1,2026-02-01T14:43:00Z,2026-02-01T14:43:00Z,public_membership,TotalEnergies (ES),True
191259,6631E538-466B-4C24-94A1-8D9521FA0C03,40.45952678727372,-3.672402837611571,Mercadona calle Guatemala Madrid,Madrid,E28016,3499,4,Public - Membership Required,True,50,True,4.0,1,22.0,25,1,2025-05-18T18:45:00Z,2025-05-18T18:45:00Z,public_membership,Mercadona,True
191258,94C85A73-E7E7-4753-877A-5B7A412E0C60,40.45877901999074,-3.6675595645011754,Repsol José María Soler,Madrid,E28016,91,4,Public - Membership Required,True,50,True,5.0,1,300.0,33,1,2026-09-05T11:04:00Z,2026-09-05T11:04:00Z,public_membership,Repsol - Ibil (ES),True
266146,2850031A-1167-4521-975E-B9D48BE683AD,40.46046104888933,-3.6676390387765423,Parking Club de Tenis Chamartín,,28016,3459,6,"Private - For Staff, Visitors or Customers",False,50,True,4.0,1,11.0,25,1,2023-05-28T13:50:00Z,2023-05-28T13:50:00Z,restricted,ACCIONA - Cargacoches,False
307307,009790E7-7594-4451-B12C-B5DBD7A2ED6C,40.461032352450104,-3.6696014187996298,Edificio IPG,Madrid,,3377,2,Private - Restricted Access,True,50,True,7.0,1,7.0,25,1,2025-12-27T19:16:00Z,2025-12-27T19:16:00Z,restricted,eTecnic,False
61059,FD66282E-6CC8-4F47-9BEB-7516C9ADE0A3,40.46681154310431,-3.670339090929019,Ayunt. Madrid: Marcelo Spínola 10 (Iberdrola),Madrid,28016,2247,4,Public - Membership Required,True,50,True,2.0,3,50.0,"33,25,2",1,2025-11-30T11:17:00Z,2025-11-30T11:17:00Z,public_membership,Iberdrola | BP Pulse (ES),True
207153,8D0CAD36-6B47-441E-9BE1-1A103873E5E5,40.4694928072594,-3.6693386046365504,Hotel Nuevo Madrid,Madrid,28036,45,6,"Private - For Staff, Visitors or Customers",False,50,True,3.0,2,7.4,"25,1",1,2022-10-09T12:09:00Z,2022-10-09T12:09:00Z,restricted,(Business Owner at Location),False
61062,A1E8E83B-26A9-462B-94DB-756E13AE8911,40.472723747881616,-3.662978400814495,Naturgy. Gas Natural Fenosa,Madrid,28033,3573,4,Public - Membership Required,True,50,True,2.0,3,50.0,"33,2,25",1,2026-01-02T21:11:00Z,2026-01-02T21:11:00Z,public_membership,Naturgy (ES),True
302115,679C1D88-B372-416E-990B-680E9F79989C,40.4738545832314,-3.671847180417444,Torre Ágora,,28033,45,2,Private - Restricted Access,True,50,True,12.0,1,7.4,25,1,2025-12-21T08:50:00Z,2025-12-21T08:50:00Z,restricted,(Business Owner at Location),False
302116,5239AA88-69A1-4C28-B2A6-6B649FDB52AB,40.4738545832314,-3.671847180417444,Torre Ágora,,28033,45,2,Private - Restricted Access,True,50,True,12.0,1,7.4,25,1,2025-12-21T08:50:00Z,2025-12-21T08:50:00Z,restricted,(Business Owner at Location),False
302153,C9407C76-BC51-4B41-AE00-BA12B46777B2,40.4738545832314,-3.671847180417444,Tirre Ágora,,28033,45,2,Private - Restricted Access,True,50,True,12.0,1,7.4,25,1,2024-10-19T17:38:00Z,2024-10-19T17:38:00Z,restricted,(Business Owner at Location),False
307305,9A5E58DE-575D-43EC-8ACA-98E70A1C2956,40.474350365462755,-3.676240482618141,HNA Chamartín,Madrid,,3459,2,Private - Restricted Access,True,50,True,1.0,1,22.0,25,1,2024-12-20T17:36:00Z,2024-12-20T17:36:00Z,restricted,ACCIONA - Cargacoches,False
207337,83573A92-B8ED-4A80-A335-5B35B253C422,40.46894427869461,-3.674163673945145,Hote Ilunion Pio XII Madrid,Madrid,28016,3889,6,"Private - For Staff, Visitors or Customers",False,50,True,6.0,1,22.0,25,1,2026-03-13T19:30:00Z,2026-03-13T19:30:00Z,restricted,emovili Fast (ES),False
61295,8940E0F5-2E4F-472F-9EDD-B3346167D184,40.47268302735057,-3.6788897753308447,Parking EMT Ntra. Sra. del Recuerdo,Madrid,28036,3553,4,Public - Membership Required,True,50,True,30.0,4,50.0,"2,25,33,25",1,2024-10-13T16:19:00Z,2024-10-13T16:19:00Z,public_membership,Electro-EMT,True
499815,0679C40A-9F81-4E9A-AB92-54D933BC400B,40.476907256022486,-3.6752869281385756,C.D. La Chara Chamartín,,28036,2247,6,"Private - For Staff, Visitors or Customers",False,50,True,1.0,1,7.4,25,1,2026-07-21T10:07:00Z,2026-07-21T10:07:00Z,restricted,Iberdrola | BP Pulse (ES),False
209725,DE31DBEC-16DD-4879-A4BD-8C74AD2B7D79,40.47623656865835,-3.6719222874817206,Parking GMP parque Norte,,28033,3276,6,"Private - For Staff, Visitors or Customers",False,50,True,41.0,1,22.0,25,1,2025-12-24T22:03:00Z,2025-12-24T22:03:00Z,restricted,EDP,False
209724,C2EDBCBB-0615-4DF3-ACCF-D7BBF95D7590,40.47835156446473,-3.662560807006116,Ahorramas Chirivel,,28033,3276,4,Public - Membership Required,True,50,True,2.0,1,22.0,25,1,2025-11-25T18:23:00Z,2025-11-25T18:23:00Z,public_membership,EDP,True
191594,5B7771FB-9954-4FF8-B59D-07EFFC228DF3,40.47599653268884,-3.588444775659326,AhorraMas Barajas,Madrid,28042,3276,4,Public - Membership Required,True,50,True,4.0,1,7.4,25,1,2023-02-11T09:36:00Z,2023-02-11T09:36:00Z,public_membership,EDP,True
191593,3B2F230C-4C07-43EB-AB9C-E460F4C4BA97,40.47089853553885,-3.589011459971374,Mercadona Ensanche de Barajas,Madrid,28042,3499,4,Public - Membership Required,True,50,True,4.0,1,22.0,25,1,2025-10-17T19:02:00Z,2025-10-17T19:02:00Z,public_membership,Mercadona,True
461980,FA8BF13B-1A05-41B5-BB98-DA33AB5EEE53,40.46919433333312,-3.590458820090589,Ballenoil Barajas,Barajas,,3880,4,Public - Membership Required,True,150,False,2.0,1,60.0,33,1,2025-10-10T07:21:00Z,2025-10-10T07:21:00Z,public_membership,Ballenoil (ES),True
296463,D8DBCE72-6C1D-4220-86A1-FA19C928E728,40.464203769371125,-3.582061655172538,Parking Larga Estancia Aeropuerto Madrid,,28042,45,5,Public - Pay At Location,False,50,True,8.0,1,11.0,25,1,2024-03-13T15:01:00Z,2024-03-13T15:01:00Z,public,(Business Owner at Location),True
163633,069EC993-B494-407C-B2FC-75D580644178,40.45869,-3.582419,Hotel Senator Barajas,27,28042,45,6,"Private - For Staff, Visitors or Customers",False,50,True,2.0,1,22.0,1036,1,2026-09-04T14:53:00Z,2026-09-04T14:53:00Z,restricted,(Business Owner at Location),False
191751,86A59F7F-07B5-45F6-94B1-3D12AA03219B,40.457919673901586,-3.5834082705970047,SERCOTEL MADRID AEROPUERTO,Madrid,28042,45,6,"Private - For Staff, Visitors or Customers",False,50,True,2.0,2,11.0,"30,1036",1,2022-09-19T21:47:00Z,2022-09-19T21:47:00Z,restricted,(Business Owner at Location),False
274092,F7179A7C-E1AB-4B41-89FA-35585D84EDC4,40.463964609124645,-3.5874252710798373,Cepsa Barajas,,28042,3584,4,Public - Membership Required,True,50,True,2.0,1,300.0,33,1,2026-07-21T10:00:00Z,2026-07-21T10:00:00Z,public_membership,Moeve (ES),True
266804,B14BC514-87DE-4DED-96E9-C98316292D9E,40.4654071947939,-3.592839573940978,C.C. Bay Center,,28042,3550,4,Public - Membership Required,True,50,True,6.0,2,120.0,"33,2",1,2024-09-07T17:28:00Z,2024-09-07T17:28:00Z,public_membership,PowerDot (Es),True
271077,5EF912D0-2A63-485E-8EFD-E945DA719057,40.468126672001546,-3.610017287488972,Golf Olivar de la Hijosa,,28055,3552,4,Public - Membership Required,True,50,True,6.0,4,120.0,"33,2,25,33",1,2025-05-08T14:49:00Z,2025-05-08T14:49:00Z,public_membership,BarterGo (ES),True
191753,95BD94DA-8487-49FF-A6AF-F8DC4AE66939,40.462852732081075,-3.614793811082251,Hotel Novotel,Madrid,28043,45,6,"Private - For Staff, Visitors or Customers",False,50,True,4.0,1,3.7,28,1,2022-11-20T20:25:00Z,2022-11-20T20:25:00Z,restricted,(Business Owner at Location),False
191752,F79DCC63-A5F6-4BAA-9102-95EFF69EDFF7,40.4627481305923,-3.6157083775624415,"Hotel Pullman, Campo de las Naciones",Madrid,28043,45,6,"Private - For Staff, Visitors or Customers",False,50,True,4.0,1,2.76,28,1,2022-11-20T20:24:00Z,2022-11-20T20:24:00Z,restricted,(Business Owner at Location),False
169727,8D90E511-C780-45D3-B1B8-040B58C429A4,40.45859383902581,-3.6166079948521883,Campo de las Naciones [Ionity],Madrid,28043,3299,4,Public - Membership Required,True,50,True,6.0,1,350.0,33,1,2025-02-20T19:34:00Z,2025-02-20T19:34:00Z,public_membership,Ionity,True
308177,67BB18D8-77D3-414A-A4D1-F459139C0295,40.458933563175236,-3.615952440581424,Cepsa Campo de Las Naciones,Madrid,,3584,4,Public - Membership Required,True,150,False,6.0,3,500.0,"33,33,33",1,2025-01-20T22:14:00Z,2025-01-20T22:14:00Z,public_membership,Moeve (ES),True
8724,B7FAB511-9BEE-4585-97D0-C65F54229CF4,40.459065822953164,-3.6173857054757264,Endesa Ribera del Loira,Madrid,28042,207,6,"Private - For Staff, Visitors or Customers",False,0,,13.0,1,7.4,1036,1,2022-11-22T10:40:00Z,2022-11-22T10:40:00Z,restricted,Endesa,False
279140,62D2B100-2127-4412-9CB9-974DB51FC8F9,40.46220678011284,-3.6178847452467267,Edificio APOT ,,28043,45,6,"Private - For Staff, Visitors or Customers",False,50,True,4.0,2,22.0,"25,25",1,2023-10-28T18:21:00Z,2023-10-28T18:21:00Z,restricted,(Business Owner at Location),False
191754,25F7FF27-477B-49DE-96EF-040E3781A531,40.46309886577785,-3.6187903965267196,IFEMA - Parking Egeo,Madrid,28043,45,6,"Private - For Staff, Visitors or Customers",False,50,True,14.0,1,7.4,25,1,2025-12-31T20:02:00Z,2025-12-31T20:02:00Z,restricted,(Business Owner at Location),False
201784,870D7452-9409-4589-934B-A52BCF6CBFE0,40.46461293184271,-3.6185884756979476,Parking IFEMA,Madrid,28043,2247,4,Public - Membership Required,True,50,True,34.0,4,50.0,"33,2,1036,25",1,2022-12-13T09:49:00Z,2022-12-13T09:49:00Z,public_membership,Iberdrola | BP Pulse (ES),True
191755,D47AB71D-5754-4BE1-B004-5D29068BF1EA,40.476631468168506,-3.6367868692547063,ING / CBRE,Madrid,28043,1,6,"Private - For Staff, Visitors or Customers",False,50,True,3.0,1,22.0,25,1,2025-10-09T18:46:00Z,2025-10-09T18:46:00Z,restricted,(Unknown Operator),False
290260,1C47C1FE-DF75-4A67-A925-C4DE2EF5FE38,40.469173207104745,-3.642133220047498,Ayunt. Madrid: Glorieta de Sandro Pertini (Iberdrola),,28043,2247,4,Public - Membership Required,True,50,True,3.0,4,100.0,"33,33,2,1036",1,2025-11-25T18:28:00Z,2025-11-25T18:28:00Z,public_membership,Iberdrola | BP Pulse (ES),True
192753,2CDE903B-7406-4C16-BBDA-5C1087632844,40.475206695589634,-3.6476943822958674,Mercadona Hortaleza,Madrid,28033,3499,4,Public - Membership Required,True,50,True,2.0,1,22.0,25,1,2025-10-17T19:06:00Z,2025-10-17T19:06:00Z,public_membership,Mercadona,True
307304,5184EA71-8B8C-47A8-ABE1-76FDE3221DE9,40.467477656370676,-3.658719710337948,Edificio La Magdalena. Campus Acciona,Madrid,,3459,2,Private - Restricted Access,True,50,True,2.0,1,22.0,25,1,2024-12-20T17:35:00Z,2024-12-20T17:35:00Z,restricted,ACCIONA - Cargacoches,False
191584,107B5637-F854-4950-8685-7AACCD26CDE6,40.46619837339071,-3.653919471901645,Mercadona Ricardo San Juan,Madrid,28033,3499,4,Public - Membership Required,True,50,True,2.0,1,22.0,25,1,2026-06-08T06:26:00Z,2026-06-08T06:26:00Z,public_membership,Mercadona,True
201630,25FC97DC-29A2-4269-B91A-1E3A0BC230CB,40.45738150093382,-3.658297237313718,REPSOL Arturo Soria,Madrid,E28016,91,4,Public - Membership Required,True,50,True,3.0,4,100.0,"33,2,1036,33",1,2026-01-11T18:37:00Z,2026-01-11T18:37:00Z,public_membership,Repsol - Ibil (ES),True
470158,3BAF1A9C-2EA7-4CFD-8A73-DFF194AA52CD,40.45683529674557,-3.6498813208615957,Carrefour Moscatelar,Madrid,,45,1,Public,,50,True,2.0,1,7.4,25,1,2025-11-25T18:44:00Z,2025-11-25T18:44:00Z,public,(Business Owner at Location),True
77710,5E01D92A-8C7F-4EA5-99E6-554CF1006B2C,40.4648787,-3.63614889999997,E.S. Shell Av. Machu Pichu (GIC),Madrid,28043,210,4,Public - Membership Required,True,50,True,1.0,3,50.0,"2,33,25",1,2025-11-25T18:31:00Z,2025-11-25T18:31:00Z,public_membership,GIC,True
235255,7823F404-8F77-4F0C-AF59-0B90F2E9CFE2,40.46227160242444,-3.6384256038157616,Repsol Silvano,,28043,207,4,Public - Membership Required,True,50,True,2.0,3,60.0,"33,1036,2",1,2026-08-31T14:15:00Z,2026-08-31T14:15:00Z,public_membership,Endesa,True
70981,06836DBF-953F-4A0B-8E2B-D5F65152E84C,40.46954679014819,-3.6404543115784227,CC Gran Vía de Hortaleza,Madrid,28043,45,1,Public,,50,True,4.0,1,7.4,25,1,2022-10-09T12:02:00Z,2022-10-09T12:02:00Z,public,(Business Owner at Location),True
298562,F7F67DD2-9D5F-4063-A207-956E16480019,40.475643998789025,-3.640640281688974,Residencia Los Nogales Hortaleza,,28033,207,6,"Private - For Staff, Visitors or Customers",False,50,True,2.0,1,22.0,25,1,2024-05-10T07:59:00Z,2024-05-10T07:59:00Z,restricted,Endesa,False
470157,1CF7ABD5-F39A-46AE-A978-EA5A3BCF8555,40.47180827577486,-3.635271938225287,Lidl Bucaramanga,Madrid,,38,1,Public,,50,True,4.0,1,11.0,25,1,2025-11-25T18:27:00Z,2025-11-25T18:27:00Z,public,Lidl,True
271087,4DC2182F-0727-45EB-ABA7-07E2BC5B6B71,40.469434582946235,-3.6272931819171674,E.S. Shell Campo Naciones,,28043,200,4,Public - Membership Required,True,50,True,2.0,1,150.0,33,1,2025-10-09T18:48:00Z,2025-10-09T18:48:00Z,public_membership,PRIOE,True
489152,DFD3AFCB-AA58-4531-A137-85AD75E74159,40.47363822531716,-3.6309094082580486,Ed. Iberdrola,,28033,2247,3,Privately Owned - Notice Required,,50,True,10.0,1,7.4,25,1,2026-05-12T12:43:00Z,2026-05-12T12:43:00Z,restricted,Iberdrola | BP Pulse (ES),False
508024,A0044DBD-FCB5-4D07-92F8-86BC31F12A5B,40.4734759756349,-3.6242630861015925,Shell Valdebebas,,29043,200,4,Public - Membership Required,True,50,True,2.0,1,180.0,33,1,2026-09-04T14:12:00Z,2026-09-04T14:12:00Z,public_membership,PRIOE,True
306115,98843804-BFC5-4634-9601-C9ADF508C6AE,40.46638491946703,-3.625326251769735,Camara Comercio,,28043,45,6,"Private - For Staff, Visitors or Customers",False,50,True,40.0,1,7.4,25,1,2026-01-01T21:27:00Z,2026-01-01T21:27:00Z,restricted,(Business Owner at Location),False
209727,A610AE61-45B7-417E-821D-D617950C488E,40.462917481296955,-3.6298173635564126,Ahorramas Silvano,,28043,3276,4,Public - Membership Required,True,50,True,2.0,1,22.0,25,1,2023-02-11T11:09:00Z,2023-02-11T11:09:00Z,public_membership,EDP,True
209726,DA820370-73D4-4913-BBA8-09BC51C44210,40.46056596344005,-3.631751541770427,Ahorramas Hortaleza,,28043,3276,4,Public - Membership Required,True,50,True,4.0,1,22.0,25,1,2025-11-25T18:29:00Z,2025-11-25T18:29:00Z,public_membership,EDP,True
280831,881AE68A-F256-4A62-88A9-95BD19BE8508,40.455038119853526,-3.6226106148390897,Parking Colonial,,28043,45,2,Private - Restricted Access,True,50,True,8.0,1,7.4,25,1,2025-12-26T19:16:00Z,2025-12-26T19:16:00Z,restricted,(Business Owner at Location),False
210037,AD3CAA33-08B9-4F49-BCE5-694230538A48,40.45075079839188,-3.6270574140111194,CEPSA Glorieta del Yucatán,,28043,3584,4,Public - Membership Required,True,50,True,2.0,2,150.0,"33,33",1,2025-05-14T15:17:00Z,2025-05-14T15:17:00Z,public_membership,Moeve (ES),True
191516,9ACECEF4-887B-4AA6-A7B1-10F09FBB6C95,40.447710255198075,-3.6279058269398377,Hotel Melia Avenida de America,Madrid,28027,45,6,"Private - For Staff, Visitors or Customers",False,50,True,2.0,1,11.0,25,1,2023-02-19T08:56:00Z,2023-02-19T08:56:00Z,restricted,(Business Owner at Location),False
191517,94F44015-EF93-4694-B935-9926CB67563E,40.448083450335915,-3.6250121748687802,Clínica Universidad de Navarra,Madrid,28027,3556,5,Public - Pay At Location,False,50,True,8.0,2,22.0,"28,25",1,2022-10-18T12:15:00Z,2022-10-18T12:15:00Z,public,Place To Plug,True
298563,C20BAE7A-1F03-4D0F-AFCC-4D3E9B949694,40.44791201126614,-3.6223353346238696,CUN  Parking Postgrado,,28022,207,4,Public - Membership Required,True,50,True,6.0,1,7.0,25,1,2024-05-10T07:55:00Z,2024-05-10T07:55:00Z,public_membership,Endesa,True
191541,2F2066D4-22BF-4F09-BB7D-E41BACDEEF4F,40.44100961987763,-3.6252970826860746,Repsol San Blas,Madrid,8037,91,4,Public - Membership Required,True,50,True,1.0,3,50.0,"33,25,2",1,2024-05-03T16:40:00Z,2024-05-03T16:40:00Z,public_membership,Repsol - Ibil (ES),True
191542,1E27F3ED-F2F6-470D-846D-444DD9AC7C9E,40.4415781347185,-3.6237266719366517,Renault Retail Group Alcalá 520,Madrid,8037,3275,6,"Private - For Staff, Visitors or Customers",False,50,True,1.0,2,11.0,"25,28",1,2022-10-09T12:30:00Z,2022-10-09T12:30:00Z,restricted,Renault,False
460542,D83B751C-0F50-4EAA-A636-937DFAF4120B,40.438202247551914,-3.622848476246901,Bluespace Alcalá,Madrid,,3786,4,Public - Membership Required,True,50,True,1.0,1,30.0,33,1,2025-08-24T13:47:00Z,2025-08-24T13:47:00Z,public_membership,Umbrella eMobility (ES),True
191540,D1A023E9-3C82-4361-BCD2-7035E1265145,40.44032641501343,-3.6253711612772577,Hotel Bestprice,Madrid,8037,45,6,"Private - For Staff, Visitors or Customers",False,50,True,1.0,1,7.0,25,1,2022-10-09T12:29:00Z,2022-10-09T12:29:00Z,restricted,(Business Owner at Location),False
191539,90A90B9F-A7A1-4D7F-AEC1-D6A8DF69DE7C,40.43960709346635,-3.6263427072954073,Ibis calle Alcalá,Madrid,8037,45,6,"Private - For Staff, Visitors or Customers",False,50,True,1.0,1,3.7,25,1,2022-10-09T12:29:00Z,2022-10-09T12:29:00Z,restricted,(Business Owner at Location),False
210578,A6CCD14A-2F63-4635-89BB-D48F96E18A7E,40.43645128008521,-3.6301249741761126,WeTaxi ,,28037,3571,4,Public - Membership Required,True,50,True,4.0,4,150.0,"33,2,25,1036",1,2025-11-25T19:07:00Z,2025-11-25T19:07:00Z,public_membership,TotalEnergies (ES),True
209343,92430C3F-25B4-4E42-AB24-483E75251C26,40.43892876836418,-3.631577618687743,Hotel Elba (parking interior),,28027,3571,6,"Private - For Staff, Visitors or Customers",False,50,True,4.0,1,22.0,25,1,2025-11-30T19:04:00Z,2025-11-30T19:04:00Z,restricted,TotalEnergies (ES),False
280530,29CAC4FA-41B7-4F36-9A60-23D74BB5158A,40.43812941055967,-3.631053856072299,Nissan Caetano (Allego),,28037,103,6,"Private - For Staff, Visitors or Customers",False,50,True,1.0,2,50.0,"33,2",1,2023-11-28T14:35:00Z,2023-11-28T14:35:00Z,restricted,Allego BV,False
209342,2ACFDB0D-AEBD-4379-AD2A-E17BBE284326,40.43941783844983,-3.63185761786454,Hotel Elba (Wenea),,28027,3571,4,Public - Membership Required,True,50,True,2.0,3,100.0,"33,2,25",1,2025-04-05T07:29:00Z,2025-04-05T07:29:00Z,public_membership,TotalEnergies (ES),True
191536,E61E1E7F-09B3-44D8-A13D-415FB3AA1E28,40.436972704680414,-3.632596128136015,Bosch CGN 01 - Madrid,Madrid,28027,45,6,"Private - For Staff, Visitors or Customers",False,50,True,8.0,3,22.0,"25,25,28",1,2022-10-09T12:26:00Z,2022-10-09T12:26:00Z,restricted,(Business Owner at Location),False
191534,CFD1B35C-64C0-477C-AB2E-5F1D1837E2FA,40.437016022982135,-3.633802694669015,Bosch CGN 07 - Madrid,Madrid,28027,45,6,"Private - For Staff, Visitors or Customers",False,50,True,8.0,2,22.0,"25,25",1,2022-10-09T12:28:00Z,2022-10-09T12:28:00Z,restricted,(Business Owner at Location),False
191530,3434D5DA-2BF9-47BB-9781-D9D646C20D3A,40.43554457554771,-3.634488418611454,Bosch CGN 10 - Madrid,Madrid,28037,45,6,"Private - For Staff, Visitors or Customers",False,50,True,1.0,1,7.4,25,1,2022-10-09T12:24:00Z,2022-10-09T12:24:00Z,restricted,(Business Owner at Location),False
191515,D0A7AC27-F342-4A01-BDB9-F91D9BD51A71,40.44116496876342,-3.6413923660677483,Repsol Artuo Soria,Madrid,28027,207,4,Public - Membership Required,True,50,True,1.0,1,22.0,25,1,2025-04-10T08:41:00Z,2025-04-10T08:41:00Z,public_membership,Endesa,True
238101,B339C250-DD86-4F42-82A1-26383E365220,40.447849529555185,-3.6362633815428183,Hotel Puerta de Madrid,,28027,207,4,Public - Membership Required,True,50,True,4.0,4,50.0,"33,1036,2,25",1,2026-07-28T12:25:00Z,2026-07-28T12:25:00Z,public_membership,Endesa,True
165071,21F60C31-5C79-43F3-A9E2-5EFAD1CADF4E,40.447802,-3.63562,Hotel Silken Puerta Madrid,5,28027,45,6,"Private - For Staff, Visitors or Customers",False,50,True,3.0,2,11.0,"30,1036",1,2022-09-20T13:50:00Z,2022-09-20T13:50:00Z,restricted,(Business Owner at Location),False
216883,791C1A71-4CD1-4BDB-A3C6-BF677F506C37,40.44809242393228,-3.646114280290476,Mercadona  Calle Telémaco,,28027,3499,4,Public - Membership Required,True,50,True,4.0,1,22.0,25,1,2023-05-31T14:10:00Z,2023-05-31T14:10:00Z,public_membership,Mercadona,True
299404,FB14A1C6-85EB-4271-9C52-9A13696CD8DD,40.44717991788414,-3.651601450062799,Cemex,,28027,3556,2,Private - Restricted Access,True,50,True,4.0,1,22.0,25,1,2024-05-27T07:09:00Z,2024-05-27T07:09:00Z,restricted,Place To Plug,False
163594,C85D2D65-CCB7-4A4E-B4EE-C470321483E0,40.450133,-3.651345,Centro Comercial Arturo Soria Plaza,126,28043,45,4,Public - Membership Required,True,50,True,5.0,3,22.0,"30,1036,25",1,2022-09-20T13:51:00Z,2022-09-20T13:51:00Z,public_membership,(Business Owner at Location),True
210095,445E03AE-4808-44A3-8548-5EABC9D489D4,40.45016928124309,-3.6521330113416752,Hospital VITHAS CLINSA,,28027,207,4,Public - Membership Required,True,50,True,2.0,3,60.0,"25,33,2",1,2026-04-27T19:17:00Z,2026-04-27T19:17:00Z,public_membership,Endesa,True
207155,3C688C6B-07E1-49A7-A08A-22A1E9799B9E,40.455121269271956,-3.6521216206579084,Mercadona C. de Asura,Madrid,28027,3499,1,Public,,50,True,2.0,1,22.0,25,1,2026-01-08T13:07:00Z,2026-01-08T13:07:00Z,public,Mercadona,True
85407,015BF09D-8937-4A4A-B705-A554D507D193,40.4539366,-3.65569049999999,Calle Bueso Pineda 29,Madrid,28043,210,4,Public - Membership Required,True,50,True,2.0,3,50.0,"1036,33,2",1,2026-01-01T21:41:00Z,2026-01-01T21:41:00Z,public_membership,GIC,True
61054,53C3839E-A2E0-4BD7-BE36-D195D7712A26,40.453937,-3.65569,Ayunt. Madrid: Bueso Pineda (TotalEnergies),Madrid,28043,3571,4,Public - Membership Required,True,50,True,2.0,3,50.0,"33,25,2",1,2025-11-25T18:40:00Z,2025-11-25T18:40:00Z,public_membership,TotalEnergies (ES),True
207156,DDFCD6BB-F395-4002-9647-2F2F8CF6B175,40.44805053038411,-3.655139102080284,Hotel Ilunion Atrium,Madrid,28028,3889,6,"Private - For Staff, Visitors or Customers",False,50,True,6.0,1,22.0,25,1,2026-03-13T19:31:00Z,2026-03-13T19:31:00Z,restricted,emovili Fast (ES),False
235339,F38692A9-EC50-489A-A6D3-7770A557B7F0,40.447003378742465,-3.6522094806840357,Cepsa Santa Marta,,28027,3584,4,Public - Membership Required,True,150,False,2.0,2,150.0,"33,33",1,2025-04-10T09:03:00Z,2025-04-10T09:03:00Z,public_membership,Moeve (ES),True
191511,7BDA12A1-2FFD-4845-8702-76D1177EE31B,40.444743195235276,-3.65367140078763,Cargacoches HQ,Madrid,28028,3459,6,"Private - For Staff, Visitors or Customers",False,50,True,2.0,1,7.4,25,1,2025-11-25T18:50:00Z,2025-11-25T18:50:00Z,restricted,ACCIONA - Cargacoches,False
472764,E7338619-8330-4041-BAF7-D6306B776504,40.44468724759997,-3.6538535200862725,Coloplast,Madrid,,2247,2,Private - Restricted Access,True,50,True,2.0,1,7.4,25,1,2026-01-08T11:56:00Z,2026-01-08T11:56:00Z,restricted,Iberdrola | BP Pulse (ES),False
191583,AA07B4B7-8C23-4ED3-BE51-E5D019900384,40.443933829727825,-3.6566896316302007,Parking GMP - Condesa de Venadito 1,Madrid,28028,3276,4,Public - Membership Required,True,50,True,7.0,1,7.4,25,1,2025-11-25T18:49:00Z,2025-11-25T18:49:00Z,public_membership,EDP,True
191510,C0D0AB78-FF88-4102-B849-3E92BC958508,40.44440699258266,-3.6578614975414325,PRIVADO - Parking Colonial | Martinez Villergas 49,Madrid,28027,3557,2,Private - Restricted Access,True,50,True,17.0,2,7.4,"25,28",1,2026-04-17T08:46:00Z,2026-04-17T08:46:00Z,restricted,GALP Electric,False
289468,C0CA09C7-564E-4CD9-BC85-5781D5003C8A,40.443169564149144,-3.657892490867198,Parking Ed. Los Cubos,,28027,3583,6,"Private - For Staff, Visitors or Customers",False,50,True,8.0,1,3.6,25,1,2025-03-14T20:25:00Z,2025-03-14T20:25:00Z,restricted,Eranovum (ES),False
211069,D298FD89-D15A-4911-9959-14B8033686A2,40.44224029276313,-3.6576164929410595,Hotel Ilunion Hipoges,,28027,3556,6,"Private - For Staff, Visitors or Customers",False,50,True,4.0,1,7.4,25,1,2023-04-28T07:41:00Z,2023-04-28T07:41:00Z,restricted,Place To Plug,False
501601,1C73AFD3-B079-4351-B843-0783F553F4ED,40.441217783585955,-3.657434090356986,Novotel Madrid City,,28027,3550,4,Public - Membership Required,True,50,True,5.0,2,100.0,"33,25",1,2026-08-18T10:32:00Z,2026-08-18T10:32:00Z,public_membership,PowerDot (Es),True
202271,BFD0F1B3-F7B8-4DF0-8456-6E62672B7A42,40.439691425899866,-3.6566731361504026,Parking  Verdaguer y García,Madrid,28028,207,4,Public - Membership Required,True,50,True,4.0,4,50.0,"33,2,1036,25",1,2025-04-10T08:04:00Z,2025-04-10T08:04:00Z,public_membership,Endesa,True
290259,F852EB3B-08B8-4D80-B213-189165C1AFA8,40.43876778050537,-3.6541225053753124,Ayunt. Madrid: Calle de Esteban Mora (Iberdrola),,28027,2247,4,Public - Membership Required,True,50,True,3.0,4,100.0,"33,33,2,1036",1,2025-04-10T08:08:00Z,2025-04-10T08:08:00Z,public_membership,Iberdrola | BP Pulse (ES),True
209722,8DC2A657-0AF2-4112-8C15-957061265EC9,40.4411201081864,-3.6433875712716883,Ahorramas José del Hierro,,28027,3276,4,Public - Membership Required,True,50,True,2.0,1,22.0,25,1,2025-04-10T08:48:00Z,2025-04-10T08:48:00Z,public_membership,EDP,True
470160,97B52D98-1F1E-4E26-A629-9CEE7C1119B1,40.436244543337295,-3.645232645769397,Ayunt. Madrid. Calle Hermanos de Pablo (Wenea),Madrid,,3371,4,Public - Membership Required,True,150,False,3.0,2,150.0,"33,25",1,2025-11-25T18:55:00Z,2025-11-25T18:55:00Z,public_membership,Wenea,True
265956,93EEA66C-919D-4C05-96DB-604EE76176C9,40.434380798451,-3.6421726690800824,Mercadona Francisco Madariaga,,28017,3499,4,Public - Membership Required,True,50,True,2.0,1,22.0,25,1,2024-04-27T11:46:00Z,2024-04-27T11:46:00Z,public_membership,Mercadona,True
191513,746DB580-2ACE-4969-883F-2D14A6142EB6,40.43336697600324,-3.656985662135412,Parking Mercado Las Ventas,Madrid,28027,3556,4,Public - Membership Required,True,50,True,5.0,1,7.4,25,1,2024-05-27T07:08:00Z,2024-05-27T07:08:00Z,public_membership,Place To Plug,True
235343,34B2AB89-932E-467D-8A29-F328299A3DBF,40.43409795393052,-3.661033892418658,Ayunt. Madrid: Ventas (Wenea),,28028,3371,4,Public - Membership Required,True,75,True,8.0,3,150.0,"33,25,28",1,2025-12-22T10:36:00Z,2025-12-22T10:36:00Z,public_membership,Wenea,True
311868,70EECD9D-AB39-4388-AC44-5F6B8FD91A26,40.43196506438247,-3.658818464901344,Parking Puente Ventas,Madrid,,4028,5,Public - Pay At Location,False,50,True,8.0,2,120.0,"33,1036",1,2026-09-17T07:09:00Z,2026-09-17T07:09:00Z,public,Telpark (ES),True
209616,5718FE5B-D4AC-4A1F-8639-0ACFEFF703AB,40.42602677378713,-3.6584200187112117,E.S. BP-Sudel Elipa,Madrid,28017,3371,4,Public - Membership Required,True,50,True,2.0,3,50.0,"33,2,1036",1,2024-06-18T06:07:00Z,2024-06-18T06:07:00Z,public_membership,Wenea,True
210099,66214FC3-968E-4400-AE5F-D2E7356D5A2A,40.42962213357396,-3.637579647322582,"Parking Calle de Luis Ruiz, 46",,28017,207,4,Public - Membership Required,True,50,True,4.0,1,22.0,25,1,2022-11-26T20:16:00Z,2022-11-26T20:16:00Z,public_membership,Endesa,True
473148,28B7F150-3E04-4DB0-937B-E85ACCB43415,40.4303599170679,-3.6408034893406693,Repsol Ascao,Madrid,,91,4,Public - Membership Required,True,50,True,1.0,3,50.0,"33,2,1036",1,2026-01-13T18:26:00Z,2026-01-13T18:26:00Z,public_membership,Repsol - Ibil (ES),True
191529,FDE890DC-49C3-450C-934D-DDB5104BD712,40.43519479565356,-3.635676811925009,Bosch AILE - Madrid,Madrid,28037,45,6,"Private - For Staff, Visitors or Customers",False,50,True,1.0,1,22.0,25,1,2022-10-09T12:24:00Z,2022-10-09T12:24:00Z,restricted,(Business Owner at Location),False
207157,F5E0FD7E-3BF7-4310-AF3B-15AE75601DD6,40.43306354703233,-3.633740006305743,COYSA clientes,Madrid,8037,45,6,"Private - For Staff, Visitors or Customers",False,50,True,1.0,1,7.4,25,1,2022-10-09T12:23:00Z,2022-10-09T12:23:00Z,restricted,(Business Owner at Location),False
297347,6F25079C-9416-43BF-A172-903EB368BD4C,40.432707456045534,-3.633964677053001,Cepsa San Blas-Canillejas,,28037,3584,4,Public - Membership Required,True,50,True,1.0,1,150.0,33,1,2025-05-14T15:18:00Z,2025-05-14T15:18:00Z,public_membership,Moeve (ES),True
209864,55093324-B2CD-4873-A7BD-6A9D4435D6B1,40.430737242761865,-3.6321955161133985,Parking Hermanos García Noblejas,,28037,3583,4,Public - Membership Required,True,50,True,8.0,1,7.4,25,1,2024-11-21T10:41:00Z,2024-11-21T10:41:00Z,public_membership,Eranovum (ES),True
191522,ABC6CBC7-6CAE-4D3F-9F6D-748ABFFDEEA8,40.425749126279044,-3.633266683128795,Mercadona Luis Ruiz,Madrid,28017,3499,4,Public - Membership Required,True,50,True,4.0,1,22.0,25,1,2024-09-28T16:26:00Z,2024-09-28T16:26:00Z,public_membership,Mercadona,True
298564,BCD82AB7-E5FD-43F9-A885-C764B34A652A,40.42539465198661,-3.6303466870772354,Residencia Amavir Ciudad Lineal,,28017,207,6,"Private - For Staff, Visitors or Customers",False,50,True,2.0,1,7.0,25,1,2024-05-10T07:58:00Z,2024-05-10T07:58:00Z,restricted,Endesa,False
209723,4892BB3F-9643-4C7A-9740-D7DF7506815E,40.431430323518214,-3.629770992067165,Ahorramas Emilio Muñoz,,28037,3276,4,Public - Membership Required,True,50,True,2.0,1,22.0,25,1,2024-11-22T12:07:00Z,2024-11-22T12:07:00Z,public_membership,EDP,True
279142,5CC5801F-0911-4EEB-8AB6-33E913DCCCAD,40.43249877204616,-3.630875900317619,DG Sostenibilidad y Control Ambiental,,28037,45,6,"Private - For Staff, Visitors or Customers",False,50,True,1.0,1,7.4,25,1,2023-10-28T18:19:00Z,2023-10-28T18:19:00Z,restricted,(Business Owner at Location),False
237786,F3AD7F61-3C36-4856-8B76-BB614195E346,40.43425979735369,-3.6314782926781106,Mercadona  Calle de Julián Camarillo,,28037,3499,4,Public - Membership Required,True,50,True,4.0,1,22.0,25,1,2024-04-27T11:47:00Z,2024-04-27T11:47:00Z,public_membership,Mercadona,True
191528,EB1CC9CD-C231-4CE3-ACB6-F62B72125D49,40.435020385811555,-3.631376565727493,Share Now Parking HOMELY Julián Camarillo,Madrid,28037,45,5,Public - Pay At Location,False,50,True,6.0,1,22.0,25,1,2022-10-09T12:24:00Z,2022-10-09T12:24:00Z,public,(Business Owner at Location),True
470463,ACE25025-B60B-4309-8C87-7EDC7843E73C,40.43554800185808,-3.622685010911482,Indra Miguel Yuste,,28037,3371,2,Private - Restricted Access,True,50,True,2.0,1,22.0,25,1,2025-11-30T19:05:00Z,2025-11-30T19:05:00Z,restricted,Wenea,False
191538,5E86751F-C86F-4CDB-8CE9-CEB7F1D85B82,40.42634108336438,-3.6263296891744403,"GALP. Avenida de Arcentales, 7",Madrid,28037,3557,4,Public - Membership Required,True,50,True,2.0,3,50.0,"33,2,25",1,2025-11-25T19:13:00Z,2025-11-25T19:13:00Z,public_membership,GALP Electric,True
470165,4AA2DC42-4382-4784-9D17-6D1237B72643,40.41798961169499,-3.629582259976928,BP Daroca,Madrid,,2247,4,Public - Membership Required,True,50,True,2.0,2,100.0,"33,2",1,2025-11-25T19:21:00Z,2025-11-25T19:21:00Z,public_membership,Iberdrola | BP Pulse (ES),True
207158,1E483E65-CA6D-491E-ADFD-53A41E48780F,40.419520646652416,-3.6253018629563485,Hotel Silken Torre Garden,Madrid,28037,45,6,"Private - For Staff, Visitors or Customers",False,50,True,1.0,1,11.0,25,1,2022-10-09T12:35:00Z,2022-10-09T12:35:00Z,restricted,(Business Owner at Location),False
191523,A1D33802-D95D-41E9-B273-BAFEC8F9FD67,40.41824370528079,-3.621833466529438,Carrefour Las Rosas (Carrefour),Madrid,28032,45,1,Public,,50,True,1.0,1,7.4,25,1,2022-10-09T12:34:00Z,2022-10-09T12:34:00Z,public,(Business Owner at Location),True
191524,3E93B89B-6BC2-4259-8D8B-D66FCAE69830,40.417182595818645,-3.6159470629572183,Privado Emilio - Solo emergencias BEV,Madrid,28037,1,3,Privately Owned - Notice Required,,50,True,1.0,2,7.4,"1036,28",1,2022-10-09T12:34:00Z,2022-10-09T12:34:00Z,restricted,(Unknown Operator),False
306396,7FE3F615-ED9E-4FC8-86CF-7FE58C6E3C47,40.42230345709987,-3.601683234818097,AhorraMas Calle de Sofía,,28022,3276,4,Public - Membership Required,True,50,True,2.0,1,22.0,25,1,2024-11-22T12:08:00Z,2024-11-22T12:08:00Z,public_membership,EDP,True
191526,B962A15E-D026-4931-BC07-4807DF9B0581,40.4243120060178,-3.6111656546311224,E.S. Repsol Cerdeira,Madrid,28022,91,4,Public - Membership Required,True,50,True,1.0,3,50.0,"33,2,25",1,2026-01-13T18:31:00Z,2026-01-13T18:31:00Z,public_membership,Repsol - Ibil (ES),True
191525,8F46FC33-2BAA-49EA-B09C-762F2F60B3A9,40.42685170186962,-3.608010685486761,Mercadona Rosas,Madrid,28022,3499,4,Public - Membership Required,True,50,True,4.0,1,22.0,25,1,2024-09-23T19:02:00Z,2024-09-23T19:02:00Z,public_membership,Mercadona,True
191527,8781BEB2-BC79-4A9D-A0E9-AA3054B4C1EF,40.42649274531354,-3.6116552110456723,"GALP Avenida Canillejas a Vicálvaro, 80",Madrid,28022,210,4,Public - Membership Required,True,50,True,2.0,3,50.0,"33,2,25",1,2026-01-01T21:28:00Z,2026-01-01T21:28:00Z,public_membership,GIC,True
191519,015F7E1F-5924-4CB8-8F66-D5AFB7BD364C,40.43899414219038,-3.6213077190412832,ABB OFICINAS,Madrid,28037,45,6,"Private - For Staff, Visitors or Customers",False,50,True,1.0,2,50.0,"1036,2",1,2022-10-09T12:30:00Z,2022-10-09T12:30:00Z,restricted,(Business Owner at Location),False
191520,2361761F-8E4E-458F-A6BB-851FDC303C77,40.43843080337342,-3.6213444699064326,Valoriza,Madrid,8037,45,6,"Private - For Staff, Visitors or Customers",False,50,True,1.0,1,7.4,25,1,2022-10-09T12:31:00Z,2022-10-09T12:31:00Z,restricted,(Business Owner at Location),False
191518,EBA7E3B2-3AE1-4471-8A87-1AE00AF483EC,40.44387076013717,-3.6151727158306812,Mercadona Alcalá 552,Madrid,8037,3499,4,Public - Membership Required,True,50,True,2.0,1,22.0,25,1,2025-10-17T19:04:00Z,2025-10-17T19:04:00Z,public_membership,Mercadona,True
492583,F102E114-2801-4E52-88EF-F79CE6A7D96C,40.44266793671366,-3.618713043904222,Ed. Sienna Calle de Alcalá,,28027,91,2,Private - Restricted Access,True,50,True,17.0,1,7.4,25,1,2026-06-07T14:35:00Z,2026-06-07T14:35:00Z,restricted,Repsol - Ibil (ES),False
299405,4B762AD3-FB00-4623-940C-6BF5878A3B12,40.44795387712773,-3.6207591211616545,Residencia Monteparis,,28022,3556,6,"Private - For Staff, Visitors or Customers",False,50,True,6.0,1,22.0,25,1,2024-05-27T07:13:00Z,2024-05-27T07:13:00Z,restricted,Place To Plug,False
202272,93FB3EFB-2ADF-499C-84B6-5FA52C1DFB93,40.455281773373116,-3.6187633015607616,McDonald's Avda. de los Andes,Madrid,28043,207,4,Public - Membership Required,True,50,True,4.0,3,50.0,"33,2,25",1,2022-11-22T10:39:00Z,2022-11-22T10:39:00Z,public_membership,Endesa,True
86078,1D249364-D563-4ED0-8A69-0C114C8B765F,40.45560354325298,-3.6170061713651194,Hipercor Campo de las Naciones,Madrid,28042,45,1,Public,,50,True,3.0,1,11.0,25,1,2022-11-22T10:39:00Z,2022-11-22T10:39:00Z,public,(Business Owner at Location),True
207147,6175888B-C2C3-450F-9820-6500323304BB,40.44946679176434,-3.5925599195456925,Mercedes Benz Madrid,Madrid,28042,45,6,"Private - For Staff, Visitors or Customers",False,50,True,23.0,1,3.7,25,1,2022-10-09T11:15:00Z,2022-10-09T11:15:00Z,restricted,(Business Owner at Location),False
163884,E4C342C1-C2CF-4E1C-82CC-5BF7877F03F6,40.451572,-3.592847,Hotel Maydrit,Madrid,28042,45,6,"Private - For Staff, Visitors or Customers",False,50,True,2.0,2,11.0,"30,1036",1,2022-09-20T13:49:00Z,2022-09-20T13:49:00Z,restricted,(Business Owner at Location),False
205474,48EC0EC7-A8A9-4A64-9B18-C9554F34F888,40.451017914429,-3.594861345344839,Hotel NH Madrid Barajas Airport,Madrid,28042,3371,6,"Private - For Staff, Visitors or Customers",False,50,True,2.0,1,7.4,25,1,2025-04-12T07:09:00Z,2025-04-12T07:09:00Z,restricted,Wenea,False
280832,C51177CC-48FF-438C-9FB4-9B597A3B0BFA,40.453233387083145,-3.5849526863177914,HAYA REAL ESTATE,,28042,45,2,Private - Restricted Access,True,50,True,3.0,1,7.4,25,1,2025-12-26T19:15:00Z,2025-12-26T19:15:00Z,restricted,(Business Owner at Location),False
235069,16EF8CDC-0A2F-4949-A7DB-10B955D8CB74,40.454918,-3.585874,Mercadona Alameda de Osuna,,28042,3499,4,Public - Membership Required,True,50,True,16.0,1,22.0,25,1,2024-09-28T16:29:00Z,2024-09-28T16:29:00Z,public_membership,Mercadona,True
296666,C389062F-2A34-4113-9667-F5A9FEBC712A,40.453762585249166,-3.583085879510975,BLUESPACE - BARAJAS,,,3786,4,Public - Membership Required,True,50,True,2.0,2,120.0,"33,25",1,2024-05-27T13:18:00Z,2024-05-27T13:18:00Z,public_membership,Umbrella eMobility (ES),True
79919,D0103838-ED18-4922-B2D4-9AE7A6E5CBAE,40.451867,-3.585918,Hilton Madrid Airport,Madrid,28042,45,6,"Private - For Staff, Visitors or Customers",False,50,True,2.0,1,11.0,30,1,2022-09-20T13:48:00Z,2022-09-20T13:48:00Z,restricted,(Business Owner at Location),False
163875,2EDFF106-8303-4DA2-824E-28E90B872F06,40.447451,-3.583039,Axor Hoteles,Madrid,28022,45,6,"Private - For Staff, Visitors or Customers",False,50,True,1.0,1,22.0,30,1,2022-09-20T13:49:00Z,2022-09-20T13:49:00Z,restricted,(Business Owner at Location),False
312169,E40628BA-0F55-42BC-96A7-588AEB6980C2,40.44477250595537,-3.582291148389629,E.S. Shell Barajas,Madrid,,200,4,Public - Membership Required,True,50,True,2.0,1,60.0,33,1,2025-10-09T19:13:00Z,2025-10-09T19:13:00Z,public_membership,PRIOE,True
494378,3A06AA65-D649-4732-9839-43A04A29F090,40.445866112595695,-3.5884935829185736,Tesla Supercharger Barajas,,28042,3534,4,Public - Membership Required,True,150,False,8.0,1,250.0,33,1,2026-09-23T20:04:00Z,2026-09-23T20:04:00Z,public_membership,Tesla (including non-tesla),True
207148,797B2904-60D4-4F68-8956-C4EA5F5C68D3,40.4468230993196,-3.588295860108701,Centro Comercial Plenilunio,Madrid,28042,45,1,Public,,50,True,2.0,1,7.4,25,1,2022-10-09T11:23:00Z,2022-10-09T11:23:00Z,public,(Business Owner at Location),True
207151,5E9536C0-9173-4280-9517-44E5A777DD5A,40.442739989290914,-3.5864007739916133,Naturgy Calle de Deyanira,Madrid,28022,3573,4,Public - Membership Required,True,50,True,2.0,3,50.0,"33,25,2",1,2026-01-02T21:10:00Z,2026-01-02T21:10:00Z,public_membership,Naturgy (ES),True
191521,A58D832B-F574-498F-BDDA-02154B61265A,40.43406722007046,-3.599905131384844,Parking EMT - Estadio Wanda Metropolitano,Madrid,28022,3553,1,Public,,50,True,16.0,1,7.4,25,1,2024-10-13T16:26:00Z,2024-10-13T16:26:00Z,public,Electro-EMT,True
284802,F76DB9A0-80A9-4537-977C-8B7DFFA8151D,40.428882634380614,-3.5999994663518464,Mercadona Estocolmo,,28022,3499,4,Public - Membership Required,True,50,True,4.0,1,22.0,25,1,2024-04-27T11:47:00Z,2024-04-27T11:47:00Z,public_membership,Mercadona,True
74930,07389E1C-618D-4775-AB57-0C3265EC9CB8,40.4243516909364,-3.6001515445605,Volkswagen parking,Madrid,28022,45,6,"Private - For Staff, Visitors or Customers",False,50,True,2.0,1,,25,1,2022-10-09T12:32:00Z,2022-10-09T12:32:00Z,restricted,(Business Owner at Location),False
207149,45118D17-2E04-43CD-8EF1-90BF2417DE1B,40.44533800600263,-3.5808706185958954,Makro Barajas,Madrid,28042,45,1,Public,,50,True,3.0,2,7.4,"25,28",1,2022-12-13T09:46:00Z,2022-12-13T09:46:00Z,public,(Business Owner at Location),True
207150,05834982-246E-477B-A8C9-7D5050BBE685,40.44708352742353,-3.580406511297724,COMPOSTELA SUITES,Madrid,28042,3371,6,"Private - For Staff, Visitors or Customers",False,50,True,2.0,1,22.0,25,1,2023-05-28T13:07:00Z,2023-05-28T13:07:00Z,restricted,Wenea,False
501207,6A98F683-E8E7-4D55-8760-159619443F50,40.45364185482288,-3.5809644781113548,Parking CLASA A2P Aeropuerto Madrid ,,28042,3956,2,Private - Restricted Access,True,50,True,28.0,1,11.0,25,1,2026-07-29T20:02:00Z,2026-07-29T20:02:00Z,restricted,AENA EV (ES),False
306948,2FEF8E0A-FCBB-446D-BB33-3667074AA370,40.469970145141986,-3.580713761920549,Supermercado BM Barajas,,28042,3583,4,Public - Membership Required,True,50,True,3.0,2,60.0,"33,25",1,2025-10-09T18:42:00Z,2025-10-09T18:42:00Z,public_membership,Eranovum (ES),True
298210,635E861D-7C3E-4337-918B-5E5D799D1B56,40.47090203890306,-3.5803190893445844,E.S. Repsol Barajas,,,91,4,Public - Membership Required,True,50,True,1.0,3,50.0,"33,2,1036",1,2024-05-04T07:47:00Z,2024-05-04T07:47:00Z,public_membership,Repsol - Ibil (ES),True
207159,BFE8836A-1DD1-4F4F-ABCE-5DA829F69BD0,40.421060424096964,-3.5733130640957143,Mercadona Barrio del Puerto,Coslada,28821,3499,4,Public - Membership Required,True,50,True,6.0,1,22.0,25,1,2024-09-23T19:05:00Z,2024-09-23T19:05:00Z,public_membership,Mercadona,True
297742,F45DFB6B-6593-4AFA-B553-19B1AF4D754D,40.42155866031126,-3.5735261972864407,BP Pulse Coslada,Coslada,28821,2247,4,Public - Membership Required,True,50,True,2.0,2,300.0,"33,2",1,2025-06-11T06:23:00Z,2025-06-11T06:23:00Z,public_membership,Iberdrola | BP Pulse (ES),True
235253,B3E39FB1-7269-46EE-B491-92209667E2E5,40.420838022682204,-3.573867338517971,Gasolinera Q8 Coslada,Coslada,28821,3550,4,Public - Membership Required,True,50,True,2.0,1,100.0,33,1,2025-11-25T19:25:00Z,2025-11-25T19:25:00Z,public_membership,PowerDot (Es),True
470473,76689419-F44E-40A5-9EA2-E0249FD63273,40.43310882118652,-3.5632366251086296,Indra Nave Simulación,,28821,3371,2,Private - Restricted Access,True,50,True,2.0,1,7.4,25,1,2025-11-30T19:25:00Z,2025-11-30T19:25:00Z,restricted,Wenea,False
480789,EC8A20ED-D00D-4376-87AB-C56884636983,40.435550492191595,-3.5629299079827206,CTT Express,Coslada,,1,2,Private - Restricted Access,True,50,True,1.0,1,,0,1,2026-04-06T13:18:00Z,2026-04-06T13:18:00Z,restricted,(Unknown Operator),False
299408,9BD31A3B-C573-40C7-8E04-BF09ADF46959,40.43525997329985,-3.5610605883389326,C.T. Coslada,Coslada,28821,3556,4,Public - Membership Required,True,50,True,4.0,1,22.0,25,1,2024-05-27T07:39:00Z,2024-05-27T07:39:00Z,public_membership,Place To Plug,True
201783,6DD1BE0C-FBF7-4CD2-BE21-7842EA73891F,40.44652465398721,-3.5760600633157082,Porta Firal Barajas,Madrid,28042,2247,4,Public - Membership Required,True,50,True,4.0,3,50.0,"33,2,25",1,2022-12-13T10:07:00Z,2022-12-13T10:07:00Z,public_membership,Iberdrola | BP Pulse (ES),True
74929,48FDD647-97FD-41C7-B484-99829CA0FAD2,40.445731806399806,-3.5786876859084487,Leroy Merlin,Madrid,28042,2247,4,Public - Membership Required,True,50,True,8.0,1,22.0,25,1,2022-12-13T09:45:00Z,2022-12-13T09:45:00Z,public_membership,Iberdrola | BP Pulse (ES),True
280833,0499BBE0-CB7B-40E9-9974-FFE305EB4602,40.44581799346497,-3.5764509841982033,Estee Lauder,,28042,45,2,Private - Restricted Access,True,50,True,4.0,1,7.4,25,1,2025-12-26T19:15:00Z,2025-12-26T19:15:00Z,restricted,(Business Owner at Location),False
305153,CA157E11-BE84-46E5-938F-AF26443E46E9,40.443207199692296,-3.579472712152892,Aldi Rejas (Atlante),,28042,3588,4,Public - Membership Required,True,50,True,2.0,2,100.0,"33,25",1,2025-12-23T18:38:00Z,2025-12-23T18:38:00Z,public_membership,Atlante,True
501208,84D33DB6-A825-4AF1-9D97-988EE930BCB9,40.45108762389543,-3.5751906346781652,Parking CLASA A3 Aeropuerto Madrid ,,28042,3956,2,Private - Restricted Access,True,50,True,16.0,1,11.0,25,1,2026-07-29T20:05:00Z,2026-07-29T20:05:00Z,restricted,AENA EV (ES),False
201706,CA55C314-9ADC-41D7-A29C-212C7B35DD97,40.4502566917931,-3.56901889048504,Audi Madrid F. Tomé,Madrid,28042,2247,4,Public - Membership Required,True,50,True,2.0,1,150.0,33,1,2025-06-11T06:23:00Z,2025-06-11T06:23:00Z,public_membership,Iberdrola | BP Pulse (ES),True
207113,1FD5C343-CCEE-4E19-BD97-EFCA4FF56A30,40.45043802809084,-3.5693010033774044,VW F. Tome,Madrid,28042,45,6,"Private - For Staff, Visitors or Customers",False,50,True,2.0,2,50.0,"33,1036",1,2022-10-08T18:57:00Z,2022-10-08T18:57:00Z,restricted,(Business Owner at Location),False
501209,3F6CC805-E4CA-4111-B998-654BB1BE0E4A,40.45298387322072,-3.569883052014575,Parking CLSA A6 Aeropuerto Madrid ,,28042,3956,2,Private - Restricted Access,True,50,True,40.0,1,11.0,25,1,2026-07-29T20:04:00Z,2026-07-29T20:04:00Z,restricted,AENA EV (ES),False
201631,A25E111A-2FB4-4728-93CF-DFA7EC101D57,40.4493062360506,-3.5654286548107166,Repsol Barajas,Madrid,28042,91,4,Public - Membership Required,True,50,True,2.0,1,100.0,33,1,2026-06-02T10:00:00Z,2026-06-02T10:00:00Z,public_membership,Repsol - Ibil (ES),True
296555,4C11C7F6-2A22-4EED-8D75-69327399BAD3,40.4477107483944,-3.551325372128673,Hotel Ibis Budget Madrid Aeropuerto,,28823,3371,4,Public - Membership Required,True,50,True,10.0,2,150.0,"25,33",1,2026-09-23T19:54:00Z,2026-09-23T19:54:00Z,public_membership,Wenea,True
271354,EE2CA295-EF00-41B8-B491-7696372FE7F4,40.44723911728627,-3.558147423615594,Rest. Asador 7 de Julio,,28820,3571,4,Public - Membership Required,True,50,True,2.0,1,100.0,33,1,2025-10-09T19:18:00Z,2025-10-09T19:18:00Z,public_membership,TotalEnergies (ES),True
207114,7472FC77-E9D7-4ED7-857C-057948B3F649,40.44833834177709,-3.5591067784921506,Hotel Madrid Marriott Auditorium,Madrid,28022,45,6,"Private - For Staff, Visitors or Customers",False,50,True,2.0,1,11.0,25,1,2023-02-19T08:55:00Z,2023-02-19T08:55:00Z,restricted,(Business Owner at Location),False
308542,9499FB34-916B-4085-B65A-6538463660E9,40.44901449679011,-3.548591394292913,AP Hotel Airport,Barajas,,3489,4,Public - Membership Required,True,150,False,4.0,1,400.0,33,1,2026-09-23T19:55:00Z,2026-09-23T19:55:00Z,public_membership,Electra,True
207115,F20C682B-1BFB-418D-A563-B9CA5B7ECDB7,40.44966163749092,-3.5462553968845896,Parking Go Barajas,Madrid,67,2247,6,"Private - For Staff, Visitors or Customers",False,50,True,6.0,1,7.4,25,1,2022-10-08T19:01:00Z,2022-10-08T19:01:00Z,restricted,Iberdrola | BP Pulse (ES),False
235156,9109054D-C79E-4ADF-8BE4-224E4F07C09A,40.4474829073516,-3.543070902833506,B&B Hotel Madrid Airport,,28022,45,6,"Private - For Staff, Visitors or Customers",False,100,False,4.0,1,22.0,25,1,2023-02-15T20:58:00Z,2023-02-15T20:58:00Z,restricted,(Business Owner at Location),False
461975,DA922335-A784-45E3-9D10-EFF69755F2DF,40.44684214755412,-3.5422101278077207,Hotel Crowne Plaza Madrid Barajas,Barajas,,45,6,"Private - For Staff, Visitors or Customers",False,50,True,4.0,1,7.4,25,1,2025-10-10T07:03:00Z,2025-10-10T07:03:00Z,restricted,(Business Owner at Location),False
303968,2844A3E5-7DFC-4F6B-A6D0-D877036CD248,40.445375762060905,-3.5436303171733243,Madrid Airport Suites,,28022,45,6,"Private - For Staff, Visitors or Customers",False,50,True,6.0,1,22.0,25,1,2024-09-11T07:44:00Z,2024-09-11T07:44:00Z,restricted,(Business Owner at Location),False
303966,77D170CA-EF6E-4653-94C5-1859E434EB32,40.447712408872405,-3.54849362379548,Hotel Zleep Madrid Airport,,28022,45,6,"Private - For Staff, Visitors or Customers",False,50,True,6.0,1,11.0,25,1,2024-09-11T07:38:00Z,2024-09-11T07:38:00Z,restricted,(Business Owner at Location),False
303967,3EB7BE28-5AAF-45B0-9132-D26C402CDAF2,40.44766183384206,-3.54923489390373,Hotel Holiday Inn Express Madrid Airport,,28823,45,6,"Private - For Staff, Visitors or Customers",False,50,True,3.0,1,3.7,25,1,2024-09-11T07:41:00Z,2024-09-11T07:41:00Z,restricted,(Business Owner at Location),False
461977,1BDCD38F-0C42-499C-9012-901C1B926A8C,40.432900797386566,-3.550875151075161,Polígono Coslada,Coslada,,45,6,"Private - For Staff, Visitors or Customers",False,50,True,10.0,1,22.0,25,1,2025-10-10T07:14:00Z,2025-10-10T07:14:00Z,restricted,(Business Owner at Location),False
461978,D75CB8AD-9D12-4A17-B67E-6BA94676D641,40.431961476046325,-3.551299554534012,Polígono Coslada,Coslada,,45,6,"Private - For Staff, Visitors or Customers",False,50,True,8.0,1,22.0,25,1,2025-10-10T07:15:00Z,2025-10-10T07:15:00Z,restricted,(Business Owner at Location),False
207162,E2DE32EA-25E4-4BDD-BF94-1A10D97DFD76,40.42919406853156,-3.5516629042831482,Mercadona Coslada,Coslada,28820,3499,4,Public - Membership Required,True,50,True,4.0,1,22.0,25,1,2024-09-23T19:04:00Z,2024-09-23T19:04:00Z,public_membership,Mercadona,True
205475,361D2FE7-2125-4260-AB03-6FD1CE035F32,40.42817384430688,-3.5520138667964147,Parque Comercial Plaza Coslada,Coslada,28820,3371,4,Public - Membership Required,True,50,True,16.0,2,100.0,"25,33",1,2025-05-01T09:49:00Z,2025-05-01T09:49:00Z,public_membership,Wenea,True
301429,937C7158-DBF1-4A8B-83E7-D2A6260602AF,40.42700896735832,-3.551385444413313,Repsol Coslada,Coslada,,91,4,Public - Membership Required,True,50,True,2.0,1,60.0,33,1,2026-09-05T11:12:00Z,2026-09-05T11:12:00Z,public_membership,Repsol - Ibil (ES),True
304626,E113BF48-C47C-4061-A102-88311CFB3FCC,40.42015911008849,-3.5563001851310787,Mercadona Coslada,Coslada,28822,3499,4,Public - Membership Required,True,50,True,2.0,1,22.0,25,1,2024-09-28T16:22:00Z,2024-09-28T16:22:00Z,public_membership,Mercadona,True
71193,A666643F-867A-4F7F-8929-FFC63D9F76B7,40.4205934,-3.55533939999998,Lidl Coslada,Coslada,28822,38,1,Public,,100,False,4.0,3,20.0,"2,33,25",1,2025-10-09T18:28:00Z,2025-10-09T18:28:00Z,public,Lidl,True
207160,379D4F41-9C41-4408-B870-B823516DB184,40.42013490279234,-3.5546991018027256,AhorraMas Coslada,Coslada,28822,3276,4,Public - Membership Required,True,50,True,4.0,1,11.0,25,1,2024-11-22T12:09:00Z,2024-11-22T12:09:00Z,public_membership,EDP,True
298525,A7EF2947-1D65-4350-A827-D508EDCFD7BB,40.42039774423782,-3.5537150157766746,Residencia AMMA,Coslada,28822,207,6,"Private - For Staff, Visitors or Customers",False,50,True,2.0,1,22.0,25,1,2024-05-09T18:32:00Z,2024-05-09T18:32:00Z,restricted,Endesa,False
460569,50ED451A-2579-44E9-B24A-B9873F5B641B,40.42488096218912,-3.5430170568371295,C.C. La Rambla,San Fernndo De Henares,,3557,4,Public - Membership Required,True,50,True,20.0,1,22.0,25,1,2025-08-25T20:25:00Z,2025-08-25T20:25:00Z,public_membership,GALP Electric,True
209712,6F1CF826-409F-43F7-92D3-C441B8151C99,40.41862475069067,-3.5415532956941433,Ahorramas Avenida de Berlín,Coslada,28823,3276,4,Public - Membership Required,True,50,True,4.0,1,22.0,25,1,2024-11-22T12:09:00Z,2024-11-22T12:09:00Z,public_membership,EDP,True
205476,978D051E-5B46-4EB2-8A1D-077627B95553,40.41836256821239,-3.5317913683352344,Hospital del Henares,Coslada,28830,3371,4,Public - Membership Required,True,50,True,24.0,2,22.0,"25,25",1,2025-06-28T10:46:00Z,2025-06-28T10:46:00Z,public_membership,Wenea,True
207161,5DFC4F5F-AC63-4C3B-A0F7-2493A1BFE3F9,40.42209183684321,-3.5344458583923597,Ahorramas Vicente Gaos,San Fernando de Henares,28830,3276,4,Public - Membership Required,True,50,True,4.0,1,11.0,25,1,2025-01-06T16:35:00Z,2025-01-06T16:35:00Z,public_membership,EDP,True
209711,1B697E13-6535-4352-8016-32C1A0D6099C,40.425289755198634,-3.5394454214634834,Ahorramas de Jesús de San Antonio,Coslada,28823,3276,4,Public - Membership Required,True,50,True,2.0,1,22.0,25,1,2024-11-22T12:10:00Z,2024-11-22T12:10:00Z,public_membership,EDP,True
207163,028A35D3-6B7F-4B19-A4F2-4DC7DFA593B0,40.432916181131134,-3.5382071323488162,Mas Ruedas,Coslada,67,45,6,"Private - For Staff, Visitors or Customers",False,50,True,1.0,1,22.0,25,1,2022-10-09T13:09:00Z,2022-10-09T13:09:00Z,restricted,(Business Owner at Location),False
207164,27C521D1-C8A4-48E1-BD34-470D1FF73CD6,40.434232076856034,-3.533307752528458,Repsol Coslada,Coslada,28823,91,4,Public - Membership Required,True,50,True,1.0,3,50.0,"33,1036,2",1,2025-10-09T18:34:00Z,2025-10-09T18:34:00Z,public_membership,Repsol - Ibil (ES),True
273873,F3DB86EE-6525-4A6A-B566-ADCB53107058,40.43645288008264,-3.5328342696579114,BP Pulse Coslada  ,Coslada,28823,2247,4,Public - Membership Required,True,50,True,2.0,1,150.0,33,1,2023-08-24T11:22:00Z,2023-08-24T11:22:00Z,public_membership,Iberdrola | BP Pulse (ES),True
312168,B30CE974-2E0A-48E5-8323-390D273289D8,40.43114143695763,-3.5328494106755386,McDonalds Coslada,Coslada,,2247,4,Public - Membership Required,True,150,False,2.0,3,50.0,"33,2,25",1,2026-01-08T11:58:00Z,2026-01-08T11:58:00Z,public_membership,Iberdrola | BP Pulse (ES),True
306116,3CCC2ED3-E80C-4AC9-898A-8D5C2D9A049A,40.4326915130392,-3.533541451913692,Galp Coslada,Coslada,28823,3557,4,Public - Membership Required,True,50,True,2.0,1,120.0,33,1,2025-10-09T18:35:00Z,2025-10-09T18:35:00Z,public_membership,GALP Electric,True
462480,588801B8-86D8-4845-82B1-18E47252F04F,40.43277503401262,-3.5349143417039386,Plenergy Coslada III,Coslada,28823,3750,5,Public - Pay At Location,False,50,True,1.0,1,60.0,33,1,2026-01-04T09:26:00Z,2026-01-04T09:26:00Z,public,Plenergy (ES),True
260768,331CDD6C-9762-47A6-9365-A2EAE32F7CD0,40.4304914894775,-3.52874165231844,BP Pulse San Fernando,San Fernando de Henares,28830,2247,4,Public - Membership Required,True,50,True,2.0,1,150.0,33,1,2025-06-11T06:24:00Z,2025-06-11T06:24:00Z,public_membership,Iberdrola | BP Pulse (ES),True
470471,32F3B533-39B3-42DA-815E-BD78781EE789,40.44635344767664,-3.500586125832683,Indra Nave Lean,San Fernando de Henares,28850,3371,2,Private - Restricted Access,True,50,True,2.0,1,7.4,25,1,2025-11-30T19:22:00Z,2025-11-30T19:22:00Z,restricted,Wenea,False
235157,40C4AD72-E3AC-4A12-B45C-A86442BB7A0E,40.44910702494187,-3.5085034488793667,Rest. Toledano II,San Fernando de Henares,28850,45,6,"Private - For Staff, Visitors or Customers",False,50,True,1.0,1,7.4,25,1,2024-03-21T06:46:00Z,2024-03-21T06:46:00Z,restricted,(Business Owner at Location),False
479965,8129E339-9C23-4704-A642-DD509DEA29CE,40.449956395170176,-3.5099322999825517,San Fernando Business Park,San Fernando de Henares,28830,3557,6,"Private - For Staff, Visitors or Customers",False,50,True,6.0,1,22.0,25,1,2026-03-08T19:56:00Z,2026-03-08T19:56:00Z,restricted,GALP Electric,False
203043,52C85B72-0736-4624-B580-7BC552257B26,40.452920627812915,-3.505007107767824,Saltoki San Fernando,San Fernando de Henares,28850,3401,4,Public - Membership Required,True,50,True,2.0,1,11.0,25,1,2024-06-01T17:54:00Z,2024-06-01T17:54:00Z,public_membership,Electromaps,True
266264,160FC70C-5891-4869-9887-0DE47AEA8CE2,40.45085557838104,-3.511045460593323,Indra,San Fernando de Henares,28830,3371,6,"Private - For Staff, Visitors or Customers",False,50,True,6.0,1,7.4,25,1,2025-11-30T19:21:00Z,2025-11-30T19:21:00Z,restricted,Wenea,False
135171,CB90002D-FBA4-4B4E-89B0-B1B2F8DCEC29,40.4495225,-3.5121677,P.E. San Fernando de Henares,San Fernando de Henares,28830,91,6,"Private - For Staff, Visitors or Customers",False,50,True,3.0,1,3.7,25,1,2024-03-21T06:43:00Z,2024-03-21T06:43:00Z,restricted,Repsol - Ibil (ES),False
308669,FB5666E2-8281-4B93-BCA1-7C14FE054776,40.449151485342554,-3.5280640200152504,Carrefour San Fernando De Henares,San Fernando De Henares,,3960,1,Public,,50,True,2.0,3,50.0,"33,2,25",1,2026-01-17T09:58:00Z,2026-01-17T09:58:00Z,public,Carrefour (ES),True
312656,7D67298E-A5B7-4CAA-99DB-465D401D5AEC,40.44978866691727,-3.5239652870580755,Repsol San Fernando De Henares,San Fernando De Henares,,91,4,Public - Membership Required,True,50,True,2.0,1,180.0,33,1,2026-09-23T19:43:00Z,2026-09-23T19:43:00Z,public_membership,Repsol - Ibil (ES),True
298188,BA0299DC-1172-4D6B-9827-72CE6650F589,40.44886118819903,-3.5223207536175494,E.S. Repsol Puente San Fernando,San Fernando de Henares,28823,91,4,Public - Membership Required,True,50,True,1.0,3,50.0,"33,2,1036",1,2025-10-09T19:21:00Z,2025-10-09T19:21:00Z,public_membership,Repsol - Ibil (ES),True
207116,1AD601E3-D02F-4C97-A06A-2BAF6D083D30,40.4473251814932,-3.5342753595615477,Restaurante Las Moreras,Madrid,67,207,4,Public - Membership Required,True,50,True,2.0,1,22.0,25,1,2025-10-09T19:19:00Z,2025-10-09T19:19:00Z,public_membership,Endesa,True
510432,B0519781-54AA-44AB-B204-C379930EE96C,40.440597535046635,-3.537755150740537,Paseo de las Flores,,28823,207,4,Public - Membership Required,True,50,True,4.0,2,150.0,"33,33",1,2026-09-23T19:49:00Z,2026-09-23T19:49:00Z,public_membership,Endesa,True
461976,302EA846-05A0-4AF1-9EF2-308A58EB8AD1,40.4450493466843,-3.5407418403391375,Hotel AC Coslada Aeropuero,Barajas,,207,4,Public - Membership Required,True,50,True,4.0,2,60.0,"33,25",1,2025-10-10T07:06:00Z,2025-10-10T07:06:00Z,public_membership,Endesa,True
290037,B3625110-D751-4E70-9F42-9BDB17C2294E,40.447583702078646,-3.5357604229348567,Rest. Las Moreras (Zunder),,28823,3324,1,Public,,150,False,8.0,4,360.0,"33,33,33,33",1,2024-10-11T08:29:00Z,2024-10-11T08:29:00Z,public,Zunder,True
280835,E7897390-E87B-4900-A103-F52594580905,40.455470741446646,-3.5365321371707523,Iberia LAE - La Muñoza,,28823,3401,2,Private - Restricted Access,True,50,True,60.0,1,22.0,25,1,2024-03-20T08:39:00Z,2024-03-20T08:39:00Z,restricted,Electromaps,False
501204,CA1147B4-F230-4BD9-B5A3-74FE107BA1AB,40.468448929782426,-3.570475866857805,Parking express T2,,28042,3956,1,Public,,50,True,8.0,1,11.0,25,1,2026-07-29T19:58:00Z,2026-07-29T19:58:00Z,public,AENA EV (ES),True
501203,93B5E2E6-0383-49C8-9CE3-BA9FF92F3597,40.46793042156787,-3.5691698079008347,Terminal 2 Salidas,,28042,3956,1,Public,,50,True,4.0,1,11.0,25,1,2026-07-29T19:57:00Z,2026-07-29T19:57:00Z,public,AENA EV (ES),True
298209,B7CED7B1-265F-4620-8DA8-A53661D17CD0,40.466826772095686,-3.5729140054654636,E.S. Repsol Aeropuerto T2,,,91,4,Public - Membership Required,True,50,True,1.0,3,50.0,"33,2,1036",1,2025-10-09T18:39:00Z,2025-10-09T18:39:00Z,public_membership,Repsol - Ibil (ES),True
501205,ED770C32-99D5-4600-9956-35BE69D39C96,40.46769647410713,-3.57250889266561,Parking P2 Aeropuerto Madrid ,,28042,3956,1,Public,,50,True,8.0,1,11.0,25,1,2026-07-29T19:59:00Z,2026-07-29T19:59:00Z,public,AENA EV (ES),True
492186,F8DE9426-C55C-4A21-81A6-B5CD76A115DE,40.46416418499405,-3.5755456440808757,Repsol Barajas Industrial,,28042,91,4,Public - Membership Required,True,50,True,2.0,1,150.0,33,1,2026-06-07T14:36:00Z,2026-06-07T14:36:00Z,public_membership,Repsol - Ibil (ES),True
296462,1A2A59B2-2834-4A9E-A283-D059D2EA5FD4,40.46434106704726,-3.572671658972922,Parking P1 Aeropuerto Madrid,,28042,3956,5,Public - Pay At Location,False,50,True,8.0,1,11.0,25,1,2026-01-09T23:06:00Z,2026-01-09T23:06:00Z,public,AENA EV (ES),True
235155,582AA051-F4E1-4D66-8248-F88F364D0714,40.46149521408742,-3.5762095057785075,Parking Dique Sur T1 Aeropuerto Madrid,,28042,3956,5,Public - Pay At Location,False,50,True,28.0,1,11.0,25,1,2026-07-29T20:00:00Z,2026-07-29T20:00:00Z,public,AENA EV (ES),True
207112,78CCA869-81DC-4F5C-8D02-7C562CEE8BCE,40.457960073724166,-3.578418435466233,Sky Valet - Executive Aviation Terminal Madrid Barajas,Madrid,28042,45,6,"Private - For Staff, Visitors or Customers",False,50,True,1.0,1,11.0,25,1,2023-02-19T08:56:00Z,2023-02-19T08:56:00Z,restricted,(Business Owner at Location),False
501206,7A84BBA5-A38F-43E7-8F42-8C5BCC342273,40.46716865033147,-3.5765606775469223,Parking P5 Aeropuerto Madrid ,,28042,3956,1,Public,,50,True,40.0,1,11.0,25,1,2026-07-29T20:00:00Z,2026-07-29T20:00:00Z,public,AENA EV (ES),True
212447,DE1B0FC8-E7F9-43A2-9F16-FB8AB26FAFD8,40.468048471697756,-3.5786044792708935,E.S. Galp Barajas,,28042,3557,4,Public - Membership Required,True,50,True,2.0,1,60.0,33,1,2025-05-08T14:50:00Z,2025-05-08T14:50:00Z,public_membership,GALP Electric,True
191591,3C5764F5-3917-45D1-8F5E-502D5307BF2A,40.46838385830577,-3.5717991080972524,Parking P2 Aeropuerto Madrid,Madrid,28042,3956,5,Public - Pay At Location,False,50,True,4.0,1,11.0,25,1,2026-07-29T19:58:00Z,2026-07-29T19:58:00Z,public,AENA EV (ES),True
285168,8E074FB9-6A78-4D8D-AF91-807600DC4855,40.46073381604458,-3.490240500096661,Mercadona Torrejón,,28850,3499,4,Public - Membership Required,True,50,True,4.0,1,22.0,25,1,2024-04-27T11:32:00Z,2024-04-27T11:32:00Z,public_membership,Mercadona,True
290066,86C599F9-FE4F-4186-8A19-600DCC123FEF,40.454872130129786,-3.4898231496576955,Plenoil Torrejón de Ardoz I,,28850,3750,4,Public - Membership Required,True,50,True,2.0,1,60.0,33,1,2026-01-04T09:24:00Z,2026-01-04T09:24:00Z,public_membership,Plenergy (ES),True
235158,951562D3-1848-40AB-8033-759DDF1E897E,40.45727560955257,-3.4852991783882032,Renault Garcia Villalvilla,,28850,3275,6,"Private - For Staff, Visitors or Customers",False,50,True,1.0,1,2.3,28,1,2023-02-15T21:05:00Z,2023-02-15T21:05:00Z,restricted,Renault,False
304353,6B30F380-5ED2-440D-8A36-D5EC2D7B1728,40.45469040459042,-3.4922975734644695,Repsol Torrejón Gaserto,San Fernando de Henares,28850,91,4,Public - Membership Required,True,50,True,1.0,3,50.0,"33,2,1036",1,2025-10-11T10:45:00Z,2025-10-11T10:45:00Z,public_membership,Repsol - Ibil (ES),True
473150,8A052F6A-03B0-413F-95D4-A970451C0049,40.44143525642323,-3.4956591986367584,Mobis Parts,San Fernando de Henares,28850,91,2,Private - Restricted Access,True,50,True,4.0,1,22.0,25,1,2026-01-13T18:33:00Z,2026-01-13T18:33:00Z,restricted,Repsol - Ibil (ES),False
312165,46586B00-3E55-460F-97D6-EED5D1D8C26E,40.44296955193482,-3.4865182033650512,Last Milei Fuel,Torrejón de Ardoz,,3556,4,Public - Membership Required,True,50,True,2.0,1,60.0,33,1,2025-05-08T14:51:00Z,2025-05-08T14:51:00Z,public_membership,Place To Plug,True
461971,1781A3C3-DF2B-46E2-9607-D52AE719CED1,40.44583300227157,-3.490103377794526,Indra Vidrieros,Torrejón,,3371,6,"Private - For Staff, Visitors or Customers",False,50,True,2.0,1,7.4,25,1,2025-10-10T06:39:00Z,2025-10-10T06:39:00Z,restricted,Wenea,False
203044,78A22003-229B-4578-80B1-098DF3E21D45,40.44538449690597,-3.4880862723568953,Hotel Avant,Torrejón de Ardoz,28850,45,6,"Private - For Staff, Visitors or Customers",False,50,True,1.0,1,22.0,25,1,2022-09-14T14:52:00Z,2022-09-14T14:52:00Z,restricted,(Business Owner at Location),False
461972,06A5373D-0642-4165-B933-E2D575A770A5,40.44632426943954,-3.4868646517811612,K-in Punto Limpio,Torrejón,,3772,1,Public,,50,True,2.0,1,7.4,25,1,2025-10-27T17:49:00Z,2025-10-27T17:49:00Z,public,Ferrovial (ES),True
474444,8350B474-886D-4060-A08D-FA982E6668BD,40.446049977031606,-3.4835438864040498,E.S. Shell Torrejón,,28850,200,4,Public - Membership Required,True,150,False,2.0,1,90.0,33,1,2026-01-21T18:18:00Z,2026-01-21T18:18:00Z,public_membership,PRIOE,True
479575,92C4D41A-B5E0-4F63-8A05-EAF648F63B88,40.44548085689851,-3.482143751931517,Plenoil Torrejón De Ardoz IV,,28850,3750,4,Public - Membership Required,True,50,True,2.0,1,60.0,33,1,2026-03-01T15:25:00Z,2026-03-01T15:25:00Z,public_membership,Plenergy (ES),True
461973,CB315325-93CE-4CD4-8376-D54F90E57FC4,40.43982339533713,-3.488549755258191,E.S. Area 117 Valcarce,Torrejón,,45,4,Public - Membership Required,True,50,True,4.0,1,180.0,33,1,2025-10-10T06:48:00Z,2025-10-10T06:48:00Z,public_membership,(Business Owner at Location),True
461979,D942EF0D-5E5D-4240-8F00-3C78276D01ED,40.43951957620362,-3.4901709545068798,Transahaer,Torrejón,,45,6,"Private - For Staff, Visitors or Customers",False,50,True,2.0,1,22.0,25,1,2025-10-10T07:16:00Z,2025-10-10T07:16:00Z,restricted,(Business Owner at Location),False
460557,939B4891-D378-488D-9238-CC2EC7B3BC85,40.38563864346574,-3.4904892361995508,Galp Mejorada Del Campo,Mejorada Del Campo,,3557,4,Public - Membership Required,True,50,True,2.0,1,180.0,33,1,2025-08-25T11:09:00Z,2025-08-25T11:09:00Z,public_membership,GALP Electric,True
474974,4136063E-B8C4-4DAF-9031-505603C95F75,40.394931185665286,-3.4933453554478433,Repsol Mejorada Del Campo,Mejorada del Campo,28840,91,4,Public - Membership Required,True,50,True,1.0,3,50.0,"33,2,1036",1,2026-01-28T15:27:00Z,2026-01-28T15:27:00Z,public_membership,Repsol - Ibil (ES),True
235611,5FD7ED26-B008-4FD7-8BDA-E93746639B5E,40.38962571860111,-3.4940757046726105,Burger King Mejorada,Mejorada del Campo,28840,2247,4,Public - Membership Required,True,50,True,4.0,3,50.0,"33,2,1036",1,2025-10-09T18:24:00Z,2025-10-09T18:24:00Z,public_membership,Iberdrola | BP Pulse (ES),True
472981,CFCD0B42-3D54-4C28-A96F-B838514AD19A,40.38980452887648,-3.4929529188161723,Repsol  Esla,Mejorada del Campo,28840,91,4,Public - Membership Required,True,50,True,2.0,1,120.0,33,1,2026-01-11T19:00:00Z,2026-01-11T19:00:00Z,public_membership,Repsol - Ibil (ES),True
272840,7F91FD2F-C878-4C26-BE10-EC782FFC1573,40.389132662705066,-3.492928171292192,Mercadona Esla,,,3499,4,Public - Membership Required,True,50,True,2.0,1,22.0,25,1,2024-05-01T19:24:00Z,2024-05-01T19:24:00Z,public_membership,Mercadona,True
207168,6E5472DE-283D-45FD-9E66-B255B70C606F,40.38849409155952,-3.483676080162013,CITROEN MEJORAUTO,Mejorada del Campo,28840,45,6,"Private - For Staff, Visitors or Customers",False,50,True,2.0,1,11.0,25,1,2022-10-09T13:31:00Z,2022-10-09T13:31:00Z,restricted,(Business Owner at Location),False
260291,95BD7BD7-ACFC-47B0-8234-625AF2AA8B71,40.40947561661608,-3.51499242954074,Golf Negralejo - BarterGo,Rivas-Vaciamadrid,28522,3552,4,Public - Membership Required,True,50,True,6.0,2,180.0,"33,25",1,2023-07-09T08:43:00Z,2023-07-09T08:43:00Z,public_membership,BarterGo (ES),True
207171,FD29A051-7FDC-487C-A09D-6EA4990C378A,40.38097051645178,-3.532460205110283,Ahorramas Rivas,Rivas-Vaciamadrid,28522,3276,4,Public - Membership Required,True,50,True,4.0,1,7.4,25,1,2023-02-11T09:27:00Z,2023-02-11T09:27:00Z,public_membership,EDP,True
266803,20394830-F857-4A41-88F3-4458198524BC,40.4127789276685,-3.52108964365959,BP Pulse Torrelavega 7  San Fernado,San Fernando de Henares,28830,2247,4,Public - Membership Required,True,50,True,2.0,1,150.0,33,1,2023-09-02T17:44:00Z,2023-09-02T17:44:00Z,public_membership,Iberdrola | BP Pulse (ES),True
300332,429174AA-3DB0-44F5-82EF-48775F7B6D4D,40.40956244891393,-3.5469359279585433,Plenoil Madrid IX,,28052,3750,4,Public - Membership Required,True,50,True,2.0,1,60.0,33,1,2026-03-01T15:27:00Z,2026-03-01T15:27:00Z,public_membership,Plenergy (ES),True
279044,ABD7D516-4C0D-423D-B93D-7D958DDA3113,40.47061574033435,-3.429788218458043,E.S. Nieves Torrejón (Atlante),,,3588,4,Public - Membership Required,True,50,True,2.0,1,150.0,33,1,2025-12-23T18:33:00Z,2025-12-23T18:33:00Z,public_membership,Atlante,True
297343,72CAF82B-6300-48C6-B7FB-25A0D6E2AF75,40.46771383977023,-3.4340833544396503,Petropix Torrejón,,28859,3276,4,Public - Membership Required,True,50,True,2.0,1,150.0,33,1,2024-11-22T10:04:00Z,2024-11-22T10:04:00Z,public_membership,EDP,True
296885,B2B02DB1-F212-4F93-B19C-95641B5EEB77,40.46474202119103,-3.4337913393370627,Parking Hospital Torrejón,,28859,207,4,Public - Membership Required,True,50,True,17.0,1,3.7,1036,1,2024-03-20T08:32:00Z,2024-03-20T08:32:00Z,public_membership,Endesa,True
510150,F4350F63-B4D4-45EA-84A5-9BFCC8B10792,40.4702433273294,-3.437273687447032,Fastned Oasiz,Torrejón de Ardoz,28850,74,4,Public - Membership Required,True,150,False,2.0,1,,0,1,2026-09-19T08:26:00Z,2026-09-19T08:26:00Z,public_membership,FastNed,True
296876,6FBA2130-8A69-4630-A697-E79AF29BB96F,40.470819429831664,-3.441157516334215,Centro Comercial Oasiz,,28859,3377,1,Public,,50,True,10.0,1,7.4,25,1,2025-12-27T19:28:00Z,2025-12-27T19:28:00Z,public,eTecnic,True
296879,E7AC97EB-F748-450B-9A6D-173361A0B1F7,40.47138875925285,-3.441322830134112,C.C. Oasiz (CCS Rápido),,28859,45,1,Public,,100,False,2.0,2,15.0,"33,2",1,2024-03-20T07:42:00Z,2024-03-20T07:42:00Z,public,(Business Owner at Location),True
296877,7654512D-337E-46D1-8AEA-61F3A3E2CD4B,40.471627641185336,-3.4418000193618923,Centro Comercial Oasiz (Parking Subterráneo),,28859,3377,1,Public,,50,True,24.0,1,7.4,25,1,2025-12-27T19:30:00Z,2025-12-27T19:30:00Z,public,eTecnic,True
511251,68AB9BAA-379F-466B-9226-036DADE0D6CE,40.4714,-3.4428,OASIZ - Zona Interior - Alpitronic,Torrejon de Ardoz,28850,4033,4,Public - Membership Required,True,100,False,,2,22.2,"33,33",97,2026-10-06T05:50:00Z,2026-10-06T05:50:00Z,public_membership,Chargia,True
308543,CDC42EEB-6436-4B82-A725-024E6B00D297,40.47088540245409,-3.4427125099506384,C.C. Oasiz Madrid (Electra),Torrejón,,3489,4,Public - Membership Required,True,150,False,16.0,1,300.0,33,1,2025-09-01T21:26:00Z,2025-09-01T21:26:00Z,public_membership,Electra,True
192760,7CBA11C9-2C15-4B54-99E9-DB1CAA07978A,40.470511058297575,-3.4433427868936235, Centro Comercial Oasiz,Torrejón de Ardoz,28850,3377,1,Public,,50,True,60.0,1,7.4,25,1,2025-12-27T19:29:00Z,2025-12-27T19:29:00Z,public,eTecnic,True
203056,3C73E552-9180-454C-8ED1-B05E47F676A0,40.46593898196642,-3.440795672459103,Hospital Quirón Valle de Henares,Torrejón de Ardoz,,45,1,Public,,50,True,4.0,1,7.4,25,1,2022-09-14T15:09:00Z,2022-09-14T15:09:00Z,public,(Business Owner at Location),True
474438,AB874245-A163-4C05-9362-3D8215231A4B,40.46543646741597,-3.441611307742164,Hub Torrejón de Ardoz (Wenea),,28850,3371,4,Public - Membership Required,True,50,True,22.0,1,360.0,33,1,2026-05-23T12:00:00Z,2026-05-23T12:00:00Z,public_membership,Wenea,True
290067,D6B644BB-8E09-4DE5-8050-2A39ABEDA8B1,40.46527258325665,-3.442236095119142,Plenoil Torrejón de Ardoz II,,28859,3750,4,Public - Membership Required,True,50,True,2.0,1,60.0,33,1,2024-11-01T10:11:00Z,2024-11-01T10:11:00Z,public_membership,Plenergy (ES),True
203055,5F958B2B-1E02-4DEF-8543-2CB0406AC9BE,40.46436617869628,-3.4460267519624495,Mercadona Torrejon 3,Torrejón de Ardoz,,3499,4,Public - Membership Required,True,50,True,2.0,1,22.0,25,1,2026-06-08T06:29:00Z,2026-06-08T06:29:00Z,public_membership,Mercadona,True
296880,58155DFC-A5D4-4C9E-956A-5FF4706F3012,40.46300098958611,-3.448047513939173,Ayunt. Torrejón - Campos Fútbol,,28859,3772,4,Public - Membership Required,True,50,True,2.0,1,11.0,25,1,2024-11-18T19:43:00Z,2024-11-18T19:43:00Z,public_membership,Ferrovial (ES),True
296875,A3800AC6-F0FC-4265-9C9C-0EBC7C73ED07,40.47015868297001,-3.445945694534913,Centro Comercial Oasiz,,28859,3377,1,Public,,50,True,12.0,1,7.4,25,1,2025-12-27T19:29:00Z,2025-12-27T19:29:00Z,public,eTecnic,True
296878,C4EF4794-B605-477B-BB0F-ABBF56DF7166,40.47092746817822,-3.446592935490372,Centro Comercial Oasiz (Parking Subterráneo),,28859,3377,1,Public,,50,True,12.0,1,7.4,25,1,2025-12-27T19:31:00Z,2025-12-27T19:31:00Z,public,eTecnic,True
97202,FA139A43-3AF9-496F-A12F-0DA9411685D9,40.47498209437671,-3.4796253671762543,Parque Corredor Mall,Torrejón de Ardoz,28850,2247,4,Public - Membership Required,True,50,True,36.0,5,150.0,"1036,33,33,33,2",1,2025-12-31T21:57:00Z,2025-12-31T21:57:00Z,public_membership,Iberdrola | BP Pulse (ES),True
296882,D57ECFE6-B483-4C13-B1AA-B57028AFB15A,40.46130952393585,-3.467379986902756,Ayunt. Torrejón - Centro Polivalente,,28859,3772,4,Public - Membership Required,True,50,True,2.0,1,11.0,25,1,2025-10-11T10:50:00Z,2025-10-11T10:50:00Z,public_membership,Ferrovial (ES),True
296881,C106B982-53D8-4111-AB72-EDE54B19CC04,40.46188446730375,-3.4613220000201466,Ayunt. Torrejón - El Juncal,,28859,3772,4,Public - Membership Required,True,50,True,2.0,1,11.0,25,1,2025-10-11T10:51:00Z,2025-10-11T10:51:00Z,public_membership,Ferrovial (ES),True
203053,8EDA7DCF-F447-4917-8E1F-4E667B2952C1,40.45948436278397,-3.462010753792356,Opel Torrejón,Torrejón de Ardoz,28850,45,6,"Private - For Staff, Visitors or Customers",False,50,True,1.0,1,22.0,25,1,2022-10-09T14:19:00Z,2022-10-09T14:19:00Z,restricted,(Business Owner at Location),False
203052,468DA250-2993-430C-B324-AA60E9C52CE1,40.45973048966994,-3.4600841028504874,Ahorramas Torrejón 2,Torrejón de Ardoz,28850,3276,4,Public - Membership Required,True,50,True,6.0,4,50.0,"25,33,2,1036",1,2023-09-08T19:41:00Z,2023-09-08T19:41:00Z,public_membership,EDP,True
210608,6D62DDEE-2FEC-4DC0-BB72-BD114377B44D,40.458594319141326,-3.466352722077886,McDonalds Torrejón ,,28859,2247,4,Public - Membership Required,True,50,True,4.0,3,50.0,"33,2,1036",1,2025-10-11T10:53:00Z,2025-10-11T10:53:00Z,public_membership,Iberdrola | BP Pulse (ES),True
203048,DDCE51C4-7FFB-4FA8-883D-D434AE425D1D,40.45817094120781,-3.4675212303886838,Aldi Torrejón,Torrejón de Ardoz,28850,3464,1,Public,,50,True,4.0,2,11.0,"25,28",1,2023-06-16T09:31:00Z,2023-06-16T09:31:00Z,public,ALDI SÜD (DE),True
203047,C57B496B-6DA4-486D-8CF7-CB08D49572B9,40.45769771741237,-3.4700209772170183,C.C. On Plaza,Torrejón de Ardoz,28850,207,4,Public - Membership Required,True,50,True,6.0,1,22.0,25,1,2025-10-11T10:56:00Z,2025-10-11T10:56:00Z,public_membership,Endesa,True
297978,85E6450F-E43A-41FA-8941-75726BA92EC1,40.4575344095594,-3.4688402735637,Mercadona Torrejón,,28850,3499,4,Public - Membership Required,True,50,True,2.0,1,22.0,25,1,2024-04-27T11:30:00Z,2024-04-27T11:30:00Z,public_membership,Mercadona,True
203049,F8552C9A-F46E-4775-BD18-7A472DF31D6E,40.45821797218446,-3.4670060783912504,Ahorramas Torrejón de Ardoz,Torrejón de Ardoz,28850,3276,4,Public - Membership Required,True,50,True,4.0,1,7.4,25,1,2023-02-11T09:37:00Z,2023-02-11T09:37:00Z,public_membership,EDP,True
280377,0F386906-2EE3-4EFA-9DC8-6B3D66D23BA9,40.45189398367438,-3.4601053726179885,C.C. Nasas Torrejón (Atlante),,28859,3588,4,Public - Membership Required,True,50,True,4.0,2,60.0,"33,33",1,2025-10-11T11:02:00Z,2025-10-11T11:02:00Z,public_membership,Atlante,True
296903,B7467220-167C-4DCF-A9B3-2A1130B428F0,40.44924722579685,-3.4644929348128244,Ayunt. Torrejón - Centro Cultural El Parque,,28859,3772,4,Public - Membership Required,True,50,True,2.0,1,11.0,25,1,2025-10-11T11:05:00Z,2025-10-11T11:05:00Z,public_membership,Ferrovial (ES),True
274093,64B6C36A-6824-4219-91F4-2ACDD872BFB4,40.442200940313825,-3.4639059034710726,BP Pulse Loeches,,28859,2247,4,Public - Membership Required,True,50,True,2.0,1,150.0,33,1,2023-11-09T14:57:00Z,2023-11-09T14:57:00Z,public_membership,Iberdrola | BP Pulse (ES),True
203050,F4A6D41C-B9B1-4A8B-9251-EF85B50CEB10,40.44472952895265,-3.462476047837299,Mercadona Torrejon,Torrejón de Ardoz,28850,3499,4,Public - Membership Required,True,50,True,4.0,1,22.0,25,1,2024-09-23T19:12:00Z,2024-09-23T19:12:00Z,public_membership,Mercadona,True
296902,7BC3ECDD-470D-44DE-AA2C-15053C04A6DF,40.447050086538496,-3.4693162698269475,Ayunt. Torrejón - Caja del Arte,,28850,3772,4,Public - Membership Required,True,50,True,2.0,1,11.0,25,1,2025-11-08T13:34:00Z,2025-11-08T13:34:00Z,public_membership,Ferrovial (ES),True
307717,70085AF9-0EF9-4910-B601-09F7EBAA5424,40.446994263207955,-3.468661015614572,Ahorramas Joaquín Blume,Torrejón,,3276,4,Public - Membership Required,True,50,True,3.0,1,22.0,25,1,2025-10-11T11:07:00Z,2025-10-11T11:07:00Z,public_membership,EDP,True
312166,7C29547B-2D5B-441F-8869-BEA10A2E07E3,40.44635327704651,-3.4667667283465278,Bluespace Torrejón,Torrejón,,3786,4,Public - Membership Required,True,50,True,2.0,2,120.0,"33,25",1,2025-07-13T07:39:00Z,2025-07-13T07:39:00Z,public_membership,Umbrella eMobility (ES),True
306399,48562212-267E-44D5-B501-1ACE97546129,40.449836716785455,-3.4707982767510543,Carrefour Torrejón,,,3276,4,Public - Membership Required,True,50,True,6.0,1,22.0,25,1,2025-10-11T11:06:00Z,2025-10-11T11:06:00Z,public_membership,EDP,True
296883,8277C18C-0F07-4E92-8140-0809271D320B,40.45073753853012,-3.4711631370374505,Aldi Torrejón,,28850,3464,1,Public,,50,True,2.0,1,7.4,25,1,2025-10-11T11:06:00Z,2025-10-11T11:06:00Z,public,ALDI SÜD (DE),True
470472,A3EFC98E-5621-4329-9AEB-9BF8A9E3118F,40.45459574189229,-3.472692972364257,Indra Torrejón,,28850,3371,2,Private - Restricted Access,True,50,True,2.0,1,7.4,25,1,2025-11-30T19:23:00Z,2025-11-30T19:23:00Z,restricted,Wenea,False
296905,71D343E7-1F2B-4A91-878B-3530394C1D96,40.459908726744345,-3.4743915329131596,Ayunt. Torrejón - Teatro José María Rodero,,28850,3772,4,Public - Membership Required,True,50,True,2.0,1,11.0,25,1,2025-10-11T10:49:00Z,2025-10-11T10:49:00Z,public_membership,Ferrovial (ES),True
472765,88BE3E74-A06C-467A-86F8-18893C470475,40.45922158785939,-3.4761952222756918,GoFit Torrejon,Torrejón,,2247,6,"Private - For Staff, Visitors or Customers",False,50,True,2.0,1,22.0,25,1,2026-01-08T12:00:00Z,2026-01-08T12:00:00Z,restricted,Iberdrola | BP Pulse (ES),False
296906,7C7EA16D-C548-4AAB-AC36-EAAFB6710FD8,40.458792738624766,-3.4785678981245383,Ayunt. Torrejón - Parking Plaza Mayor,,28850,3772,4,Public - Membership Required,True,50,True,4.0,1,11.0,25,1,2024-11-18T19:48:00Z,2024-11-18T19:48:00Z,public_membership,Ferrovial (ES),True
203046,2E4E097C-8145-4C70-8A7E-EAFDED677363,40.459944685894556,-3.4797217449204254,Ayunt. Torrejón - Parking Central,Torrejón de Ardoz,28850,3772,4,Public - Membership Required,True,50,True,4.0,1,11.0,25,1,2024-11-18T19:47:00Z,2024-11-18T19:47:00Z,public_membership,Ferrovial (ES),True
460568,BF39F915-DEF9-488F-8B4F-F2187BC68952,40.44903233542351,-3.4549409094333043,Legrand Torrejón,Torrejon,,3557,6,"Private - For Staff, Visitors or Customers",False,50,True,2.0,1,22.0,25,1,2025-08-25T20:22:00Z,2025-08-25T20:22:00Z,restricted,GALP Electric,False
203051,50F7FEFD-88AC-4958-B57C-610EFCE96DCA,40.458735902163426,-3.4572744799693282,Mercadona Torrejon 2,Torrejón de Ardoz,28850,3499,4,Public - Membership Required,True,50,True,4.0,1,22.0,25,1,2024-09-23T19:12:00Z,2024-09-23T19:12:00Z,public_membership,Mercadona,True
209686,5CEBEEE0-8058-47C9-BFA6-B022D61995AB,40.45805408234372,-3.453370331330916,Ahorramas Torrejón - Avenida de la Unión Europea,,28859,3276,4,Public - Membership Required,True,50,True,2.0,1,22.0,25,1,2025-10-10T08:34:00Z,2025-10-10T08:34:00Z,public_membership,EDP,True
298524,0F6CEDE2-5712-48C8-ADD7-7B6F4EE0E84F,40.45711317475815,-3.4518214215240732,Residencia Amavir Torrejón,,28859,207,6,"Private - For Staff, Visitors or Customers",False,50,True,2.0,1,7.0,25,1,2024-05-09T18:28:00Z,2024-05-09T18:28:00Z,restricted,Endesa,False
209685,CC37D4B5-BB30-42E8-B14D-3B08367A703E,40.458713176309345,-3.447654239606436,Ahorramas Torrejon - Plaza de Austria,,28859,3276,4,Public - Membership Required,True,50,True,2.0,1,22.0,25,1,2024-08-18T10:43:00Z,2024-08-18T10:43:00Z,public_membership,EDP,True
296904,50E8A034-907E-42BB-8B33-F1E623CF7E39,40.45983785231809,-3.4408774193875615,"Ayunt. Torrejón -  Paseo de la Democracia, cruce con Avda. Carmen Martín Gaite y C/ Eduardo Chillida",,28850,3772,4,Public - Membership Required,True,50,True,2.0,1,11.0,25,1,2024-09-17T13:17:00Z,2024-09-17T13:17:00Z,public_membership,Ferrovial (ES),True
289586,504D7DB5-B92F-4022-AA5C-65AA82118A0D,40.45110737870601,-3.447929577113996,Centro Deportivo INACUA Torrejón,,28859,207,4,Public - Membership Required,True,50,True,4.0,2,150.0,"33,25",1,2024-10-26T13:36:00Z,2024-10-26T13:36:00Z,public_membership,Endesa,True
207169,73B77AE8-BEB8-4D27-BD89-0DD07DE6A120,40.38689485298411,-3.477200913912725,ITV Mejorada,Mejorada del Campo,28840,45,6,"Private - For Staff, Visitors or Customers",False,50,True,4.0,1,7.4,25,1,2022-10-09T13:32:00Z,2022-10-09T13:32:00Z,restricted,(Business Owner at Location),False
460556,0558F944-FE2A-4F87-BE7F-AF9A30EC11C0,40.40032434510769,-3.4151262906609077,Hotel Los Prados,Loeches,,3276,6,"Private - For Staff, Visitors or Customers",False,50,True,2.0,1,11.0,25,1,2026-08-28T13:44:00Z,2026-08-28T13:44:00Z,restricted,EDP,False
235247,7BD18322-3B67-409E-9209-B15D53144290,40.385096675544446,-3.407853387385785,Repsol Loeches,,28890,91,4,Public - Membership Required,True,150,False,1.0,3,50.0,"33,1036,2",1,2025-10-09T18:21:00Z,2025-10-09T18:21:00Z,public_membership,Repsol - Ibil (ES),True
284786,663F50B3-47AC-46F3-BA5C-B32AD63EBD9C,40.401696594431314,-3.4105906284186176,BM Loeches,Loeches,28890,91,2,Private - Restricted Access,True,50,True,4.0,1,22.0,25,1,2025-08-25T10:55:00Z,2025-08-25T10:55:00Z,restricted,Repsol - Ibil (ES),False
207214,429CCE94-8EE9-4273-A552-56690F0D5274,40.47994754155468,-3.380117575562849,Peugeot Auto Rallye Alcalá de Henares,Alcalá de Henares,28802,45,6,"Private - For Staff, Visitors or Customers",False,50,True,1.0,1,22.0,25,1,2022-10-09T14:36:00Z,2022-10-09T14:36:00Z,restricted,(Business Owner at Location),False
207215,914DDBFB-FBD5-4B64-9E75-4C9F2086CD83,40.47991259178028,-3.380673131678577,Factory Discount Lidl Alcalá,Alcalá de Henares,28802,38,1,Public,,50,True,2.0,1,7.4,25,1,2022-10-09T14:37:00Z,2022-10-09T14:37:00Z,public,Lidl,True
90183,BC73D89F-5575-4C1C-A0BF-A05A5FFEDF36,40.475131,-3.392466,Hotel Ibis Alcala de Henares la Garena,Alcalá de Henares,28802,3550,4,Public - Membership Required,True,50,True,10.0,4,50.0,"33,2,25,25",1,2024-11-16T18:41:00Z,2024-11-16T18:41:00Z,public_membership,PowerDot (Es),True
201635,D2961F57-F506-4755-832A-D86B52D73DD6,40.476070671022825,-3.393070081412702,REPSOL Alcalá de Henares II,Alcalá de Henares,28802,91,4,Public - Membership Required,True,50,True,1.0,3,50.0,"33,2,1036",1,2025-10-11T17:38:00Z,2025-10-11T17:38:00Z,public_membership,Repsol - Ibil (ES),True
300331,DDB48B99-52CA-43A2-A472-68D636F7F95D,40.47445805261788,-3.400846902879266,Plenoil Alcalá de Henares I,,28802,3750,4,Public - Membership Required,True,50,True,2.0,1,60.0,33,1,2026-01-04T09:24:00Z,2026-01-04T09:24:00Z,public_membership,Plenergy (ES),True
304530,717882DF-70E6-47CB-9F3E-91EF357B8593,40.47380688304662,-3.4018160970005056,Pol. Las Matillas,,28802,207,4,Public - Membership Required,True,50,True,4.0,2,150.0,"33,25",1,2025-10-11T17:33:00Z,2025-10-11T17:33:00Z,public_membership,Endesa,True
201633,A0BCFA93-A9D5-4216-B718-381C5856AD11,40.47129158024819,-3.413074642196534,REPSOL Alcalá de Henares,Alcalá de Henares,28802,91,4,Public - Membership Required,True,50,True,1.0,3,50.0,"33,2,1036",1,2024-05-03T16:45:00Z,2024-05-03T16:45:00Z,public_membership,Repsol - Ibil (ES),True
459964,8A27FD6F-3B46-41F7-9F58-DA5396B64A44,40.47044078918569,-3.4155914606951683,Meiji Pharma,Torrejon,,3377,2,Private - Restricted Access,True,50,True,5.0,1,7.4,25,1,2025-07-21T18:54:00Z,2025-07-21T18:54:00Z,restricted,eTecnic,False
304298,3004C1A2-C2D1-4888-A479-7B729BB52E17,40.40778725837242,-3.371275522170407,Green Gas,Torres de la Alameda,28813,55,4,Public - Membership Required,True,50,True,2.0,1,100.0,33,1,2024-09-21T15:18:00Z,2024-09-21T15:18:00Z,public_membership,e-totem,True
209679,506F11A4-B841-4E4F-A9BA-309A4580726D,40.40913127301101,-3.3646509993866403,Ahorramas Torres de la Alameda,,28810,3276,4,Public - Membership Required,True,50,True,2.0,1,22.0,25,1,2025-10-10T18:41:00Z,2025-10-10T18:41:00Z,public_membership,EDP,True
207192,270B1055-78E5-4DFD-9D1D-1AE1C57A6BAA,40.4425026972815,-3.3671596252759173,Ayto. Villalbilla El Viso,Villalbilla,28810,1,1,Public,,50,True,1.0,1,22.0,25,1,2022-10-09T14:05:00Z,2022-10-09T14:05:00Z,public,(Unknown Operator),True
472766,BE88E8C5-1542-4B77-ABB7-6D5E78D9798A,40.44545009109612,-3.3505187991305547,Ayunt. Villablina. Calle Generalife,Los Hueros,,2247,4,Public - Membership Required,True,50,True,2.0,1,22.0,25,1,2026-01-08T12:05:00Z,2026-01-08T12:05:00Z,public_membership,Iberdrola | BP Pulse (ES),True
461983,EBEDBB18-815C-4F99-BBCA-3AEFD6AF0B7E,40.46210880230723,-3.362888811969924,Cementerio Jardín de Alcalá de Henares - Tanatorio,Alcalá de Henares,,1,1,Public,,50,True,2.0,1,3.7,25,1,2025-10-10T08:33:00Z,2025-10-10T08:33:00Z,public,(Unknown Operator),True
460555,069A7709-3D37-4F4B-BA97-7D4386E03815,40.44556127120933,-3.3608738888815424,Lidl Los Hueros,Los Hueros,,38,1,Public,,50,True,3.0,1,11.0,25,1,2025-08-25T10:44:00Z,2025-08-25T10:44:00Z,public,Lidl,True
207194,F08E3822-D151-4551-B70F-7358B199CBA6,40.445637870780246,-3.362018465422807,Ahorramas Los Hueros,Villalbilla,28810,3276,4,Public - Membership Required,True,50,True,4.0,1,22.0,25,1,2025-08-25T10:44:00Z,2025-08-25T10:44:00Z,public_membership,EDP,True
235588,BCEC7DB4-EEEE-48FB-BCBD-C4F4E26BFC40,40.44525234942233,-3.3624311376815967,Burger King Los Hueros,Villalbilla,28810,2247,4,Public - Membership Required,True,50,True,2.0,2,50.0,"33,2",1,2025-10-09T18:19:00Z,2025-10-09T18:19:00Z,public_membership,Iberdrola | BP Pulse (ES),True
207193,8251281D-62F4-4E21-A2B5-E791861D5091,40.44518590653783,-3.363524095076855,Mercadona Los Hueros,Villalbilla,28810,3499,4,Public - Membership Required,True,50,True,4.0,1,22.0,25,1,2025-10-17T18:59:00Z,2025-10-17T18:59:00Z,public_membership,Mercadona,True
209678,9A04CC9D-D1E5-4B8C-A2B2-AA597ADA64FD,40.469717412999216,-3.3698348202183297,Ahorramas Alcalá de Henares,,28803,3276,4,Public - Membership Required,True,50,True,2.0,1,22.0,25,1,2024-04-27T11:08:00Z,2024-04-27T11:08:00Z,public_membership,EDP,True
472767,C9D14AD0-9AF9-41EF-ADBA-CFF627C75564,40.45053987971619,-3.3353107480769495,Ayunt. Villablina. Peñalara,Los Hueros,,2247,4,Public - Membership Required,True,50,True,2.0,1,22.0,25,1,2026-01-08T12:04:00Z,2026-01-08T12:04:00Z,public_membership,Iberdrola | BP Pulse (ES),True
460554,C74F9D7A-C7D3-4C99-957D-318896196140,40.44696013842474,-3.325674535211931,Galp Villalbilla,Villalbilla,,3557,4,Public - Membership Required,True,50,True,2.0,1,150.0,33,1,2025-08-25T11:04:00Z,2025-08-25T11:04:00Z,public_membership,GALP Electric,True
271072,A9271FB5-A747-4A72-9A66-B751F40BE2A7,40.4443385753412,-3.32230190494511,BP Pulse Villalbilla,Villalbilla,28810,2247,4,Public - Membership Required,True,50,True,2.0,1,150.0,33,1,2023-09-02T17:47:00Z,2023-09-02T17:47:00Z,public_membership,Iberdrola | BP Pulse (ES),True
207191,6A173370-33D8-403D-B4B1-F25CC5AF048F,40.433778721728345,-3.3002921565184806,Ayto. Villalbilla Centro Salud,Villalbilla,28818,1,1,Public,,50,True,1.0,1,22.0,25,1,2022-10-09T14:04:00Z,2022-10-09T14:04:00Z,public,(Unknown Operator),True
304297,63EAE0EF-D4FB-4104-8920-9D47ED145336,40.4343896094413,-3.2807469536483893,Ballenoil Villalbilla,Villalbilla,28818,3584,4,Public - Membership Required,True,50,True,2.0,1,150.0,33,1,2026-04-23T13:50:00Z,2026-04-23T13:50:00Z,public_membership,Moeve (ES),True
460553,79C0ED3A-304B-4CCF-B21F-4D0460C6E161,40.43396251004333,-3.2813800150926795,Ayunt. Villalbilla El Robledal,El Robledal,,2247,4,Public - Membership Required,True,50,True,2.0,1,22.0,25,1,2026-01-08T12:07:00Z,2026-01-08T12:07:00Z,public_membership,Iberdrola | BP Pulse (ES),True
274405,D0203003-A01F-4710-B477-B6ABB6386919,40.56035289913524,-4.244126586963148,"E.S. MAcOil, La Paradilla (eTotem)",,28210,55,5,Public - Pay At Location,False,50,True,2.0,1,100.0,33,1,2025-05-09T13:03:00Z,2025-05-09T13:03:00Z,public,e-totem,True
306123,7CB888EE-0B31-4383-82D8-AD8A0B7C6B96,40.54704491212672,-4.1806058747740735,Ayunt. Zarzalejo,,28293,3324,4,Public - Membership Required,True,50,True,2.0,1,7.4,25,1,2025-12-14T16:09:00Z,2025-12-14T16:09:00Z,public_membership,Zunder,True
202965,981661B6-0C24-4FD8-AAC8-A0F702F6C39F,40.50113211956281,-4.23812635458205,Ayunt. Robledo Chavela Parking Plaza de España,Robledo de Chavela,,2247,5,Public - Pay At Location,False,50,True,2.0,1,22.0,25,1,2023-06-23T08:24:00Z,2023-06-23T08:24:00Z,public,Iberdrola | BP Pulse (ES),True
209187,53973631-CBDC-4E6B-918B-6857DC337E0B,40.51087404992393,-4.257458024280254,Hotel Los Cinco Enebros,,28470,45,6,"Private - For Staff, Visitors or Customers",False,50,True,1.0,1,3.7,28,1,2024-11-15T16:17:00Z,2024-11-15T16:17:00Z,restricted,(Business Owner at Location),False
312525,0E77EF2A-724D-48BA-B15C-A86D2283846A,40.53987573757351,-4.125097804130462,Ayunt. Peralejo,Peralejo,,2247,4,Public - Membership Required,True,50,True,2.0,1,11.0,25,1,2025-05-10T19:33:00Z,2025-05-10T19:33:00Z,public_membership,Iberdrola | BP Pulse (ES),True
202966,FC1D2A2B-F727-4B58-A521-9236D80749D3,40.485147191411755,-4.169995012591016,Ayunt. Fresnedillas - Museo Lunar,Fresnedillas de la Oliva,,3459,4,Public - Membership Required,True,50,True,2.0,1,22.0,25,1,2023-06-23T08:18:00Z,2023-06-23T08:18:00Z,public_membership,ACCIONA - Cargacoches,True
209188,BB90C5F4-52FF-4067-9E14-453C8E739A9C,40.48977751793362,-4.169884084185355,ESM CALLE OLIVA,,28214,3459,2,Private - Restricted Access,True,50,True,1.0,1,3.7,25,1,2023-06-22T13:17:00Z,2023-06-22T13:17:00Z,restricted,ACCIONA - Cargacoches,False
306124,09932CA6-01AB-4FC2-8F2A-960C8D6C92DA,40.53948337083486,-4.162683376093355,Ayunt. Zarzalejo. Avenida de la Estación,,28293,3324,4,Public - Membership Required,True,50,True,2.0,1,7.4,25,1,2024-11-15T21:20:00Z,2024-11-15T21:20:00Z,public_membership,Zunder,True
235129,A531B691-43EC-415A-9E1F-48AF310F29E2,40.575042781663456,-4.009071193936478,Parque Galapagar,Galapagar,28260,3571,4,Public - Membership Required,True,50,True,4.0,4,100.0,"33,33,2,25",1,2024-11-15T16:43:00Z,2024-11-15T16:43:00Z,public_membership,TotalEnergies (ES),True
209707,63A8A962-28E2-49BD-8613-0CD1CCBA7A2D,40.574423821890974,-4.004981027379927,Ahorramas Galapagar,Galapagar,28260,3276,4,Public - Membership Required,True,50,True,2.0,1,7.4,25,1,2023-02-11T10:50:00Z,2023-02-11T10:50:00Z,public_membership,EDP,True
290064,D62AFD61-5F8F-41D2-822E-C26DC55C1A48,40.574369989624586,-4.0066952379391125,Plenoil Galapagar,Galapagar,28260,3750,4,Public - Membership Required,True,50,True,2.0,1,60.0,33,1,2025-05-01T10:18:00Z,2025-05-01T10:18:00Z,public_membership,Plenergy (ES),True
202970,F4A2E69A-55F9-45E2-8FE3-B55F04890C96,40.563769570181876,-4.013579243267486,Mercadona Colmenarejo,Colmenarejo,28270,3499,4,Public - Membership Required,True,50,True,4.0,1,22.0,25,1,2024-09-22T11:15:00Z,2024-09-22T11:15:00Z,public_membership,Mercadona,True
472115,C805ED7B-0A0B-43F0-B515-13C4F775B1B1,40.50059308878724,-4.054950101141969,Ardagh,,,3377,2,Private - Restricted Access,True,50,True,2.0,1,7.0,25,1,2025-12-27T18:41:00Z,2025-12-27T18:41:00Z,restricted,eTecnic,False
202969,6B1F1D2A-4A98-4DAB-81B9-A18E80736573,40.547125104900005,-4.0730959786003496,Cocinas Alemanas,Valdemorillo,28210,45,6,"Private - For Staff, Visitors or Customers",False,50,True,1.0,1,11.0,25,1,2022-09-13T22:09:00Z,2022-09-13T22:09:00Z,restricted,(Business Owner at Location),False
202968,28A8E814-3A1B-4F9E-9579-7BF63E0CED39,40.499663673172364,-4.070138298190727,Mercadona Valdemorillo,Valdemorillo,,3499,4,Public - Membership Required,True,50,True,4.0,1,22.0,25,1,2024-09-22T11:10:00Z,2024-09-22T11:10:00Z,public_membership,Mercadona,True
209703,1899CA40-0F12-4C36-8642-BEBB2FFBEB49,40.578309126937,-3.9530499539263246,Ahorramas Torrelodones,Torrelodones,28250,3276,4,Public - Membership Required,True,50,True,4.0,1,22.0,25,1,2024-04-27T10:57:00Z,2024-04-27T10:57:00Z,public_membership,EDP,True
202972,E2ED934E-8BE3-4FBA-B5AC-80F9FB06076B,40.578296198941445,-3.952435709935912,Ayunt. Torrelodones. Calle de José Luis Velasco,Torrelodones,28250,91,4,Public - Membership Required,True,50,True,2.0,2,60.0,"33,25",1,2025-05-24T05:50:00Z,2025-05-24T05:50:00Z,public_membership,Repsol - Ibil (ES),True
235179,50316005-373C-45A1-9951-6E93196A7C6D,40.57640072837435,-3.932066903270737,XR Motos,Torrelodones,28251,45,6,"Private - For Staff, Visitors or Customers",False,50,True,3.0,3,7.4,"28,25,1",1,2023-02-16T17:07:00Z,2023-02-16T17:07:00Z,restricted,(Business Owner at Location),False
235180,7B21ADD7-842D-45BC-B88F-8BBDE1E839CB,40.57565619842859,-3.929602371318765,Ayunt. Torrelodones,Torrelodones,28251,91,4,Public - Membership Required,True,50,True,2.0,2,60.0,"25,33",1,2025-05-24T05:52:00Z,2025-05-24T05:52:00Z,public_membership,Repsol - Ibil (ES),True
202974,A25D6C4E-7296-4032-9022-37418FF988BE,40.570003613296365,-3.924745760403084,Rest El Trasgu,Torrelodones,28251,45,6,"Private - For Staff, Visitors or Customers",False,50,True,1.0,1,11.0,25,1,2023-02-19T08:38:00Z,2023-02-19T08:38:00Z,restricted,(Business Owner at Location),False
202973,BC1B4E5A-24DE-4542-9CE0-9283BA404DEF,40.56949228101686,-3.926526760747606,Parking Policlínico HM Torrelodones,Torrelodones,28251,207,4,Public - Membership Required,True,50,True,4.0,1,22.0,25,1,2024-11-15T17:03:00Z,2024-11-15T17:03:00Z,public_membership,Endesa,True
157618,F995CF8E-A925-4579-9899-A277D2DC3728,40.57145766373179,-3.926236475526821,Hotel Pax - Torrelodones,Torrelodones,28250,2247,4,Public - Membership Required,True,50,True,4.0,3,50.0,"33,2,1036",1,2022-12-13T10:42:00Z,2022-12-13T10:42:00Z,public_membership,Iberdrola | BP Pulse (ES),True
290533,D042D29E-64DF-4726-9EB0-899BB1E28E7E,40.570921176029174,-3.9246599246522464,Mercadona Torrelodones,Torrelodones,28251,3499,4,Public - Membership Required,True,50,True,4.0,1,22.0,25,1,2024-04-26T18:55:00Z,2024-04-26T18:55:00Z,public_membership,Mercadona,True
202975,B46C851F-B398-4909-8EEB-1D320D56BF29,40.570748105628695,-3.9238313652047054,Lidl Torrelodones,Torrelodones,28251,38,1,Public,,50,True,3.0,1,22.0,25,1,2023-10-23T18:50:00Z,2023-10-23T18:50:00Z,public,Lidl,True
163693,A870EB2B-64C5-4217-8DA0-F37F2182630C,40.568503522639304,-3.920269028837879,Centro Comercial Espacio Torrelodones,1,28250,45,4,Public - Membership Required,True,100,False,8.0,3,11.0,"30,25,25",1,2023-11-09T19:32:00Z,2023-11-09T19:32:00Z,public_membership,(Business Owner at Location),True
235602,0BD5F246-B518-4576-AC75-84F382BEDF6B,40.568502006421056,-3.9182474682550037,Burger King Torrelodones,Torrelodones,28250,2247,4,Public - Membership Required,True,50,True,2.0,2,50.0,"33,2",1,2025-10-07T19:46:00Z,2025-10-07T19:46:00Z,public_membership,Iberdrola | BP Pulse (ES),True
312784,218DBEB0-BC30-4DA0-9EA1-F79B6940C2D3,40.57494524599514,-3.926397153915559,Ayunt. Torrelodones,Torrelodones,,91,4,Public - Membership Required,True,50,True,2.0,2,60.0,"33,25",1,2025-05-24T05:52:00Z,2025-05-24T05:52:00Z,public_membership,Repsol - Ibil (ES),True
306098,18229A00-F295-4C22-AC98-675ACDCEAAC2,40.554605400166224,-3.900215388864922,Hotel EXE Gran Hotel Almenar,Las Rozas de Madrid,28290,3557,6,"Private - For Staff, Visitors or Customers",False,50,True,4.0,1,7.4,1036,1,2024-11-15T20:48:00Z,2024-11-15T20:48:00Z,restricted,GALP Electric,False
312174,E45EC83C-1B52-49D8-8506-BCB3425781C9,40.55251046026473,-3.897494740210078,Repsol,Las Rozas de Madrid,,91,4,Public - Membership Required,True,50,True,1.0,3,50.0,"33,2,1036",1,2025-05-23T17:30:00Z,2025-05-23T17:30:00Z,public_membership,Repsol - Ibil (ES),True
472023,FA39DDCF-183C-4B2C-BDEC-D0EAE094E7C6,40.55112736119085,-3.8955194287589165,Hotel Plaza Las Matas,Las Matas,,3401,6,"Private - For Staff, Visitors or Customers",False,50,True,2.0,1,22.0,25,1,2025-12-26T19:01:00Z,2025-12-26T19:01:00Z,restricted,Electromaps,False
458936,F818E10C-12D0-457E-89EE-250202E8DA6F,40.55186867286292,-3.8960161666370823,Ayunt. Las Matas,Las Matas,,3324,4,Public - Membership Required,True,50,True,7.0,2,50.0,"25,33",1,2025-06-26T14:22:00Z,2025-06-26T14:22:00Z,public_membership,Zunder,True
287641,64C7AF77-109D-4ECB-98B5-DC50AC9BAD98,40.54550105189418,-3.895694795678594,Hotel B&B Las Rozas,Las Rozas de Madrid,28290,207,4,Public - Membership Required,True,50,True,6.0,2,60.0,"33,25",1,2025-05-05T13:59:00Z,2025-05-05T13:59:00Z,public_membership,Endesa,True
273253,6E0D447E-885B-47D1-914A-BEFAAB17C4BE,40.545099113297255,-3.8952660400586865,Hotel ATTICA21 Las Rozas,Las Rozas de Madrid,28290,3704,6,"Private - For Staff, Visitors or Customers",False,50,True,4.0,1,22.0,1036,1,2026-06-02T17:26:00Z,2026-06-02T17:26:00Z,restricted,Electrico.es,False
202980,D597C74C-0CCF-4FF8-A2FD-602526035BAB,40.54436297975937,-3.898040616697358,Supercor Las Matas,Las Rozas de Madrid,28290,45,1,Public,,100,False,2.0,2,3.7,"25,28",1,2024-11-15T17:13:00Z,2024-11-15T17:13:00Z,public,(Business Owner at Location),True
202978,741F0991-317A-462B-AF60-694A6D1CD583,40.53569680732383,-3.896956437897188,Ahorramas Las Rozas,Las Rozas de Madrid,28290,3276,4,Public - Membership Required,True,50,True,3.0,2,11.0,"25,1036",1,2024-11-15T17:17:00Z,2024-11-15T17:17:00Z,public_membership,EDP,True
202979,7FD21B44-7949-44C7-85D1-3D34FA89561D,40.53848391817914,-3.8927416874353185,Europa Empresarial Business Park,Las Rozas de Madrid,28290,3401,6,"Private - For Staff, Visitors or Customers",False,50,True,12.0,2,3.7,"25,28",1,2025-12-26T19:01:00Z,2025-12-26T19:01:00Z,restricted,Electromaps,False
202977,5BA41666-E7F6-406D-8D46-DF381106EAE7,40.5312365186235,-3.8893157286247515,BMW Movilnorte,Las Rozas de Madrid,28290,45,6,"Private - For Staff, Visitors or Customers",False,50,True,2.0,1,22.0,25,1,2022-09-13T22:26:00Z,2022-09-13T22:26:00Z,restricted,(Business Owner at Location),False
207146,2FA888D4-3670-43B8-B5E9-0A5BD9E65032,40.52364759284271,-3.884710435834336,Carrefour Las Rozas,Las Rozas de Madrid,28232,3960,1,Public,,50,True,4.0,1,22.0,25,1,2026-01-15T22:19:00Z,2026-01-15T22:19:00Z,public,Carrefour (ES),True
235181,57FED33D-4AA9-42A9-9E62-D0B3866CCFA3,40.52216503722971,-3.8831451041959326,Renfe Pinar de las Rozas,Las Rozas de Madrid,28230,1,1,Public,,100,False,2.0,1,3.7,25,1,2023-02-16T17:11:00Z,2023-02-16T17:11:00Z,public,(Unknown Operator),True
311979,29F2ADEF-B0CC-41EE-AE5A-108E67A92A8A,40.52398123032353,-3.8848847546866523,Carrefour Las Rozas (DC),Las Rozas,,3960,4,Public - Membership Required,True,50,True,2.0,1,150.0,33,1,2026-01-19T22:16:00Z,2026-01-19T22:16:00Z,public_membership,Carrefour (ES),True
299403,B9517BC5-3CB0-4CF5-8B98-F591683CB0F2,40.52560927280834,-3.889417695125559,MD101,Las Rozas de Madrid,28230,3556,2,Private - Restricted Access,True,50,True,8.0,1,22.0,25,1,2024-05-27T06:54:00Z,2024-05-27T06:54:00Z,restricted,Place To Plug,False
202963,70E96DA5-4E1B-4134-9F66-B2EB157776B9,40.52062177908513,-3.8903067814197243,GIREVE Oficinas,Las Rozas de Madrid,28232,45,2,Private - Restricted Access,True,50,True,1.0,1,7.4,25,1,2025-12-31T19:57:00Z,2025-12-31T19:57:00Z,restricted,(Business Owner at Location),False
305572,0BD4266D-A81A-423F-9032-37F2E9013262,40.52110555618498,-3.89083443408731,Sede DIA,Las Rozas de Madrid,28232,3798,6,"Private - For Staff, Visitors or Customers",False,50,True,3.0,1,7.4,25,1,2024-10-21T09:19:00Z,2024-10-21T09:19:00Z,restricted,REMO Mobility (ES),False
267310,14E17E79-79A4-46D0-8458-3311FE4362E5,40.52224276190893,-3.8885413238488127,Metrovacesa (parking),Las Rozas de Madrid,28232,45,6,"Private - For Staff, Visitors or Customers",False,50,True,7.0,1,7.4,25,1,2023-06-25T16:45:00Z,2023-06-25T16:45:00Z,restricted,(Business Owner at Location),False
307413,722D6C61-BD9E-46E3-A41F-B26C6BDB884B,40.52265362435696,-3.8904925410869566,C.C. EL Palmeral,Las Rozas,,45,4,Public - Membership Required,True,50,True,4.0,1,7.4,25,1,2025-12-31T19:57:00Z,2025-12-31T19:57:00Z,public_membership,(Business Owner at Location),True
279955,6D628DB5-5171-4A63-B046-B11E0C0C7247,40.52362139519414,-3.8912675709418068,Parking Biblioteca,Las Rozas de Madrid,28232,3324,4,Public - Membership Required,True,50,True,9.0,1,22.0,25,1,2023-11-13T16:03:00Z,2023-11-13T16:03:00Z,public_membership,Zunder,True
462277,89FC2C7E-0136-495A-BD88-CD5E74D14E51,40.51623582156688,-3.8993214244108003,Ayunt. Las Rozas. Navalcarbón,Las Rozas,,3324,4,Public - Membership Required,True,50,True,8.0,1,22.0,25,1,2025-10-17T07:37:00Z,2025-10-17T07:37:00Z,public_membership,Zunder,True
473114,BC337C33-A55F-4823-B0F0-5CD066F24581,40.518156446270865,-3.9018285346581933,C.C. Las Rozas Village,Las Rozas de Madrid,28230,207,4,Public - Membership Required,True,50,True,6.0,1,22.0,25,1,2026-01-13T11:40:00Z,2026-01-13T11:40:00Z,public_membership,Endesa,True
201766,FC3FABA5-FC8E-49AB-B7F4-474D4996B4A4,40.51684712113939,-3.89088956939554,Style Outlet Las Rozas,Las Rozas de Madrid,28230,2247,4,Public - Membership Required,True,50,True,4.0,3,50.0,"33,2,1036",1,2022-12-13T10:45:00Z,2022-12-13T10:45:00Z,public_membership,Iberdrola | BP Pulse (ES),True
265941,9FD1DCDD-13AF-40F8-854C-8160EC8A12CC,40.51765646549916,-3.888110936224848,Leroy Merlin Pinar de Las Rozas,Las Rozas de Madrid,28232,2247,4,Public - Membership Required,True,50,True,8.0,1,22.0,1036,1,2023-05-24T18:43:00Z,2023-05-24T18:43:00Z,public_membership,Iberdrola | BP Pulse (ES),True
285068,4787B1D3-FA9C-4B4E-87D5-40579B0DE17C,40.50403931107499,-3.8885802649168966,Repsol Las Rozas,Las Rozas de Madrid,28230,91,4,Public - Membership Required,True,50,True,1.0,3,50.0,"33,2,1036",1,2025-10-07T19:52:00Z,2025-10-07T19:52:00Z,public_membership,Repsol - Ibil (ES),True
201767,2A21E33D-FBF1-4848-B1D5-A2309BEDB649,40.501661148273286,-3.8877126129268618,Europolis,Las Rozas de Madrid,28230,2247,4,Public - Membership Required,True,50,True,2.0,1,22.0,25,1,2022-12-13T10:46:00Z,2022-12-13T10:46:00Z,public_membership,Iberdrola | BP Pulse (ES),True
207144,FB12416D-A6CC-49EB-8B04-7BEF3B69B767,40.50140715481521,-3.8863006043803807,Lidl Las Rozas,Las Rozas de Madrid,28230,38,1,Public,,50,True,6.0,1,22.0,25,1,2022-10-09T11:04:00Z,2022-10-09T11:04:00Z,public,Lidl,True
207143,67382FE5-1606-4B95-9B67-3EEA7BA7125F,40.4989305649178,-3.8878053383732833,VW Las Rozas,Las Rozas de Madrid,28230,45,6,"Private - For Staff, Visitors or Customers",False,50,True,2.0,2,22.0,"25,33",1,2024-11-15T17:34:00Z,2024-11-15T17:34:00Z,restricted,(Business Owner at Location),False
280533,1D548982-A323-4702-AACF-5DA3991CB12D,40.49928677234956,-3.887835559272304,Nissan Las Rozas (Allego),Las Rozas de Madrid,28230,103,4,Public - Membership Required,True,50,True,1.0,2,50.0,"33,2",1,2024-11-15T17:35:00Z,2024-11-15T17:35:00Z,public_membership,Allego BV,True
280331,7988ACAF-A0D7-4401-900C-A1326ABB17D2,40.491442385534356,-3.8992197214558075,C.C. Gran Plaza 2 (Electra),Majadahonda,28230,3489,4,Public - Membership Required,True,50,True,8.0,1,200.0,33,1,2025-12-25T10:01:00Z,2025-12-25T10:01:00Z,public_membership,Electra,True
207139,9E3E441F-C94B-43A7-9EFC-1694662D4498,40.49111930061164,-3.8985158345300306,Gran Plaza 2 Majadahonda,Majadahonda,28230,45,1,Public,,100,False,4.0,1,22.0,25,1,2025-06-28T15:01:00Z,2025-06-28T15:01:00Z,public,(Business Owner at Location),True
487821,51C433B2-5D88-47B5-A04C-FF2760C35FD2,40.48942629524976,-3.8961578807128774,C.C. Arco,Majadahonda,28230,207,4,Public - Membership Required,True,50,True,6.0,1,300.0,33,1,2026-09-30T14:18:00Z,2026-09-30T14:18:00Z,public_membership,Endesa,True
258238,D3A139CA-7E43-416A-8ECF-95A12FF69190,40.489947780097054,-3.8979787036469986,Tesla Supercharger Majadahonda C.C. Gran Plaza (P. Interior),Majadahonda,28230,3534,4,Public - Membership Required,True,50,True,20.0,2,250.0,"33,33",1,2025-02-06T18:36:00Z,2025-02-06T18:36:00Z,public_membership,Tesla (including non-tesla),True
207142,E829E2F4-334B-41B3-BDBC-0B9F92B70C25,40.496391072397955,-3.887168613880135,Renault RG Las Rozas,Las Rozas de Madrid,28230,3275,6,"Private - For Staff, Visitors or Customers",False,50,True,1.0,2,22.0,"25,28",1,2022-10-09T11:02:00Z,2022-10-09T11:02:00Z,restricted,Renault,False
489149,15CA52F1-0336-463E-9096-A3645D30C635,40.485890866413854,-3.942416851378539,Cepsa Villanueva del Pradillo,Villanueva del Pardillo,28692,3584,4,Public - Membership Required,True,50,True,2.0,1,300.0,33,1,2026-05-12T12:27:00Z,2026-05-12T12:27:00Z,public_membership,Moeve (ES),True
235186,5295676C-9BF5-4E27-BC8E-89973DF33F94,40.49681236469496,-3.9655773213636394,Centro Cívico Príncipe de Asturias,Villanueva del Pardillo,28229,1,1,Public,,50,True,2.0,1,3.7,25,1,2024-11-15T17:51:00Z,2024-11-15T17:51:00Z,public,(Unknown Operator),True
235185,2E74F5D6-828A-470F-A8E4-D1BCBD972586,40.492188311512564,-3.9629235086064227,Centro Cultural Villanueva del Pardillo,Villanueva del Pardillo,28229,1,1,Public,,50,True,2.0,1,3.7,25,1,2025-10-07T19:20:00Z,2025-10-07T19:20:00Z,public,(Unknown Operator),True
235184,A0110965-5701-45BB-818F-4A3553FE286B,40.487327650860465,-3.9668062845876193,Ayunt. Villanueva del Pardillo,Villanueva del Pardillo,28229,1,1,Public,,50,True,2.0,1,3.7,25,1,2025-10-07T19:23:00Z,2025-10-07T19:23:00Z,public,(Unknown Operator),True
129712,EC63C931-4383-4224-AB9E-3AE55E20F198,40.490078987082,-3.95560212885653,Mercadona Pardillo,Villanueva del Pardillo,28229,3499,4,Public - Membership Required,True,50,True,4.0,1,22.0,25,1,2025-10-17T18:13:00Z,2025-10-17T18:13:00Z,public_membership,Mercadona,True
209702,9EB23ED8-668E-4BBD-86CC-C3A7415C3A1D,40.48954455710381,-3.9549684437938595,Ahorramas Villanueva del Pardillo,Villanueva del Pardillo,28229,3276,4,Public - Membership Required,True,50,True,4.0,1,22.0,25,1,2024-04-27T10:57:00Z,2024-04-27T10:57:00Z,public_membership,EDP,True
492184,A6BD6B5C-2064-4404-AC80-A6D04868C653,40.50691922428666,-3.913722970671188,E.S. Repsol Jovipe,Las Rozas de Madrid,28232,91,4,Public - Membership Required,True,50,True,1.0,3,50.0,"33,2,1036",1,2026-06-02T08:29:00Z,2026-06-02T08:29:00Z,public_membership,Repsol - Ibil (ES),True
160808,5297D9CA-A73C-4724-8C0D-C2AAA6AA5F4A,40.51923504135053,-3.9341275021151887,Ayuntamiento Las Rozas - El Cantizal,Las Rozas,28232,1,1,Public,,50,True,2.0,1,22.0,25,1,2020-07-08T15:42:00Z,2020-07-08T15:42:00Z,public,(Unknown Operator),True
306309,ED2000DE-1A3E-406A-B6DC-218B13E5FA78,40.54758368348976,-3.9160968387380137,Real Club de Golf Las Rozas,Las Rozas de Madrid,28290,3583,4,Public - Membership Required,True,50,True,4.0,2,60.0,"33,25",1,2024-11-21T10:32:00Z,2024-11-21T10:32:00Z,public_membership,Eranovum (ES),True
298165,B5E367C3-E619-43CC-8814-512763E5A03D,40.56827796037675,-3.917624710963139,E.S. Repsol Torrelodones,Torrelodones,28250,91,4,Public - Membership Required,True,50,True,1.0,3,50.0,"33,2,1036",1,2024-11-15T17:06:00Z,2024-11-15T17:06:00Z,public_membership,Repsol - Ibil (ES),True
193404,CC5F789F-69D1-446F-9E8B-E151B6CD5970,40.567603281068926,-3.9171577748977597,Verdecora Torrelodones,Torrelodones,28251,207,4,Public - Membership Required,True,50,True,6.0,5,60.0,"33,2,25,33,33",1,2025-05-05T13:59:00Z,2025-05-05T13:59:00Z,public_membership,Endesa,True
207145,FCC4F5BA-A0F4-48E8-95DF-FB32B570D264,40.5110272378204,-3.8778836386014746,COSTCO Las Rozas,Las Rozas de Madrid,28230,45,5,Public - Pay At Location,False,75,True,16.0,2,180.0,"25,33",1,2025-01-01T22:40:00Z,2025-01-01T22:40:00Z,public,(Business Owner at Location),True
474437,03407630-DDB3-4D9E-A0E0-EDB8DCF003CB,40.508202154775006,-3.8771358741092854,Hub Las Rozas (Wenea),Las Rozas,,3371,4,Public - Membership Required,True,150,False,32.0,1,360.0,33,1,2026-09-13T22:02:00Z,2026-09-13T22:02:00Z,public_membership,Wenea,True
462278,6573F114-B4B9-47DD-9785-40FD925A47AF,40.50020752418149,-3.8688994655595934,Centro Deportivo La Marazuela,Las Rozas,,45,1,Public,,50,True,12.0,1,22.0,25,1,2025-10-17T07:42:00Z,2025-10-17T07:42:00Z,public,(Business Owner at Location),True
235182,D9E2D764-2C8C-4AF7-A117-3CB5F389F461,40.49451880282126,-3.86820176911192,Estación Renfe Cercanías Las Rozas,Las Rozas de Madrid,28231,1,1,Public,,100,False,2.0,1,11.0,25,1,2023-02-16T17:14:00Z,2023-02-16T17:14:00Z,public,(Unknown Operator),True
279954,9C86CEE4-573F-49CA-9F56-97293375F65C,40.491693438555046,-3.87534196599006,Parking Avenida de la Constitución,Las Rozas de Madrid,28231,3324,4,Public - Membership Required,True,50,True,24.0,1,22.0,25,1,2023-11-13T16:01:00Z,2023-11-13T16:01:00Z,public_membership,Zunder,True
207140,449DCDD9-8A04-472C-BF6A-CE20B75AF563,40.48943676266666,-3.875646943068432,Centro Comercial Burgocentro,Las Rozas de Madrid,28231,207,4,Public - Membership Required,True,50,True,6.0,1,22.0,25,1,2025-10-17T07:40:00Z,2025-10-17T07:40:00Z,public_membership,Endesa,True
304624,5AE07088-C6C0-4BF4-89C7-34DC9DB842F5,40.48878687093304,-3.8753122200961343,Mercadona Las Rozas,Las Rozas de Madrid,28230,3499,4,Public - Membership Required,True,50,True,4.0,1,22.0,25,1,2024-09-28T15:40:00Z,2024-09-28T15:40:00Z,public_membership,Mercadona,True
266794,0C6CB5D8-61D5-4947-A9A9-26DBEEE9D64D,40.489904124622825,-3.8741374661039174,BP Las Rozas,Las Rozas de Madrid,28231,2247,4,Public - Membership Required,True,50,True,4.0,2,150.0,"33,33",1,2025-06-11T15:34:00Z,2025-06-11T15:34:00Z,public_membership,Iberdrola | BP Pulse (ES),True
298139,C7CB29D9-9EEE-4C6A-9E93-569514899CC8,40.496411946006646,-3.8611216651120515,Supermercado Hiber Las Rozas,Las Rozas de Madrid,28231,3583,4,Public - Membership Required,True,50,True,8.0,1,3.6,1036,1,2024-11-21T10:29:00Z,2024-11-21T10:29:00Z,public_membership,Eranovum (ES),True
191239,2FFA13CE-35A0-45EE-B30B-EAF03D836A58,40.489964733847245,-3.7439845465072494,Club de tiro,Madrid,28035,45,5,Public - Pay At Location,False,50,True,1.0,1,5.75,25,1,2022-10-09T10:29:00Z,2022-10-09T10:29:00Z,public,(Business Owner at Location),True
290236,F279F1D9-2A76-4C1F-BA30-CABEE0716902,40.49066622254065,-3.689485488443381,Ayunt. Madrid: Calle Lezama  (TotalEnergies),Madrid,,3571,4,Public - Membership Required,True,50,True,3.0,4,100.0,"33,33,2,1036",1,2026-02-01T14:44:00Z,2026-02-01T14:44:00Z,public_membership,TotalEnergies (ES),True
272837,5AD4BAB2-8F4A-4A71-BB5E-A6505F9C755C,40.49029470359574,-3.6886586971643283,"Mercadona, Orduña, Madrid",,,3499,4,Public - Membership Required,True,50,True,4.0,1,22.0,25,1,2024-04-27T14:33:00Z,2024-04-27T14:33:00Z,public_membership,Mercadona,True
307301,66C88860-025E-47D5-AA5A-0C467BEB2265,40.48836688779997,-3.688100410415018,Ed. Essilor,Madrid,,3371,2,Private - Restricted Access,True,50,True,4.0,1,7.0,25,1,2025-11-30T19:12:00Z,2025-11-30T19:12:00Z,restricted,Wenea,False
306337,1965B7B2-4245-41E7-B255-175B38445EC4,40.488943622231744,-3.690423664367671,Bluspace Ramon Y Cajal,,28034,3786,4,Public - Membership Required,True,50,True,2.0,1,90.0,33,1,2024-11-21T14:36:00Z,2024-11-21T14:36:00Z,public_membership,Umbrella eMobility (ES),True
207128,B90BC98D-5309-4CF3-B5E9-9CD148F5328F,40.481726239963365,-3.687585347508957,Interparking La Paz,Madrid,28034,3975,5,Public - Pay At Location,False,50,True,29.0,1,8.0,25,1,2026-02-14T14:43:00Z,2026-02-14T14:43:00Z,public,Interparking (ES),True
311478,ADF8BD6F-11AF-4161-946A-2D3627D220C0,40.48101639262467,-3.691068877910652,Univ. Autonoma. Medicina,Madrid,,3809,4,Public - Membership Required,True,50,True,4.0,1,22.0,25,1,2025-12-14T09:11:00Z,2025-12-14T09:11:00Z,public_membership,Qwello,True
470968,C7D86093-F8B4-4E5C-BC59-8DD7D568FB66,40.48269245474253,-3.691372839392784, Univ. Autonoma. Instituto Biomedicina,Madrid,,3809,4,Public - Membership Required,True,50,True,4.0,1,22.0,25,1,2025-12-14T09:08:00Z,2025-12-14T09:08:00Z,public_membership,Qwello,True
237691,3E36B400-E611-4734-8806-61A8990B9B18,40.4882983378466,-3.693394809650812,Zity,,28034,2247,2,Private - Restricted Access,True,50,True,3.0,3,50.0,"33,2,1036",1,2025-09-03T08:46:00Z,2025-09-03T08:46:00Z,restricted,Iberdrola | BP Pulse (ES),False
472597,0EC2F453-1BAA-4B96-8DA8-E2420A712A6D,40.48744564361263,-3.695879793392976,Parking Hospital Ramón Y Cajal (Telpark),,28034,4028,4,Public - Membership Required,True,50,True,6.0,1,22.0,1036,1,2026-09-17T07:12:00Z,2026-09-17T07:12:00Z,public_membership,Telpark (ES),True
492185,DA3FC035-66C9-4683-BB69-BB204E27F892,40.49391570167123,-3.7069952926440237,Escuela Universitaria de Fisioterapia (ONCE),,28034,91,2,Private - Restricted Access,True,50,True,3.0,1,7.4,25,1,2026-06-02T09:51:00Z,2026-06-02T09:51:00Z,restricted,Repsol - Ibil (ES),False
191243,CE3E747D-BE44-417C-A3C0-A4D309EDC965,40.48672815192256,-3.703213328216634,Hotel Eurostars Mirasierra,Madrid,28034,3557,6,"Private - For Staff, Visitors or Customers",False,50,True,8.0,1,7.4,25,1,2025-11-25T17:51:00Z,2025-11-25T17:51:00Z,restricted,GALP Electric,False
272925,440844E3-3B00-41C5-814A-C70B7BB43DBF,40.485936308970935,-3.7071180772722983,Mercadona Alfredo Marqueríe,,28034,3499,4,Public - Membership Required,True,50,True,2.0,1,22.0,25,1,2024-04-27T14:33:00Z,2024-04-27T14:33:00Z,public_membership,Mercadona,True
460688,5E373C36-10CF-4528-9067-7C316BABCC49,40.48944665490538,-3.7143545150096315,Clínica Ruber,Madrid,,3889,4,Public - Membership Required,True,50,True,3.0,1,7.4,25,1,2025-09-03T11:09:00Z,2025-09-03T11:09:00Z,public_membership,emovili Fast (ES),True
191237,A341B080-7980-4F13-9AA2-BBEA3EEC50FD,40.49072863513203,-3.721228001940716,Supermecado Plaza,Madrid,28035,45,4,Public - Membership Required,True,50,True,2.0,1,22.0,25,1,2025-11-25T17:50:00Z,2025-11-25T17:50:00Z,public_membership,(Business Owner at Location),True
209708,D0522ABE-E272-42B7-8E01-78D795DD36AE,40.49002426599657,-3.7215181755474305,Ahorramas Fuencarral,,28929,3276,4,Public - Membership Required,True,50,True,2.0,1,22.0,25,1,2024-04-27T11:13:00Z,2024-04-27T11:13:00Z,public_membership,EDP,True
235263,DF3F074A-59BF-465E-977A-91F0D745933E,40.48006335963535,-3.7074641629230882,CC La Vaguada (MOOVE Cars),,28029,4028,4,Public - Membership Required,True,50,True,20.0,2,120.0,"33,33",1,2026-09-17T07:12:00Z,2026-09-17T07:12:00Z,public_membership,Telpark (ES),True
207129,5269E2B3-960C-4312-B185-EF6E0261B869,40.480587158812824,-3.7064528057481994,Centro Comercial La Vaguada,Madrid,28029,45,5,Public - Pay At Location,False,50,True,11.0,2,22.0,"25,28",1,2026-08-20T13:01:00Z,2026-08-20T13:01:00Z,public,(Business Owner at Location),True
191574,A8DB77BF-B5F4-46F1-B604-C52C98B987AB,40.48327826472496,-3.70787845007294,Colegio Valdeluz,Madrid,28034,1,2,Private - Restricted Access,True,50,True,2.0,1,22.0,25,1,2022-02-15T21:37:00Z,2022-02-15T21:37:00Z,restricted,(Unknown Operator),False
312782,AA0D2D84-0161-4118-920A-C64F84951D1F,40.48316925468882,-3.7052943900026776,Repsol Esecisa,Madrid,,91,4,Public - Membership Required,True,50,True,1.0,3,50.0,"33,2,1036",1,2025-11-25T17:54:00Z,2025-11-25T17:54:00Z,public_membership,Repsol - Ibil (ES),True
191576,7D7629B0-4A70-4BE2-9E73-1AE2FD340769,40.488175968989054,-3.7311097305877183,Mercadona Mirasierra,Madrid,28035,3499,4,Public - Membership Required,True,50,True,4.0,1,22.0,25,1,2025-10-17T19:18:00Z,2025-10-17T19:18:00Z,public_membership,Mercadona,True
191575,4A1BA8BC-0251-42EE-9645-62ECC6B5F03F,40.495925371196904,-3.7251833666108496,Parking EMT Disuasorio Pitis,Madrid,28027,3553,1,Public,,50,True,12.0,1,7.4,25,1,2025-11-25T17:45:00Z,2025-11-25T17:45:00Z,public,Electro-EMT,True
191240,41AEE8B3-B71C-4BE4-A8DF-EFB057A8B215,40.49504205168458,-3.718297823749367,Aparcamiento McDonalds y Clínica Cemtro,Madrid,28034,45,5,Public - Pay At Location,False,50,True,4.0,1,11.0,25,1,2024-11-03T11:46:00Z,2024-11-03T11:46:00Z,public,(Business Owner at Location),True
274403,475723F7-9C1C-4B12-8152-4ABFE717168B,40.49562325570625,-3.7186455317142872,Repsol Fresno,,28929,91,4,Public - Membership Required,True,50,True,1.0,3,50.0,"1036,33,2",1,2026-04-17T08:44:00Z,2026-04-17T08:44:00Z,public_membership,Repsol - Ibil (ES),True
207131,8AF9590A-6BC2-4B57-9D45-93A9219EB877,40.49974608924296,-3.714782675150218,Go Fit Montecarmelo,Madrid,28034,2247,4,Public - Membership Required,True,50,True,6.0,1,7.4,25,1,2022-10-09T10:43:00Z,2022-10-09T10:43:00Z,public_membership,Iberdrola | BP Pulse (ES),True
207130,74875E43-66C2-475B-9C82-1CF5AADAF655,40.49719456535132,-3.714695017945701,C.C. Mirasierra Gallery,Madrid,28034,45,1,Public,,30,True,7.0,1,22.0,25,1,2022-10-09T10:41:00Z,2022-10-09T10:41:00Z,public,(Business Owner at Location),True
305835,CB0DC864-C4F9-48A2-817C-7067AB0A470A,40.49411141077945,-3.717190974782227,Clínica Cemtro,,28929,207,6,"Private - For Staff, Visitors or Customers",False,50,True,2.0,1,22.0,25,1,2024-11-03T11:43:00Z,2024-11-03T11:43:00Z,restricted,Endesa,False
307420,240F2B2B-3C79-47D0-853D-A9F2F5FFB6C1,40.49736991399263,-3.704288611427387,Universida Villanueva,Madrid,,45,2,Private - Restricted Access,True,50,True,2.0,1,7.4,25,1,2025-12-31T20:02:00Z,2025-12-31T20:02:00Z,restricted,(Business Owner at Location),False
191573,B44C717C-2D9E-416C-B73A-6C88D821E567,40.50264332592701,-3.7072804223747653,Mercadona Valverde,Madrid,28034,3499,4,Public - Membership Required,True,50,True,8.0,4,50.0,"1036,33,2,1036",1,2025-09-03T08:53:00Z,2025-09-03T08:53:00Z,public_membership,Mercadona,True
207132,80083E9D-4659-43CE-A979-C38617DA7FE8,40.50188488264439,-3.7089365621909565,Fundación A La Par,Madrid,28034,45,2,Private - Restricted Access,True,50,True,2.0,1,11.0,25,1,2022-10-09T10:43:00Z,2022-10-09T10:43:00Z,restricted,(Business Owner at Location),False
311474,5794DC29-6403-412B-B6FA-FAABC78CD117,40.54286788836205,-3.6988611808713188,Univ. Autonoma. Biblioteca ,Cantiblanco,,3809,4,Public - Membership Required,True,50,True,8.0,1,22.0,25,1,2025-04-02T13:50:00Z,2025-04-02T13:50:00Z,public_membership,Qwello,True
311475,171B9B17-FDD3-4603-B9B2-1293F88BC6F3,40.54364284127925,-3.6956958829380824,Univ. Autonoma. Parking Rectorado,Cantoblanco,,3809,4,Public - Membership Required,True,50,True,8.0,1,22.0,25,1,2025-04-02T13:42:00Z,2025-04-02T13:42:00Z,public_membership,Qwello,True
311476,F812E74A-9A5D-4080-AB81-DE43C8161467,40.543128609601126,-3.6934791487002485,Univ. Autonoma. Fac. Psicología,Cantoblanco,,3809,4,Public - Membership Required,True,50,True,8.0,1,22.0,25,1,2025-04-02T13:44:00Z,2025-04-02T13:44:00Z,public_membership,Qwello,True
274411,5CD8C00E-7337-40A4-8F3C-D2522EDD9DD7,40.54213648435453,-3.691364226136102,UAM-Derecho,,28049,3459,4,Public - Membership Required,True,50,True,4.0,3,50.0,"33,2,25",1,2024-01-28T11:18:00Z,2024-01-28T11:18:00Z,public_membership,ACCIONA - Cargacoches,True
311477,2FBFF298-923B-40B2-9D85-752D37EB7BB4,40.54181909272526,-3.6920448981196046,Univ. Autonoma. Derecho,Cantoblanco,,3809,4,Public - Membership Required,True,50,True,4.0,1,22.0,25,1,2025-04-02T13:46:00Z,2025-04-02T13:46:00Z,public_membership,Qwello,True
274412,7FF93C49-0272-4DC4-A865-8DC52C925CFE,40.547274760476824,-3.691906612403045,UAM-Ciencias,,28049,3459,4,Public - Membership Required,True,50,True,4.0,3,50.0,"33,2,25",1,2024-01-28T11:18:00Z,2024-01-28T11:18:00Z,public_membership,ACCIONA - Cargacoches,True
280823,CB8C9A53-6FFC-487D-ABE7-337412100687,40.54873377500158,-3.696827428023255,UAM - Residencia ERASMO II,,28049,45,4,Public - Membership Required,True,50,True,2.0,1,7.4,25,1,2025-12-26T18:58:00Z,2025-12-26T18:58:00Z,public_membership,(Business Owner at Location),True
280822,122372C6-06C9-4CE2-B847-DB6BA8A05DBF,40.54801366803818,-3.6988229099087846,UAM - Residencia ERASMO I,,28049,45,4,Public - Membership Required,True,50,True,2.0,1,7.4,25,1,2025-12-26T18:58:00Z,2025-12-26T18:58:00Z,public_membership,(Business Owner at Location),True
266260,306B4551-0949-468C-8DEB-9922E35A4D86,40.55058240317939,-3.6818970769012367,Universidad Comillas,,28100,91,6,"Private - For Staff, Visitors or Customers",False,50,True,12.0,1,7.4,25,1,2023-05-30T18:06:00Z,2023-05-30T18:06:00Z,restricted,Repsol - Ibil (ES),False
163848,E5F9FAD1-B0E8-401F-A383-4B7C3E42E24B,40.529708,-3.693392,El Meson de Fuencarral,Km 14,28049,45,6,"Private - For Staff, Visitors or Customers",False,50,True,2.0,2,3.7,"30,1036",1,2022-09-20T13:44:00Z,2022-09-20T13:44:00Z,restricted,(Business Owner at Location),False
191581,A95B1B64-320A-4D8A-8D91-B7E567BC474F,40.505167841392904,-3.685727396569291,Restaurante El Ninot,Madrid,28034,3798,4,Public - Membership Required,True,50,True,4.0,2,60.0,"33,25",1,2025-01-07T16:02:00Z,2025-01-07T16:02:00Z,public_membership,REMO Mobility (ES),True
460686,068D909F-3213-4F6A-A44E-11BCE6998CE1,40.507156172555085,-3.690918433431193,E.S. Repsol Fuencarral-El Pardo,Madrid,,91,4,Public - Membership Required,True,150,False,1.0,3,50.0,"33,2,1036",1,2025-09-03T08:49:00Z,2025-09-03T08:49:00Z,public_membership,Repsol - Ibil (ES),True
305834,A308742F-9E8A-4C7F-8835-2C6FFAEFE223,40.50960563053846,-3.6922590105593827,Clínica Cemtro,,28049,207,6,"Private - For Staff, Visitors or Customers",False,50,True,2.0,1,22.0,25,1,2024-11-03T11:43:00Z,2024-11-03T11:43:00Z,restricted,Endesa,False
288918,2B8916C6-E37A-4854-A405-927FC1541529,40.51008847860135,-3.6902610886902494,C.C. Montecarmelo,,28034,2247,4,Public - Membership Required,True,50,True,10.0,4,50.0,"1036,33,2,1036",1,2026-01-12T14:43:00Z,2026-01-12T14:43:00Z,public_membership,Iberdrola | BP Pulse (ES),True
207121,D6005993-D944-4DDA-BB6F-CCE772EE3F3E,40.508553629558406,-3.694059482041439,AhorraMas - Monasterio,Madrid,28049,3276,4,Public - Membership Required,True,50,True,2.0,1,11.0,25,1,2025-09-03T08:48:00Z,2025-09-03T08:48:00Z,public_membership,EDP,True
506296,D62D1B28-83B1-4BA3-AD6B-312D9BB6F7AD,40.50215004906653,-3.6985485148310318,BM Montecarmelo,,28034,3324,4,Public - Membership Required,True,50,True,4.0,2,100.0,"33,25",1,2026-08-25T12:37:00Z,2026-08-25T12:37:00Z,public_membership,Zunder,True
280828,F8AE3F69-93FB-47F7-AAF0-D3947A893C9A,40.4813479107016,-3.6647805922290217,Parking Colonial,,28033,45,2,Private - Restricted Access,True,50,True,10.0,1,7.4,25,1,2025-12-26T19:16:00Z,2025-12-26T19:16:00Z,restricted,(Business Owner at Location),False
191744,1265AF88-D366-4FD3-BCAF-E0E537B77569,40.48472568096574,-3.6629082012561867,Parking EMT Fuente de la Mora (Parking Disuasorio),Madrid,28050,3553,4,Public - Membership Required,True,50,True,10.0,1,7.4,25,1,2025-11-24T20:48:00Z,2025-11-24T20:48:00Z,public_membership,Electro-EMT,True
191743,C738218D-535B-4873-9A7D-583495051D8C,40.48513360663671,-3.666181813040538,Fuente de la Mora Carsharing,Madrid,28050,1,2,Private - Restricted Access,True,50,True,1.0,1,22.0,25,1,2025-11-24T20:47:00Z,2025-11-24T20:47:00Z,restricted,(Unknown Operator),False
297113,FAC670C2-5F6F-4A5C-9807-8F10994CFC4F,40.48288764936004,-3.671005336652655,Arte Hoteles,,28033,45,6,"Private - For Staff, Visitors or Customers",False,50,True,4.0,1,22.0,25,1,2025-12-21T08:48:00Z,2025-12-21T08:48:00Z,restricted,(Business Owner at Location),False
472116,1D0843ED-7E74-4A18-B5C0-6078A52363C6,40.487991003125984,-3.6723936335687313,Avenida de Burgos,,28050,3377,2,Private - Restricted Access,True,50,True,14.0,1,22.0,25,1,2025-12-27T19:11:00Z,2025-12-27T19:11:00Z,restricted,eTecnic,False
61065,4D7DD432-4BDB-44B3-B8F1-816ACB0997C9,40.488541,-3.672387,BMW IBERICA Madrid,Madrid,28050,1,6,"Private - For Staff, Visitors or Customers",False,50,True,,2,50.0,"25,33",1,2022-09-19T12:38:00Z,2022-09-19T12:38:00Z,restricted,(Unknown Operator),False
271109,21A8F46A-4D50-4259-AAF7-972DC441E16E,40.48821961380705,-3.670138336679088,Parking Edificio Solaris,,28050,3583,6,"Private - For Staff, Visitors or Customers",False,50,True,14.0,3,30.0,"33,1036,25",1,2024-11-21T10:36:00Z,2024-11-21T10:36:00Z,restricted,Eranovum (ES),False
210103,99EC9F3D-B0E4-45D1-8816-8AECDB2315E1,40.48807032193042,-3.6682758576428114,Hotel Occidental Castellana Norte,,28050,207,6,"Private - For Staff, Visitors or Customers",False,50,True,4.0,1,22.0,25,1,2022-11-26T20:52:00Z,2022-11-26T20:52:00Z,restricted,Endesa,False
191741,3AA473DF-7789-4EDB-8747-6541012FBD1A,40.48796914107089,-3.6675591198932125,Tesla Service Madrid Norte,Madrid,28050,45,6,"Private - For Staff, Visitors or Customers",False,50,True,1.0,1,11.0,25,1,2022-09-21T08:22:00Z,2022-09-21T08:22:00Z,restricted,(Business Owner at Location),False
191742,581A6624-B212-459E-AEEF-C27158B1157A,40.486975814614794,-3.6669654531463323,Cink Coworking Manoteras,Madrid,28050,45,6,"Private - For Staff, Visitors or Customers",False,50,True,1.0,1,11.0,25,1,2025-11-24T20:47:00Z,2025-11-24T20:47:00Z,restricted,(Business Owner at Location),False
85486,1052543D-236E-4667-A61E-E8E0EFC32FA6,40.49030669819203,-3.6665891073581633,Hospital Universitario HM Sanchinarro,Madrid ,28050,207,4,Public - Membership Required,True,50,True,4.0,1,11.0,25,1,2022-11-26T20:50:00Z,2022-11-26T20:50:00Z,public_membership,Endesa,True
191739,14D4C1D4-8044-4A56-8824-41F52A2A29B8,40.49252931126347,-3.6629251810777532,Hospital Sanitas La Moraleja,Madrid,28050,45,5,Public - Pay At Location,False,50,True,1.0,1,22.0,25,1,2022-10-09T06:47:00Z,2022-10-09T06:47:00Z,public,(Business Owner at Location),True
207126,C58245CE-BCA8-4615-8FE8-EE4A202ABA13,40.4947233198034,-3.6694918459977544,Renault Retail,Madrid,28050,45,6,"Private - For Staff, Visitors or Customers",False,50,True,5.0,1,22.0,25,1,2022-10-09T11:09:00Z,2022-10-09T11:09:00Z,restricted,(Business Owner at Location),False
306114,7F2F6E31-60BD-48C6-9A2F-80FC6EC9F7F6,40.49103379630728,-3.670283394964571,Hotel EXE Madrid Norte,,28050,3557,6,"Private - For Staff, Visitors or Customers",False,50,True,2.0,1,7.4,25,1,2024-11-15T20:17:00Z,2024-11-15T20:17:00Z,restricted,GALP Electric,False
470987,DFB2E313-D16D-401A-BBF1-B7824D6179DD,40.49307808604041,-3.6718871585535453,Ed. EDP,,28050,3276,2,Private - Restricted Access,True,50,True,100.0,2,11.0,"25,25",1,2026-07-21T10:03:00Z,2026-07-21T10:03:00Z,restricted,EDP,False
168589,D5DD820F-EEE9-410A-A0F6-87E2BE06C693,40.4902436127941,-3.6733219711926495,Centro Porsche Madrid Norte,Madrid,28050,3523,6,"Private - For Staff, Visitors or Customers",False,50,True,8.0,4,320.0,"33,33,33,1036",1,2023-02-24T12:19:00Z,2023-02-24T12:19:00Z,restricted,Porsche Smart Mobility GmbH,False
191582,28C33E52-CDFE-4682-8C45-9634ED160AEB,40.486512287466866,-3.677618510250227,Autocine Madrid RACE,Madrid,28050,45,4,Public - Membership Required,True,50,True,2.0,1,3.7,25,1,2022-10-09T10:21:00Z,2022-10-09T10:21:00Z,public_membership,(Business Owner at Location),True
280531,41D1ACC5-055C-4E31-8AB8-489EDBEA481A,40.5204801185985,-3.6639854525860187,Nissan Alcobendas (Allego),,28108,103,6,"Private - For Staff, Visitors or Customers",False,50,True,1.0,2,50.0,"33,2",1,2023-11-30T14:03:00Z,2023-11-30T14:03:00Z,restricted,Allego BV,False
191478,1187441F-85F6-4693-B46D-708D904800C5,40.51742702961906,-3.667203129987456,Rest. Mentidero,Madrid,28050,45,6,"Private - For Staff, Visitors or Customers",False,50,True,1.0,1,3.0,25,1,2025-11-24T20:05:00Z,2025-11-24T20:05:00Z,restricted,(Business Owner at Location),False
305793,9F6D0CBB-087F-4263-9CF2-D78E4EFA6E0A,40.502465713048764,-3.6741625753133462,Padle Madrid Las Tablas,,28050,3889,4,Public - Membership Required,True,50,True,2.0,1,7.4,25,1,2025-09-03T11:08:00Z,2025-09-03T11:08:00Z,public_membership,emovili Fast (ES),True
460685,9DD26353-C7E7-4C4C-91A1-FAA046409407,40.5084302144964,-3.6786693265714803,Shell Las Tablas,Madrid,,200,4,Public - Membership Required,True,150,False,2.0,1,90.0,33,1,2025-09-03T08:37:00Z,2025-09-03T08:37:00Z,public_membership,PRIOE,True
207109,6B6C7165-D17A-4425-BA2B-F8B5F42054B5,40.51275388988611,-3.677713864650059,Mercadona María Tubau,Madrid,28050,3499,4,Public - Membership Required,True,50,True,4.0,1,22.0,25,1,2025-10-17T19:20:00Z,2025-10-17T19:20:00Z,public_membership,Mercadona,True
460684,8D563B73-B467-40B2-AF5D-31C637ED34D4,40.512970497461,-3.6740859580179404,Parking Bilma,Madrid,,3401,4,Public - Membership Required,True,50,True,3.0,1,22.0,25,1,2025-09-03T08:34:00Z,2025-09-03T08:34:00Z,public_membership,Electromaps,True
191579,878CCF81-5A92-44B1-9D5C-811D96EF6055,40.51411095020771,-3.6726259451356498,"Hinober, María Tubau",Madrid,28050,45,6,"Private - For Staff, Visitors or Customers",False,50,True,1.0,1,11.0,25,1,2022-10-08T18:37:00Z,2022-10-08T18:37:00Z,restricted,(Business Owner at Location),False
209710,82228F6D-B4B8-4A4D-9224-67F5836790BB,40.506593346086845,-3.6758204854470478,Ahorramas  de San Juan de Ortega,,28050,3276,4,Public - Membership Required,True,50,True,4.0,1,22.0,25,1,2024-04-27T11:13:00Z,2024-04-27T11:13:00Z,public_membership,EDP,True
460683,C4CD78E2-E7B0-4BD7-A2A0-A961776BB7AE,40.51432847250132,-3.6718173622172117,BBVA,Madrid,,207,6,"Private - For Staff, Visitors or Customers",False,50,True,7.0,1,7.4,25,1,2025-09-03T08:31:00Z,2025-09-03T08:31:00Z,restricted,Endesa,False
201640,0ACF0E52-B474-4E31-A50F-BB10B61724F2,40.50231285517867,-3.6630472558484826,Repsol Las Tablas,Madrid,28050,91,4,Public - Membership Required,True,50,True,2.0,3,50.0,"33,2,1036",1,2025-12-14T12:02:00Z,2025-12-14T12:02:00Z,public_membership,Repsol - Ibil (ES),True
207125,173B96F1-B09C-4487-8BF2-98C3F4335A07,40.49793697293447,-3.6714221997588083,GMP - Arqbórea,Madrid,28050,45,6,"Private - For Staff, Visitors or Customers",False,50,True,1.0,1,4.6,25,1,2022-10-09T06:59:00Z,2022-10-09T06:59:00Z,restricted,(Business Owner at Location),False
470986,B1419E97-9162-4023-B9BD-9CEC3DB99925,40.49631783324989,-3.672199376456547,Edificio Oxxeo,Madrid,,45,6,"Private - For Staff, Visitors or Customers",False,50,True,4.0,1,22.0,25,1,2025-12-14T12:06:00Z,2025-12-14T12:06:00Z,restricted,(Business Owner at Location),False
207124,AA74E2BD-1DC2-4C02-B369-FAC720773733,40.49763178517625,-3.668864400249049,Mercadona Las Tablas,Madrid,28050,3499,4,Public - Membership Required,True,50,True,6.0,1,22.0,25,1,2024-09-28T16:37:00Z,2024-09-28T16:37:00Z,public_membership,Mercadona,True
305136,67DE7517-2382-4992-93ED-54760D8DDE25,40.49759649322516,-3.667972068758644,Aldi Las Tablas (Atlante),,28050,3588,4,Public - Membership Required,True,50,True,4.0,1,100.0,33,1,2025-12-14T12:04:00Z,2025-12-14T12:04:00Z,public_membership,Atlante,True
207127,38534606-0DA7-4CFF-A8DF-12D957E4D817,40.498449707476055,-3.666878555198082,AhorraMas - Quintanapalla,Madrid,28050,3276,4,Public - Membership Required,True,50,True,5.0,1,7.4,25,1,2023-02-11T10:48:00Z,2023-02-11T10:48:00Z,public_membership,EDP,True
235254,E61F72EF-4718-464B-AD66-1463E3320567,40.49840048521682,-3.66478318070412,Hotel NH Madrid Las Tablas,,28050,3371,6,"Private - For Staff, Visitors or Customers",False,50,True,5.0,3,30.0,"25,33,2",1,2023-02-16T19:40:00Z,2023-02-16T19:40:00Z,restricted,Wenea,False
207122,0AE4743E-B82E-41FD-BADF-586D5B9B400D,40.49941247626603,-3.6647835630374175,BMW Madrid,Madrid,28050,45,6,"Private - For Staff, Visitors or Customers",False,50,True,2.0,1,22.0,25,1,2022-10-09T10:20:00Z,2022-10-09T10:20:00Z,restricted,(Business Owner at Location),False
188955,C22D0AAF-9059-491C-A750-7233003B513E,40.49745432939096,-3.6630753481921374,Burger King Sanchinarro,Madrid,28050,2247,4,Public - Membership Required,True,50,True,2.0,3,50.0,"33,2,1036",1,2025-11-24T20:43:00Z,2025-11-24T20:43:00Z,public_membership,Iberdrola | BP Pulse (ES),True
84441,1D594E02-7716-43D0-9FD6-EB928E060DE8,40.49766,-3.661081,El Corte Ingles Sanchinarro,Madrid,28050,45,4,Public - Membership Required,True,50,True,16.0,2,80.0,"33,25",1,2025-09-03T08:41:00Z,2025-09-03T08:41:00Z,public_membership,(Business Owner at Location),True
506819,81529AB4-E785-4CA2-9CD1-4749A3E157AE,40.51522807405584,-3.6574798593372293,Pfizer,,28108,3276,6,"Private - For Staff, Visitors or Customers",False,50,True,10.0,1,22.0,25,1,2026-08-28T13:41:00Z,2026-08-28T13:41:00Z,restricted,EDP,False
471409,6BEBD12A-6D21-49AD-9C66-436912735A4E,40.51413432501559,-3.657802097695594,Ayunt. alcobendas. Avda. Europa,Alcobendas,,2247,4,Public - Membership Required,True,50,True,3.0,2,100.0,"33,25",1,2025-12-21T20:42:00Z,2025-12-21T20:42:00Z,public_membership,Iberdrola | BP Pulse (ES),True
266261,2D5A28E7-A4BB-47BF-BF13-594DDE3F3B98,40.514212673444604,-3.6581070674805005,Avenida de Europa: Parking Schindler,,28108,91,6,"Private - For Staff, Visitors or Customers",False,50,True,2.0,1,7.4,25,1,2023-05-30T18:09:00Z,2023-05-30T18:09:00Z,restricted,Repsol - Ibil (ES),False
191489,59ACC7B8-0A9F-49A5-8BBB-324A11B9A001,40.51547668384728,-3.6565323372748253,Acciona Agua,Alcobendas,28108,3459,6,"Private - For Staff, Visitors or Customers",False,50,True,1.0,1,22.0,25,1,2023-10-28T19:19:00Z,2023-10-28T19:19:00Z,restricted,ACCIONA - Cargacoches,False
486642,762543AA-5DB4-4B7B-972E-5330543A7CCD,40.51436352413495,-3.652757851466845, C.C. Plaza Moraleja,,28108,2247,4,Public - Membership Required,True,50,True,6.0,2,150.0,"33,1036",1,2026-04-23T13:54:00Z,2026-04-23T13:54:00Z,public_membership,Iberdrola | BP Pulse (ES),True
475341,A35BE1BF-A774-478B-BB2F-B626AC4A6F2E,40.515817153698066,-3.6515100419840962,Ayunt. Alcobendas.  Plaza de la Moraleja,,28108,2247,4,Public - Membership Required,True,50,True,3.0,2,100.0,"33,1036",1,2026-02-01T14:48:00Z,2026-02-01T14:48:00Z,public_membership,Iberdrola | BP Pulse (ES),True
235154,0A1D5376-B888-49FE-B9D4-949B69EB8536,40.51574742272058,-3.6509106717403483,Repsol la Moraleja,,28108,91,4,Public - Membership Required,True,150,False,1.0,3,50.0,"33,1036,2",1,2025-12-14T11:57:00Z,2025-12-14T11:57:00Z,public_membership,Repsol - Ibil (ES),True
191247,9E067DA8-8A50-4EAD-BFFD-03C3148C935B,40.508638965347416,-3.644484251035692,Centro Comercial El Encinar,Alcobendas,28109,207,4,Public - Membership Required,True,50,True,4.0,1,22.0,25,1,2022-02-03T12:26:00Z,2022-02-03T12:26:00Z,public_membership,Endesa,True
471410,0CB64120-A034-4602-AB4A-7F0B6337CF95,40.50853252797779,-3.6437875907768102,Ayunt. Alcobendas. Vereda del Palacio,Alcobendas,,2247,4,Public - Membership Required,True,50,True,3.0,2,100.0,"33,25",1,2025-12-21T20:43:00Z,2025-12-21T20:43:00Z,public_membership,Iberdrola | BP Pulse (ES),True
190942,EF93E126-F4A3-4D8F-8C0D-01AEE7F7F8D8,40.50081063296412,-3.6391186373619147,Cargador 78,Madrid,28050,3479,2,Private - Restricted Access,True,50,True,1.0,1,7.2,25,1,2022-10-24T18:40:00Z,2022-10-24T18:40:00Z,restricted,Monta,False
207108,7E98E45F-15ED-41E7-ADE2-7DB8BBA89B4B,40.50710749065442,-3.626447322658578,La Moraleja Campo II,Alcobendas,28109,2247,4,Public - Membership Required,True,50,True,6.0,1,7.4,25,1,2022-10-30T12:00:00Z,2022-10-30T12:00:00Z,public_membership,Iberdrola | BP Pulse (ES),True
470973,57581CC0-1C6C-40B9-B6BB-BABE815A50FA,40.53633237318036,-3.622567740404861,Polideportivo José Caballero,Alcobendas,,1,1,Public,,100,False,2.0,1,22.0,25,1,2025-12-14T10:17:00Z,2025-12-14T10:17:00Z,public,(Unknown Operator),True
470972,A0827237-ECFC-4266-A46A-62BC41835111,40.53690128165829,-3.623063261625475,Ayunt. Alcobendas. Polideportivo José Caballero,,20108,2247,4,Public - Membership Required,True,50,True,3.0,2,100.0,"33,1036",1,2025-12-14T13:20:00Z,2025-12-14T13:20:00Z,public_membership,Iberdrola | BP Pulse (ES),True
470977,91D79A74-F4D0-41C1-B630-CBA32A970B16,40.53460918562925,-3.6270366207807,Ayunt. Alcobendas. Avda. Anabel Segura,Alcobendas,,2247,4,Public - Membership Required,True,50,True,3.0,2,100.0,"33,1036",1,2025-12-14T10:44:00Z,2025-12-14T10:44:00Z,public_membership,Iberdrola | BP Pulse (ES),True
280826,0924D930-DC5B-46C2-B3B5-8D0B7DB7DDC5,40.53317535610449,-3.6285997366740617,Parking Colonial,,20108,45,2,Private - Restricted Access,True,50,True,52.0,1,7.4,25,1,2025-12-26T18:58:00Z,2025-12-26T18:58:00Z,restricted,(Business Owner at Location),False
470470,5317E8C7-2B07-4A9D-B846-5FEAEC803398,40.53371387874543,-3.6301826657565925,Indra Vega,,28108,3371,2,Private - Restricted Access,True,50,True,2.0,1,22.0,25,1,2025-11-30T19:19:00Z,2025-11-30T19:19:00Z,restricted,Wenea,False
266262,C904283B-8275-4CEB-83BE-01F07E7BE636,40.533225948928504,-3.6302195633554675,ITP ,,28108,91,6,"Private - For Staff, Visitors or Customers",False,50,True,4.0,1,7.4,25,1,2024-05-04T07:33:00Z,2024-05-04T07:33:00Z,restricted,Repsol - Ibil (ES),False
470976,0D879EA8-8ABF-446F-96E8-7DE294057906,40.536573582722866,-3.6367517250141645,Ayunt. Alcobendas. Avenida de la Ermita,,20108,2247,4,Public - Membership Required,True,50,True,3.0,2,100.0,"33,1036",1,2025-12-14T10:45:00Z,2025-12-14T10:45:00Z,public_membership,Iberdrola | BP Pulse (ES),True
306117,8753516B-0C8C-4059-AA66-02F3E6FC7BB0,40.53426961695544,-3.634210990175575,Hotel Eurostars Gran Madrid,,28108,3557,6,"Private - For Staff, Visitors or Customers",False,50,True,2.0,1,7.4,25,1,2024-11-15T20:35:00Z,2024-11-15T20:35:00Z,restricted,GALP Electric,False
470978,9FAC072D-8B06-423A-B046-439C01E478AA,40.531449707520636,-3.635094675860728,Ayunt. Alcobendas. Avda. Bruselas,Alcobendas,,2247,4,Public - Membership Required,True,50,True,3.0,2,100.0,"33,1036",1,2025-12-14T10:48:00Z,2025-12-14T10:48:00Z,public_membership,Iberdrola | BP Pulse (ES),True
307279,EEBD9216-D568-44C5-861C-D4DB3C3448F6,40.53118765247751,-3.6364376033903056,Ayunt. Alcobendas. Av. Bruselas ,Alcobendas,,3809,4,Public - Membership Required,True,50,True,1.0,1,22.0,1036,1,2025-12-14T09:18:00Z,2025-12-14T09:18:00Z,public_membership,Qwello,True
306118,E910EBC3-0CD2-4853-9F47-DB4E3C8E105D,40.529168228649525,-3.6399138561919244,Club de Padel La Moraleja,,28108,3550,6,"Private - For Staff, Visitors or Customers",False,50,True,20.0,4,50.0,"33,25,2,25",1,2026-01-04T18:39:00Z,2026-01-04T18:39:00Z,restricted,PowerDot (Es),False
470469,FC3360BD-6EFF-4F02-A877-EDDE8C4F724F,40.52908868067664,-3.641417681046505,Indra Alcobendas,,28108,3371,2,Private - Restricted Access,True,50,True,2.0,1,22.0,25,1,2025-11-30T19:18:00Z,2025-11-30T19:18:00Z,restricted,Wenea,False
470979,7D18614B-F9EC-42D6-9AA2-1FD7E3966F58,40.52960005708405,-3.6403666548189904,Ayunt. Alcobendas.  La Moraleja,Alcobendas,,2247,4,Public - Membership Required,True,50,True,3.0,2,100.0,"33,1036",1,2025-12-14T10:49:00Z,2025-12-14T10:49:00Z,public_membership,Iberdrola | BP Pulse (ES),True
489153,D44F39A2-93D9-484A-AB2F-C6A2D9375990,40.53424081132874,-3.6381604865080135,C.C. la Vega,,28108,2247,4,Public - Membership Required,True,50,True,36.0,4,150.0,"33,2,1036,33",1,2026-05-12T12:45:00Z,2026-05-12T12:45:00Z,public_membership,Iberdrola | BP Pulse (ES),True
307299,84D59980-5FDB-4506-9CD2-511BC2FBF6DB,40.53621243334484,-3.639530852080952,Edificio Amura ,Alcobendas,,3377,2,Private - Restricted Access,True,50,True,2.0,1,7.0,25,1,2025-12-27T19:09:00Z,2025-12-27T19:09:00Z,restricted,eTecnic,False
191448,03236582-CAD8-4A0C-BE33-B8E0C45EDF08,40.53603893467877,-3.6408617781585235,Hotel Amura Alcobendas,Alcobendas,28108,45,6,"Private - For Staff, Visitors or Customers",False,50,True,1.0,1,3.7,28,1,2022-10-08T18:11:00Z,2022-10-08T18:11:00Z,restricted,(Business Owner at Location),False
460680,AD7A7FA7-9B79-4ACC-B3E0-27DB712258BF,40.534361163650544,-3.6431242871096856,Hotel Calido Alcobendas,Alcobendas,,45,6,"Private - For Staff, Visitors or Customers",False,50,True,7.0,2,20.0,"25,33",1,2025-09-03T08:07:00Z,2025-09-03T08:07:00Z,restricted,(Business Owner at Location),False
460679,37068D2B-9B3B-48F3-BB8F-456E6E535559,40.531802562246725,-3.644363077988487,Parque Comercial Río Norte Alcobendas,Alcobendas,,3889,4,Public - Membership Required,True,50,True,2.0,2,120.0,"33,25",1,2025-09-03T10:07:00Z,2025-09-03T10:07:00Z,public_membership,emovili Fast (ES),True
475344,0F960D81-6169-46F0-98E3-5F2C7CC51D9E,40.53635757118806,-3.64955824419593,Petroprix Alcobendas I,,28100,3276,4,Public - Membership Required,True,50,True,2.0,1,150.0,33,1,2026-02-01T14:57:00Z,2026-02-01T14:57:00Z,public_membership,EDP,True
191453,51744726-97A4-447A-B14A-EE42BE0D291F,40.53080693565349,-3.649645203841345,Taller C. de Salamanca,Alcobendas,28108,45,6,"Private - For Staff, Visitors or Customers",False,50,True,1.0,1,7.4,25,1,2022-10-08T18:25:00Z,2022-10-08T18:25:00Z,restricted,(Business Owner at Location),False
191452,0B536F3B-87BA-4272-824D-8727E7F66762,40.531086710393254,-3.648536266867353,Saltoki Alcobendas,Alcobendas,28108,45,6,"Private - For Staff, Visitors or Customers",False,50,True,1.0,1,22.0,25,1,2024-06-01T17:51:00Z,2024-06-01T17:51:00Z,restricted,(Business Owner at Location),False
191454,1EE53D51-A7FA-427F-9267-43B3F0BE2D55,40.53081610861409,-3.6504296749534433,Ford,Alcobendas,28108,45,6,"Private - For Staff, Visitors or Customers",False,50,True,1.0,1,11.0,25,1,2022-10-08T18:24:00Z,2022-10-08T18:24:00Z,restricted,(Business Owner at Location),False
475775,0DBAC880-4D5F-424F-8B7A-0A19800BD00B,40.53062496361184,-3.651917727432192,Ayunt. Alcobendad. Calle de Calabozos,,28108,2247,4,Public - Membership Required,True,50,True,3.0,2,100.0,"33,1036",1,2026-02-08T21:35:00Z,2026-02-08T21:35:00Z,public_membership,Iberdrola | BP Pulse (ES),True
265559,69BB5BF3-D5A2-417D-AE48-193A9AD7CCD5,40.53063228877656,-3.651112631271758,Kia Reatil Alcobendas,,28108,3276,6,"Private - For Staff, Visitors or Customers",False,50,True,2.0,1,22.0,25,1,2025-09-03T08:14:00Z,2025-09-03T08:14:00Z,restricted,EDP,False
474370,0172BA3E-5400-4C0B-BA80-2D361757408C,40.52651645308603,-3.650947162560186,Carrefour Alcobendas,,28108,3960,1,Public,,50,True,2.0,1,7.4,25,1,2026-01-19T22:10:00Z,2026-01-19T22:10:00Z,public,Carrefour (ES),True
303500,51153118-A32F-4B6B-B709-E37243FC7E17,40.52755695050877,-3.6459277303138435,Parque Empresarial Minparc III Alcobendas,,28108,3798,4,Public - Membership Required,True,50,True,4.0,2,120.0,"33,25",1,2026-09-04T10:26:00Z,2026-09-04T10:26:00Z,public_membership,REMO Mobility (ES),True
470980,BBD9796B-46E8-42DB-8D7B-3C8310F88624,40.52166350353522,-3.644471960187161,Ayunt. Alcobendas. Calle de la Begoña,Alcobendas,,2247,4,Public - Membership Required,True,50,True,3.0,2,100.0,"33,1036",1,2025-12-14T10:53:00Z,2025-12-14T10:53:00Z,public_membership,Iberdrola | BP Pulse (ES),True
191473,A5C96BF6-A24F-4160-8DAD-6BE6FDA22F0F,40.52601980685017,-3.6509949672469304,Carrefour Alcobendas (DC),Alcobendas,28108,3960,5,Public - Pay At Location,False,50,True,4.0,2,150.0,"33,33",1,2026-01-19T22:14:00Z,2026-01-19T22:14:00Z,public,Carrefour (ES),True
191474,85FE913E-752A-4785-A381-588D381677AA,40.524518267768656,-3.653239071300135,FCM,Alcobendas,28108,45,6,"Private - For Staff, Visitors or Customers",False,50,True,1.0,1,7.4,25,1,2022-10-08T18:27:00Z,2022-10-08T18:27:00Z,restricted,(Business Owner at Location),False
288920,EC084796-DFEF-4C64-968C-E3AD5CB7B07A,40.525467757894376,-3.657215677582599,Makro Alcobedas,,28108,2247,4,Public - Membership Required,True,50,True,16.0,1,7.4,1036,1,2023-12-24T17:29:00Z,2023-12-24T17:29:00Z,public_membership,Iberdrola | BP Pulse (ES),True
274410,57B08B51-97E7-4F32-8B0D-BB7494CF7B94,40.52459028580367,-3.656069255151806,E.S. Repsol Fuencarral,,28108,91,4,Public - Membership Required,True,50,True,2.0,1,180.0,33,1,2025-05-16T14:32:00Z,2025-05-16T14:32:00Z,public_membership,Repsol - Ibil (ES),True
191475,6FE9268D-77C1-4F03-AACE-060D68D28EBE,40.52379479853312,-3.656947871428997,Mercadona Alcobendas,Alcobendas,28108,3499,4,Public - Membership Required,True,50,True,4.0,1,22.0,25,1,2024-09-23T19:26:00Z,2024-09-23T19:26:00Z,public_membership,Mercadona,True
235153,F4C5C8F9-CEAE-42B1-BB35-CE41934791F9,40.52334874147047,-3.6569470080398503,Burger King Alcobendas,,28108,2247,4,Public - Membership Required,True,50,True,2.0,2,50.0,"33,2",1,2025-12-14T11:52:00Z,2025-12-14T11:52:00Z,public_membership,Iberdrola | BP Pulse (ES),True
191488,E39C011C-0968-4DE3-B83A-BAD65568BF6A,40.51696351601902,-3.656193196258215,Acciona - Avenidad de Europa,Alcobendas,28108,3459,6,"Private - For Staff, Visitors or Customers",False,50,True,1.0,1,22.0,25,1,2023-10-28T19:19:00Z,2023-10-28T19:19:00Z,restricted,ACCIONA - Cargacoches,False
163667,819FFF39-3B76-49D7-A280-40C4447D6668,40.51851578188425,-3.656960036283124,Moraleja Green (Tesla DC),Alcobendas,28050,45,1,Public,,50,True,,2,11.0,"30,25",1,2025-12-31T20:01:00Z,2025-12-31T20:01:00Z,public,(Business Owner at Location),True
191481,1B91315C-1743-425E-A918-BCC335C22B70,40.51885970967834,-3.6560329530277897,Estación de recarga ACCIONA-Bia en Moraleja Green,Alcobendas,28109,3459,4,Public - Membership Required,True,50,True,6.0,1,7.4,25,1,2025-05-12T20:27:00Z,2025-05-12T20:27:00Z,public_membership,ACCIONA - Cargacoches,True
191483,F10BB0CA-4F34-4B1A-896C-F8D217AE91D4,40.519973967747916,-3.6570176030364507,Tesla Supercharger Madrid North,Alcobendas,28109,3534,4,Public - Membership Required,True,50,True,20.0,1,250.0,33,1,2023-11-18T12:18:00Z,2023-11-18T12:18:00Z,public_membership,Tesla (including non-tesla),True
191482,0EA3E1C2-02D6-4566-95A5-D0AF1CFDE7BE,40.51880678558081,-3.657610603038819,Transmaditerranea,Alcobendas,28108,3459,2,Private - Restricted Access,True,50,True,2.0,1,22.0,25,1,2025-12-31T20:00:00Z,2025-12-31T20:00:00Z,restricted,ACCIONA - Cargacoches,False
460682,38CD403F-B2F6-4F1E-A176-C1255AF9AEA8,40.51791090761202,-3.659613587190165,Golf Park Madrid,Alcobendas,,3889,4,Public - Membership Required,True,50,True,16.0,1,7.4,25,1,2025-12-14T11:54:00Z,2025-12-14T11:54:00Z,public_membership,emovili Fast (ES),True
497780,39D8D6E8-ECC6-4C2F-8242-AE1BC7ADDB35,40.51941626414063,-3.660632524604466,Avenida de Europa,,28108,207,2,Private - Restricted Access,True,50,True,1.0,1,22.0,25,1,2026-07-07T21:09:00Z,2026-07-07T21:09:00Z,restricted,Endesa,False
471407,2B17F539-AB07-47AF-9B20-F3B0207AEFF5,40.52044218040703,-3.660059587750311,Ayunt. Alcobendas. Avenida de Europa,,28108,2247,4,Public - Membership Required,True,50,True,3.0,2,100.0,"33,25",1,2025-12-21T20:45:00Z,2025-12-21T20:45:00Z,public_membership,Iberdrola | BP Pulse (ES),True
191480,C878952B-3A41-4DF7-A8B0-973EFF9F7FA6,40.52024028104228,-3.6612919523021503,Sede de Groupe Renault,Alcobendas,28050,3275,6,"Private - For Staff, Visitors or Customers",False,50,True,1.0,3,22.0,"25,28,25",1,2022-10-08T18:29:00Z,2022-10-08T18:29:00Z,restricted,Renault,False
191476,90D3C081-62E0-4519-BFDA-3A654482171B,40.522732848109655,-3.658194090215801,Obramart parking subterráneo,Alcobendas,28108,45,1,Public,,50,True,9.0,1,3.7,25,1,2023-02-15T20:53:00Z,2023-02-15T20:53:00Z,public,(Business Owner at Location),True
470983,74FEDDB5-B1C5-480A-A30D-CB3FBE794582,40.52432419544573,-3.659879174473872,Ayunt. Alcobendas. Calle Aragoneses,,28108,2247,4,Public - Membership Required,True,50,True,3.0,2,100.0,"33,1036",1,2025-12-14T11:04:00Z,2025-12-14T11:04:00Z,public_membership,Iberdrola | BP Pulse (ES),True
470467,069F02FC-2476-4F53-B9BE-06B4776862AA,40.526803650721206,-3.660382255735726,Acens Technologies,,28108,3371,2,Private - Restricted Access,True,50,True,2.0,1,22.0,25,1,2025-11-30T19:14:00Z,2025-11-30T19:14:00Z,restricted,Wenea,False
470468,02A15738-4E1F-48E0-9020-1884D923623D,40.53093663530922,-3.6612540385597185,NODE Alcobendas,,28108,3371,2,Private - Restricted Access,True,50,True,13.0,1,7.4,25,1,2025-11-30T19:17:00Z,2025-11-30T19:17:00Z,restricted,Wenea,False
470985,8BFCF2CE-A197-4E00-AAA0-848889B3455F,40.52944664403242,-3.659295545950613,Emobili Oficinas,Alcobendas,,45,6,"Private - For Staff, Visitors or Customers",False,50,True,5.0,1,22.0,25,1,2025-12-14T11:49:00Z,2025-12-14T11:49:00Z,restricted,(Business Owner at Location),False
271088,35649D85-2C99-47C9-AD44-0C15A1425503,40.5285755496575,-3.65970366302375,BP Pulse El Sapo,,28108,2247,4,Public - Membership Required,True,50,True,2.0,1,150.0,33,1,2023-09-02T17:46:00Z,2023-09-02T17:46:00Z,public_membership,Iberdrola | BP Pulse (ES),True
460681,2B0CBA1D-D9B4-413E-BB9F-81E9D40D8355,40.52714155080625,-3.659326935389572,M TEAM BOX,Alcobendas,,3401,4,Public - Membership Required,True,50,True,2.0,1,7.4,1036,1,2025-09-03T08:17:00Z,2025-09-03T08:17:00Z,public_membership,Electromaps,True
191456,9EDC536E-197F-4945-AD02-5B89B0AAE270,40.53091777830514,-3.655695938433638,Acciona I+D,Alcobendas,28100,45,6,"Private - For Staff, Visitors or Customers",False,50,True,1.0,1,11.0,25,1,2022-10-08T18:24:00Z,2022-10-08T18:24:00Z,restricted,(Business Owner at Location),False
191455,4643B67D-DE21-4688-89CD-120C4AF52B16,40.53236535939328,-3.653813148351958,Parking Valportillo 20,Alcobendas,28108,45,5,Public - Pay At Location,False,50,True,2.0,3,3.7,"1,25,28",1,2022-10-08T18:24:00Z,2022-10-08T18:24:00Z,public,(Business Owner at Location),True
471406,3D5876FB-67AF-48AD-B823-A5E01397E304,40.53494896696628,-3.6567097386136993,Ayunt. Alcobendas. Calle de La Granja,,28108,2247,4,Public - Membership Required,True,50,True,3.0,2,100.0,"33,25",1,2025-12-21T20:49:00Z,2025-12-21T20:49:00Z,public_membership,Iberdrola | BP Pulse (ES),True
475774,31059C83-CCA5-48C8-94FA-F803DC17DB57,40.54528523107757,-3.6592201507619393,Ayunt. Alcobendas. Paseo de la Chopera,,28100,2247,4,Public - Membership Required,True,50,True,3.0,2,100.0,"33,1036",1,2026-02-08T21:33:00Z,2026-02-08T21:33:00Z,public_membership,Iberdrola | BP Pulse (ES),True
470982,6CA896BC-9E17-40D0-8423-D8A121167254,40.54643946540034,-3.652812539188403,Ayunt. Alcobendas. Calle del Marqués de la Valdavia,,28100,2247,4,Public - Membership Required,True,50,True,3.0,2,100.0,"33,1036",1,2025-12-14T11:43:00Z,2025-12-14T11:43:00Z,public_membership,Iberdrola | BP Pulse (ES),True
475342,78799E8D-A0E5-4803-907E-4C7F5FA2D305,40.536652054688744,-3.650133966132131,Ayunt. Alcobendas. Avenida de los Reyes Católicos,,28108,2247,4,Public - Membership Required,True,50,True,3.0,2,100.0,"33,1036",1,2026-02-01T14:51:00Z,2026-02-01T14:51:00Z,public_membership,Iberdrola | BP Pulse (ES),True
191450,1C14B9A2-CD9F-40AB-BFDF-122611931FDC,40.53763698691537,-3.6499032675974377,"Hinober, Valgrande",Alcobendas,28100,45,6,"Private - For Staff, Visitors or Customers",False,50,True,1.0,1,3.7,25,1,2022-10-08T18:13:00Z,2022-10-08T18:13:00Z,restricted,(Business Owner at Location),False
191449,D9FF082B-8A4C-4027-9FF8-431239D60586,40.538747648840996,-3.651178184179969,Center Car,Alcobendas,28100,45,6,"Private - For Staff, Visitors or Customers",False,50,True,1.0,1,7.4,25,1,2022-10-08T18:13:00Z,2022-10-08T18:13:00Z,restricted,(Business Owner at Location),False
471402,71A47A0F-FD03-4347-9928-6E9BE98F6E3E,40.54327698370054,-3.6446424922044116,Ayunt. Albobendas. Calle del Doctor Adolfo Romero,,28100,2247,4,Public - Membership Required,True,50,True,3.0,2,100.0,"33,25",1,2025-12-21T19:59:00Z,2025-12-21T19:59:00Z,public_membership,Iberdrola | BP Pulse (ES),True
478174,1096B14C-070C-4CD6-B590-F96CB602B104,40.54216157010393,-3.651978210306197,Ayunt. Alcobendas. Avenida del Doctor Severo Ochoa,,28100,2247,4,Public - Membership Required,True,50,True,3.0,2,100.0,"33,1036",1,2026-02-15T18:45:00Z,2026-02-15T18:45:00Z,public_membership,Iberdrola | BP Pulse (ES),True
280824,4B06512A-7055-40BB-A0D3-F5C4BB08DF5F,40.54799736871843,-3.651755776108047,Ahorramas Alcobendas,,28100,3276,4,Public - Membership Required,True,50,True,4.0,1,22.0,25,1,2023-11-30T14:00:00Z,2023-11-30T14:00:00Z,public_membership,EDP,True
478175,9AC68E54-3C76-4FDA-A005-6D40F1686E62,40.547219874478145,-3.6453690881862713,Ayunt. Alcobendas. Calle Constitución,,28100,2247,4,Public - Membership Required,True,50,True,3.0,2,100.0,"33,1036",1,2026-02-15T18:47:00Z,2026-02-15T18:47:00Z,public_membership,Iberdrola | BP Pulse (ES),True
471405,FAF66C64-7B03-4A10-A66B-AB8A01A427B0,40.55279149491102,-3.642451033106795,Ayunt. Alcobendas. Calle de Manuel de Falla,,28100,2247,4,Public - Membership Required,True,50,True,3.0,2,100.0,"33,25",1,2025-12-21T20:03:00Z,2025-12-21T20:03:00Z,public_membership,Iberdrola | BP Pulse (ES),True
191433,A769BDDF-C979-4B04-9595-C9AE8B78E3B3,40.55587761208608,-3.6538899616468825,MERCADONA Tempranales,San Sebastián de los Reyes,28100,3499,4,Public - Membership Required,True,50,True,4.0,1,22.0,25,1,2024-09-23T19:27:00Z,2024-09-23T19:27:00Z,public_membership,Mercadona,True
191436,C1AA846E-1E02-4AFD-9AA9-7BC83605282E,40.54696539241411,-3.6546273302926693,Renault Autofer Alcobendas,Alcobendas,28100,3275,6,"Private - For Staff, Visitors or Customers",False,50,True,2.0,1,11.0,25,1,2022-10-08T18:14:00Z,2022-10-08T18:14:00Z,restricted,Renault,False
191435,0BA860A2-0146-4804-9ABE-35829194F85C,40.54762864772928,-3.656482806957115,McDonalds Alcobendas,Alcobendas,28100,207,4,Public - Membership Required,True,50,True,2.0,2,60.0,"33,25",1,2026-08-31T14:14:00Z,2026-08-31T14:14:00Z,public_membership,Endesa,True
307297,F1C54E1F-4BB1-47D3-9153-72410732E1C9,40.55143919447991,-3.656874788742215,Ayunt. Alcobendas. Espacio Miguel Delibes,Alcobendas.,,3809,4,Public - Membership Required,True,50,True,1.0,1,22.0,1036,1,2025-12-14T09:15:00Z,2025-12-14T09:15:00Z,public_membership,Qwello,True
312170,52CBE8E8-22E8-41F7-91A3-E7F3F5992D45,40.55087250938939,-3.6575116473679543,Ayunt. Alcobendas: Espacio Miguel Delibes,Alcobendas,,2247,4,Public - Membership Required,True,50,True,3.0,2,100.0,"33,1036",1,2025-12-14T13:17:00Z,2025-12-14T13:17:00Z,public_membership,Iberdrola | BP Pulse (ES),True
209728,BDD0162D-9F05-4995-9228-CD6E30870EBA,40.54790112993183,-3.6612880357043878,Carrefour Alcobendas,,28100,3276,4,Public - Membership Required,True,150,False,10.0,1,22.0,25,1,2024-11-22T13:28:00Z,2024-11-22T13:28:00Z,public_membership,EDP,True
475478,E046D823-7EE8-46D1-A8CF-AC16FFA9328E,40.554893138934204,-3.6596171462723532,Casa,,28100,1,1,Public,,50,True,1.0,1,7.4,25,1,2026-02-07T20:14:00Z,2026-02-07T20:14:00Z,public,(Unknown Operator),True
191431,D7969A04-61C1-49DF-98A1-3BBBF5FD9AF0,40.55741717235824,-3.6539205909488146,AhorraMás San Sebastián de los Reyes,San Sebastián de los Reyes,28100,3276,4,Public - Membership Required,True,50,True,4.0,1,22.0,25,1,2025-12-14T09:21:00Z,2025-12-14T09:21:00Z,public_membership,EDP,True
191432,C0F3777B-DE64-435E-A822-706E1C2F0D15,40.55677060968088,-3.6539197195486395,Lidl San Sebastian de los Reyes,San Sebastián de los Reyes,28100,38,1,Public,,50,True,4.0,1,22.0,25,1,2025-12-14T09:22:00Z,2025-12-14T09:22:00Z,public,Lidl,True
312346,D16E5F97-CA26-48D3-959E-EC0AA4734405,40.559506944073206,-3.621941058607547,Cepsa San Sebastián de los Reyes,San Sebastián de los Reyes,,3584,4,Public - Membership Required,True,50,True,1.0,1,150.0,33,1,2025-05-05T18:14:00Z,2025-05-05T18:14:00Z,public_membership,Moeve (ES),True
191423,7583D56E-4BB9-4DDF-B201-28811141BB16,40.559241312300685,-3.622622934234755,Ballenoil San Sebastian de los Reyes III,San Sebastián de los Reyes,28702,2247,4,Public - Membership Required,True,50,True,2.0,3,50.0,"25,33,2",1,2025-12-14T09:53:00Z,2025-12-14T09:53:00Z,public_membership,Iberdrola | BP Pulse (ES),True
305833,7A40E252-52E4-4BD1-BFCB-F496483A2E65,40.55535920073885,-3.6230571020639672,Residencia La Marina,San Sebastián de los Reyes,28703,207,2,Private - Restricted Access,True,50,True,2.0,1,7.0,25,1,2024-11-03T11:38:00Z,2024-11-03T11:38:00Z,restricted,Endesa,False
207107,0E9D5856-6487-485E-9FB5-2F61EA1FB90C,40.5565368052375,-3.6270401909259817,Mercadona San Sebastian de los Reyes,San Sebastián de los Reyes,28703,3499,4,Public - Membership Required,True,50,True,2.0,1,22.0,25,1,2025-10-17T19:22:00Z,2025-10-17T19:22:00Z,public_membership,Mercadona,True
312171,2043D286-332E-4047-B4AE-1F710AC1DFD3,40.548131212215196,-3.634381402360731,C.C. La Viña,Alcobendas,,3550,4,Public - Membership Required,True,50,True,10.0,3,80.0,"33,2,25",1,2025-05-01T10:06:00Z,2025-05-01T10:06:00Z,public_membership,PowerDot (Es),True
265957,FD2012CF-29F2-471B-89E7-CFE28FEDA9CE,40.54734790018574,-3.6342085575922454,Mercadona La Viña,San Sebastián de los Reyes,28701,3499,4,Public - Membership Required,True,50,True,4.0,1,22.0,25,1,2024-04-27T11:44:00Z,2024-04-27T11:44:00Z,public_membership,Mercadona,True
191438,0528FF4F-73C8-4CBE-82BB-CEE1E54DC1DE,40.54609442335709,-3.634885423996934,Repsol Av. España,Alcobendas,20108,91,4,Public - Membership Required,True,50,True,1.0,3,50.0,"1036,33,2",1,2024-05-04T07:32:00Z,2024-05-04T07:32:00Z,public_membership,Repsol - Ibil (ES),True
470974,C7A35F1D-9EC5-47D6-86CE-5BFA7B921E1A,40.54683920079586,-3.641292966793344,Avenida de España,,28100,3889,4,Public - Membership Required,True,50,True,2.0,1,7.4,25,1,2025-12-14T10:29:00Z,2025-12-14T10:29:00Z,public_membership,emovili Fast (ES),True
191437,DE358DEF-A13C-44E7-853E-2624D8E0FFA3,40.54644850226518,-3.641829852605497,Ayunt. Alcobendas. Avenida de España,Alcobendas,28701,2247,4,Public - Membership Required,True,50,True,3.0,2,100.0,"33,1036",1,2025-12-14T10:36:00Z,2025-12-14T10:36:00Z,public_membership,Iberdrola | BP Pulse (ES),True
470975,78C764A3-8CFB-46E5-B42C-127BF54ACA32,40.543305223910664,-3.6380677561160155,Ayunt. Alcobendas. Calle Constitución,,28100,2247,4,Public - Membership Required,True,50,True,3.0,2,100.0,"33,1036",1,2025-12-14T10:39:00Z,2025-12-14T10:39:00Z,public_membership,Iberdrola | BP Pulse (ES),True
497779,EC0369AA-F0E6-4533-81DB-120596FB40B6,40.54110054816604,-3.6371725001163213,"Ayunt. Alcobendas, Calle del Marqués de la Valdavia",,28701,2247,4,Public - Membership Required,True,50,True,3.0,2,100.0,"33,1036",1,2026-07-07T21:08:00Z,2026-07-07T21:08:00Z,public_membership,Iberdrola | BP Pulse (ES),True
305141,83045826-E98A-46A4-AC5D-0389CB27AE0A,40.53713689562704,-3.6398180664518804,Aldi Alcobendas (Atlante),,28108,3588,4,Public - Membership Required,True,50,True,6.0,3,150.0,"33,33,25",1,2025-12-23T18:32:00Z,2025-12-23T18:32:00Z,public_membership,Atlante,True
191439,A7403373-4083-45AC-B976-1183CAFE2EFD,40.537286575169674,-3.634952160638022,Hotel Uve Alcobendas,Alcobendas,28108,45,6,"Private - For Staff, Visitors or Customers",False,50,True,1.0,2,7.4,"25,1",1,2022-10-08T18:11:00Z,2022-10-08T18:11:00Z,restricted,(Business Owner at Location),False
471403,DEA30C48-4593-4EDA-B15E-1A8BB0BF3A01,40.540817881915274,-3.6353084424662256,Ayunt. Albobendas. Plaza de la Artesanía,,28100,2247,4,Public - Membership Required,True,50,True,3.0,2,100.0,"33,1036",1,2026-07-07T21:08:00Z,2026-07-07T21:08:00Z,public_membership,Iberdrola | BP Pulse (ES),True
307298,5E8651C0-82D8-4127-A389-9AFD290E39CC,40.54081689555497,-3.6341028125820003,Ayunt. Alcobendas. Centro Cívico,Alcobendas,,3809,4,Public - Membership Required,True,50,True,1.0,1,22.0,1036,1,2025-12-14T09:16:00Z,2025-12-14T09:16:00Z,public_membership,Qwello,True
301440,8D3F64F8-A405-4B15-B69D-B67A62792BD0,40.537549941045484,-3.633958411565345,Repsol Salvador Allende,Alcobendas,28108,91,4,Public - Membership Required,True,50,True,3.0,4,120.0,"33,2,1036,33",1,2026-09-05T10:56:00Z,2026-09-05T10:56:00Z,public_membership,Repsol - Ibil (ES),True
471404,80A1A99B-5A20-4426-8063-DE3E8028D7D0,40.54414599134495,-3.629756850704325,Ayunt. Alcobendas. Plaza de Henri Dunant,,28700,2247,4,Public - Membership Required,True,50,True,3.0,2,100.0,"33,25",1,2025-12-21T20:01:00Z,2025-12-21T20:01:00Z,public_membership,Iberdrola | BP Pulse (ES),True
191442,D55AC523-DB62-4FB6-B640-1B1A2ABBB4F8,40.54622149114627,-3.6223319874992512,Supermercado BM San Sebastián de los Reyes,San Sebastián de los Reyes,28703,1,4,Public - Membership Required,True,50,True,1.0,1,22.0,25,1,2022-02-09T20:06:00Z,2022-02-09T20:06:00Z,public_membership,(Unknown Operator),True
191441,22CE38F4-1186-402D-B446-57F85B170558,40.540831371026144,-3.624134361439559,Mercadona Sanse,San Sebastián de los Reyes,20108,3499,4,Public - Membership Required,True,50,True,4.0,1,22.0,25,1,2024-09-28T16:40:00Z,2024-09-28T16:40:00Z,public_membership,Mercadona,True
191440,BDF2182F-273F-4EE3-A5F5-5EA0ACEA1077,40.54088107786529,-3.625246282135521,Ahorramas San Sebastián de los Reyes,San Sebastián de los Reyes,20108,3276,4,Public - Membership Required,True,50,True,5.0,1,22.0,25,1,2025-12-14T10:54:00Z,2025-12-14T10:54:00Z,public_membership,EDP,True
202023,08D4C42D-DDC6-4FC4-9F19-E7CEC97868D5,40.538066580146904,-3.6232760559388453,McDonald's Alcobendas,Alcobendas,20108,207,4,Public - Membership Required,True,50,True,2.0,1,150.0,33,1,2026-08-31T10:50:00Z,2026-08-31T10:50:00Z,public_membership,Endesa,True
191446,53EAE67E-9695-446A-AE86-A54D49312BCB,40.54518040008722,-3.611948554362698,Ikea San Sebastian de los Reyes,San Sebastián de los Reyes,28700,2247,4,Public - Membership Required,True,50,True,14.0,1,7.4,25,1,2025-12-14T10:03:00Z,2025-12-14T10:03:00Z,public_membership,Iberdrola | BP Pulse (ES),True
473179,B4FEE97D-2E95-4CC0-B633-26B427FDC41B,40.54053178121893,-3.613137601461858,C.C. Plaza Norte (Iberdrola),,28703,2247,4,Public - Membership Required,True,50,True,26.0,3,150.0,"33,2,33",1,2026-01-14T17:01:00Z,2026-01-14T17:01:00Z,public_membership,Iberdrola | BP Pulse (ES),True
280333,B9BBCE71-D797-4743-AA82-EB41DAFD72C2,40.54056401753522,-3.6134054159696234,C.C. Plaza Norte 2 (Electra),San Sebastián de los Reyes,28703,3489,4,Public - Membership Required,True,50,True,8.0,1,200.0,33,1,2026-06-20T11:55:00Z,2026-06-20T11:55:00Z,public_membership,Electra,True
191445,A0E54171-20F3-4A8D-AB2D-625AF7CFA583,40.54263696128862,-3.6143091325857313,Carrefour - San Sebastián de los Reyes,San Sebastián de los Reyes,28703,45,4,Public - Membership Required,True,50,True,2.0,1,7.4,25,1,2025-12-14T10:07:00Z,2025-12-14T10:07:00Z,public_membership,(Business Owner at Location),True
88789,34154B86-DCFF-487B-A7C2-A1941B05677F,40.539573,-3.611691,B&B Hotel Madrid Aeropuerto T4,s/n,28703,45,6,"Private - For Staff, Visitors or Customers",False,50,True,2.0,2,11.0,"30,1036",1,2022-09-20T13:42:00Z,2022-09-20T13:42:00Z,restricted,(Business Owner at Location),False
305138,2799617A-5DB1-4FE9-A091-08908DB4CB7F,40.54041230989267,-3.6114525581655244,Aldi Megaparc (Atlante),San Sebastián de los Reyes,28703,3588,4,Public - Membership Required,True,150,False,4.0,2,150.0,"33,33",1,2024-10-13T18:58:00Z,2024-10-13T18:58:00Z,public_membership,Atlante,True
312785,221592CE-A029-4789-85C7-5DED50477875,40.54556433652442,-3.606433422407747,Repsol Alcobendas,Alcobendas,,91,4,Public - Membership Required,True,50,True,1.0,3,50.0,"33,2,1036",1,2025-12-14T10:05:00Z,2025-12-14T10:05:00Z,public_membership,Repsol - Ibil (ES),True
24187,56814238-5B22-46DE-A8F2-2D374DA47E82,40.5443439010042,-3.6103390683767884,Repsol Xelariiz,,,91,4,Public - Membership Required,True,50,True,2.0,1,100.0,33,1,2026-01-11T18:42:00Z,2026-01-11T18:42:00Z,public_membership,Repsol - Ibil (ES),True
191417,1AFB308E-79DD-4AD0-A20B-530E8EB39E4A,40.55656840537253,-3.610635224480575,Hospital  Infanta Sofía,Madrid,28050,103,4,Public - Membership Required,True,50,True,40.0,2,150.0,"25,33",1,2024-11-22T10:12:00Z,2024-11-22T10:12:00Z,public_membership,Allego BV,True
289587,DEACC245-BBF3-4877-9BDE-471CBD1FC1F1,40.557908584868045,-3.612659033438945,BP Pulse Apadis,San Sebastián de los Reyes,28702,2247,4,Public - Membership Required,True,50,True,2.0,1,150.0,33,1,2025-06-11T15:13:00Z,2025-06-11T15:13:00Z,public_membership,Iberdrola | BP Pulse (ES),True
209617,3DDCB548-DC68-43C7-A930-593A69EECF33,40.55394673293398,-3.612133706916552,Kia Madrid,San Sebastián de los Reyes,28700,3276,4,Public - Membership Required,True,50,True,2.0,1,200.0,33,1,2025-12-14T09:59:00Z,2025-12-14T09:59:00Z,public_membership,EDP,True
306385,0ECC262B-55BF-4ACB-9E8B-8B66E8ED16F5,40.54792960597206,-3.6160121574047253,Petropix San Sebastián de los Reyes,San Sebastián de los Reyes,28703,3276,4,Public - Membership Required,True,150,False,2.0,1,150.0,33,1,2024-11-22T10:07:00Z,2024-11-22T10:07:00Z,public_membership,EDP,True
191444,34AB5009-F44B-46F3-96FA-81C2B8FE8934,40.55258848042024,-3.618769214218446,Repsol SS.RR C/Real,San Sebastián de los Reyes,28703,1,4,Public - Membership Required,True,50,True,1.0,3,50.0,"33,2,25",1,2025-12-14T10:01:00Z,2025-12-14T10:01:00Z,public_membership,(Unknown Operator),True
191443,64B97BCF-AFEA-4913-9193-EAC6AB3829D2,40.55055969361976,-3.6187108541286648,MOTOR MECHA,San Sebastián de los Reyes,28703,45,6,"Private - For Staff, Visitors or Customers",False,50,True,1.0,1,7.4,25,1,2022-10-08T18:07:00Z,2022-10-08T18:07:00Z,restricted,(Business Owner at Location),False
470981,73B2CB0D-7C72-4D8D-BCAA-6267D0DFF45D,40.55495506689067,-3.6193209852280006,Ed. Teide 4,alcobendas,,2247,2,Private - Restricted Access,True,50,True,4.0,1,4.6,25,1,2025-12-14T10:57:00Z,2025-12-14T10:57:00Z,restricted,Iberdrola | BP Pulse (ES),False
307300,0585B055-2288-42D8-9D73-F12802135F2D,40.55487081686812,-3.6176911096613367,Edificio Isla Graciosa,Alcobendas,,3459,2,Private - Restricted Access,True,50,True,4.0,1,7.0,25,1,2024-12-20T17:12:00Z,2024-12-20T17:12:00Z,restricted,ACCIONA - Cargacoches,False
472600,539B7FFB-8DB6-4CB2-AC19-2A34819BE0C9,40.55779552627658,-3.6206445971305925,Bluespace Alcobendas,Alcobendas,,3786,4,Public - Membership Required,True,50,True,2.0,1,90.0,33,1,2026-01-05T09:30:00Z,2026-01-05T09:30:00Z,public_membership,Umbrella eMobility (ES),True
191422,8BB171FB-B36A-4580-A8A5-45856C071C12,40.56034119153995,-3.619972789948605,Repsol San Sebastián de los Reyes,San Sebastián de los Reyes,28702,91,4,Public - Membership Required,True,50,True,1.0,3,50.0,"25,33,2",1,2026-01-13T18:38:00Z,2026-01-13T18:38:00Z,public_membership,Repsol - Ibil (ES),True
305139,64EA8D77-5004-41E8-A6F3-BC0A5D2C3657,40.56073381453717,-3.6189682150940996,Aldi San Sebastián de los Reyes (Atlante),San Sebastián de los Reyes,28702,3588,4,Public - Membership Required,True,150,False,4.0,2,150.0,"33,33",1,2024-10-13T19:01:00Z,2024-10-13T19:01:00Z,public_membership,Atlante,True
191421,F16AEE99-4EF0-45F2-AE5D-0A36C5BA6250,40.56042192750368,-3.618447272646449,AhorraMas S.S Reyes,San Sebastián de los Reyes,28702,3276,4,Public - Membership Required,True,50,True,6.0,4,50.0,"25,33,2,1036",1,2025-12-14T09:50:00Z,2025-12-14T09:50:00Z,public_membership,EDP,True
191420,8A3EF2C9-2DE9-458A-8CD4-BE9FA9B3AB9B,40.559314732524314,-3.6163157054205612,Lidl San Sebastián de los Reyes,San Sebastián de los Reyes,28702,38,4,Public - Membership Required,True,50,True,1.0,1,11.0,25,1,2025-12-14T09:55:00Z,2025-12-14T09:55:00Z,public_membership,Lidl,True
191199,3B1E0AEB-4F3C-494B-B9A7-5E60BECFF8E9,40.5707811677693,-3.607016293762541,Estación de Recarga The Style Outlets,San Sebastián de los Reyes,28700,45,1,Public,,50,True,2.0,1,6.4,25,1,2024-10-07T17:25:00Z,2024-10-07T17:25:00Z,public,(Business Owner at Location),True
304939,6E903F0F-A3CF-4D1A-A6D7-70D14970E8C9,40.5707811677693,-3.607016293762541,SportClass Escuela De Golf,San Sebastián de los Reyes,28702,1,1,Public,,50,True,2.0,1,11.0,25,1,2024-10-14T08:09:00Z,2024-10-14T08:09:00Z,public,(Unknown Operator),True
207106,8985338D-4334-4ED3-A26B-992AA570F8C7,40.56682983182583,-3.6089515708506497,Style Outlets - San Sebastián de los Reyes,San Sebastián de los Reyes,28700,2247,4,Public - Membership Required,True,50,True,4.0,3,50.0,"33,2,1036",1,2025-12-14T09:30:00Z,2025-12-14T09:30:00Z,public_membership,Iberdrola | BP Pulse (ES),True
191419,334D776B-E2B1-4E4F-A189-121596DD5A72,40.56726096038602,-3.607871844259421,The Style Outlets - San Sebastian de los Reyes,San Sebastián de los Reyes,28700,207,4,Public - Membership Required,True,50,True,6.0,1,22.0,25,1,2023-05-20T18:32:00Z,2023-05-20T18:32:00Z,public_membership,Endesa,True
470971,F7B77C66-14FF-4B06-91BA-EB296EE29476,40.567956351236035,-3.608545558192077,C.C. Factory,,28709,2247,4,Public - Membership Required,True,50,True,2.0,1,22.0,25,1,2026-05-05T12:41:00Z,2026-05-05T12:41:00Z,public_membership,Iberdrola | BP Pulse (ES),True
191200,E06F46CF-1E8D-4E43-95B4-6A6AC3E58780,40.56653915052888,-3.6096860452054216,Alegra CC y de ocio parking,,,45,4,Public - Membership Required,True,50,True,4.0,1,7.4,25,1,2022-10-08T15:56:00Z,2022-10-08T15:56:00Z,public_membership,(Business Owner at Location),True
460344,704DA648-BFED-422C-9A4E-F54056CD7396,40.52039687681554,-3.594145884624595,Club El Estudiante,Madrid,,45,4,Public - Membership Required,True,50,True,4.0,2,100.0,"33,33",1,2026-09-18T13:26:00Z,2026-09-18T13:26:00Z,public_membership,(Business Owner at Location),True
460687,CDDB9634-B9D8-4BB1-B7C3-D44285200941,40.53721504250771,-3.6150959801041154,La Vida Pádel,Alcobendas,,3889,4,Public - Membership Required,True,50,True,4.0,1,22.0,25,1,2025-09-03T11:12:00Z,2025-09-03T11:12:00Z,public_membership,emovili Fast (ES),True
274408,861B562D-CDAD-4E1A-A506-A86DA68284C8,40.536504904102316,-3.616029598080331,E.S. Galp Fernando Alonso,,28108,3557,4,Public - Membership Required,True,50,True,2.0,1,120.0,33,1,2025-09-03T11:04:00Z,2025-09-03T11:04:00Z,public_membership,GALP Electric,True
163613,B25EADA9-7547-4F67-92C8-0898C421F740,40.53421906377642,-3.621385457161466,Eurostars Madrid Congress,22,28108,3557,6,"Private - For Staff, Visitors or Customers",False,50,True,4.0,1,7.4,25,1,2024-11-15T20:34:00Z,2024-11-15T20:34:00Z,restricted,GALP Electric,False
307350,A9CD72AE-6EDF-4E2B-89E1-6F8BA3805000,40.53387310811897,-3.619052799779837,BP Pulse El Juncal,Alcobendas,,2247,4,Public - Membership Required,True,50,True,6.0,2,300.0,"33,2",1,2025-06-11T15:14:00Z,2025-06-11T15:14:00Z,public_membership,Iberdrola | BP Pulse (ES),True
191447,513AE0B2-C68E-4159-9B52-91437BD98A8A,40.53465831336473,-3.618104552800844,Hampton by Hilton Alcobendas Madrid,Alcobendas,20108,45,6,"Private - For Staff, Visitors or Customers",False,50,True,1.0,1,7.4,25,1,2022-10-08T18:10:00Z,2022-10-08T18:10:00Z,restricted,(Business Owner at Location),False
201637,72D74943-BAED-4E5D-8F1F-1CD9C917AC03,40.52525959610628,-3.6029171186621625,Repsol La Moraleja: REE,Alcobendas,20108,91,6,"Private - For Staff, Visitors or Customers",False,50,True,11.0,4,50.0,"33,2,1036,25",1,2024-05-04T07:33:00Z,2024-05-04T07:33:00Z,restricted,Repsol - Ibil (ES),False
207120,C32694E3-591F-46A6-81A5-FDDD5FDE2602,40.51665066175494,-3.616564446061375,La Moraleja Campo  de Golf,Alcobendas,28109,2247,4,Public - Membership Required,True,50,True,8.0,1,7.4,1036,1,2023-12-24T17:30:00Z,2023-12-24T17:30:00Z,public_membership,Iberdrola | BP Pulse (ES),True
501200,D76D74F9-031D-48BE-826A-887D4229E935,40.49850557724264,-3.596316363428514,Parking Larga Estancia T4 Barajas,,28055,3956,1,Public,,50,True,92.0,1,11.0,25,1,2026-07-29T17:12:00Z,2026-07-29T17:12:00Z,public,AENA EV (ES),True
296461,0F1BD4EB-568D-4EEE-846B-A53C056AA282,40.492890083148865,-3.594533194841233,Parking E-F Aeropuerto T4,,28055,3956,5,Public - Pay At Location,False,50,True,180.0,1,11.0,25,1,2026-07-29T17:14:00Z,2026-07-29T17:14:00Z,public,AENA EV (ES),True
295838,99F07C39-2A55-4D44-8175-F9D4D3E04B1A,40.496996145452215,-3.5974838786987675,E.S. Repsol Aeropuerto T4,,28055,91,4,Public - Membership Required,True,50,True,3.0,4,80.0,"33,2,1036,33",1,2026-06-30T14:46:00Z,2026-06-30T14:46:00Z,public_membership,Repsol - Ibil (ES),True
191595,4929206A-C8E3-4016-BF99-FBE92AF36C6D,40.489523569819,-3.5945116475554357,Parking A-B Aeropuerto T4,Madrid,28042,3956,5,Public - Pay At Location,False,50,True,140.0,1,11.0,25,1,2026-07-29T17:14:00Z,2026-07-29T17:14:00Z,public,AENA EV (ES),True
475346,4813B7BA-7EA2-4622-B783-6726190780E9,40.480844576512624,-3.5941971422832353,Parking T4-11,,28042,3377,4,Public - Membership Required,True,50,True,2.0,1,22.0,25,1,2026-02-01T14:59:00Z,2026-02-01T14:59:00Z,public_membership,eTecnic,True
501201,73E3BBE6-6CCF-41CE-82C8-F8FF0B91A69F,40.48143076645792,-3.5916810836738478,Parking P10 Empleados Barajas,,28042,3956,2,Private - Restricted Access,True,50,True,38.0,1,11.0,25,1,2026-07-29T17:15:00Z,2026-07-29T17:15:00Z,restricted,AENA EV (ES),False
209672,7466FC46-3CCA-48BF-869B-AC673F4487EB,40.48154340640522,-3.620879218760024,Ahorramas Avenida de las Fuerzas Armadas,,28055,3276,4,Public - Membership Required,True,150,False,4.0,1,22.0,25,1,2024-04-27T11:12:00Z,2024-04-27T11:12:00Z,public_membership,EDP,True
191748,6132FB14-ED20-412F-9FA0-452C6CCAEA42,40.49178601912513,-3.6069382574738995,Ahorramás Valdebebas,Madrid,28055,3276,4,Public - Membership Required,True,50,True,3.0,1,22.0,25,1,2023-02-11T10:47:00Z,2023-02-11T10:47:00Z,public_membership,EDP,True
458971,70EE9DDE-3CD7-48CB-A384-28A067B1FAE6,40.4919962788824,-3.605863696999222,Hotel Innside Meliá Valdebebas,Madrid,,3371,6,"Private - For Staff, Visitors or Customers",False,50,True,32.0,1,7.4,25,1,2025-06-29T08:06:00Z,2025-06-29T08:06:00Z,restricted,Wenea,False
191747,E766CCDA-2DC4-4BCD-8BAA-E2925F573027,40.49358924077083,-3.608755604589078,Mercadona Valdebebas,Madrid,28055,3499,4,Public - Membership Required,True,50,True,6.0,1,22.0,25,1,2024-09-28T16:34:00Z,2024-09-28T16:34:00Z,public_membership,Mercadona,True
191746,D4F75552-9F36-46DC-8EF3-E793ECC20663,40.49303031985599,-3.610396794088075,Carrefour Market Valdebebas,Madrid,28055,45,4,Public - Membership Required,True,50,True,1.0,1,22.0,25,1,2022-10-09T11:10:00Z,2022-10-09T11:10:00Z,public_membership,(Business Owner at Location),True
235199,2BA30B19-041F-4059-BCB3-E6D993202A9A,40.48882573554329,-3.6131563338141746,ALDI Valdebebas,,28055,3464,1,Public,,50,True,2.0,2,3.7,"25,28",1,2023-02-16T17:54:00Z,2023-02-16T17:54:00Z,public,ALDI SÜD (DE),True
191738,2D6CAAC9-BBC3-4EC1-93F4-55B9CF1B37F6,40.49363279254189,-3.647953212394782,ECOVE PuntoDeCarga: GALP_Sanchinarro,Cirve,28050,210,4,Public - Membership Required,True,50,True,2.0,3,50.0,"33,2,1036",1,2025-11-24T20:45:00Z,2025-11-24T20:45:00Z,public_membership,GIC,True
279138,76B4B9F6-8127-4625-A80E-7AC14D3E22C2,40.487117983603724,-3.662322337829778,EVEGO - Parking ,,28050,45,6,"Private - For Staff, Visitors or Customers",False,50,True,10.0,1,22.0,25,1,2023-10-28T18:21:00Z,2023-10-28T18:21:00Z,restricted,(Business Owner at Location),False
191745,60E968C8-9858-43B5-BC4E-624CA6993D08,40.486191071919535,-3.662000189715741,Espacio Plus - ECOPARK,Madrid,28050,1,6,"Private - For Staff, Visitors or Customers",False,50,True,1.0,1,3.7,28,1,2025-11-24T20:47:00Z,2025-11-24T20:47:00Z,restricted,(Unknown Operator),False
191590,C76EBFD9-970E-461B-ACB9-F2BE2A54FF6D,40.49691042411527,-3.506756531883582,@danilaurahome,Paracuellos de Jarama,28860,1,3,Privately Owned - Notice Required,,50,True,1.0,2,7.4,"28,25",1,2022-02-15T21:35:00Z,2022-02-15T21:35:00Z,restricted,(Unknown Operator),False
296886,451D8709-1A26-4001-A984-C676ACE4C493,40.498166148317495,-3.52336462560001,Ayunt. Paracuellos - Campo de Rugby,Paracuellos de Jarama,28860,1,1,Public,,50,True,2.0,1,3.7,25,1,2024-03-20T08:35:00Z,2024-03-20T08:35:00Z,public,(Unknown Operator),True
191587,0FBABCAE-4520-47FB-81E1-8A87C89FF2B3,40.49848882016673,-3.530368793506341,Particular,Paracuellos de Jarama,28860,1,2,Private - Restricted Access,True,50,True,1.0,1,7.4,25,1,2022-02-15T14:30:00Z,2022-02-15T14:30:00Z,restricted,(Unknown Operator),False
191544,78D2C430-1CA6-49FB-AA2D-C2F1DA2BCA44,40.49871706468599,-3.544161559592112,Parking Lavacolla,Paracuellos de Jarama,28860,45,6,"Private - For Staff, Visitors or Customers",False,50,True,1.0,1,22.0,1036,1,2024-03-20T08:38:00Z,2024-03-20T08:38:00Z,restricted,(Business Owner at Location),False
280185,B91B6725-D3FB-4C21-8004-E6892B6FCAD9,40.560882940385994,-3.5141815841006974,Supermercado Hiber Cobeña,Cobeña,28863,3583,4,Public - Membership Required,True,50,True,3.0,2,60.0,"1036,33",1,2024-11-21T10:15:00Z,2024-11-21T10:15:00Z,public_membership,Eranovum (ES),True
207110,985768AE-A233-4051-9C29-A934A940A2BE,40.50746671002193,-3.533190041410421,Parking Chorrillo Alta,Paracuellos de Jarama,28860,45,5,Public - Pay At Location,False,50,True,2.0,1,7.4,25,1,2022-10-10T11:19:00Z,2022-10-10T11:19:00Z,public,(Business Owner at Location),True
191545,59428AA7-E739-40EF-967C-355540BB54BE,40.50655026239559,-3.5312337276593553,Parking público Calle Real de Burgos,Paracuellos de Jarama,28860,45,4,Public - Membership Required,True,50,True,1.0,2,3.7,"25,28",1,2025-10-09T18:54:00Z,2025-10-09T18:54:00Z,public_membership,(Business Owner at Location),True
191588,60017C8B-5C09-4C63-91B8-3DF9903DF4C1,40.50141962867457,-3.5208908198965787,Particular,Paracuellos de Jarama,28860,1,2,Private - Restricted Access,True,50,True,1.0,1,11.0,25,1,2024-03-20T08:34:00Z,2024-03-20T08:34:00Z,restricted,(Unknown Operator),False
191589,BACFDB72-6F10-467D-BE0A-F18B303EB2B4,40.50280853922416,-3.514446170821202,CC Miramadrid,Paracuellos de Jarama,28860,3550,4,Public - Membership Required,True,50,True,2.0,3,50.0,"33,2,25",1,2023-11-19T19:07:00Z,2023-11-19T19:07:00Z,public_membership,PowerDot (Es),True
272926,40A80A82-9256-47F0-BB20-71B3B8F914FE,40.508827423177706,-3.5127326482547687,Mercadona Avenida de los Hoyos,Paracuellos de Jarama,28860,3499,4,Public - Membership Required,True,50,True,16.0,1,22.0,25,1,2024-04-27T11:43:00Z,2024-04-27T11:43:00Z,public_membership,Mercadona,True
280836,CF41AA49-3B14-4C39-AC48-02177377FCCF,40.50211792393458,-3.5084226363571815,Parking Avenida de Juan Pablo II,Paracuellos de Jarama,28860,2247,4,Public - Membership Required,True,50,True,2.0,1,7.4,1036,1,2023-11-30T14:18:00Z,2023-11-30T14:18:00Z,public_membership,Iberdrola | BP Pulse (ES),True
201632,515A4EC0-489D-4278-A553-DE45454B00BC,40.52684500043037,-3.481684279349679,Repsol Ajalvir,Ajalvir,28864,91,4,Public - Membership Required,True,50,True,1.0,3,50.0,"33,2,1036",1,2024-05-03T16:45:00Z,2024-05-03T16:45:00Z,public_membership,Repsol - Ibil (ES),True
289987,83932209-F2C6-4512-94FD-5DABF29EDD76,40.52847304435187,-3.4816192416938065,Plenoil Ajalvir,,28864,3750,4,Public - Membership Required,True,50,True,2.0,1,60.0,33,1,2024-11-01T10:08:00Z,2024-11-01T10:08:00Z,public_membership,Plenergy (ES),True
304355,F38B68E8-332A-45A1-8F1D-1DE00221DAB2,40.52803012818271,-3.480913429065822,Repsol Aljalvir 2,,28864,91,4,Public - Membership Required,True,50,True,1.0,3,50.0,"33,2,25",1,2025-09-08T18:36:00Z,2025-09-08T18:36:00Z,public_membership,Repsol - Ibil (ES),True
265955,839CC041-0C0C-4B3F-84EC-254050D45FE0,40.54050004351984,-3.4655657446362795,Mercadona Daganzo de Arriba,Daganzo de Arriba,28814,3499,4,Public - Membership Required,True,50,True,4.0,1,22.0,25,1,2024-04-27T11:42:00Z,2024-04-27T11:42:00Z,public_membership,Mercadona,True
496640,1B79ED6E-8F48-4155-951C-6472198C71A7,40.5409734323494,-3.4567521191665946,Burger King Daganzo de Arriba,Daganzo de Arriba,28814,2247,4,Public - Membership Required,True,50,True,2.0,2,300.0,"33,2",1,2026-06-30T14:48:00Z,2026-06-30T14:48:00Z,public_membership,Iberdrola | BP Pulse (ES),True
266263,7E5D22E4-285D-45D4-A8D2-0477496842CA,40.49735032665191,-3.4797992107000937,ITP Aljavir,,28864,91,6,"Private - For Staff, Visitors or Customers",False,50,True,6.0,1,7.4,25,1,2023-05-30T18:29:00Z,2023-05-30T18:29:00Z,restricted,Repsol - Ibil (ES),False
207202,C1813FDE-83B7-4171-BA51-A16C21F013E3,40.497671146402354,-3.3860391274781705,Quirónsalud Valle del Henares,Alcalá de Henares,28806,45,1,Public,,50,True,2.0,1,7.4,25,1,2022-10-09T14:23:00Z,2022-10-09T14:23:00Z,public,(Business Owner at Location),True
207201,8871D093-88DD-4B9F-A653-4C9B6F45AB67,40.49542665162059,-3.3875072411193514,Macasa Renault Trucks,Alcalá de Henares,28806,3275,6,"Private - For Staff, Visitors or Customers",False,50,True,1.0,1,7.4,25,1,2022-10-09T14:23:00Z,2022-10-09T14:23:00Z,restricted,Renault,False
148140,ADD7D1D0-20AC-4E30-B434-C2B54EE31BC1,40.494002277720625,-3.3883498377069827,E.S. Galp - Alcala de Henares,Alcalá de Henares,28802,207,1,Public,,100,False,1.0,3,50.0,"33,2,1036",1,2025-10-11T17:48:00Z,2025-10-11T17:48:00Z,public,Endesa,True
296554,5F8E31E0-3246-4821-9086-30010C00D378,40.498296282733406,-3.3909994559543293,E.S. Avía Alcalá de Henares,,28806,3371,4,Public - Membership Required,True,50,True,2.0,3,50.0,"33,2,25",1,2025-10-11T17:50:00Z,2025-10-11T17:50:00Z,public_membership,Wenea,True
207200,C20A7DA0-647C-4104-A20C-5FDDF29816B7,40.494504690495404,-3.390093206381721,First Stop Alcalá,Alcalá de Henares,28806,45,6,"Private - For Staff, Visitors or Customers",False,50,True,1.0,1,22.0,25,1,2022-10-09T14:22:00Z,2022-10-09T14:22:00Z,restricted,(Business Owner at Location),False
207204,994D3F3F-F612-4C9D-B57D-AE61E568A7EA,40.487855490199564,-3.3920235646328365,Talleres Esgocar,Alcalá de Henares,28806,45,6,"Private - For Staff, Visitors or Customers",False,50,True,1.0,1,7.4,25,1,2022-10-09T14:25:00Z,2022-10-09T14:25:00Z,restricted,(Business Owner at Location),False
295841,AD1D63E9-F81D-4BAD-9C5D-1A60E6AD4CF2,40.493205562925624,-3.3861478762060244,E.S. Galp,,28802,3557,4,Public - Membership Required,True,50,True,4.0,1,180.0,33,1,2024-08-07T23:03:00Z,2024-08-07T23:03:00Z,public_membership,GALP Electric,True
301430,757B5D82-9AE8-4362-A34A-3AA4CFB70FD7,40.490072123954604,-3.384049004052713,E.S. Lavaplus Alcalá de Henares,Alcalá de Henares,28806,3324,4,Public - Membership Required,True,50,True,2.0,3,50.0,"33,2,1036",1,2024-10-18T20:01:00Z,2024-10-18T20:01:00Z,public_membership,Zunder,True
278578,4F472A3A-951C-4EBD-BDBD-49A7CE6D5745,40.48223176549007,-3.396721419954389,BP Pulse Avenida de Juan Carlos I,,28802,2247,4,Public - Membership Required,True,50,True,6.0,2,150.0,"33,2",1,2025-06-10T19:08:00Z,2025-06-10T19:08:00Z,public_membership,Iberdrola | BP Pulse (ES),True
506293,ADD68AD9-186A-4A76-8BCA-68A6DF324EB4,40.48254001939924,-3.3960826984347534,BM Alclá de Henares,,28806,3583,4,Public - Membership Required,True,50,True,4.0,2,60.0,"33,1036",1,2026-08-25T11:08:00Z,2026-08-25T11:08:00Z,public_membership,Eranovum (ES),True
279704,C80EC658-3DC6-4BD1-8F5C-4DFDD0988251,40.48161901997102,-3.3952547311965873,Garena Plaza,,28802,3550,4,Public - Membership Required,True,50,True,6.0,2,100.0,"33,2",1,2025-08-25T20:18:00Z,2025-08-25T20:18:00Z,public_membership,PowerDot (Es),True
201764,64385957-E97A-4F0F-9CA0-C88CE81BCB2C,40.48174818541435,-3.394700732596334,Campanile Madrid - Alcalá de Henares,Alcalá de Henares,28802,2247,4,Public - Membership Required,True,50,True,4.0,3,50.0,"33,2,1036",1,2022-09-04T15:23:00Z,2022-09-04T15:23:00Z,public_membership,Iberdrola | BP Pulse (ES),True
201634,900524D2-F6B5-4593-A930-355B2F317096,40.48097084153264,-3.400274885181034,Repsol Alcalá Bricor,Alcalá de Henares,28802,91,4,Public - Membership Required,True,50,True,1.0,3,50.0,"33,2,1036",1,2025-10-11T17:40:00Z,2025-10-11T17:40:00Z,public_membership,Repsol - Ibil (ES),True
207203,CB580976-AA85-469C-8984-F9E91044964C,40.48001753862417,-3.4004962253441136,El Corte Inglés Alcalá Henares,Alcalá de Henares,28802,45,1,Public,,50,True,3.0,1,11.0,25,1,2024-10-11T15:02:00Z,2024-10-11T15:02:00Z,public,(Business Owner at Location),True
461984,67243C2A-E47C-4319-A354-23A339B3527F,40.48489789265531,-3.4100120557401397,Prologics Logistics Alcalá,Alcalá,,45,6,"Private - For Staff, Visitors or Customers",False,50,True,8.0,1,22.0,25,1,2025-10-10T08:37:00Z,2025-10-10T08:37:00Z,restricted,(Business Owner at Location),False
207199,35C907E8-331E-4DD6-BF44-858B98993DC1,40.486025183237416,-3.400847260220189,Hotel Isla de la Garena,Alcalá de Henares,28806,45,6,"Private - For Staff, Visitors or Customers",False,50,True,1.0,1,22.0,25,1,2022-10-09T14:21:00Z,2022-10-09T14:21:00Z,restricted,(Business Owner at Location),False
460567,9B6B9DA3-E817-4C29-A6D1-FD0818A4B663,40.49573905474216,-3.41429903166906,Parque Empresrial Ibinsa II,Torrejon,,45,4,Public - Membership Required,True,50,True,2.0,1,7.0,25,1,2026-01-01T21:26:00Z,2026-01-01T21:26:00Z,public_membership,(Business Owner at Location),True
207198,B92E1D5E-92A4-480B-BAAD-23886D5831E3,40.50600328508483,-3.39643630472483,Renault Autocarpe Azque Alcalá,Alcalá de Henares,28806,3275,6,"Private - For Staff, Visitors or Customers",False,50,True,2.0,2,22.0,"25,28",1,2022-10-09T14:21:00Z,2022-10-09T14:21:00Z,restricted,Renault,False
207213,5E8E8391-0598-4131-ACF2-973D922594CE,40.48095155024345,-3.3777439176351436,Mercadona Alcalá de Henares,Alcalá de Henares,28802,3499,4,Public - Membership Required,True,50,True,4.0,1,22.0,25,1,2024-04-27T11:33:00Z,2024-04-27T11:33:00Z,public_membership,Mercadona,True
207212,93E4E010-EF4B-4B04-A265-4776017D971B,40.48196177451166,-3.36578590005729,Interparking El Mercado,Alcalá de Henares,28801,3975,5,Public - Pay At Location,False,50,True,4.0,1,8.0,25,1,2026-02-14T14:41:00Z,2026-02-14T14:41:00Z,public,Interparking (ES),True
235159,2F8F71F3-A532-474F-821C-35ED5F55EA3A,40.48062160030244,-3.362233854203623,Interparking La Paloma Juzgados,,28801,3975,5,Public - Pay At Location,False,50,True,8.0,1,8.0,25,1,2026-02-14T14:42:00Z,2026-02-14T14:42:00Z,public,Interparking (ES),True
84063,1834DB97-6A17-4300-AEAC-05618BFEFD5D,40.481282710004194,-3.3616688129411045,Parador de Alcalá de Henares,Alcalá de Henares,28801,3816,6,"Private - For Staff, Visitors or Customers",False,50,True,8.0,1,22.0,1036,1,2026-09-12T21:39:00Z,2026-09-12T21:39:00Z,restricted,ChargeGuru,False
193335,55D047C8-E1B5-4C25-99D2-2F7449C215C6,40.48255131995495,-3.3617237884261613,Univ. Alcalá. Antiguos Cuarteles del Príncipe y Lepanto,Alcalá de Henares,28801,1,6,"Private - For Staff, Visitors or Customers",False,50,True,2.0,1,22.0,25,1,2025-10-11T17:45:00Z,2025-10-11T17:45:00Z,restricted,(Unknown Operator),False
235161,8AB8AC47-7AC7-489A-BB82-FB769B0575BF,40.487554690928306,-3.3579700864654853,Repsol Avda. Guadalajara,,28807,91,4,Public - Membership Required,True,50,True,1.0,3,50.0,"33,1036,2",1,2025-10-11T17:46:00Z,2025-10-11T17:46:00Z,public_membership,Repsol - Ibil (ES),True
461986,152D6858-C4BB-4FD6-90C9-D93E83102850,40.490474597182924,-3.3536988401853023,Peugeot Alcalá,Alcalá,,45,6,"Private - For Staff, Visitors or Customers",False,50,True,1.0,1,11.0,25,1,2025-10-10T08:54:00Z,2025-10-10T08:54:00Z,restricted,(Business Owner at Location),False
207208,3ADE725F-10B9-46CC-99DF-B3437400647F,40.490624927222825,-3.353179550961613,Nissan Alcalá de Henares (Allego),Alcalá de Henares,28805,103,4,Public - Membership Required,True,50,True,1.0,2,50.0,"33,2",1,2025-10-11T18:21:00Z,2025-10-11T18:21:00Z,public_membership,Allego BV,True
235162,09CE552F-B96B-4F41-991C-A898F3570772,40.49151215669315,-3.352208274301802,Lidl Alcalá,,28805,38,1,Public,,50,True,4.0,1,11.0,25,1,2023-02-15T21:12:00Z,2023-02-15T21:12:00Z,public,Lidl,True
216877,630BDD37-1D17-4DBD-99B3-414836FA8B96,40.49239282429389,-3.351527289610857,Mercadona Vía Complutense,,28804,3499,4,Public - Membership Required,True,50,True,8.0,1,22.0,25,1,2024-04-27T11:33:00Z,2024-04-27T11:33:00Z,public_membership,Mercadona,True
499814,B9EA560F-C39F-4EBD-94C1-A9406D86C505,40.492658312629146,-3.3495374102669757,Plenoil ALCALA DE HENARES II,,28805,3750,4,Public - Membership Required,True,50,True,2.0,1,60.0,33,1,2026-07-21T09:58:00Z,2026-07-21T09:58:00Z,public_membership,Plenergy (ES),True
235163,AC9172D1-9001-4EB5-B777-15D0DA27F706,40.49426345104513,-3.3423945001260336,Taller Mecánico Motor Centenera S.L,,28805,45,6,"Private - For Staff, Visitors or Customers",False,50,True,1.0,1,50.0,2,1,2025-10-11T18:18:00Z,2025-10-11T18:18:00Z,restricted,(Business Owner at Location),False
300076,84ECB530-87C9-44E9-9B9F-1AAF7B3BE9DD,40.494354980978756,-3.3475170751885344,KIA Taller de las Heras,,28805,3276,4,Public - Membership Required,True,150,False,2.0,1,150.0,33,1,2024-11-22T10:22:00Z,2024-11-22T10:22:00Z,public_membership,EDP,True
306387,75DA998D-6239-44E4-8B62-896B4E4F36CD,40.49408113950096,-3.348601040875451,Galp Alcalá de Henares,,28805,3557,4,Public - Membership Required,True,150,False,2.0,1,150.0,33,1,2024-11-22T10:24:00Z,2024-11-22T10:24:00Z,public_membership,GALP Electric,True
207207,7D4A9339-25CD-419B-91F6-B8C62248798A,40.49568586503264,-3.3458591477918844,BMW AutoPremier,Alcalá de Henares,28805,45,6,"Private - For Staff, Visitors or Customers",False,50,True,2.0,1,11.0,25,1,2022-10-09T14:29:00Z,2022-10-09T14:29:00Z,restricted,(Business Owner at Location),False
260769,CFA64DF1-BB8C-4C06-A08E-0E7D405BA8E2,40.4969573830556,-3.34329885881039,BP Pulse Alcalá de Haneres,,28805,2247,4,Public - Membership Required,True,50,True,2.0,1,150.0,33,1,2024-11-11T10:47:00Z,2024-11-11T10:47:00Z,public_membership,Iberdrola | BP Pulse (ES),True
472121,7B406E8C-0861-42F1-8D87-033756ED2A9B,40.49815614797524,-3.341742999521699,McNeil Iberica,,28805,3377,2,Private - Restricted Access,True,50,True,2.0,1,22.0,25,1,2025-12-27T19:33:00Z,2025-12-27T19:33:00Z,restricted,eTecnic,False
207209,B3D01AC2-47BC-4C6B-83D4-652665B87A1E,40.49614587845542,-3.355586801464824,GO FIT Alcalá de Henares,Alcalá de Henares,28804,2247,4,Public - Membership Required,True,50,True,2.0,1,22.0,25,1,2022-10-09T14:31:00Z,2022-10-09T14:31:00Z,public_membership,Iberdrola | BP Pulse (ES),True
207210,0B8781C5-2D74-48A8-ACC0-CA8505B4020C,40.49483315206473,-3.358675999030993,CC Alcalá Magna,Alcalá de Henares,28807,3550,4,Public - Membership Required,True,50,True,4.0,3,50.0,"33,2,25",1,2023-11-19T19:04:00Z,2023-11-19T19:04:00Z,public_membership,PowerDot (Es),True
207206,9FE849D6-9EF3-40FF-A48E-3138A7D3DC4E,40.503005192042906,-3.3654224632933847,Lidl Ensanche,Alcalá de Henares,28806,38,1,Public,,50,True,4.0,1,22.0,25,1,2022-10-09T14:27:00Z,2022-10-09T14:27:00Z,public,Lidl,True
210094,E500EEFD-79B1-46CA-9A62-ED73ABCE19C1,40.50311665926435,-3.366002748715914,Hotel AC Alcalá,,28806,207,6,"Private - For Staff, Visitors or Customers",False,50,True,2.0,1,11.0,25,1,2022-11-26T19:57:00Z,2022-11-26T19:57:00Z,restricted,Endesa,False
201763,2C3B6DC6-57E0-4D6C-94CF-CC3CD56C978F,40.502786821778955,-3.36683078641704,McDonalds Alcalá de Henares,Alcalá de Henares,28806,2247,4,Public - Membership Required,True,50,True,2.0,2,50.0,"33,2",1,2023-02-26T10:41:00Z,2023-02-26T10:41:00Z,public_membership,Iberdrola | BP Pulse (ES),True
297973,B8448769-E147-4DDF-BDD5-E258AAFE7FE7,40.49581160525497,-3.359208600077295,Ahorramas Alcalá,,28807,3276,4,Public - Membership Required,True,50,True,4.0,1,22.0,25,1,2025-10-10T08:52:00Z,2025-10-10T08:52:00Z,public_membership,EDP,True
461987,79820E3A-777A-4FCB-AFCC-5736D403B179,40.487259655437214,-3.3609332830166068,Carrefour Vía Complutense,Alcalá,,45,1,Public,,50,True,2.0,1,11.0,25,1,2025-10-10T08:55:00Z,2025-10-10T08:55:00Z,public,(Business Owner at Location),True
235160,37FEF9A0-E9AD-44C7-AAA5-77026AF19EC1,40.486236375583786,-3.36210790675932,E.S. San Isidro,,28807,3571,4,Public - Membership Required,True,50,True,2.0,3,150.0,"33,2,25",1,2024-09-13T13:07:00Z,2024-09-13T13:07:00Z,public_membership,TotalEnergies (ES),True
207211,FDF24678-17B9-4218-B07A-39B7BD4C30D6,40.48525437100491,-3.363395163864766,Parking San Lucas Interparking,Alcalá de Henares,28807,3975,5,Public - Pay At Location,False,50,True,6.0,1,8.0,25,1,2026-02-14T14:40:00Z,2026-02-14T14:40:00Z,public,Interparking (ES),True
207205,F6750B11-B0C7-4779-9C2F-90D72FCE8C04,40.498387547469605,-3.370915531630658,Mercadona Ensanche,Alcalá de Henares,28806,3499,4,Public - Membership Required,True,50,True,2.0,1,22.0,25,1,2025-10-11T17:52:00Z,2025-10-11T17:52:00Z,public_membership,Mercadona,True
298523,AC7A0123-CC1B-4B37-8E6C-471767AB8639,40.50055822838081,-3.371299188534863,Residencia Adavir,,28806,207,6,"Private - For Staff, Visitors or Customers",False,50,True,2.0,1,7.0,25,1,2024-05-09T18:26:00Z,2024-05-09T18:26:00Z,restricted,Endesa,False
307354,78891163-24F7-4C98-8F95-9ADB07059729,40.503837231254664,-3.3698018080517613,Carrefour Espartales,Alcalá de Henares,,3960,4,Public - Membership Required,True,50,True,2.0,1,150.0,33,1,2026-01-15T22:22:00Z,2026-01-15T22:22:00Z,public_membership,Carrefour (ES),True
309238,283B1150-43B8-41A5-9FB2-F367D9CDE941,40.50452759211936,-3.3675357535323087,C.C. Alcalá Atenea (Zunder),Alcalá de Henares,,3324,1,Public,,50,True,12.0,2,400.0,"33,25",1,2025-10-10T08:41:00Z,2025-10-10T08:41:00Z,public,Zunder,True
167344,84D01A15-B58E-47EF-A5C8-499A83F85B7A,40.510712400690835,-3.3669322068014935,Ahorramas Espartal,Alcalá de Henares,28806,3276,4,Public - Membership Required,True,50,True,5.0,1,7.4,25,1,2024-02-23T16:27:00Z,2024-02-23T16:27:00Z,public_membership,EDP,True
207196,35A93D83-9BCC-4B41-98D2-71925044A23A,40.50762962876021,-3.359221232060463,Centro Deportivo Espartales,Alcalá de Henares,28806,1,1,Public,,100,False,10.0,1,22.0,25,1,2025-10-10T08:43:00Z,2025-10-10T08:43:00Z,public,(Unknown Operator),True
272922,4BC8799A-6824-4EBE-9A93-FBA7CD25AF09,40.50833582539417,-3.3528978834992813,Mercadona Espartales,,,3499,4,Public - Membership Required,True,50,True,4.0,1,22.0,25,1,2024-04-27T11:33:00Z,2024-04-27T11:33:00Z,public_membership,Mercadona,True
461985,E55C89E0-1AA0-4F17-AE02-83CACE7601DB,40.512659112542366,-3.3506154078949066,Universidad de Alcalá,Alcalá,,45,6,"Private - For Staff, Visitors or Customers",False,50,True,1.0,1,7.4,25,1,2025-10-10T08:45:00Z,2025-10-10T08:45:00Z,restricted,(Business Owner at Location),False
462106,6BEE2298-3991-4E9C-A7FA-C9D06CFC7341,40.51822818766172,-3.342641532241487,Parque Científico TecnoAlcalá (Wenea),Alcalá,,3371,4,Public - Membership Required,True,50,True,8.0,2,100.0,"33,25",1,2025-10-11T18:08:00Z,2025-10-11T18:08:00Z,public_membership,Wenea,True
295946,2962CD5A-2A0A-4459-9E78-E1857F10C8CE,40.517505018176195,-3.3437577623521975,Parque Científico TecnoAlcalá (Wenea),,28805,3371,4,Public - Membership Required,True,50,True,8.0,2,100.0,"33,25",1,2025-10-11T18:13:00Z,2025-10-11T18:13:00Z,public_membership,Wenea,True
462107,81EDCEC2-6C99-464F-A248-4CA0F4738B40,40.51668397925957,-3.3408509471632897,Parque Científico TecnoAlcalá (Wenea),Alcalá,,3371,4,Public - Membership Required,True,50,True,8.0,2,100.0,"33,25",1,2025-10-11T18:10:00Z,2025-10-11T18:10:00Z,public_membership,Wenea,True
462108,5DA28083-CC10-4DF8-92FF-2941476CB590,40.51515424296113,-3.3390980031118715,Parque Científico TecnoAlcalá (Wenea),Alcalá,,3371,4,Public - Membership Required,True,50,True,8.0,2,100.0,"33,25",1,2025-10-11T18:11:00Z,2025-10-11T18:11:00Z,public_membership,Wenea,True
462109,475DBDE4-47FB-4FFD-B5B6-3E21CFFE3E6B,40.514438461464465,-3.340172613525965,Parque Científico TecnoAlcalá (Wenea),Alcalá,,3371,4,Public - Membership Required,True,50,True,8.0,2,100.0,"33,25",1,2025-10-11T18:12:00Z,2025-10-11T18:12:00Z,public_membership,Wenea,True
474729,481F681D-6057-4D84-B7C0-31A7C226E4C2,40.51317221113703,-3.339949715769194,Centro Investigacion Moeve,,28805,3584,6,"Private - For Staff, Visitors or Customers",False,50,True,3.0,2,400.0,"33,33",1,2026-01-25T09:11:00Z,2026-01-25T09:11:00Z,restricted,Moeve (ES),False
490137,7FB8E714-C6D8-4634-812B-EF0D6A31A377,40.51376979881823,-3.347660041169547,CSIC CAMPUS UAH,,28805,207,4,Public - Membership Required,True,50,True,10.0,1,7.4,25,1,2026-05-19T17:46:00Z,2026-05-19T17:46:00Z,public_membership,Endesa,True
71004,73E49FC6-06A7-45F2-817A-DC793F655AFB,40.5127038,-3.346726600000011,Facultad de Enfermería y Fisioterapia,Alcalá de Henares,28805,1,6,"Private - For Staff, Visitors or Customers",False,50,True,3.0,2,22.0,"25,28",1,2022-10-10T11:18:00Z,2022-10-10T11:18:00Z,restricted,(Unknown Operator),False
280838,0607C24E-5B13-421C-9433-2E571105E453,40.508052532902184,-3.344623860943784,Universidad de Alcalá,,28805,45,6,"Private - For Staff, Visitors or Customers",False,50,True,1.0,1,7.4,25,1,2025-10-10T08:49:00Z,2025-10-10T08:49:00Z,restricted,(Business Owner at Location),False
61066,D5663D2D-7D34-4AE8-91B7-F7C5C4A8C078,40.506782,-3.342034,Universidad de Alcalá,Alcalá de Henares,28805,1,6,"Private - For Staff, Visitors or Customers",False,50,True,3.0,4,3.7,"28,25,28,28",1,2025-10-10T08:50:00Z,2025-10-10T08:50:00Z,restricted,(Unknown Operator),False
297979,C89A98AA-A38A-4B42-A852-157FF28BD66A,40.509120478488,-3.3233881133155307,Makro Alcalá,,28805,2247,4,Public - Membership Required,True,50,True,6.0,1,22.0,1036,1,2024-04-27T11:35:00Z,2024-04-27T11:35:00Z,public_membership,Iberdrola | BP Pulse (ES),True
271073,22E97985-E789-4715-BAAE-AA50DF98C72D,40.5230986566242,-3.3115428511584923,Encin Golf Alcalá de Henares,,28805,3552,4,Public - Membership Required,True,50,True,6.0,3,120.0,"33,2,25",1,2025-09-03T21:00:00Z,2025-09-03T21:00:00Z,public_membership,BarterGo (ES),True
203035,09063AED-4B54-42E5-BB84-47C5E7291D67,40.55003185477213,-3.338700362385623,Mercadona Meco,Meco,28880,3499,4,Public - Membership Required,True,50,True,4.0,1,22.0,25,1,2024-11-10T00:44:00Z,2024-11-10T00:44:00Z,public_membership,Mercadona,True
460493,BA25898B-7F3C-47A9-80EE-D2A8FBBC232D,40.556107332620314,-3.294922355437677,R2 Meco (Dir. Oeste),Meco,,3632,4,Public - Membership Required,True,150,False,4.0,1,400.0,33,1,2025-08-21T08:46:00Z,2025-08-21T08:46:00Z,public_membership,PowerGo,True
460492,0442D69A-E031-4616-8F26-5C0D217F7F4B,40.554721465380936,-3.2947048104210523,R2 Area Meco (Dir. Este),Meco,,3632,4,Public - Membership Required,True,150,False,4.0,1,400.0,33,1,2025-10-11T18:22:00Z,2025-10-11T18:22:00Z,public_membership,PowerGo,True
201762,FA77FCFD-E5F1-4CB5-9D47-8BF065F74352,40.504115460966375,-3.330540793177761,McDonald's La Dehesa ,Alcalá de Henares,28805,2247,4,Public - Membership Required,True,50,True,4.0,3,50.0,"33,2,1036",1,2025-10-11T18:16:00Z,2025-10-11T18:16:00Z,public_membership,Iberdrola | BP Pulse (ES),True
295840,0B9D857F-0BA2-449E-94F7-53FD12E1733B,40.50523526325651,-3.3322802599294903,C.C. Cuadernillos,,28805,3550,4,Public - Membership Required,True,50,True,28.0,2,100.0,"33,25",1,2025-08-25T20:17:00Z,2025-08-25T20:17:00Z,public_membership,PowerDot (Es),True
279705,E44823DF-2901-409A-9A23-E8EDA38EFD7A,40.500402768719795,-3.336982169985504,Hotel IBIS Budget Alcalá de Henares,,28805,3550,4,Public - Membership Required,True,50,True,6.0,2,100.0,"33,2",1,2024-09-07T17:33:00Z,2024-09-07T17:33:00Z,public_membership,PowerDot (Es),True
312786,EA0709B7-A1AA-4754-865D-893E628CD5B5,40.574935076193555,-3.2602947696575484,Repsol Azuqueca,Azuqueca,,91,4,Public - Membership Required,True,50,True,1.0,3,50.0,"33,2,1036",1,2025-10-11T18:26:00Z,2025-10-11T18:26:00Z,public_membership,Repsol - Ibil (ES),True
209677,CE1AB261-D8DC-460C-9963-ABCC9DE1EBDD,40.563791682989944,-3.2633629108297555,Ahorramas Azuqueca,Azuqueca de Henares,19200,3276,4,Public - Membership Required,True,50,True,4.0,1,22.0,25,1,2024-11-22T12:11:00Z,2024-11-22T12:11:00Z,public_membership,EDP,True
273751,72B0458E-97DA-4502-B916-E63FE6BEA22E,40.56545860374018,-3.267946980838417,Ayunt. Azuqueca de Henares,Azuqueca de Henares,19200,3371,4,Public - Membership Required,True,50,True,2.0,3,50.0,"33,2,1036",1,2023-08-22T16:33:00Z,2023-08-22T16:33:00Z,public_membership,Wenea,True
207216,A672CE78-71D7-4B66-BC38-42789D35DABE,40.563431251113315,-3.2691059587947393,Ahorramás Avda. Alcalá,Azuqueca de Henares,19208,3276,4,Public - Membership Required,True,50,True,2.0,1,22.0,25,1,2023-02-11T10:41:00Z,2023-02-11T10:41:00Z,public_membership,EDP,True
505218,86721065-28E6-4749-A199-2C9686A336D0,40.55946073890112,-3.274297679625164,Hiperusera Rafael Alberti,Azuqueca de Henares,19200,3557,4,Public - Membership Required,True,50,True,2.0,1,60.0,33,1,2026-08-18T10:23:00Z,2026-08-18T10:23:00Z,public_membership,GALP Electric,True
461988,8B872C4E-843C-4BE4-8EA3-E4E1E808F886,40.55487788153292,-3.269792860020516,Polig. Azuqueca,Azuqueca,,45,6,"Private - For Staff, Visitors or Customers",False,50,True,8.0,1,22.0,25,1,2025-10-10T08:58:00Z,2025-10-10T08:58:00Z,restricted,(Business Owner at Location),False
201636,F819BCA9-D8C4-4621-92FE-7B84D9E464F6,40.55623198640197,-3.277302181038408,REPSOL Polígono Azuqueca,Azuqueca de Henares,19209,91,4,Public - Membership Required,True,50,True,1.0,3,50.0,"33,2,1036",1,2025-10-10T09:05:00Z,2025-10-10T09:05:00Z,public_membership,Repsol - Ibil (ES),True
472435,69A804C4-D595-4E65-AFB5-203DD3F15D4B,40.551463141032656,-3.2753223633367554,MLV,Meco,,3557,2,Private - Restricted Access,True,50,True,5.0,1,7.4,25,1,2026-01-01T21:24:00Z,2026-01-01T21:24:00Z,restricted,GALP Electric,False
201214,AB279A76-CDA0-4E8C-B1E0-AB851D565337,40.5708919748034,-3.2496467148956754,Burguer King,Azuqueca de Henares,19208,2247,4,Public - Membership Required,True,50,True,2.0,1,320.0,33,1,2026-09-05T20:02:00Z,2026-09-05T20:02:00Z,public_membership,Iberdrola | BP Pulse (ES),True
473151,8B2F1A0A-3049-4AA7-B0B5-D7ABF7532630,40.571949842163804,-3.250709771456286,Seur Azuqueca,Azuqueca de Henares,19200,91,2,Private - Restricted Access,True,50,True,4.0,1,22.0,25,1,2026-01-13T18:35:00Z,2026-01-13T18:35:00Z,restricted,Repsol - Ibil (ES),False
157441,73775E91-985B-4BA8-967E-C0FB505504B2,40.57965693574346,-3.2357713499955025,E.S. Repsol Alovera,Alovera,19208,91,1,Public,,50,True,1.0,3,50.0,"33,2,1036",1,2025-10-11T18:27:00Z,2025-10-11T18:27:00Z,public,Repsol - Ibil (ES),True
235164,2317A2FE-5134-48C2-BED4-34C73168641B,40.5743236409422,-3.1597288311120337,Ayunt. Chiloeches,,19141,1,4,Public - Membership Required,True,150,False,1.0,1,11.0,25,1,2024-01-28T17:00:00Z,2024-01-28T17:00:00Z,public_membership,(Unknown Operator),True
300850,72E639D2-5FD8-4A37-85AE-957B00D5B4AE,40.59779251877896,-4.495439231105962,Carnicería Quirós. La Cañada,,05294,45,5,Public - Pay At Location,False,50,True,2.0,1,11.0,25,1,2024-10-30T18:51:00Z,2024-10-30T18:51:00Z,public,(Business Owner at Location),True
235118,4341A9AD-C671-4755-93E8-E18F1BD94EDD,40.593289463904114,-4.410272626368169,Ayunt. Navalperal de Pinares,,05240,1,1,Public,,50,True,2.0,1,22.0,25,1,2023-06-24T07:50:00Z,2023-06-24T07:50:00Z,public,(Unknown Operator),True
235117,5E35EE2E-C56C-402C-B16B-62F2D1865851,40.59514312087967,-4.333355197247101,Repsol Las Navas del Marqués,,05230,91,4,Public - Membership Required,True,50,True,1.0,3,50.0,"33,1036,2",1,2024-05-03T08:55:00Z,2024-05-03T08:55:00Z,public_membership,Repsol - Ibil (ES),True
201337,9F25EF9B-D63B-4D4F-89E8-E6D6470F4ED9,40.60236197022667,-4.334005039996441,Las Navas del Marqués,Las Navas del Marqués,,2247,1,Public,,50,True,2.0,1,7.3,25,1,2024-10-30T18:51:00Z,2024-10-30T18:51:00Z,public,Iberdrola | BP Pulse (ES),True
210576,78C0F3F2-8440-4E19-AF1C-424A72113E34,40.626382371184235,-4.233608695401699,Peguerinos Plaza de la Iglesia,,02539,3571,4,Public - Membership Required,True,50,True,2.0,3,50.0,"33,2,1036",1,2024-10-16T18:43:00Z,2024-10-16T18:43:00Z,public_membership,TotalEnergies (ES),True
235116,72A5D797-2D72-4CF7-88B8-40773F3EF9A0,40.63527514067215,-4.224799755011304,Casas Rurales en Peguerinos,,05239,45,6,"Private - For Staff, Visitors or Customers",False,50,True,5.0,1,3.7,28,1,2023-02-15T19:18:00Z,2023-02-15T19:18:00Z,restricted,(Business Owner at Location),False
209554,1806ED87-8903-4734-82B0-7DE764F33302,40.58857401678259,-4.152289031025134,Ayunt. El Escorial  Calle de Leandro Rubio,San Lorenzo de El Escorial,28200,2247,4,Public - Membership Required,True,50,True,2.0,2,22.0,"25,28",1,2023-06-24T08:34:00Z,2023-06-24T08:34:00Z,public_membership,Iberdrola | BP Pulse (ES),True
117907,7D8EA122-D3B9-4300-B910-F39B6562EEC5,40.58078,-4.15873,Real Club de Golf la Herrería,San Lorenzo de El Escorial,28 200,3324,4,Public - Membership Required,True,50,True,6.0,1,22.0,25,1,2025-12-20T15:42:00Z,2025-12-20T15:42:00Z,public_membership,Zunder,True
235127,71CE9245-6E46-4DC6-84BC-DC2EF92291D0,40.59039095365367,-4.1437214023725915,Parking Monasterio,San Lorenzo de El Escorial,28200,207,4,Public - Membership Required,True,50,True,4.0,1,22.0,25,1,2023-06-24T08:47:00Z,2023-06-24T08:47:00Z,public_membership,Endesa,True
209555,429FD80A-BE4D-464A-BD78-12994BEBEABA,40.59108426923106,-4.146764228445591,Ayunt. El Escorial  Plaza Ánimas,San Lorenzo de El Escorial,28200,2247,4,Public - Membership Required,True,50,True,2.0,1,22.0,25,1,2023-06-24T08:51:00Z,2023-06-24T08:51:00Z,public_membership,Iberdrola | BP Pulse (ES),True
209706,817EFADE-2917-40A6-9F24-1816419425D4,40.59881709876845,-4.13090886734733,Ahorramas El Escorial,San Lorenzo de El Escorial,28200,3276,4,Public - Membership Required,True,50,True,2.0,1,22.0,25,1,2023-06-24T09:09:00Z,2023-06-24T09:09:00Z,public_membership,EDP,True
209556,0C69E593-8252-4ECC-BCB6-52E988110C7B,40.584832326316274,-4.1297546241385135,Ayunt. El Escorial  Oficina de Correos,El Escorial,28280,2247,4,Public - Membership Required,True,50,True,2.0,1,7.4,25,1,2023-06-23T08:01:00Z,2023-06-23T08:01:00Z,public_membership,Iberdrola | BP Pulse (ES),True
235128,E2B0A733-56F9-4AFC-981A-BAA76A86499B,40.5829438624244,-4.121016479902096,Renault Talleres Escorial,El Escorial,28200,3275,6,"Private - For Staff, Visitors or Customers",False,50,True,2.0,1,11.0,25,1,2023-02-15T19:41:00Z,2023-02-15T19:41:00Z,restricted,Renault,False
305781,24636AF3-5600-4782-81B5-D3E7DBE26FD1,40.60114946715083,-4.127047750184715,Supercor El Escorial,San Lorenzo de El Escorial,28200,45,1,Public,,50,True,6.0,1,22.0,25,1,2024-10-30T19:01:00Z,2024-10-30T19:01:00Z,public,(Business Owner at Location),True
472114,A99545C8-8B83-43B4-B976-B782B36D56FC,40.62598950709034,-4.100018505468739,Camping El Escorial,San Lorenzo de El Escorial,28280,3377,6,"Private - For Staff, Visitors or Customers",False,50,True,6.0,1,22.0,25,1,2025-12-27T18:40:00Z,2025-12-27T18:40:00Z,restricted,eTecnic,False
274404,6A17C165-D639-45F1-8F33-992DA72F15FE,40.63315624841883,-4.108250964179604,E.S. Repsol Valle de los Caidos,San Lorenzo de El Escorial,28440,91,4,Public - Membership Required,True,50,True,1.0,3,50.0,"1036,33,2",1,2026-02-08T15:55:00Z,2026-02-08T15:55:00Z,public_membership,Repsol - Ibil (ES),True
209552,375FF823-8F72-4375-9221-683E4AFDF185,40.61474758634702,-4.118767989035973,Ayunt. El Escorial Calle Tiziano,San Lorenzo de El Escorial,28200,2247,4,Public - Membership Required,True,50,True,2.0,1,22.0,25,1,2023-06-23T07:58:00Z,2023-06-23T07:58:00Z,public_membership,Iberdrola | BP Pulse (ES),True
209553,AC08194B-E79F-4A75-A381-1FCC34CD82E7,40.60285463762767,-4.127735214189897,Ayunt. El Escorial  Calle Monte del Fraile,San Lorenzo de El Escorial,28200,2247,4,Public - Membership Required,True,50,True,2.0,2,22.0,"25,28",1,2023-06-24T09:17:00Z,2023-06-24T09:17:00Z,public_membership,Iberdrola | BP Pulse (ES),True
185561,E89B0F10-77CF-436C-9816-0482A7E4EF49,40.663240203047025,-4.0805171394699755,Antis Guadarrama,Guadarrama,28440,3459,4,Public - Membership Required,True,100,False,2.0,1,22.0,25,1,2024-10-30T19:04:00Z,2024-10-30T19:04:00Z,public_membership,ACCIONA - Cargacoches,True
202990,61A61001-3A1D-4310-9C71-3B0C6942A08A,40.6678201816371,-4.087246558950596,Supercor Guadarrama,Guadarrama,28440,45,1,Public,,100,False,2.0,2,3.7,"25,28",1,2024-10-30T19:05:00Z,2024-10-30T19:05:00Z,public,(Business Owner at Location),True
312345,436B275B-5E23-48F1-8D8C-3892616BA337,40.669156459722274,-4.084858217659786,Cepsa Guadarama,Guadarama,,3584,4,Public - Membership Required,True,50,True,1.0,1,150.0,33,1,2025-09-13T14:34:00Z,2025-09-13T14:34:00Z,public_membership,Moeve (ES),True
185562,A99DCC0A-5F99-4E39-BE4D-772C778E1A43,40.66868524636678,-4.084516283173343,Aldi Guadarrama,Guadarrama,28440,3464,1,Public,,50,True,2.0,1,7.4,25,1,2025-09-13T14:34:00Z,2025-09-13T14:34:00Z,public,ALDI SÜD (DE),True
300326,1503E70D-40D4-4066-92AE-385D7FA13DA1,40.66650165467266,-4.080315577218698,Plenoil Guadarrama,Guadarrama,28440,3750,4,Public - Membership Required,True,50,True,2.0,1,60.0,33,1,2026-01-04T09:23:00Z,2026-01-04T09:23:00Z,public_membership,Plenergy (ES),True
289424,DA1C4C39-6847-467D-B391-84B4F7FFD058,40.676209790713045,-4.082202571932839,Rest. Sala,Guadarrama,28440,3571,4,Public - Membership Required,True,50,True,2.0,5,100.0,"33,2,33,2,25",1,2024-10-15T13:57:00Z,2024-10-15T13:57:00Z,public_membership,TotalEnergies (ES),True
209705,4059B7FA-DB45-4DA9-BA6A-1428BADB2BB4,40.671618869242394,-4.0908391395784065,Ahorramas Guadarrama,Guadarrama,28400,3276,4,Public - Membership Required,True,50,True,2.0,1,22.0,25,1,2026-08-28T13:39:00Z,2026-08-28T13:39:00Z,public_membership,EDP,True
307412,937D63A9-4903-4392-B172-5CFDE8931EF9,40.6661788840604,-4.096021427632138,COLEGIO GSD Guadarrama,Guadarrama,,3279,6,"Private - For Staff, Visitors or Customers",False,50,True,4.0,1,7.4,25,1,2024-12-25T09:26:00Z,2024-12-25T09:26:00Z,restricted,Fenie Energía (Spain),False
235134,C570AA6C-26F0-4506-A40F-5C1793B48836,40.64861585533848,-4.008380748729451,Repsol CRED Collado,Collado Villalba,28400,91,4,Public - Membership Required,True,50,True,1.0,3,50.0,"33,1036,2",1,2025-05-18T18:55:00Z,2025-05-18T18:55:00Z,public_membership,Repsol - Ibil (ES),True
235136,EAD442CF-33DD-42DB-83D4-1502FD2FFD26,40.66025932040242,-4.0168335235797485,Ruedas Sierra,Alpedrete,28430,45,6,"Private - For Staff, Visitors or Customers",False,50,True,2.0,1,3.7,28,1,2023-02-15T19:54:00Z,2023-02-15T19:54:00Z,restricted,(Business Owner at Location),False
235135,AD021E8F-FCA6-4490-A471-EBD4FE9515DF,40.65508022595793,-4.0008395590150485,Parking Hospital de Villalba,Collado Villalba,28430,45,5,Public - Pay At Location,False,100,False,2.0,1,22.0,25,1,2023-02-15T19:53:00Z,2023-02-15T19:53:00Z,public,(Business Owner at Location),True
202991,75B356EB-8E10-49E9-9C3D-5445D22E6D65,40.65267471550288,-4.00739339532015,Mercadona Hospital Villalba,Collado Villalba,28430,3499,4,Public - Membership Required,True,50,True,2.0,1,22.0,25,1,2025-05-18T18:53:00Z,2025-05-18T18:53:00Z,public_membership,Mercadona,True
201765,AFABE256-2589-4840-A8A4-D679EE8C68BD,40.64974274059486,-4.008177853911093,Hotel FC Villalba,Collado Villalba,28400,2247,4,Public - Membership Required,True,50,True,4.0,3,50.0,"33,2,1036",1,2022-12-13T10:39:00Z,2022-12-13T10:39:00Z,public_membership,Iberdrola | BP Pulse (ES),True
202992,43B3847C-E394-45DE-B547-4CE64B81D0C3,40.65089937382538,-3.9879329691816565,Rest. El Corral de los Vacos,Collado Villalba,28400,45,6,"Private - For Staff, Visitors or Customers",False,50,True,2.0,1,11.0,1036,1,2026-04-10T22:33:00Z,2026-04-10T22:33:00Z,restricted,(Business Owner at Location),False
460637,6CB2A8A4-D7DE-494C-BA72-964677B02B12,40.6459376996506,-3.9904252211109963,Ayunt. Villalba. ,Villalba,,3459,4,Public - Membership Required,True,150,False,4.0,2,100.0,"33,33",1,2025-08-30T14:27:00Z,2025-08-30T14:27:00Z,public_membership,ACCIONA - Cargacoches,True
148154,05DECC5A-04AD-405A-B0B0-F7D271885BE6,40.64294030209484,-3.995151897668393,Supermercado Froiz,Collado Villalba,28400,45,7,Public - Notice Required,False,50,True,2.0,2,7.4,"25,25",1,2026-03-30T10:16:00Z,2026-03-30T10:16:00Z,public,(Business Owner at Location),True
460639,7F5A634D-C528-4CD3-A31E-3C5B3F484CB7,40.64137844321135,-4.006933781789684,Ayunt. Villalba. Recinto Ferial,Villalba,,3459,4,Public - Membership Required,True,75,True,4.0,2,100.0,"33,25",1,2026-05-27T13:14:00Z,2026-05-27T13:14:00Z,public_membership,ACCIONA - Cargacoches,True
201209,38B78133-7EF5-499E-B80E-6B9752A75658,40.6403269770685,-4.007389858460783,McDonald's Cruz Roja Villalba,Collado Villalba,28400,207,4,Public - Membership Required,True,50,True,2.0,1,130.0,33,1,2026-04-14T17:11:00Z,2026-04-14T17:11:00Z,public_membership,Endesa,True
460638,70947AC8-0177-4673-8E19-5CBB33E78D71,40.64115001387617,-4.003148911910301,Ayunt. Villalba. Zona Deportiva,Villalba,,3459,4,Public - Membership Required,True,150,False,4.0,2,100.0,"33,33",1,2026-04-17T08:41:00Z,2026-04-17T08:41:00Z,public_membership,ACCIONA - Cargacoches,True
460634,8222DBAD-CA93-4B9B-BC65-3B0803A8834D,40.63395544820011,-4.004858084705035,Petropix Villalba,villalba,,3276,4,Public - Membership Required,True,150,False,2.0,1,180.0,33,1,2025-08-30T13:11:00Z,2025-08-30T13:11:00Z,public_membership,EDP,True
202986,2520F537-6473-4AC9-B083-D06495D32DCD,40.631455554485086,-4.006865133371093,Parking Biblioteca Miguel Hernández,Collado Villalba,28400,207,4,Public - Membership Required,True,50,True,4.0,1,22.0,25,1,2023-06-23T22:31:00Z,2023-06-23T22:31:00Z,public_membership,Endesa,True
202987,9616BEAC-A839-4231-893D-9919C7D112F5,40.63342746743507,-4.004711038618439,BM Avenida Juan Carlos I-Zoco,Collado Villalba,28400,3324,4,Public - Membership Required,True,50,True,4.0,2,90.0,"25,33",1,2026-08-25T13:17:00Z,2026-08-25T13:17:00Z,public_membership,Zunder,True
235133,F1B9ABC6-5548-4AFF-85E0-924157556E89,40.63067927529204,-4.004364892197998,Parking Honório Lozano,Collado Villalba,28400,207,4,Public - Membership Required,True,50,True,4.0,1,22.0,25,1,2023-02-15T19:50:00Z,2023-02-15T19:50:00Z,public_membership,Endesa,True
312638,4DF89529-32EC-44FF-A847-881C6E166AD0,40.6291467784053,-4.004439419471709,Ayunt. Collado Villaba. Plaza Los Belgas (Acciona),Collado Villaba,,3459,4,Public - Membership Required,True,50,True,2.0,1,120.0,33,1,2026-04-17T08:40:00Z,2026-04-17T08:40:00Z,public_membership,ACCIONA - Cargacoches,True
460642,7682BA7C-7195-46A0-A574-FEFD1DC6C04B,40.63025001319747,-4.007916142381276,Ayunt. Villalba. Plaza Del Río,Villalba,,3459,4,Public - Membership Required,True,150,False,2.0,1,100.0,33,1,2025-08-30T14:40:00Z,2025-08-30T14:40:00Z,public_membership,ACCIONA - Cargacoches,True
216906,8DD31B01-A2CF-473E-8941-9933713FE020,40.62679176775126,-4.0056650549336155,Ahorramas Villalba,Collado Villalba,28400,3276,4,Public - Membership Required,True,50,True,2.0,1,22.0,25,1,2026-08-28T13:39:00Z,2026-08-28T13:39:00Z,public_membership,EDP,True
202988,3AAD8AAB-0000-41AE-903A-6FD5CAB1B453,40.630240885616274,-3.9980345878940398,Motor Gómez,Collado Villalba,28400,207,4,Public - Membership Required,True,50,True,2.0,1,50.0,33,1,2026-08-31T10:18:00Z,2026-08-31T10:18:00Z,public_membership,Endesa,True
459821,23E35FA9-BB06-4038-BF95-0445BBC64F13,40.63039096751828,-3.9977824893252603,Mosancar (Citroen),Collado Villalba,,3556,4,Public - Membership Required,True,50,True,2.0,1,400.0,33,1,2025-08-30T13:12:00Z,2025-08-30T13:12:00Z,public_membership,Place To Plug,True
298162,C3562256-FFFB-42BD-982C-562DDAD7630D,40.62587070775149,-4.004273743353906,Repsol Villalba,Collado Villalba,28400,91,4,Public - Membership Required,True,50,True,1.0,3,50.0,"33,2,1036",1,2025-10-07T19:40:00Z,2025-10-07T19:40:00Z,public_membership,Repsol - Ibil (ES),True
209704,1F4820C3-F021-4373-AECC-06ECB16E4773,40.623754306901844,-4.012226035935555,Ahorramas Villalba,Collado Villalba,28400,3276,4,Public - Membership Required,True,50,True,2.0,1,22.0,25,1,2023-02-11T10:50:00Z,2023-02-11T10:50:00Z,public_membership,EDP,True
460641,18FACF50-E48A-4341-871C-5F9BFCFDFF85,40.61953971654714,-4.011023677473418,Ayunt. Villalba. Parque La Coruña,Villalba,,3459,4,Public - Membership Required,True,150,False,2.0,2,100.0,"33,25",1,2026-05-27T14:07:00Z,2026-05-27T14:07:00Z,public_membership,ACCIONA - Cargacoches,True
202983,7BC36F99-EDEF-4719-982F-B0FC2D0D3EFD,40.62454978274491,-4.020704909083406,Talleres Jaymar,Collado Villalba,28403,45,6,"Private - For Staff, Visitors or Customers",False,50,True,1.0,1,11.0,25,1,2022-09-14T06:15:00Z,2022-09-14T06:15:00Z,restricted,(Business Owner at Location),False
312173,C5456B05-F7C9-45A4-A596-9B8B298FA50B,40.62510408058532,-4.025424408649741,Ballenoil Collado Villalba,Collado Villalba,,3880,4,Public - Membership Required,True,150,False,2.0,1,60.0,33,1,2025-07-10T06:26:00Z,2025-07-10T06:26:00Z,public_membership,Ballenoil (ES),True
235131,21F61C14-1A29-4119-A3A3-C98965CF3B0E,40.624420903019825,-4.026244299329278,LIDL Collado Villalba,Galapagar,28292,38,1,Public,,50,True,3.0,1,3.7,25,1,2024-11-07T22:24:00Z,2024-11-07T22:24:00Z,public,Lidl,True
168463,60497877-3714-461A-8201-060242BA2B51,40.62538571376183,-4.028027402370071,E.S. Galapagar,Galapagar,28292,91,4,Public - Membership Required,True,50,True,1.0,3,50.0,"33,2,1036",1,2024-05-03T08:55:00Z,2024-05-03T08:55:00Z,public_membership,Repsol - Ibil (ES),True
300327,611179FC-6DCB-4C2A-B683-97B9C43E3E81,40.626166584840405,-4.0245074918101125,Plenoil Collado Villalba II,Collado Villalba,28400,3750,4,Public - Membership Required,True,50,True,2.0,1,60.0,33,1,2026-01-04T09:23:00Z,2026-01-04T09:23:00Z,public_membership,Plenergy (ES),True
202982,5545D08C-806E-438D-AA45-26C8025A85F2,40.625699303053494,-4.0236737981190345,Saltoki Villalba,Collado Villalba,28403,3401,4,Public - Membership Required,True,50,True,2.0,1,22.0,25,1,2024-06-01T17:49:00Z,2024-06-01T17:49:00Z,public_membership,Electromaps,True
278528,ABAA638B-C5AA-4FB4-9448-1285624413AD,40.62785360093994,-4.018521993295963,BP Pulse Carvisa,Collado Villalba,28400,2247,4,Public - Membership Required,True,50,True,2.0,1,150.0,33,1,2023-09-30T10:03:00Z,2023-09-30T10:03:00Z,public_membership,Iberdrola | BP Pulse (ES),True
202984,F0D43451-F3D6-4EDE-B10B-08BBE8EB1752,40.626780698243266,-4.019184023845014,C.C. Los Olivos,Collado Villalba,28403,3401,4,Public - Membership Required,True,50,True,4.0,1,11.0,25,1,2026-09-03T15:37:00Z,2026-09-03T15:37:00Z,public_membership,Electromaps,True
202985,D7F7FC87-8658-42FB-B6C8-2C47B8BD96FD,40.62859288831899,-4.018115350022299,Nissan Villalba,Collado Villalba,28403,3558,6,"Private - For Staff, Visitors or Customers",False,50,True,1.0,1,50.0,2,1,2022-09-14T06:18:00Z,2022-09-14T06:18:00Z,restricted,Nissan (ES) Dealer Network,False
460640,40363B48-A3C7-4939-B046-26643D3AD63C,40.629693662340514,-4.016533821764654,Ayunt. Villalba. Poligono Industrial,Villalba,,3459,4,Public - Membership Required,True,150,False,2.0,1,100.0,33,1,2025-08-30T14:35:00Z,2025-08-30T14:35:00Z,public_membership,ACCIONA - Cargacoches,True
313556,AD0DE87B-2167-4572-8EF1-045C6B6BABC8,40.63404050102562,-4.0089460948908595,Avenida Juan Carlos I,Collado Villalba,,2247,4,Public - Membership Required,True,50,True,2.0,1,120.0,33,1,2025-06-11T15:38:00Z,2025-06-11T15:38:00Z,public_membership,Iberdrola | BP Pulse (ES),True
202989,0BD5DE50-1F40-405E-975B-5494A1445CDB,40.63626769940163,-4.008804367085986,Carrefour Villalba,Collado Villalba,28400,45,1,Public,,100,False,2.0,1,11.0,25,1,2026-03-30T10:11:00Z,2026-03-30T10:11:00Z,public,(Business Owner at Location),True
284855,DF204042-4098-4030-B035-A07E3DD66E53,40.6360410809223,-4.016377329281227,Mercadona Villalba,Collado Villalba,28400,3499,4,Public - Membership Required,True,50,True,4.0,1,22.0,25,1,2024-04-26T18:56:00Z,2024-04-26T18:56:00Z,public_membership,Mercadona,True
470438,89FFEF64-BA62-4A9B-BCC1-C66594725BE6,40.63667434555805,-4.016827053924004,CC PlanetOcio (Exterior) (Wenea),,28403,3371,4,Public - Membership Required,True,50,True,4.0,1,150.0,33,1,2025-12-03T21:13:00Z,2025-12-03T21:13:00Z,public_membership,Wenea,True
470439,0C7A6F42-8CF4-47F2-9A87-58F032571017,40.637015036909844,-4.016669604443223,CC PlanetOcio (Wenea),,28403,3371,4,Public - Membership Required,True,50,True,18.0,1,22.0,25,1,2025-11-30T17:26:00Z,2025-11-30T17:26:00Z,public_membership,Wenea,True
305129,7F0EC471-05CE-40B9-986B-FC505932AC50,40.64095294021266,-4.008374800531783,Aldi Villalba (Atlante),Collado Villalba,28400,3588,4,Public - Membership Required,True,50,True,4.0,2,100.0,"33,33",1,2026-08-29T13:38:00Z,2026-08-29T13:38:00Z,public_membership,Atlante,True
305132,2931AD16-44A3-4CF2-850C-DC8AF5FA499C,40.63899949689403,-4.0259486816254935,Aldi Villalba (Atlante),Alpedrete,28403,3588,4,Public - Membership Required,True,50,True,2.0,1,150.0,33,1,2025-12-03T21:13:00Z,2025-12-03T21:13:00Z,public_membership,Atlante,True
288116,DFAED1EB-339E-4643-A374-400A875EEA4E,40.64363556382273,-4.038596788339561,Cepsa Villalba (Dir. Coruña),Guadarrama,28403,3584,4,Public - Membership Required,True,50,True,1.0,3,50.0,"33,2,1036",1,2026-06-20T09:46:00Z,2026-06-20T09:46:00Z,public_membership,Moeve (ES),True
490296,3C615FAD-5CCD-45FA-9075-17E5F91DA3D1,40.642030370259505,-4.039537940125911,A.S. Villalba (Dir. Madrid) (Fastned),,40150,74,4,Public - Membership Required,True,150,False,4.0,2,400.0,"33,2",1,2026-09-02T18:19:00Z,2026-09-02T18:19:00Z,public_membership,FastNed,True
288117,A4877FA9-A59B-4DCB-892C-20E80FA265B7,40.64234257827593,-4.0389376217659105,Cepsa Villaba (Dir. Madrid),San Lorenzo de El Escorial,28403,3584,4,Public - Membership Required,True,50,True,1.0,3,50.0,"33,2,1036",1,2026-06-30T08:19:00Z,2026-06-30T08:19:00Z,public_membership,Moeve (ES),True
490297,3416ED87-DF60-46BD-8F43-6B58C70D5F05,40.6436824680313,-4.040082530693269,A.S. Villalba (Dir. La Coruña) (Fastnet),San Lorenzo de El Escorial,28439,74,4,Public - Membership Required,True,150,False,4.0,2,400.0,"33,2",1,2026-06-19T15:27:00Z,2026-06-19T15:27:00Z,public_membership,FastNed,True
290065,F77DDC39-9A2F-427A-9DF4-0F140AD50DC6,40.60838704558196,-4.047833064877523,Plenoil  Escorial I,El Escorial,28292,3750,4,Public - Membership Required,True,50,True,2.0,1,60.0,33,1,2025-05-01T10:17:00Z,2025-05-01T10:17:00Z,public_membership,Plenergy (ES),True
202981,85FF1992-FF6B-470B-8B23-4A3E034BAC9B,40.60075608229121,-4.059722355236204,Ayunt. Los Arroyos - Iglesia,El Escorial,,2247,4,Public - Membership Required,True,50,True,2.0,1,22.0,25,1,2024-11-07T22:16:00Z,2024-11-07T22:16:00Z,public_membership,Iberdrola | BP Pulse (ES),True
202971,DAC78FDD-4BC6-44DF-877D-BF803C271029,40.58370854842906,-3.997054947916695,Mercadona Galapagar,Galapagar,28260,3499,4,Public - Membership Required,True,50,True,2.0,1,22.0,25,1,2024-10-14T10:30:00Z,2024-10-14T10:30:00Z,public_membership,Mercadona,True
306097,FED35664-6915-45D7-B068-C4C8AB2F024D,40.58199307220073,-3.998357328806719,Plenoil Galapagar II,Galapagar,28260,3750,4,Public - Membership Required,True,50,True,1.0,1,60.0,33,1,2025-05-07T16:46:00Z,2025-05-07T16:46:00Z,public_membership,Plenergy (ES),True
235130,EC58AA34-4010-4ED7-8C65-B0E4B3023F6A,40.60034474738228,-3.982338062714291,Estacion de tren la navata galapagar parking,Galapagar,28420,1,1,Public,,100,False,2.0,2,3.7,"25,28",1,2024-01-13T14:09:00Z,2024-01-13T14:09:00Z,public,(Unknown Operator),True
311820,70D18265-39A5-474D-8269-3F3BFA7AD18A,40.67868482347973,-3.9622614503695104,Supermercado BM Moralzarzal,Moralzarzal,,3583,4,Public - Membership Required,True,50,True,3.0,2,60.0,"33,1036",1,2025-04-17T18:48:00Z,2025-04-17T18:48:00Z,public_membership,Eranovum (ES),True
202134,ABD22144-2B00-4A57-B56E-0DBB289B3A2E,40.6717143397687,-3.9727126706309264,CEPSA Moralzarzal,Moralzarzal,28411,207,4,Public - Membership Required,True,50,True,4.0,3,50.0,"33,2,1036",1,2023-06-14T06:44:00Z,2023-06-14T06:44:00Z,public_membership,Endesa,True
307357,143F2424-95BE-4C71-986C-0E0AB5F561DC,40.59584462571635,-3.9586934977451165,C.C. Parquelagos,Parquelagos,,207,4,Public - Membership Required,True,50,True,2.0,1,150.0,33,1,2025-04-19T06:47:00Z,2025-04-19T06:47:00Z,public_membership,Endesa,True
311319,AA1DDC60-8089-458A-A747-47F20295BE4A,40.59226792968113,-3.9533184252765636,Rest. Golf Hípica Green Paddock (Wenea),Torrelodones,,3371,4,Public - Membership Required,True,50,True,8.0,2,240.0,"33,33",1,2025-04-27T09:28:00Z,2025-04-27T09:28:00Z,public_membership,Wenea,True
202998,7B919BD7-FEE6-4083-9A27-28C7F74C9B77,40.62141223338236,-3.906034341084137,BM Supermercados,Hoyo de Manzanares,28240,45,1,Public,,50,True,2.0,1,7.4,25,1,2022-09-14T06:42:00Z,2022-09-14T06:42:00Z,public,(Business Owner at Location),True
203021,DD9F8056-50F5-43D9-A806-D5A871334C9E,40.66501957100613,-3.7851207480358653,Supermercado BM Colmenar,Colmenar Viejo,28770,45,1,Public,,50,True,2.0,1,7.4,25,1,2022-09-14T10:26:00Z,2022-09-14T10:26:00Z,public,(Business Owner at Location),True
203020,2A8DC263-12CF-446B-A258-C982CC4F89E0,40.66542183199812,-3.7738867202148185,Ayunt. Colmenear (Biblioteca),Colmenar Viejo,28770,1,1,Public,,50,True,2.0,1,22.0,25,1,2023-06-25T13:44:00Z,2023-06-25T13:44:00Z,public,(Unknown Operator),True
298519,D77594A8-10DD-41C1-9AC0-B0E0E7460EAC,40.66423666817613,-3.7796337152287833,Residencia Colmenar,Colmenar Viejo,28770,207,6,"Private - For Staff, Visitors or Customers",False,50,True,2.0,1,7.0,25,1,2024-05-09T18:28:00Z,2024-05-09T18:28:00Z,restricted,Endesa,False
203019,E9694BEB-7730-4795-843C-6D163FB01376,40.660675655863855,-3.7718547711315296,Mercadona Colmenar,Colmenar Viejo,28770,3499,4,Public - Membership Required,True,50,True,2.0,1,22.0,25,1,2024-09-28T16:47:00Z,2024-09-28T16:47:00Z,public_membership,Mercadona,True
304628,D0464A28-22CF-418D-92F0-F60F3A6E6722,40.65871122739583,-3.7589711714824716,Mercadona Colmenar,Colmenar Viejo,28770,3499,4,Public - Membership Required,True,50,True,4.0,1,22.0,25,1,2024-09-28T16:48:00Z,2024-09-28T16:48:00Z,public_membership,Mercadona,True
203016,577622BD-9D73-4A2D-BE7C-59C4CB4FCA48,40.65809894457797,-3.759327505599231,Aldi Colmenar,Colmenar Viejo,28770,3464,1,Public,,50,True,1.0,2,11.0,"25,28",1,2022-09-26T19:36:00Z,2022-09-26T19:36:00Z,public,ALDI SÜD (DE),True
203015,74BCA29E-AB60-42CB-837D-9ED154A7D3F2,40.657325933734,-3.7594391741939717,Ahorramas Colmenar,Colmenar Viejo,28770,3276,4,Public - Membership Required,True,50,True,2.0,1,22.0,25,1,2023-02-11T09:38:00Z,2023-02-11T09:38:00Z,public_membership,EDP,True
297974,9E6FC878-4F95-4188-ABF2-2641383432C1,40.6570054886169,-3.754605672879734,Petropix Colmenar,Colmenar Viejo,28770,3276,4,Public - Membership Required,True,50,True,2.0,1,150.0,33,1,2025-09-04T10:54:00Z,2025-09-04T10:54:00Z,public_membership,EDP,True
307351,6910B5B3-1E39-44B0-A761-EAAEDC1C4F1F,40.65968845425496,-3.7543522982766717,C.C. El Ventanal de la Sierra,Colmenar Viejo,,2247,4,Public - Membership Required,True,150,False,14.0,3,150.0,"33,33,1036",1,2024-12-22T18:00:00Z,2024-12-22T18:00:00Z,public_membership,Iberdrola | BP Pulse (ES),True
235601,7BE10BEE-6DF8-43AC-91DC-D8690714CD1A,40.657611001231004,-3.7586619012060396,Burger King Colmenar viejo,Colmenar Viejo,28770,2247,4,Public - Membership Required,True,150,False,2.0,2,50.0,"33,2",1,2024-01-28T11:02:00Z,2024-01-28T11:02:00Z,public_membership,Iberdrola | BP Pulse (ES),True
203018,BFC3E1C2-3D2C-4F74-B9DA-9385722A5D88,40.66124336435607,-3.7617959249475916,Ayunt. Colmenar (Ambulatorio),Colmenar Viejo,28770,1,1,Public,,50,True,2.0,1,22.0,25,1,2022-09-14T10:17:00Z,2022-09-14T10:17:00Z,public,(Unknown Operator),True
265462,977A0738-5C16-4C24-BFA3-F6BC6DB6BF69,40.65448732641801,-3.7600551789004157,GALP Colmenar,Colmenar Viejo,28770,3557,4,Public - Membership Required,True,50,True,2.0,1,90.0,33,1,2024-10-24T11:23:00Z,2024-10-24T11:23:00Z,public_membership,GALP Electric,True
203013,E66466DD-B7A2-4E0A-8D72-5913926D8DDF,40.64798509674753,-3.775953455218996,Ayunt. Colmenar Paseo de la Estación,Colmenar Viejo,28770,1,1,Public,,50,True,2.0,1,22.0,25,1,2023-06-25T13:48:00Z,2023-06-25T13:48:00Z,public,(Unknown Operator),True
203012,DB73A453-DE14-49DC-8F10-262A5E886279,40.64537228654464,-3.776756277251934,Aparcamiento Estación Colmenar,Colmenar Viejo,28770,1,1,Public,,50,True,2.0,1,22.0,25,1,2022-09-14T10:09:00Z,2022-09-14T10:09:00Z,public,(Unknown Operator),True
235152,22FF3639-CFDB-4F0C-824F-5C0BC7586C08,40.59654546613177,-3.701685424727202,Ayuntamiento de Tres Cantos,Tres Cantos,28760,1,1,Public,,100,False,2.0,1,11.0,25,1,2023-02-15T20:23:00Z,2023-02-15T20:23:00Z,public,(Unknown Operator),True
272924,DDA3DC7E-2F64-441A-A3CF-6015E892CAF9,40.59872905639392,-3.69793992194127,Telefónica Tres Cantos,,,2247,6,"Private - For Staff, Visitors or Customers",False,50,True,12.0,1,22.0,25,1,2024-02-04T13:52:00Z,2024-02-04T13:52:00Z,restricted,Iberdrola | BP Pulse (ES),False
290532,14927EEA-B1F4-482C-990D-62F68A143E4E,40.600918236081554,-3.698194272085175,Telefónica Tres Cantos,Tres Cantos,28760,2247,6,"Private - For Staff, Visitors or Customers",False,50,True,6.0,1,22.0,25,1,2024-02-04T13:53:00Z,2024-02-04T13:53:00Z,restricted,Iberdrola | BP Pulse (ES),False
280821,AB3A9050-C69A-4400-A161-6D0C8929AE26,40.60498389709767,-3.6986293939968107,RSI,Tres Cantos,28760,45,6,"Private - For Staff, Visitors or Customers",False,50,True,2.0,1,11.0,25,1,2025-12-26T18:57:00Z,2025-12-26T18:57:00Z,restricted,(Business Owner at Location),False
487280,788400E7-427C-488F-A881-86BB564420F3,40.60839911612601,-3.696514953119731,Ayunt. Tres Cantos. Avenida de la Industria,Tres Cantos,28760,2247,4,Public - Membership Required,True,50,True,6.0,1,22.0,25,1,2026-04-27T19:22:00Z,2026-04-27T19:22:00Z,public_membership,Iberdrola | BP Pulse (ES),True
235345,5DEB9555-750C-4566-9DC1-428031DB5D20,40.609562660489416,-3.6964314550652944,Repsol Oficinas: Avenida de la Industria,Tres Cantos,28760,91,6,"Private - For Staff, Visitors or Customers",False,50,True,6.0,1,3.7,25,1,2023-02-18T14:27:00Z,2023-02-18T14:27:00Z,restricted,Repsol - Ibil (ES),False
201639,2B64C7C4-8F29-46C7-B8FE-6C662347F347,40.613082478927396,-3.7004086242268386,REPSOL Tres Cantos II,Tres Cantos,28760,91,4,Public - Membership Required,True,50,True,1.0,3,50.0,"33,2,1036",1,2022-09-04T09:53:00Z,2022-09-04T09:53:00Z,public_membership,Repsol - Ibil (ES),True
203009,8B563414-41E2-44B8-BE7B-772DB7009001,40.613957923612105,-3.70235806781011,ASDS,Tres Cantos,28760,45,6,"Private - For Staff, Visitors or Customers",False,50,True,2.0,2,22.0,"25,25",1,2022-09-14T09:50:00Z,2022-09-14T09:50:00Z,restricted,(Business Owner at Location),False
300328,390AB619-2CB9-49A1-8FD7-24D0E7886D3C,40.61462001175417,-3.702287107109896,Plenoil Tres Cantos I,Tres Cantos,28760,3750,4,Public - Membership Required,True,50,True,2.0,1,60.0,33,1,2026-01-04T09:23:00Z,2026-01-04T09:23:00Z,public_membership,Plenergy (ES),True
235151,198256C6-A1A9-4553-B3F8-D706B1B504EF,40.6150712597929,-3.702902911367687,Repsol Tres Cantos,Tres Cantos,28760,91,4,Public - Membership Required,True,50,True,1.0,3,50.0,"33,1036,2",1,2026-02-08T21:26:00Z,2026-02-08T21:26:00Z,public_membership,Repsol - Ibil (ES),True
203007,05EB8A4D-F223-43EC-AC85-681BF4F42E1A,40.61472210278663,-3.707413877166914,Aldi Tres Cantos,Tres Cantos,28760,3464,1,Public,,50,True,4.0,2,5.3,"25,28",1,2022-09-26T19:37:00Z,2022-09-26T19:37:00Z,public,ALDI SÜD (DE),True
203006,F563DF57-EB23-4381-9038-AE4ADB541D4A,40.61436202521321,-3.706867494470089,Lidl Tres Cantos,Tres Cantos,28760,38,1,Public,,50,True,4.0,1,22.0,25,1,2022-09-26T19:37:00Z,2022-09-26T19:37:00Z,public,Lidl,True
487279,166AD212-69D3-42DB-91F9-0B7B2DD656CB,40.613378294737316,-3.704806006239437,BM Tres Cantos,Tres Cantos,28760,3583,4,Public - Membership Required,True,50,True,2.0,2,60.0,"33,25",1,2026-04-27T19:21:00Z,2026-04-27T19:21:00Z,public_membership,Eranovum (ES),True
203005,9D99B762-B4B5-41BB-BABD-1C3C4F7AA0FD,40.612867816198246,-3.703447379844647,Renault Tres Cantos,Tres Cantos,28760,3275,6,"Private - For Staff, Visitors or Customers",False,50,True,1.0,1,22.0,25,1,2022-09-26T19:38:00Z,2022-09-26T19:38:00Z,restricted,Renault,False
235149,7C642569-9AC8-4D6E-B372-33C8DDCABD30,40.61135994274278,-3.7124126117746528,Ayuntamiento Tres Cantos,Tres Cantos,28760,1,1,Public,,100,False,2.0,1,11.0,25,1,2024-02-14T12:15:00Z,2024-02-14T12:15:00Z,public,(Unknown Operator),True
297976,AC0DAF07-5C4D-4E1C-862B-F84287C9BECA,40.60656688819989,-3.716594513960672,Ahorramas Tres Cantos,Tres Cantos,28760,3276,4,Public - Membership Required,True,50,True,2.0,1,22.0,25,1,2026-08-28T13:39:00Z,2026-08-28T13:39:00Z,public_membership,EDP,True
203000,0DBF31B2-3C52-4521-8983-F5350B9E832C,40.60710330443152,-3.7162493061907753,Hotel Urban,Tres Cantos,28760,2247,6,"Private - For Staff, Visitors or Customers",False,50,True,2.0,1,22.0,25,1,2022-12-13T10:17:00Z,2022-12-13T10:17:00Z,restricted,Iberdrola | BP Pulse (ES),False
271110,AB019719-7367-4937-A6EF-34C098AEA1FE,40.601951889106374,-3.7161051754466143,Parking MASID,Tres Cantos,28760,3583,4,Public - Membership Required,True,50,True,10.0,3,60.0,"33,25,33",1,2023-12-13T19:34:00Z,2023-12-13T19:34:00Z,public_membership,Eranovum (ES),True
235150,B4D4DC36-4B78-44D9-B238-C1CF6453BA85,40.60515932920677,-3.7180731001841423,McDonald's Tres Cantos,Tres Cantos,28760,207,4,Public - Membership Required,True,50,True,4.0,2,60.0,"33,33",1,2025-05-05T13:58:00Z,2025-05-05T13:58:00Z,public_membership,Endesa,True
300019,1506B70D-92CB-4A5E-A8C2-2B01AAC3E851,40.605349603174346,-3.718571629363396,MASID II,Tres Cantos,28760,3583,4,Public - Membership Required,True,50,True,10.0,1,7.4,25,1,2025-12-16T11:35:00Z,2025-12-16T11:35:00Z,public_membership,Eranovum (ES),True
306121,DA422F34-4B40-48FE-BFFD-5F18BB238FF4,40.59731409422278,-3.716552276856646,Hotel Eurostars Madrid Foro,Tres Cantos,28760,3557,6,"Private - For Staff, Visitors or Customers",False,50,True,4.0,1,7.4,25,1,2024-11-15T20:49:00Z,2024-11-15T20:49:00Z,restricted,GALP Electric,False
494862,BE48D835-8527-45B2-A399-ED8BCB8E8D35,40.59926330330805,-3.7179065900282637,Siemens Tres Cantos,Tres Cantos,28760,3324,6,"Private - For Staff, Visitors or Customers",False,50,True,2.0,2,80.0,"33,25",1,2026-06-23T10:58:00Z,2026-06-23T10:58:00Z,restricted,Zunder,False
306122,D311B41B-2522-4096-AE2D-3CE085E63FC2,40.59923655285115,-3.7156408883914764,Hotel EXE Tres Cantos,Tres Cantos,28760,3557,6,"Private - For Staff, Visitors or Customers",False,50,True,2.0,1,7.4,25,1,2024-11-15T20:49:00Z,2024-11-15T20:49:00Z,restricted,GALP Electric,False
202999,96E7E54C-F6A3-40DD-8CF7-C6DB43DFCB05,40.59912128257369,-3.715849829627217,Mercadona Tres Cantos,Tres Cantos,28760,3499,4,Public - Membership Required,True,50,True,2.0,1,22.0,25,1,2026-02-08T21:24:00Z,2026-02-08T21:24:00Z,public_membership,Mercadona,True
97196,B2128D01-4174-4D50-A640-FF308F57FABE,40.5994148,-3.70924530000002,Tres Cantos Mall,Tres Cantos,28760,3556,1,Public,,50,True,10.0,1,22.0,25,1,2023-01-03T18:21:00Z,2023-01-03T18:21:00Z,public,Place To Plug,True
201638,7DF5574A-0000-431E-9736-E00DD4B07BC6,40.59399550540988,-3.7092955173130804,Repsol Tres Cantos: REE,Tres Cantos,28760,91,6,"Private - For Staff, Visitors or Customers",False,50,True,2.0,4,50.0,"33,2,1036,25",1,2023-05-30T18:04:00Z,2023-05-30T18:04:00Z,restricted,Repsol - Ibil (ES),False
304627,D682ED7F-33D9-43D6-961D-E6B9069B5A8A,40.619065124104054,-3.7279673365541157,Mercadona Tres Cantos,Tres Cantos,28760,3499,4,Public - Membership Required,True,50,True,4.0,1,22.0,25,1,2025-12-26T18:54:00Z,2025-12-26T18:54:00Z,public_membership,Mercadona,True
472022,69A78A96-B936-4740-9915-1A2F6C6B8E6A,40.61862183633937,-3.725876377412419,UNIE Tres Cantos,Tres Cantos,28760,3401,4,Public - Membership Required,True,50,True,7.0,1,7.4,25,1,2025-12-26T18:55:00Z,2025-12-26T18:55:00Z,public_membership,Electromaps,True
297975,090F4DC6-AA48-44DC-81EE-CDCB072342C5,40.61884554337246,-3.7234580863932933,Ahorramas Tres Cantos,Tres Cantos,28760,3276,4,Public - Membership Required,True,50,True,4.0,1,22.0,25,1,2025-12-26T18:57:00Z,2025-12-26T18:57:00Z,public_membership,EDP,True
209670,9214A057-A456-474C-B081-4069351EC1B7,40.6171803108372,-3.713350902074353,Ahorramas Tres Cantos,Tres Cantos,28760,3276,4,Public - Membership Required,True,150,False,4.0,1,22.0,25,1,2024-04-27T11:17:00Z,2024-04-27T11:17:00Z,public_membership,EDP,True
203010,B92EF2A1-D5F1-4886-9FEE-236AC7C271DE,40.616236374826826,-3.7106798438404667,BM Tres Cantos,Tres Cantos,28760,45,1,Public,,50,True,2.0,1,7.4,25,1,2022-09-14T09:52:00Z,2022-09-14T09:52:00Z,public,(Business Owner at Location),True
203011,7E2F4117-7FDB-4DA0-B824-604EF5F79AAB,40.641083921676454,-3.732182613859436,Renault Colmenar,Colmenar Viejo,28760,3275,6,"Private - For Staff, Visitors or Customers",False,50,True,2.0,1,22.0,25,1,2022-09-26T19:37:00Z,2022-09-26T19:37:00Z,restricted,Renault,False
290360,AAFD030B-845C-4DB0-85B3-F894B7A9D663,40.65224420392974,-3.736742108682108,Repsol Colmenar,Colmenar Viejo,28770,91,4,Public - Membership Required,True,150,False,1.0,3,50.0,"33,2,1036",1,2024-01-28T11:04:00Z,2024-01-28T11:04:00Z,public_membership,Repsol - Ibil (ES),True
297887,3F66A8B6-190A-4A43-8EA7-F4E7CFA6FEC0,40.6730183068218,-3.610061281008484,Repsol San Agustín de Guadix,San Agustín del Guadalix,28750,91,4,Public - Membership Required,True,50,True,1.0,3,50.0,"33,2,1036",1,2024-04-25T15:21:00Z,2024-04-25T15:21:00Z,public_membership,Repsol - Ibil (ES),True
209671,2EE7DD22-8007-46F3-9614-D2D624288D3B,40.675965536993004,-3.6156588019927085,Ahorramas  Guadalix,San Agustín del Guadalix,28750,3276,4,Public - Membership Required,True,50,True,2.0,1,22.0,25,1,2026-01-28T15:14:00Z,2026-01-28T15:14:00Z,public_membership,EDP,True
235147,682DBB9F-9C52-4107-A744-AAC2373F077E,40.66967443750093,-3.6137427489824177,Campus Iberdrola,San Agustín del Guadalix,28750,2247,2,Private - Restricted Access,True,50,True,4.0,4,50.0,"33,2,1036,1036",1,2023-02-15T20:16:00Z,2023-02-15T20:16:00Z,restricted,Iberdrola | BP Pulse (ES),False
298522,0618AEAB-8AC2-4A19-B780-15A8C5B7EE47,40.675892359447886,-3.621415262507071,Residencia San Agustín de Guadalix,San Agustín del Guadalix,28750,207,6,"Private - For Staff, Visitors or Customers",False,50,True,2.0,1,7.0,25,1,2024-05-09T18:24:00Z,2024-05-09T18:24:00Z,restricted,Endesa,False
480237,143DCB01-6580-4946-BFDE-A463959E3F53,40.623221283972185,-3.604518722103535,RACE,Colmenar Viejo,,3889,4,Public - Membership Required,True,50,True,4.0,1,22.0,25,1,2026-03-13T19:28:00Z,2026-03-13T19:28:00Z,public_membership,emovili Fast (ES),True
194470,3340BB9F-7EAB-4C1C-91E1-777B82AB7D40,40.61640120378152,-3.584808339463052,IONITY Circuito Jarama,San Sebastián de los Reyes,28700,3299,4,Public - Membership Required,True,50,True,6.0,1,350.0,33,1,2025-06-02T09:05:00Z,2025-06-02T09:05:00Z,public_membership,Ionity,True
271074,0CB540F1-F354-4754-8C20-7DBC6002C754,40.60800226092235,-3.592257270983879,Real Sociedad Hípica Española Club de Campo,San Sebastián de los Reyes,28709,3552,4,Public - Membership Required,True,50,True,8.0,1,11.0,25,1,2023-07-09T08:35:00Z,2023-07-09T08:35:00Z,public_membership,BarterGo (ES),True
280378,3E769776-0A13-48A4-8381-D7787D24EBD7,40.590860549505095,-3.583517825726517,E.S. Setor Dir. Sur (Atlante),San Sebastián de los Reyes,28708,3588,4,Public - Membership Required,True,50,True,4.0,1,300.0,33,1,2025-08-02T11:00:00Z,2025-08-02T11:00:00Z,public_membership,Atlante,True
280379,D8BA589B-5584-4BAD-AEE1-5C9A9E38A957,40.590237113159645,-3.582306349914461,E.S. Setor Dir. Norte (Atlante),San Sebastián de los Reyes,28708,3588,4,Public - Membership Required,True,50,True,4.0,1,300.0,33,1,2025-12-23T18:29:00Z,2025-12-23T18:29:00Z,public_membership,Atlante,True
272923,C4DA1E07-6FEC-467B-B546-43A39236554E,40.64130670458661,-3.5097946001174023,Mercadona Fuente el Saz,,,3499,4,Public - Membership Required,True,50,True,4.0,1,22.0,25,1,2024-04-27T11:42:00Z,2024-04-27T11:42:00Z,public_membership,Mercadona,True
130248,AE81856D-1C9A-4A16-A2D5-350E96222785,40.5969467920784,-3.50718419279144,Centro Comercial Puerta de Algete,Algete,28110,45,4,Public - Membership Required,True,50,True,8.0,1,11.0,25,1,2024-04-02T19:30:00Z,2024-04-02T19:30:00Z,public_membership,(Business Owner at Location),True
274406,C8F4AC5E-0D4C-4DD4-8894-E9E4BB85A14C,40.594639753121214,-3.5234863229231905,"Rest. Los Barroso, Algete",Algete,28110,207,4,Public - Membership Required,True,50,True,2.0,1,60.0,33,1,2025-05-05T13:59:00Z,2025-05-05T13:59:00Z,public_membership,Endesa,True
235148,114A8802-D553-4058-9C75-C00EEF1C2EC0,40.58831119738292,-3.5459897478357334,Repsol Algete fuel,Algete,28110,91,4,Public - Membership Required,True,150,False,1.0,3,50.0,"33,2,1036",1,2025-10-09T18:58:00Z,2025-10-09T18:58:00Z,public_membership,Repsol - Ibil (ES),True
191572,C882AD5A-840C-4CC7-B583-34D02FF85D08,40.58288776639486,-3.5761285125963695,McDonald's San Sebastián de los Reyes,Algete,287707,207,4,Public - Membership Required,True,50,True,2.0,3,50.0,"33,2,25",1,2024-05-09T18:13:00Z,2024-05-09T18:13:00Z,public_membership,Endesa,True
472434,4FED92DA-0B7F-492D-8244-0CE87D73EB53,40.58226264292554,-3.5781898045431433,Ciudad Deportiva Del Jarama,Jarama,,3557,2,Private - Restricted Access,True,50,True,2.0,1,22.0,25,1,2026-01-01T21:18:00Z,2026-01-01T21:18:00Z,restricted,GALP Electric,False
472713,AECF22A3-1E4C-4B76-AC7C-D9CDBBFF34D4,40.60067710995281,-3.563989715682908,Club De Golf La Moraleja,La Moraleja,,2247,4,Public - Membership Required,True,50,True,6.0,1,7.4,25,1,2026-01-07T16:20:00Z,2026-01-07T16:20:00Z,public_membership,Iberdrola | BP Pulse (ES),True
271076,60415996-FEBE-42DE-9ED9-69682FE8CC70,40.61021534719151,-3.4681418046382078,Club de Golf Retamares,,28130,3552,4,Public - Membership Required,True,50,True,6.0,3,120.0,"33,2,25",1,2023-07-09T08:59:00Z,2023-07-09T08:59:00Z,public_membership,BarterGo (ES),True
209675,BEAA630F-6ECE-4B7F-A30F-9A6162217F50,40.662817301188284,-3.196495751638736,Ahorramas Marchamalo,Marchamalo,19180,3276,4,Public - Membership Required,True,50,True,4.0,1,22.0,25,1,2025-10-11T18:35:00Z,2025-10-11T18:35:00Z,public_membership,EDP,True
309388,272EA81C-569A-4EF7-9DB0-244C75130228,40.63644856938288,-3.189331993306979,Aldi Guadalajara,Guadalajara,,3588,4,Public - Membership Required,True,50,True,2.0,1,150.0,33,1,2026-02-15T18:43:00Z,2026-02-15T18:43:00Z,public_membership,Atlante,True
210607,6514CE03-1449-4B26-9921-93DEEC275BC1,40.636192403883,-3.1897537422770483,Burger King Guadalajara,,19004,2247,4,Public - Membership Required,True,50,True,2.0,2,50.0,"33,2",1,2024-02-23T16:19:00Z,2024-02-23T16:19:00Z,public_membership,Iberdrola | BP Pulse (ES),True
201760,1809BBC8-BFF1-4549-AC44-F28A4948FE84,40.6356835710416,-3.19038786894032,McDonald's Guadalajara,Guadalajara,19004,2247,4,Public - Membership Required,True,50,True,2.0,2,50.0,"33,2",1,2023-02-26T10:42:00Z,2023-02-26T10:42:00Z,public_membership,Iberdrola | BP Pulse (ES),True
300329,4D8AB603-C35D-45B2-BE1B-2A094107AE47,40.637394574449246,-3.188278213843205,Plenoil Guadalajara I,,19004,3750,4,Public - Membership Required,True,50,True,2.0,1,60.0,33,1,2026-09-14T12:43:00Z,2026-09-14T12:43:00Z,public_membership,Plenergy (ES),True
304529,3A0F4F86-A6DC-4E5A-97FA-5339C3D98CF8,40.64252297156534,-3.1821572410598833,Parking Estación Guadalajara,,19004,207,4,Public - Membership Required,True,50,True,6.0,2,150.0,"33,1036",1,2026-10-05T19:07:00Z,2026-10-05T19:07:00Z,public_membership,Endesa,True
300075,9A314455-F1C2-4597-8B0C-CBDEEDB5C564,40.63871986178722,-3.1862554041400983,Petroprix Francisco Aritio,,19004,3276,4,Public - Membership Required,True,50,True,2.0,1,150.0,33,1,2025-10-10T09:13:00Z,2025-10-10T09:13:00Z,public_membership,EDP,True
209674,C2A65595-4EC6-437F-A7DA-34A2518B61E8,40.6374752195014,-3.1870977157777816,Ahorramas  Aritio,,19004,3276,4,Public - Membership Required,True,50,True,2.0,1,22.0,25,1,2025-10-10T09:13:00Z,2025-10-10T09:13:00Z,public_membership,EDP,True
235166,FDDB8187-42FF-41A9-9FE4-45706D89E7A5,40.633513186509276,-3.1846787901922653,"Repsol Julián Besteiro,",,19004,91,4,Public - Membership Required,True,50,True,1.0,3,50.0,"33,1036,2",1,2025-10-11T18:40:00Z,2025-10-11T18:40:00Z,public_membership,Repsol - Ibil (ES),True
461990,2CB26A97-9642-4F86-87E9-B7447EC6F864,40.63265952367101,-3.182714852406889,Ballenoil Guadalajara,Guadalajara,,3880,4,Public - Membership Required,True,150,False,1.0,1,60.0,33,1,2025-10-10T09:11:00Z,2025-10-10T09:11:00Z,public_membership,Ballenoil (ES),True
297981,B4F9D29C-4991-4B28-8A83-C321CF95978B,40.628374774507876,-3.1858313708235357,Mercadona Guadalajara Trafalgar,,19004,3499,4,Public - Membership Required,True,50,True,6.0,1,22.0,25,1,2024-04-27T11:40:00Z,2024-04-27T11:40:00Z,public_membership,Mercadona,True
298521,D4A241E5-04BA-4E59-B85A-3CB4F0AEDBB4,40.63002275841595,-3.1836336459348047,Residencia El Balconcillo,,19004,207,6,"Private - For Staff, Visitors or Customers",False,50,True,2.0,1,7.0,25,1,2024-05-09T18:24:00Z,2024-05-09T18:24:00Z,restricted,Endesa,False
207219,1722849E-2D75-4CA0-930E-453C07E04D00,40.629517899740875,-3.187553356039416,AHORRAMAS Guadalajara,Guadalajara,19004,3276,4,Public - Membership Required,True,50,True,4.0,1,22.0,25,1,2024-11-22T12:11:00Z,2024-11-22T12:11:00Z,public_membership,EDP,True
300330,2F4477CE-B6AF-4042-9800-34CFA38C1EFE,40.62895891254601,-3.1877762910049796,Plenoil Guadalajara II,,19004,3750,4,Public - Membership Required,True,50,True,2.0,1,60.0,33,1,2026-09-14T12:42:00Z,2026-09-14T12:42:00Z,public_membership,Plenergy (ES),True
235165,860431A1-C67E-4F9C-B620-2AB1CD86A3C5,40.62913265060263,-3.189126858538202,Garbu Motor,,19004,45,6,"Private - For Staff, Visitors or Customers",False,50,True,1.0,1,3.7,1,1,2023-02-15T21:18:00Z,2023-02-15T21:18:00Z,restricted,(Business Owner at Location),False
305640,587EF9C1-E3AF-4A3D-BBDF-2E36E46D99B8,40.62654524654033,-3.1896687246712077,Ballenoil Guadalajara,,19004,3880,4,Public - Membership Required,True,150,False,1.0,1,150.0,33,1,2025-07-10T06:30:00Z,2025-07-10T06:30:00Z,public_membership,Ballenoil (ES),True
207218,FB3DECB2-EAE1-4BC4-98A1-063F48DF1CCF,40.62677626334974,-3.1978196103463006,Santogal Mercedes,Guadalajara,19004,45,6,"Private - For Staff, Visitors or Customers",False,50,True,2.0,1,22.0,25,1,2022-10-09T14:43:00Z,2022-10-09T14:43:00Z,restricted,(Business Owner at Location),False
207217,AAB51B0F-3CC9-4C67-8DE9-5BE840E7E5C8,40.621675614632636,-3.202804353899296,Renault Autocarpe Cabanillas,Cabanillas del Campo,19208,3275,6,"Private - For Staff, Visitors or Customers",False,50,True,1.0,2,22.0,"25,28",1,2022-10-09T14:42:00Z,2022-10-09T14:42:00Z,restricted,Renault,False
461989,AD4BB95D-1FDC-4A50-AE49-656ACFDF15E7,40.600789524661934,-3.2183532719118375,Solfix,Azuqueca,,45,6,"Private - For Staff, Visitors or Customers",False,50,True,4.0,1,22.0,25,1,2025-10-10T09:08:00Z,2025-10-10T09:08:00Z,restricted,(Business Owner at Location),False
266361,B44E8912-642B-4338-AF57-ED2599422173,40.594758596302626,-3.2258632856434417,Alovera (Zunder),Alovera,19208,3324,4,Public - Membership Required,True,50,True,4.0,2,360.0,"33,33",1,2024-06-25T09:25:00Z,2024-06-25T09:25:00Z,public_membership,Zunder,True
209676,03494424-9F8D-46DE-A665-289272EDA5B1,40.593729917416795,-3.251770107877064,Ahorramas Alovera,Alovera,19208,3276,4,Public - Membership Required,True,50,True,2.0,1,22.0,25,1,2023-02-11T10:41:00Z,2023-02-11T10:41:00Z,public_membership,EDP,True
201761,073F96C9-0D40-4B94-864E-099414CB65E8,40.63066766258109,-3.237123720189288,E.S. Ballenoil  Cabanillas,Cabanillas del Campo,19171,2247,4,Public - Membership Required,True,50,True,2.0,2,50.0,"33,2",1,2025-10-11T18:33:00Z,2025-10-11T18:33:00Z,public_membership,Iberdrola | BP Pulse (ES),True
304354,EE62871A-18AF-4CE0-AD9E-E0F0B3E0C00B,40.63060080105518,-3.233914193178407,Repsol Cabanillas,Cabanillas del Campo,19171,91,4,Public - Membership Required,True,50,True,1.0,3,50.0,"33,2,1036",1,2025-10-11T18:34:00Z,2025-10-11T18:34:00Z,public_membership,Repsol - Ibil (ES),True
175027,5398BE8C-7BB3-4863-9A6D-D34B75E2FFBC,40.636253065869255,-3.225100923389732,Mercadona Cabanillas,Cabanillas del Campo,,3499,4,Public - Membership Required,True,50,True,4.0,1,22.0,25,1,2025-10-11T18:34:00Z,2025-10-11T18:34:00Z,public_membership,Mercadona,True
288973,E690B26E-1CAE-41D9-891D-F06AA3C8B32D,40.65460282774893,-3.2454721793964154,Rest. Green Sire Cabanillas Golf,Cabanillas del Campo,19171,3571,4,Public - Membership Required,True,50,True,2.0,3,100.0,"33,2,25",1,2024-09-13T09:38:00Z,2024-09-13T09:38:00Z,public_membership,TotalEnergies (ES),True
202273,7BDECC79-8B8F-434F-8951-B9B6217929C5,40.61794516119937,-3.2796600743217823,E.S. Vega de Henares,Quer,19209,207,4,Public - Membership Required,True,50,True,2.0,3,50.0,"33,2,1036",1,2025-10-11T18:30:00Z,2025-10-11T18:30:00Z,public_membership,Endesa,True
191180,FAD86ACB-85FD-48E3-B79D-A6FEB9F3E70B,40.63138215646731,-3.1507300802709324,Hotel Pax Guadalajara,Guadalajara,19005,2247,4,Public - Membership Required,True,50,True,4.0,3,50.0,"33,1036,2",1,2025-10-11T18:48:00Z,2025-10-11T18:48:00Z,public_membership,Iberdrola | BP Pulse (ES),True
461993,3CEAA524-775F-4729-B0FA-205105544BA8,40.61971437579686,-3.1535966967717286,Hospital Universitario de Guadalajara,Guadalajara,,45,5,Public - Pay At Location,False,100,False,3.0,1,22.0,25,1,2025-10-10T09:24:00Z,2025-10-10T09:24:00Z,public,(Business Owner at Location),True
207220,EEE2BF17-5251-4C28-BE4E-CC101D9EC647,40.62080118617075,-3.158526479409147,Aldi Guadalajara,Guadalajara,19002,3464,1,Public,,50,True,2.0,2,7.4,"25,28",1,2026-07-26T07:33:00Z,2026-07-26T07:33:00Z,public,ALDI SÜD (DE),True
461991,698F90D4-78A7-4F94-B4D2-BE226AA08650,40.62107739262373,-3.1619594123485513,Hotel Guadalajara & Conference Center Affiliated by Meliá ,Guadalajara,,45,6,"Private - For Staff, Visitors or Customers",False,50,True,4.0,1,11.0,1036,1,2025-10-10T09:20:00Z,2025-10-10T09:20:00Z,restricted,(Business Owner at Location),False
461992,685C0226-2B3B-4C43-9B20-90694BE34E86,40.621651260244505,-3.1643262958579044,Garraposa S.L.,Guadalajara,,3401,6,"Private - For Staff, Visitors or Customers",False,50,True,3.0,1,7.4,1036,1,2025-12-26T18:50:00Z,2025-12-26T18:50:00Z,restricted,Electromaps,False
210371,60457533-B7DE-452B-B7DF-B7631FFC1A7C,40.62121536912852,-3.1643302411017658,Calle José Herrera Petere,,19002,2247,4,Public - Membership Required,True,50,True,4.0,3,50.0,"33,2,1036",1,2023-05-24T19:49:00Z,2023-05-24T19:49:00Z,public_membership,Iberdrola | BP Pulse (ES),True
510431,200BBD7D-4089-499E-94DD-8A7BE173A4DD,40.62231524183042,-3.1662738745734487,Centro Comercial Ferial Plaza,Guadalajara,19002,2247,4,Public - Membership Required,True,150,False,20.0,1,,0,1,2026-09-23T18:19:00Z,2026-09-23T18:19:00Z,public_membership,Iberdrola | BP Pulse (ES),True
125790,99CB7E6C-20A1-49E9-B98F-A59EAD928DB8,40.6229994308739,-3.16657675277111,Centro Comercial El Ferial,Guadalajara,19002,1,1,Public,,50,True,3.0,1,11.0,1036,1,2022-10-09T14:45:00Z,2022-10-09T14:45:00Z,public,(Unknown Operator),True
311869,25844E32-20B1-450A-B89F-2DDC9C623590,40.62637816100417,-3.163902941010093,Parking El Ferial,Guadalajara,,4028,5,Public - Pay At Location,False,50,True,12.0,1,22.0,1036,1,2026-09-17T07:02:00Z,2026-09-17T07:02:00Z,public,Telpark (ES),True
235167,C38917C9-1351-41ED-B114-6EF29FD2F8CA,40.627084475452904,-3.159374305384972,Parking El Ferial (telpark),,19002,4028,5,Public - Pay At Location,False,50,True,12.0,1,22.0,1036,1,2026-09-17T07:02:00Z,2026-09-17T07:02:00Z,public,Telpark (ES),True
304527,4C81EF36-845A-4D5A-8EA5-15F2B2D46293,40.629580527542004,-3.1628006104258475,Parking Plaza de María Pacheco,,19001,207,4,Public - Membership Required,True,50,True,4.0,2,150.0,"33,1036",1,2026-10-03T15:50:00Z,2026-10-03T15:50:00Z,public_membership,Endesa,True
311870,BFA09817-AAB3-41C7-AD34-13D1694E5F88,40.63088181493495,-3.165013582861974,Parking Plaza De Santo Domingo,Guadalajara,,4028,5,Public - Pay At Location,False,50,True,5.0,1,22.0,1036,1,2026-09-17T07:03:00Z,2026-09-17T07:03:00Z,public,Telpark (ES),True
207221,2FB8CF57-F785-400B-BC3F-DCE241996F1B,40.63115844149584,-3.16715415457395,Parking El Carmen,Guadalajara,19001,207,4,Public - Membership Required,True,50,True,2.0,1,22.0,25,1,2022-10-09T14:46:00Z,2022-10-09T14:46:00Z,public_membership,Endesa,True
471273,BC691781-3393-47AF-BF0F-3D196EBD4073,40.63037652348669,-3.171129681441016,Parking Campus Guadalajara,Guadalajara,,207,4,Public - Membership Required,True,50,True,4.0,2,150.0,"33,1036",1,2025-12-19T18:54:00Z,2025-12-19T18:54:00Z,public_membership,Endesa,True
472021,C083E083-C39F-4472-A420-D113A2F3A004,40.62941446059068,-3.1760412066371373,Parking Hospital La Antigua,,19003,3401,4,Public - Membership Required,True,50,True,2.0,1,7.4,25,1,2025-12-26T18:52:00Z,2025-12-26T18:52:00Z,public_membership,Electromaps,True
304528,5201B97E-55B8-4039-AC3D-165C849772CC,40.63553509448383,-3.174929483138925,Calle Hermanos Fernández Galiano,,19004,207,4,Public - Membership Required,True,50,True,4.0,2,150.0,"33,1036",1,2024-10-25T06:57:00Z,2024-10-25T06:57:00Z,public_membership,Endesa,True
295839,D718675A-2516-44FA-AB4A-B4D01262C941,40.63492900752897,-3.1729600183668936,Hotel AC Guadalajara,,19003,207,4,Public - Membership Required,True,50,True,4.0,2,60.0,"33,25",1,2024-09-14T16:09:00Z,2024-09-14T16:09:00Z,public_membership,Endesa,True
311871,41AEEC96-5BEF-4D5D-82BF-27AE40AA680C,40.6339656540398,-3.1694913289266538,Parking Davalos,Guadalajara,,4028,5,Public - Pay At Location,False,50,True,2.0,1,22.0,1036,1,2026-09-17T07:05:00Z,2026-09-17T07:05:00Z,public,Telpark (ES),True
307353,4E88712A-1D2B-48FC-A16F-7E70DA216A19,40.635434822980926,-3.169857225932219,Aparcamiento Alvarfáñez de Minaya,Guadalajara,,207,4,Public - Membership Required,True,50,True,4.0,2,150.0,"33,25",1,2026-08-31T10:52:00Z,2026-08-31T10:52:00Z,public_membership,Endesa,True
298520,89E06050-5923-4776-8E33-0AAB7B604698,40.63397331364388,-3.1615659151199225,Parking Calle Pescadores,,19001,207,4,Public - Membership Required,True,50,True,6.0,2,150.0,"1036,33",1,2024-10-25T06:56:00Z,2024-10-25T06:56:00Z,public_membership,Endesa,True
297980,033D25CB-B8B5-44AA-9BDE-BE0A94293993,40.63366709074589,-3.158163431196158,Mercadona Guadalajara,,19005,3499,4,Public - Membership Required,True,50,True,2.0,1,22.0,25,1,2024-04-27T11:38:00Z,2024-04-27T11:38:00Z,public_membership,Mercadona,True
209673,9D0BA9B6-AF18-4C85-B35E-032E080DF520,40.638639994951944,-3.1509459225273986,Ahorramas Calle de Zaragoza,,19005,3276,4,Public - Membership Required,True,50,True,4.0,1,22.0,25,1,2023-02-11T10:42:00Z,2023-02-11T10:42:00Z,public_membership,EDP,True
266266,762B087C-8496-4676-9C7A-66F662D3DB6B,40.640031445657996,-3.1512780338622406,"Mercadona, La Sierra",,19005,3499,4,Public - Membership Required,True,50,True,4.0,1,22.0,25,1,2024-04-27T11:36:00Z,2024-04-27T11:36:00Z,public_membership,Mercadona,True
235169,F698CC29-4B5C-48A4-837E-04377BF72ED0,40.6431373184399,-3.1427512929909653,Repsol Guadalajara,,19005,91,4,Public - Membership Required,True,50,True,1.0,3,50.0,"33,1036,2",1,2026-09-14T12:38:00Z,2026-09-14T12:38:00Z,public_membership,Repsol - Ibil (ES),True
235168,9E63B1B7-9115-455E-A938-1C85450E5DD9,40.64643757147442,-3.1488682645972403,Lidl Concepción Arenal,,19005,38,1,Public,,50,True,3.0,1,22.0,25,1,2026-10-05T19:27:00Z,2026-10-05T19:27:00Z,public,Lidl,True
210372,3F237BDD-DE72-4E96-905B-F384BBD89300,40.64490706299449,-3.156255075141189,Rest. Popeyes Luisiana Kitchen,,19005,2247,4,Public - Membership Required,True,50,True,2.0,2,120.0,"33,2",1,2025-10-11T18:50:00Z,2025-10-11T18:50:00Z,public_membership,Iberdrola | BP Pulse (ES),True
274120,BBA9C4D5-6A49-4BE5-B85E-A2AD9AD6D308,40.770485674793775,-4.398607901510104,BP Pulse Villacastín (Dir. Madrid) ,,40150,2247,4,Public - Membership Required,True,50,True,4.0,2,150.0,"33,33",1,2026-06-30T08:19:00Z,2026-06-30T08:19:00Z,public_membership,Iberdrola | BP Pulse (ES),True
274121,74ABA107-02CD-4D0D-A948-D4DEC8756132,40.771976141234944,-4.397432755926047,BP Pulse Villacastín (Dir. Coruña),,40150,2247,4,Public - Membership Required,True,50,True,4.0,2,150.0,"33,33",1,2026-06-20T09:45:00Z,2026-06-20T09:45:00Z,public_membership,Iberdrola | BP Pulse (ES),True
265936,521F4D56-8A22-4699-B56A-51B9AC732FB1,40.718308014867745,-4.24738012632244,El Espinar Parking Publico,El Espinar,40400,2247,4,Public - Membership Required,True,50,True,2.0,1,7.4,25,1,2023-05-24T17:59:00Z,2023-05-24T17:59:00Z,public_membership,Iberdrola | BP Pulse (ES),True
209550,B7F8ECE7-18D5-46F0-A9C3-5BA4E63CD98B,40.714311699465725,-4.18938050536201,Ayunt. el Espinar,San Rafael,40410,2247,4,Public - Membership Required,True,50,True,2.0,1,7.4,25,1,2025-09-13T14:38:00Z,2025-09-13T14:38:00Z,public_membership,Iberdrola | BP Pulse (ES),True
459945,F84D8376-CEB9-4A5D-9920-19E53D540ED8,40.70918950786947,-4.195813394149496,Hotel Finca La Casona,San Rafael,,3377,6,"Private - For Staff, Visitors or Customers",False,50,True,2.0,1,22.0,25,1,2025-08-25T07:58:00Z,2025-08-25T07:58:00Z,restricted,eTecnic,False
460690,7EF671FE-9999-4209-8618-81BD2A3B968B,40.774532467043144,-4.208027416326331,Los Ángeles de San Rafael,Los Ángeles de San Rafael,,3889,4,Public - Membership Required,True,50,True,5.0,2,30.0,"25,33",1,2026-03-13T19:25:00Z,2026-03-13T19:25:00Z,public_membership,emovili Fast (ES),True
274040,8873B07B-5EA1-4393-8651-2FC531EFDD8E,40.775882335950485,-4.209137281887934,Hotel Segovia Sierra de Guadarrama,El Espinar,40424,45,6,"Private - For Staff, Visitors or Customers",False,50,True,1.0,1,11.0,1036,1,2026-03-13T19:24:00Z,2026-03-13T19:24:00Z,restricted,(Business Owner at Location),False
209551,4FAE5D06-C1F5-4DC8-AA13-5FC4DC30384E,40.73740255106833,-4.1881420901073625,Ayunt. El Espinar,El Espinar,40410,2247,4,Public - Membership Required,True,50,True,2.0,1,7.4,25,1,2025-10-07T19:29:00Z,2025-10-07T19:29:00Z,public_membership,Iberdrola | BP Pulse (ES),True
267301,24A1828E-4D82-484A-A783-BCB7D843100E,40.72635425320979,-4.019000066640189,Hotel Box Art,,28491,45,6,"Private - For Staff, Visitors or Customers",False,50,True,2.0,1,7.4,25,1,2024-10-30T19:20:00Z,2024-10-30T19:20:00Z,restricted,(Business Owner at Location),False
209254,8487AB24-20B9-429E-AA51-661F523F9E83,40.72397710746387,-4.02044990322031,Hotel Hacienda Los Robles Navacerrada ,,28491,207,4,Public - Membership Required,True,50,True,4.0,2,60.0,"33,25",1,2026-08-31T14:13:00Z,2026-08-31T14:13:00Z,public_membership,Endesa,True
267302,9D710F4E-C78B-4F99-8DC5-D9151F04B0E5,40.721123949281434,-4.019712304496096,Hotel Las Postas,,28491,45,6,"Private - For Staff, Visitors or Customers",False,50,True,1.0,1,3.7,28,1,2023-06-25T09:37:00Z,2023-06-25T09:37:00Z,restricted,(Business Owner at Location),False
235139,61F5828D-2B07-4D49-9A5F-15C5A53C7192,40.73603584089997,-3.944450861551786,Ayunt. Mataelpino,,28492,1,1,Public,,50,True,2.0,1,22.0,25,1,2025-09-13T14:11:00Z,2025-09-13T14:11:00Z,public,(Unknown Operator),True
301084,3505DFD7-4C9B-4134-919E-66B670995077,40.71856002518308,-3.9192112502549037,Parking Calle Real,,28413,1,1,Public,,100,False,1.0,1,3.7,25,1,2024-07-15T07:04:00Z,2024-07-15T07:04:00Z,public,(Unknown Operator),True
202995,68A1CA89-3939-4695-8BB7-4347F35E5314,40.70007816020228,-3.9326292088243235,Aldi Cerceda,El Boalo,28412,3464,1,Public,,50,True,2.0,1,22.0,25,1,2025-10-07T19:33:00Z,2025-10-07T19:33:00Z,public,ALDI SÜD (DE),True
305133,09242C70-065E-4BA9-9011-BC0DD86AEC9B,40.70024520247367,-3.9328060981393946,Aldi Cerceda (Atlante),,28412,3588,4,Public - Membership Required,True,50,True,4.0,2,100.0,"33,33",1,2025-09-04T10:58:00Z,2025-09-04T10:58:00Z,public_membership,Atlante,True
301085,3004FE94-A80C-42C8-A03E-11F3FD2CF100,40.700289086655744,-3.935902910786524,Burger King Cerceda,,28412,2247,4,Public - Membership Required,True,50,True,4.0,3,50.0,"33,2,1036",1,2024-07-15T07:06:00Z,2024-07-15T07:06:00Z,public_membership,Iberdrola | BP Pulse (ES),True
202994,C80D0A1A-C2B4-4ABA-855C-3F9351F1E685,40.6970497554675,-3.9321976995535977,Ayunt. Cerceda,El Boalo,28412,1,1,Public,,50,True,2.0,2,22.0,"25,28",1,2025-09-13T14:20:00Z,2025-09-13T14:20:00Z,public,(Unknown Operator),True
301086,DA3BBA52-F22C-4362-88A9-68DEE0347A9F,40.69753475478686,-3.9245964797443946,"Parking Campo de Fútbol, Cerceda",,28412,1,1,Public,,100,False,2.0,1,22.0,25,1,2024-07-15T07:08:00Z,2024-07-15T07:08:00Z,public,(Unknown Operator),True
265940,B46E61C0-AD6F-4D9C-BA10-A4DBBBF5EB45,40.6863041616796,-3.966814533739239,Mercadona Moralzarzal,Moralzarzal,28411,3499,4,Public - Membership Required,True,50,True,4.0,1,22.0,25,1,2024-04-26T18:57:00Z,2024-04-26T18:57:00Z,public_membership,Mercadona,True
235137,A38E8F8E-203E-40DB-B7A5-4D840EF481F8,40.680758980327624,-3.9682543705288253,Moralzarzal,Moralzarzal,28411,207,4,Public - Membership Required,True,75,True,4.0,1,22.0,25,1,2026-03-30T10:11:00Z,2026-03-30T10:11:00Z,public_membership,Endesa,True
202993,0565B7C9-5CF2-46D0-9FAD-19BDE722BB04,40.68141047884035,-3.967443182519105,Froiz,Moralzarzal,28411,45,6,"Private - For Staff, Visitors or Customers",False,50,True,2.0,1,7.4,25,1,2026-03-30T10:16:00Z,2026-03-30T10:16:00Z,restricted,(Business Owner at Location),False
235138,FCF349CE-52EF-489D-A055-D2C0E90CB561,40.704650656131804,-3.9544388012698164,Capellanía Moralzarzal,Moralzarzal,28412,207,4,Public - Membership Required,True,50,True,4.0,1,22.0,25,1,2026-03-01T09:31:00Z,2026-03-01T09:31:00Z,public_membership,Endesa,True
471048,058BF19F-03A5-4224-B25B-BA63007937BC,40.752948699443294,-3.782981205666033,Ayunt. Soto del Real. Calle Calvo Sotelo,,28791,3583,4,Public - Membership Required,True,150,False,2.0,1,100.0,33,1,2025-12-16T10:49:00Z,2025-12-16T10:49:00Z,public_membership,Eranovum (ES),True
486420,C8403763-ECF8-4734-A672-C9691E5B38BD,40.75497444157563,-3.7833282790207647,Ayunt. Soto del Real. Centro de Arte y Turismo,,28791,3583,4,Public - Membership Required,True,50,True,4.0,2,100.0,"33,25",1,2026-09-01T09:47:00Z,2026-09-01T09:47:00Z,public_membership,Eranovum (ES),True
203027,1263A843-AEF4-44D5-A14D-4CD7C1CC5B25,40.75597451376359,-3.781448229589955,C.C. Sotolix,Soto del Real,,45,1,Public,,50,True,2.0,1,22.0,25,1,2022-09-14T10:44:00Z,2022-09-14T10:44:00Z,public,(Business Owner at Location),True
471049,D7C0AF12-CC0C-40C6-80F2-DC340E3A85BF,40.76385751657452,-3.782523758561638,Ayunt. Soto del Real. Urbanización Vistarreal ,,28791,3583,4,Public - Membership Required,True,150,False,2.0,1,100.0,33,1,2025-12-16T10:55:00Z,2025-12-16T10:55:00Z,public_membership,Eranovum (ES),True
471050,994EBC1F-760C-49A2-8547-5479A152E7F4,40.75792277583827,-3.7866798998448985,Ayunt. Soto del Real. Plaza de Chozas,,28791,3583,4,Public - Membership Required,True,150,False,2.0,1,100.0,33,1,2025-12-16T10:57:00Z,2025-12-16T10:57:00Z,public_membership,Eranovum (ES),True
203025,9701A70D-86F4-45B3-8353-35CAF6A363D8,40.75337216317075,-3.78877149109303,Ayunt. Soto del Real (Hogar Pensionista),Soto del Real,,1,4,Public - Membership Required,True,150,False,2.0,1,22.0,25,1,2025-12-16T10:45:00Z,2025-12-16T10:45:00Z,public_membership,(Unknown Operator),True
203024,FBB72845-912A-487F-AD22-CAFFDC28661B,40.74652662279047,-3.7847399318246744,Ayunt. Soto del Real (Polideportivo),Soto del Real,28791,3583,4,Public - Membership Required,True,150,False,2.0,1,22.0,25,1,2025-12-16T10:34:00Z,2025-12-16T10:34:00Z,public_membership,Eranovum (ES),True
202996,43C9ED48-FBDA-4B67-87A4-02A87F186E04,40.72537381550441,-3.874610951044815,Hotel la Pedriza,Manzanares el Real,28410,45,6,"Private - For Staff, Visitors or Customers",False,50,True,2.0,2,7.4,"25,28",1,2022-09-14T06:38:00Z,2022-09-14T06:38:00Z,restricted,(Business Owner at Location),False
202997,07BEFA25-4190-4510-8502-37C5AED9C812,40.72699252571692,-3.868705328359056,Ayunt. Manzanares el Real - Polideportivo,Manzanares el Real,28410,1,1,Public,,50,True,2.0,1,7.4,25,1,2025-07-22T07:21:00Z,2025-07-22T07:21:00Z,public,(Unknown Operator),True
235140,EF2A779B-3826-4D79-938A-E1E9B7415A20,40.727600855497826,-3.8596716933492417,Ayunt. Manzanares el Real Aparcamiento,,28410,1,1,Public,,50,True,2.0,1,11.0,25,1,2025-07-22T07:20:00Z,2025-07-22T07:20:00Z,public,(Unknown Operator),True
471053,FA912354-EA98-4634-94DF-47E48B81D31D,40.738046593707736,-3.5811411092456638,Ayunt. El Molar. Centtro Deportivo Fuente del Toro,,28710,3583,4,Public - Membership Required,True,150,False,2.0,1,100.0,33,1,2025-12-16T11:19:00Z,2025-12-16T11:19:00Z,public_membership,Eranovum (ES),True
471054,E335731F-F546-4737-93AD-A78BD4FA42E7,40.73666005858931,-3.5862447819770296,Ayunt. El Molar. Urbanización Jardinillos,,28710,3583,4,Public - Membership Required,True,150,False,2.0,1,60.0,33,1,2025-12-16T11:21:00Z,2025-12-16T11:21:00Z,public_membership,Eranovum (ES),True
148325,383EF099-360F-4578-9042-8689845B97CD,40.737952694214414,-3.581327789092711,Ayunt. El Molar Centro Salud,El Molar,28710,3583,1,Public,,50,True,2.0,1,22.0,25,1,2025-12-16T11:17:00Z,2025-12-16T11:17:00Z,public,Eranovum (ES),True
148628,169758BC-20C4-41F0-886B-E42BA1899CB3,40.73313581567663,-3.583558372399466,Ayunt. El Molar - Jacoba Díaz Benito,El Molar,28710,3583,4,Public - Membership Required,True,150,False,2.0,1,22.0,25,1,2025-12-16T11:31:00Z,2025-12-16T11:31:00Z,public_membership,Eranovum (ES),True
312519,BC35FE81-DA51-43BA-B694-9F9030042CEA,40.68027834957604,-3.62089985673245,Mercadona San Agustín del Guadalix,San Agustín del Guadalix,,3499,4,Public - Membership Required,True,50,True,2.0,1,22.0,25,1,2025-05-10T18:56:00Z,2025-05-10T18:56:00Z,public_membership,Mercadona,True
300018,B8443D64-9EB2-44CC-85A5-108FF260DBD6,40.68588807619898,-3.6121876314558676,Supermercado Hiber Guadalix de la Sierra,San Agustín del Guadalix,28750,3583,4,Public - Membership Required,True,50,True,3.0,2,150.0,"33,1036",1,2024-11-21T10:15:00Z,2024-11-21T10:15:00Z,public_membership,Eranovum (ES),True
203033,27982055-86EF-4A11-948A-8D87954F5909,40.74891199046084,-3.5990506809574754,Ayunt. Pedrezuela,Pedrezuela,28723,1,4,Public - Membership Required,True,50,True,2.0,1,22.0,25,1,2026-01-13T19:24:00Z,2026-01-13T19:24:00Z,public_membership,(Unknown Operator),True
203032,425B45B5-1812-4DF6-8F0A-6CF28352AC6E,40.7563081358401,-3.600120261657139,Karting Ángel Burgueño,Pedrezuela,28723,45,6,"Private - For Staff, Visitors or Customers",False,50,True,1.0,1,22.0,25,1,2023-02-19T08:36:00Z,2023-02-19T08:36:00Z,restricted,(Business Owner at Location),False
304356,192A8AFF-1293-449F-97A9-2B804109E37E,40.70220015102788,-3.509069553046629,Repsol Valdetorres ,Valdetorres de Jarama,28150,91,4,Public - Membership Required,True,50,True,1.0,3,50.0,"33,2,1036",1,2024-09-23T19:30:00Z,2024-09-23T19:30:00Z,public_membership,Repsol - Ibil (ES),True
511066,B42CC38C-07C6-46DA-AD61-DB3FE3E8EDBF,40.713540306634,-3.5786754132799388,"Repsol ES, El Molar Gestion S.L.",,28710,91,4,Public - Membership Required,True,50,True,1.0,1,170.0,33,1,2026-10-03T18:05:00Z,2026-10-03T18:05:00Z,public_membership,Repsol - Ibil (ES),True
312518,5FCDC5E5-411E-4B9C-9EAC-5C7B24CDEFB3,40.71301129183499,-3.577983391271488,Repsol El Molar,El Molar,,91,4,Public - Membership Required,True,50,True,1.0,3,50.0,"33,2,1036",1,2026-10-03T18:06:00Z,2026-10-03T18:06:00Z,public_membership,Repsol - Ibil (ES),True
285169,61E8D61F-215C-4CAA-B8E9-F9D2FCB83DFA,40.69780636962682,-3.435840442448807,Mercadona El Casar,El Casar,19170,3499,4,Public - Membership Required,True,50,True,6.0,1,22.0,25,1,2024-04-27T11:41:00Z,2024-04-27T11:41:00Z,public_membership,Mercadona,True
203034,19702615-83CF-45BF-A782-D4122AA16965,40.70302565304084,-3.431200244469892,El Casar ,El Casar,19170,3459,4,Public - Membership Required,True,50,True,2.0,1,120.0,33,1,2025-09-08T18:27:00Z,2025-09-08T18:27:00Z,public_membership,ACCIONA - Cargacoches,True
493789,556357B1-7AF1-4BDD-98AC-E13964F1BB4D,40.75093992627802,-3.1667629011958525,Yunquera de Henares,,19210,2247,4,Public - Membership Required,True,50,True,4.0,2,50.0,"33,33",1,2026-06-16T08:13:00Z,2026-06-16T08:13:00Z,public_membership,Iberdrola | BP Pulse (ES),True
508938,B42160AA-AEE1-4E35-BDD2-04F0E1052FD5,40.807589420517445,-4.204338818324459,Rest. Jesús,,40422,45,5,Public - Pay At Location,False,50,True,2.0,1,11.0,25,1,2026-09-11T10:38:00Z,2026-09-11T10:38:00Z,public,(Business Owner at Location),True
471046,62810AB3-7160-4FCA-A3F5-D38A425A0056,40.81013084140076,-3.7585025578973728,Ayunt. Miraflores. Polideportivo,Miraflores,,3583,4,Public - Membership Required,True,150,False,2.0,1,100.0,33,1,2025-12-16T11:05:00Z,2025-12-16T11:05:00Z,public_membership,Eranovum (ES),True
471047,16EC5EC4-1AF0-4417-9A57-2BB158651483,40.812983332966866,-3.758434144759576,Ayunt. Miraflores. Plaza Toros,,28792,3583,4,Public - Membership Required,True,150,False,2.0,1,60.0,33,1,2025-12-16T11:01:00Z,2025-12-16T11:01:00Z,public_membership,Eranovum (ES),True
471051,9865C070-DCC8-420E-BCA2-D99A93CFFD9C,40.81314309214477,-3.768814992394823,Ayunt. Miraflores. Calle del Norte,,28792,3583,4,Public - Membership Required,True,150,False,2.0,1,22.0,25,1,2025-12-16T11:00:00Z,2025-12-16T11:00:00Z,public_membership,Eranovum (ES),True
471052,396461D3-77AE-46C9-9686-AB106BE75F72,40.81255269105546,-3.766458420804611,Ayunt. Miraflores. Calle Valverde,,28792,3583,4,Public - Membership Required,True,150,False,2.0,1,22.0,25,1,2025-12-16T11:09:00Z,2025-12-16T11:09:00Z,public_membership,Eranovum (ES),True
238082,AFCA1022-DF0D-4E07-B568-0E4C01C7BA4D,40.81064615721198,-3.7690830068415835,Miraflores Calle del Río,,28792,207,4,Public - Membership Required,True,50,True,2.0,2,60.0,"33,25",1,2026-08-31T14:13:00Z,2026-08-31T14:13:00Z,public_membership,Endesa,True
493287,3591842C-BD5A-402C-953F-D4AB7C025AAD,40.78642603603254,-3.6959215219881116,Ayunt. Miraflores. Calle Fresno,,28794,3583,4,Public - Membership Required,True,50,True,2.0,1,22.0,25,1,2026-06-13T14:22:00Z,2026-06-13T14:22:00Z,public_membership,Eranovum (ES),True
203028,1C36F263-E850-45A3-90B7-4C28D1AFA92F,40.7864021176666,-3.694209355391081,Ayunt. Guadalix de la Sierra,Guadalix de la Sierra,,3583,4,Public - Membership Required,True,50,True,2.0,1,11.0,25,1,2026-01-13T19:23:00Z,2026-01-13T19:23:00Z,public_membership,Eranovum (ES),True
203029,B8054741-CB02-4AFF-963A-7DE4F283427C,40.78500360889035,-3.6928717552182206,Ayunt. Guadalix de la Sierra (Caye Mayor),Guadalix de la Sierra,,3583,4,Public - Membership Required,True,50,True,1.0,1,7.4,25,1,2026-01-13T19:24:00Z,2026-01-13T19:24:00Z,public_membership,Eranovum (ES),True
235141,3DAF7C97-FAED-41EB-B2C0-007B415FBDBD,40.78391074773563,-3.6951280403745272,Ayunt. Guadix de la Sierra Edif. Polivalente,,28794,3583,4,Public - Membership Required,True,50,True,2.0,1,7.4,25,1,2026-06-13T14:23:00Z,2026-06-13T14:23:00Z,public_membership,Eranovum (ES),True
297905,1C50CA9C-C0A7-4697-8924-258C3F131312,40.7841591957052,-3.6907727907494063,Supermercado Hiber Guadalix,,28794,3583,4,Public - Membership Required,True,50,True,3.0,2,60.0,"33,1036",1,2024-11-21T10:16:00Z,2024-11-21T10:16:00Z,public_membership,Eranovum (ES),True
201213,351830D3-1102-41E7-B252-9D76F2428D37,40.78561565879332,-3.6135727507158606,Repsol A1 Cotos de Monterrey,El Vellón,28721,91,4,Public - Membership Required,True,50,True,4.0,1,400.0,33,1,2026-05-28T17:28:00Z,2026-05-28T17:28:00Z,public_membership,Repsol - Ibil (ES),True
203031,F0C01CDE-9F61-4C34-BA4A-4AEEF8C46417,40.79714061598713,-3.6214274903496744,Ayunt. Venturada Recinto Ferial,Venturada,28721,1,1,Public,,50,True,2.0,2,7.4,"25,28",1,2022-09-14T11:04:00Z,2022-09-14T11:04:00Z,public,(Unknown Operator),True
203030,98C6A53A-EE90-457A-B38C-65748564C719,40.79296918959821,-3.600287948206642,Ayunt. Venturada Cooworking Puerta  de la Sierra,Venturada,28721,1,4,Public - Membership Required,True,100,False,2.0,2,7.4,"25,28",1,2024-10-30T19:30:00Z,2024-10-30T19:30:00Z,public_membership,(Unknown Operator),True
485905,DDA6A163-E5B4-46FE-8057-2BE16ACBAFB7,40.81546566275139,-3.6040607679503864,Ayunt. Redueña,,28721,1,4,Public - Membership Required,True,50,True,2.0,1,22.0,25,1,2026-04-17T08:35:00Z,2026-04-17T08:35:00Z,public_membership,(Unknown Operator),True
202395,08AB3E94-932A-43E2-A756-7FF02D30AB56,40.81580088104732,-3.6249789906885326,Ayunt. Cabanillas de la Sierra,Cabanillas de la Sierra,28721,1,4,Public - Membership Required,True,100,False,1.0,2,7.4,"25,28",1,2025-12-31T19:56:00Z,2025-12-31T19:56:00Z,public_membership,(Unknown Operator),True
202396,3DA247E8-76A9-4401-A4BA-0F88182CABE9,40.828821724438455,-3.625777752412205,Ayunt. Cabanillas de la Sierra (Polideportivo),Cabanillas de la Sierra,28721,1,4,Public - Membership Required,True,100,False,1.0,2,4.7,"25,28",1,2025-12-31T19:56:00Z,2025-12-31T19:56:00Z,public_membership,(Unknown Operator),True
113524,D36BDD1C-BC8B-4C21-8222-B0A5A10886AB,40.855926104161455,-3.6128498193273515,Hotel Mavi-Av. de la Cabrera,La Cabrera,28 751,3459,4,Public - Membership Required,True,50,True,2.0,1,22.0,25,1,2025-09-13T13:58:00Z,2025-09-13T13:58:00Z,public_membership,ACCIONA - Cargacoches,True
203067,DCE95D23-FE14-4A84-9E5F-D26205A2BC0E,40.86257563999254,-3.61389441170229,Ayunt. La Cabrera,La Cabrera,28729,3459,1,Public,,50,True,2.0,1,22.0,25,1,2025-05-12T20:30:00Z,2025-05-12T20:30:00Z,public,ACCIONA - Cargacoches,True
203068,AA6CB22F-49CB-4468-A850-CCADEA30BDA6,40.86439375022533,-3.614555600280255,Ayunt. La Cabrera Centro de Salud,La Cabrera,28729,3459,1,Public,,50,True,2.0,1,22.0,25,1,2025-05-12T20:30:00Z,2025-05-12T20:30:00Z,public,ACCIONA - Cargacoches,True
210575,C1EDA091-2273-4043-B2AF-9C9100FF1D6E,40.87531067389048,-3.6030916219198446,Rest. El Cancho del Águila,,28751,3571,4,Public - Membership Required,True,50,True,2.0,3,130.0,"33,2,25",1,2025-06-02T08:36:00Z,2025-06-02T08:36:00Z,public_membership,TotalEnergies (ES),True
266225,B5EB537C-AFA2-4538-B0FF-E56A17365883,40.8363094646065,-3.496885575992451,Ayunt. Torremocha del Jarama,Torremocha del Jarama,,91,4,Public - Membership Required,True,50,True,2.0,1,22.0,25,1,2025-09-08T18:18:00Z,2025-09-08T18:18:00Z,public_membership,Repsol - Ibil (ES),True
85443,B7512F34-9D52-4E27-A49F-1EE8C64D081C,40.8210162440304,-3.55962531163936,Finca equilibrium,Torrelaguna,28180,1,6,"Private - For Staff, Visitors or Customers",False,50,True,1.0,1,3.7,28,1,2025-09-08T18:20:00Z,2025-09-08T18:20:00Z,restricted,(Unknown Operator),False
235599,F7C97D28-9F24-4F45-AB37-E6EF7F66D9BF,40.78907664740035,-3.498233057538414,Ayunt. Caraquiz - Calle Zurich,Talamanca de Jarama,28722,2247,4,Public - Membership Required,True,50,True,2.0,1,22.0,1036,1,2025-09-08T18:23:00Z,2025-09-08T18:23:00Z,public_membership,Iberdrola | BP Pulse (ES),True
235600,9A7FE118-6BBE-4D51-965A-8124C57A90CA,40.84494593961119,-3.464673113331628,Ayunt. Uceda,,,2247,4,Public - Membership Required,True,50,True,2.0,1,22.0,1036,1,2025-09-08T18:16:00Z,2025-09-08T18:16:00Z,public_membership,Iberdrola | BP Pulse (ES),True
209252,D5F4CC3C-900B-4F96-B8B6-BDE2FDC73D3D,40.96792645993372,-4.094541101773302,Ballenoil El Sotillo,,40196,207,4,Public - Membership Required,True,50,True,2.0,3,50.0,"33,1036,2",1,2025-09-13T13:15:00Z,2025-09-13T13:15:00Z,public_membership,Endesa,True
274693,C67CA208-5822-4F39-9F2A-0739E595BB1E,40.90549394627405,-4.112605795121084,Tecno Antena Sistemas SL,,40195,3401,6,"Private - For Staff, Visitors or Customers",False,50,True,2.0,1,22.0,25,1,2025-09-13T11:05:00Z,2025-09-13T11:05:00Z,restricted,Electromaps,False
24183,FFDE75E2-4C34-449B-BDD3-CB64884CB605,40.92137259184276,-4.112023489329881,C.C. Luz de Castilla,Segovia,,91,4,Public - Membership Required,True,50,True,2.0,1,22.0,25,1,2025-05-18T10:35:00Z,2025-05-18T10:35:00Z,public_membership,Repsol - Ibil (ES),True
312172,EAD153EF-FA2A-41BE-907D-BC1B0A9A3088,40.92335016443545,-4.110950738788034,Carrefour Segovia,Segovia,,3960,5,Public - Pay At Location,False,50,True,2.0,3,50.0,"33,1036,2",1,2026-01-17T09:50:00Z,2026-01-17T09:50:00Z,public,Carrefour (ES),True
480236,16DF257F-3CE6-4D8A-946C-62E9993916B8,40.923600042844924,-4.112176106334687,FAST Carlisto,Segovia,,3889,4,Public - Membership Required,True,50,True,2.0,1,180.0,33,1,2026-03-13T19:22:00Z,2026-03-13T19:22:00Z,public_membership,emovili Fast (ES),True
301092,4F62843F-EF34-4BEA-A1CB-AB0D40914DF7,40.95267776412487,-4.125411588731566,Hotel EXE Casa de los Linajes,,40001,3557,6,"Private - For Staff, Visitors or Customers",False,50,True,2.0,1,5.0,25,1,2024-11-16T11:44:00Z,2024-11-16T11:44:00Z,restricted,GALP Electric,False
301091,C97B17F9-8A1E-4BF5-B86A-440507596EF9,40.952140385885144,-4.123267614663462,Hotel Eurostars Convento Capuchinos,,40001,3557,6,"Private - For Staff, Visitors or Customers",False,50,True,2.0,1,7.4,25,1,2024-11-16T11:44:00Z,2024-11-16T11:44:00Z,restricted,GALP Electric,False
201996,3650D726-D4EA-4AC2-ADFF-5AB09AEBE47B,40.9527710167381,-4.122751744531115,Parking APK2 Oblatas,Segovia,40005,3276,4,Public - Membership Required,True,50,True,6.0,2,22.0,"25,25",1,2026-01-30T13:19:00Z,2026-01-30T13:19:00Z,public_membership,EDP,True
203088,298A8D8C-3D4E-463A-A7D1-BE1EEA61F17D,40.951707735643936,-4.128447108617138,Hotel Don Felipe,Segovia,21-23,45,6,"Private - For Staff, Visitors or Customers",False,50,True,2.0,5,22.0,"25,28,17,28,16",1,2022-09-14T16:34:00Z,2022-09-14T16:34:00Z,restricted,(Business Owner at Location),False
274507,D42B16EE-147C-49C5-9FE6-B66C8029B32B,40.955599640623745,-4.110570114056401,Ayunt. Segovia. Calle de las Nieves,,40003,1,1,Public,,150,False,2.0,1,22.0,25,1,2025-09-13T13:12:00Z,2025-09-13T13:12:00Z,public,(Unknown Operator),True
274508,79FBE5F6-9E55-43F0-88E8-9879DFC39A0B,40.94856930757132,-4.117253444942548,Atunt. Segovia. Plaza de la Artillería,,40001,1,1,Public,,150,False,2.0,1,22.0,25,1,2025-09-13T13:07:00Z,2025-09-13T13:07:00Z,public,(Unknown Operator),True
274509,A63388C0-D92E-4EE3-8070-5ADCC3B79872,40.950533796625535,-4.117692633322719,Ayunt. Segovia. Plazuela de Colmenares,,40001,1,1,Public,,150,False,2.0,1,22.0,25,1,2023-09-16T20:05:00Z,2023-09-16T20:05:00Z,public,(Unknown Operator),True
203089,B2854190-60A3-44E1-AC2D-4170AF99A874,40.9502119230188,-4.120317399482701,Hotel Palacio San Facundo,Segovia,40005,45,6,"Private - For Staff, Visitors or Customers",False,100,False,2.0,5,22.0,"25,30,17,28,16",1,2024-07-15T07:24:00Z,2024-07-15T07:24:00Z,restricted,(Business Owner at Location),False
301093,941B1C6A-E29B-4467-91BC-653A47DE4609,40.94773613183756,-4.11652489481699,Hotel Eurostars Plaza Acueducto,,40001,3557,6,"Private - For Staff, Visitors or Customers",False,50,True,2.0,1,7.4,25,1,2024-11-16T11:43:00Z,2024-11-16T11:43:00Z,restricted,GALP Electric,False
203090,AFB8AA83-3D7A-46F3-9462-93147FD971CA,40.94816803245385,-4.116384278364194,Parking - Plaza Acueducto,Segovia,40003,4028,5,Public - Pay At Location,False,50,True,2.0,2,30.0,"1036,33",1,2026-09-17T07:14:00Z,2026-09-17T07:14:00Z,public,Telpark (ES),True
279970,3B86F98D-A1B4-4500-8A48-3BAA5C7E5EF6,40.95056332298023,-4.1124991287661885,Centro de Salud de Segovia III,,40003,45,1,Public,,150,False,4.0,2,22.0,"25,25",1,2025-09-13T13:06:00Z,2025-09-13T13:06:00Z,public,(Business Owner at Location),True
274506,4B1B9123-30D4-4C0B-8CFD-B365A21A621B,40.94207132599388,-4.113908493722391,Ayunt. Segovia. Plaza de la Universidad,,40005,1,1,Public,,150,False,4.0,2,22.0,"25,28",1,2023-09-16T20:01:00Z,2023-09-16T20:01:00Z,public,(Unknown Operator),True
203091,0D0B3E43-33FA-4AD8-B61F-71FF0EA14D18,40.94319330423559,-4.110710030611756,Hotel Antonio del Real,Segovia,40004,45,6,"Private - For Staff, Visitors or Customers",False,50,True,2.0,1,11.0,1036,1,2023-03-04T19:49:00Z,2023-03-04T19:49:00Z,restricted,(Business Owner at Location),False
301094,9FB4CA61-4C33-4C97-9E78-3442E93F177A,40.93768016151182,-4.110809957786046,Cepsa La Pista,,40005,3584,4,Public - Membership Required,True,50,True,1.0,1,150.0,33,1,2025-05-25T21:30:00Z,2025-05-25T21:30:00Z,public_membership,Moeve (ES),True
235595,0F3B7826-3DC2-43EF-B936-5030436E3628,40.93699647164104,-4.111960657294048,Mercadona Segovia,,40005,3499,4,Public - Membership Required,True,50,True,2.0,1,22.0,25,1,2024-04-26T18:42:00Z,2024-04-26T18:42:00Z,public_membership,Mercadona,True
202268,E2FDBCB9-2BA6-4586-9EE1-E0CA116192A5,40.943422406683,-4.120263687265577,Repsol San Millán,Segovia,40002,207,4,Public - Membership Required,True,50,True,2.0,3,50.0,"33,2,25",1,2025-09-13T13:01:00Z,2025-09-13T13:01:00Z,public_membership,Endesa,True
86086,406BC583-9449-4A41-BDDA-ED183C1B9916,40.94525570348796,-4.120162269924663,Parking Aquaducto Segovia (Endesa),,40002,207,4,Public - Membership Required,True,50,True,2.0,1,7.4,25,1,2024-12-15T19:29:00Z,2024-12-15T19:29:00Z,public_membership,Endesa,True
307057,78D53BE8-254B-46E6-AB2F-789B7E96D046,40.944844206657336,-4.120808737909812,Parking Parkia Acueducto (Wenea),,40002,3371,4,Public - Membership Required,True,50,True,4.0,1,22.0,25,1,2024-12-15T19:28:00Z,2024-12-15T19:28:00Z,public_membership,Wenea,True
97267,349F3018-BC23-402F-9656-B5B9DA10D89C,40.944678630074776,-4.121760313514528,Ayunt. Segovia. Plaza Estación Autobuses,Segovia,40002,91,4,Public - Membership Required,True,50,True,2.0,1,7.3,25,1,2025-09-13T13:00:00Z,2025-09-13T13:00:00Z,public_membership,Repsol - Ibil (ES),True
279969,2FDE5F45-D3BF-4DEA-9574-FA7CC1AACFF2,40.94227059045991,-4.129595874246405,Hospital General Segovia,,40002,45,1,Public,,150,False,8.0,5,50.0,"33,2,1036,25,25",1,2023-11-14T08:35:00Z,2023-11-14T08:35:00Z,public,(Business Owner at Location),True
290062,7819F09D-40EF-4CFC-8213-7CEA9948A6B4,40.926128315513864,-4.1147882377373435,Plenoil Segovia I,,40005,3750,4,Public - Membership Required,True,50,True,2.0,1,60.0,33,1,2026-01-04T09:22:00Z,2026-01-04T09:22:00Z,public_membership,Plenergy (ES),True
203094,C5C952DA-CB93-4F61-BA1E-C8FCE120DA66,40.92648782821439,-4.1128621691558465,Ford Autoinsa,Segovia,4002,2247,4,Public - Membership Required,True,50,True,2.0,1,22.0,25,1,2022-10-28T15:12:00Z,2022-10-28T15:12:00Z,public_membership,Iberdrola | BP Pulse (ES),True
203093,C22945F6-8ECC-408B-9069-4952DEA339FF,40.926887777677194,-4.112335901145229,Renault Segovia,Segovia,4002,3275,6,"Private - For Staff, Visitors or Customers",False,50,True,1.0,1,22.0,25,1,2022-09-26T18:06:00Z,2022-09-26T18:06:00Z,restricted,Renault,False
461133,3B159BE3-ECC3-4DC7-9337-654F6A970E25,40.92727355333761,-4.111451157853992,Kia Segovia,Segovia,,91,6,"Private - For Staff, Visitors or Customers",False,50,True,1.0,1,25.0,33,1,2025-09-13T12:46:00Z,2025-09-13T12:46:00Z,restricted,Repsol - Ibil (ES),False
203092,38CC183F-D8BA-468C-BD69-317E2C9770F0,40.927392306771736,-4.110607425107219,BMW Segovia,Segovia,4002,45,6,"Private - For Staff, Visitors or Customers",False,50,True,1.0,1,7.4,25,1,2022-09-14T18:14:00Z,2022-09-14T18:14:00Z,restricted,(Business Owner at Location),False
299764,BD49518B-0594-453F-82E1-492C09F9935C,40.927059706592445,-4.111375117452752,Kia Alevi,,40005,3276,4,Public - Membership Required,True,50,True,2.0,1,150.0,33,1,2025-09-13T12:46:00Z,2025-09-13T12:46:00Z,public_membership,EDP,True
288225,681FA81F-BE1F-4A17-8F5E-A60EAA4BB56E,40.93024180203176,-4.110336001289028,Hyundai Segohyun,,40005,207,4,Public - Membership Required,True,50,True,2.0,1,150.0,33,1,2025-09-13T12:49:00Z,2025-09-13T12:49:00Z,public_membership,Endesa,True
274585,B610E62C-1F94-4B83-9646-194E01BE023A,40.93112097315566,-4.110218823908127,Nissan Segovia (Allego),,40005,103,4,Public - Membership Required,True,50,True,1.0,2,50.0,"33,2",1,2023-11-28T09:12:00Z,2023-11-28T09:12:00Z,public_membership,Allego BV,True
167272,D4682CCB-4CB1-4B3E-9B48-3087EB029E78,40.93505528371372,-4.101735087061684,Hotel Cándido,Segovia,40006,2247,4,Public - Membership Required,True,50,True,4.0,3,50.0,"33,2,1036",1,2023-06-14T06:55:00Z,2023-06-14T06:55:00Z,public_membership,Iberdrola | BP Pulse (ES),True
265972,36943167-7D61-4955-B095-A3668CF5EE9A,40.92951820772825,-4.0980924621753445,Mercadona Segovia,,40004,3499,4,Public - Membership Required,True,50,True,4.0,1,22.0,25,1,2024-04-26T18:43:00Z,2024-04-26T18:43:00Z,public_membership,Mercadona,True
274511,DBDD596B-7C0B-4BE7-A2D1-5AD9438495B7,40.9311017955246,-4.09710998698074,Ayunt. Segovia. Calle Jorge Manrique,,40004,1,1,Public,,150,False,2.0,1,22.0,25,1,2025-09-13T12:52:00Z,2025-09-13T12:52:00Z,public,(Unknown Operator),True
301095,60BC97C0-F00C-4463-B225-2F8BD88845BB,40.93126565908963,-4.0922802715041655,Camping Acueducto,,40004,45,6,"Private - For Staff, Visitors or Customers",False,50,True,3.0,2,3.7,"28,16",1,2024-07-15T07:32:00Z,2024-07-15T07:32:00Z,restricted,(Business Owner at Location),False
274510,07C5B1C3-BEFE-422C-A21F-A12E5C652C46,40.94496914575393,-4.104496608317248,Ayunt. Segovia. Calle Tejedores,,40004,1,1,Public,,150,False,2.0,1,22.0,25,1,2025-09-13T13:03:00Z,2025-09-13T13:03:00Z,public,(Unknown Operator),True
266173,E05BA269-2245-4C9A-8BBD-DFCF434C7C7D,40.94135035609878,-4.105616505655917,E.S. Repsol Segovia,Segovia,,91,4,Public - Membership Required,True,50,True,1.0,3,50.0,"33,2,1036",1,2025-09-13T12:55:00Z,2025-09-13T12:55:00Z,public_membership,Repsol - Ibil (ES),True
301090,9198E4BD-324C-4E0E-9A82-18CEDDC95D7C,40.96017926402973,-4.109542816147496,Parador de Segovia,,40196,3816,4,Public - Membership Required,True,50,True,10.0,1,22.0,1036,1,2026-09-12T06:36:00Z,2026-09-12T06:36:00Z,public_membership,ChargeGuru,True
309390,83E085EC-D579-4B1E-AEF4-FF3192B07B13,40.96040818552618,-4.1009561716061285,Aldi Sotillo,El Sotillo,,3588,4,Public - Membership Required,True,50,True,4.0,2,100.0,"33,33",1,2025-05-19T17:08:00Z,2025-05-19T17:08:00Z,public_membership,Atlante,True
304984,61EBA44A-D3C4-453C-AB40-62DCF83D5C74,40.96087487380669,-4.100853368394837,Hotel Venta Magullo,,40196,3583,4,Public - Membership Required,True,50,True,4.0,2,150.0,"33,25",1,2025-07-14T10:00:00Z,2025-07-14T10:00:00Z,public_membership,Eranovum (ES),True
285151,DCAF53DD-E2D3-4638-AA74-4908B5823330,40.958037269983436,-4.104382950667201,Mercadona Sotillo,,40196,3499,4,Public - Membership Required,True,50,True,6.0,1,22.0,25,1,2024-04-26T18:42:00Z,2024-04-26T18:42:00Z,public_membership,Mercadona,True
259418,2F180E7B-7E8A-4659-A365-EB1A118C6045,40.965446866168094,-4.09727579077321,Hotel Avenida del Sotillo,,40196,3324,4,Public - Membership Required,True,50,True,4.0,1,100.0,33,1,2024-11-23T22:33:00Z,2024-11-23T22:33:00Z,public_membership,Zunder,True
459982,ED56C903-D3F3-43C4-9498-E164983B444B,40.91785153482047,-4.10885436368622,Centro de Trasnportes de Segovia,Segovia,,45,5,Public - Pay At Location,False,150,False,10.0,1,100.0,33,1,2025-07-22T07:08:00Z,2025-07-22T07:08:00Z,public,(Business Owner at Location),True
508940,C61746DE-48BA-41B1-9791-2402AADFFD8B,40.910253006157035,-4.093512323891332,Estación RENFE Segovia AVE,,40195,91,4,Public - Membership Required,True,50,True,26.0,1,22.0,25,1,2026-09-11T10:49:00Z,2026-09-11T10:49:00Z,public_membership,Repsol - Ibil (ES),True
209378,BEA4FD8D-A5B3-4E7C-B2D5-CE1A2D2401A1,40.92276389823209,-4.078281131213771,Burger King Segovia,,40197,2247,4,Public - Membership Required,True,50,True,2.0,2,50.0,"33,2",1,2025-09-13T11:04:00Z,2025-09-13T11:04:00Z,public_membership,Iberdrola | BP Pulse (ES),True
290063,0F6CB945-D083-44BA-8AA5-FE7A34A37A84,40.91004654816754,-4.058484036914251,Plenoil Palazuelos de Eresma,,40197,3750,4,Public - Membership Required,True,50,True,2.0,1,60.0,33,1,2025-09-13T11:02:00Z,2025-09-13T11:02:00Z,public_membership,Plenergy (ES),True
202133,2EEC8FA8-8571-4653-85A6-5F61960F06B6,40.90302009008451,-4.015517383711995,Repsol San Idefonso,Real Sitio de San Ildefonso,40100,207,4,Public - Membership Required,True,50,True,2.0,1,50.0,33,1,2026-08-31T10:16:00Z,2026-08-31T10:16:00Z,public_membership,Endesa,True
508939,55AC6086-AB7B-48B8-9FE9-AB315ECCC8FC,40.90113286999636,-4.0078674671997305,Parador de la Granja,,40100,3816,6,"Private - For Staff, Visitors or Customers",False,50,True,2.0,1,22.0,1036,1,2026-09-12T20:42:00Z,2026-09-12T20:42:00Z,restricted,ChargeGuru,False
203069,A5DC0B00-27D2-4E1A-AB0F-7BD86AAF25D8,40.96505447816497,-3.7176115398135607,Ayunt. Gargantilla del Lozoya ,Gargantilla del Lozoya y Pinilla de Buitrago,,2247,1,Public,,50,True,2.0,1,22.0,25,1,2025-09-13T13:49:00Z,2025-09-13T13:49:00Z,public,Iberdrola | BP Pulse (ES),True
145936,0DD3942D-DFF2-40C3-B89B-7BB49F7A6ADB,40.964878097883286,-3.720525518715931,Hospedería del Valle Boutique Aparments,Gargantilla del Lozoya y Pinilla de Buitrago,28739,45,6,"Private - For Staff, Visitors or Customers",False,50,True,1.0,1,11.0,1036,1,2019-12-30T10:53:00Z,2019-12-30T10:53:00Z,restricted,(Business Owner at Location),False
474918,B896EBF3-C4F5-4EEB-B108-94789550498A,40.953009052368,-3.728956841463514,Camping Monte Holiday Bungalows,,28743,3401,6,"Private - For Staff, Visitors or Customers",False,50,True,1.0,1,4.6,25,1,2026-01-27T18:03:00Z,2026-01-27T18:03:00Z,restricted,Electromaps,False
163448,BC8DD6DA-8ACC-4602-8B13-B9D7AAE24B4A,40.949537,-3.729742,Monte Holiday Ecoturismo,,Madrid,45,6,"Private - For Staff, Visitors or Customers",False,50,True,2.0,2,11.0,"30,25",1,2022-09-14T15:40:00Z,2022-09-14T15:40:00Z,restricted,(Business Owner at Location),False
235145,98D8462D-BEF8-4153-A88C-6D12A6799A3F,40.939032846662684,-3.6303102388176285,Talleres Leandro,,28752,45,6,"Private - For Staff, Visitors or Customers",False,50,True,1.0,1,11.0,17,1,2023-02-15T20:11:00Z,2023-02-15T20:11:00Z,restricted,(Business Owner at Location),False
312515,9DA8E1A5-B493-4EA3-86CB-310B5BCE467D,40.93582108424505,-3.623000885103096,Lozoyuela - Polígono el Tomillar,Lozoyuela,,3324,4,Public - Membership Required,True,50,True,4.0,1,22.0,25,1,2025-12-20T08:10:00Z,2025-12-20T08:10:00Z,public_membership,Zunder,True
301088,2DC4D806-DE76-40C5-90F8-FB481DA90A2D,40.92449594308786,-3.616140789768565,Centro de Salud Loyozuela,,28752,3324,4,Public - Membership Required,True,50,True,2.0,1,3.7,25,1,2025-12-20T08:09:00Z,2025-12-20T08:09:00Z,public_membership,Zunder,True
471308,EF66201D-1A53-4491-A491-E0712D4C2D5D,40.9349520418252,-3.5982621218586246,Ayunt. Las Navas de Buitrago,,28752,3324,4,Public - Membership Required,True,50,True,2.0,1,22.0,25,1,2025-12-20T08:11:00Z,2025-12-20T08:11:00Z,public_membership,Zunder,True
312516,030A2683-347F-4E9A-939C-D5A609841E11,40.9119532675185,-3.5865970111828176,Ayunt. Sieteiglesias,Sieteiglesias,,3324,4,Public - Membership Required,True,50,True,2.0,1,22.0,25,1,2025-12-20T08:09:00Z,2025-12-20T08:09:00Z,public_membership,Zunder,True
290491,0028B9BA-50E6-4E28-8920-348AD0DB4049,40.97612535006331,-3.5250813590291443,Berzosa de Lozoya,,28195,3459,4,Public - Membership Required,True,150,False,2.0,1,100.0,33,1,2026-07-28T15:45:00Z,2026-07-28T15:45:00Z,public_membership,ACCIONA - Cargacoches,True
274692,5E0AFC0B-DD61-4265-8631-C2CBFEB1782D,40.99886664225255,-4.148800785167566,E.S. Repsol San Medel,,40190,91,4,Public - Membership Required,True,150,False,1.0,3,50.0,"1036,33,2",1,2025-09-12T21:57:00Z,2025-09-12T21:57:00Z,public_membership,Repsol - Ibil (ES),True
301089,4E101375-03BE-46B8-8D0A-30D1DB162CF0,40.99709872995615,-4.074798902465346,Centro Cultural de Espirdo,,40191,3279,4,Public - Membership Required,True,50,True,2.0,1,22.0,25,1,2025-09-12T21:59:00Z,2025-09-12T21:59:00Z,public_membership,Fenie Energía (Spain),True
203086,F938E428-8C8B-44A3-8E7F-9B448646256B,40.99532766091076,-4.0236778070378705,Ayunt. Torrecaballeros ,Torrecaballeros,,207,4,Public - Membership Required,True,50,True,2.0,1,22.0,25,1,2025-09-12T21:59:00Z,2025-09-12T21:59:00Z,public_membership,Endesa,True
203070,5CE09F18-3EC1-4CE0-AAC6-093A9D7AD642,40.98111272431939,-3.6921450231045583,Ayunt. Pinilla de Buitrago,Gargantilla del Lozoya y Pinilla de Buitrago,,2247,4,Public - Membership Required,True,50,True,2.0,1,22.0,25,1,2025-09-13T13:48:00Z,2025-09-13T13:48:00Z,public_membership,Iberdrola | BP Pulse (ES),True
307409,FFC79B77-E887-4D69-ADF6-CC4D6F2BB2C3,40.98981706251084,-3.638976153436886,COLEGIO GSD BUITRAGO,Buitrago Lozoya,,45,6,"Private - For Staff, Visitors or Customers",False,50,True,2.0,1,7.4,25,1,2025-12-31T19:56:00Z,2025-12-31T19:56:00Z,restricted,(Business Owner at Location),False
117904,120ECF06-5B4F-4DA1-9383-DFBF4966CC85,41.039425,-3.642411,Plaza de Calvo Sotelo 5,Braojos de la Sierra,28 737,3459,4,Public - Membership Required,True,50,True,2.0,1,22.0,25,1,2022-10-25T08:57:00Z,2022-10-25T08:57:00Z,public_membership,ACCIONA - Cargacoches,True
235144,1AEE2EFE-8DDA-4BDD-8AF9-6B6D20999BE5,41.041214407615314,-3.64286434518624,Talleres Sierra Norte,,28737,45,6,"Private - For Staff, Visitors or Customers",False,50,True,1.0,1,11.0,17,1,2023-02-15T20:09:00Z,2023-02-15T20:09:00Z,restricted,(Business Owner at Location),False
203583,25D14517-63E7-4383-B24C-F7F433BE06B4,41.06193880048565,-3.543698279798491,Casa Rural El Bulín de Horcajuelo,Horcajuelo de la Sierra,,45,6,"Private - For Staff, Visitors or Customers",False,50,True,1.0,1,3.7,28,1,2022-09-18T13:33:00Z,2022-09-18T13:33:00Z,restricted,(Business Owner at Location),False
235146,C4A629E8-96DC-447C-9FB6-D9F6B6287478,41.0133830096907,-3.445695528966894,Puebla de la Sierra,,,207,4,Public - Membership Required,True,50,True,2.0,1,3.7,25,1,2025-09-08T18:12:00Z,2025-09-08T18:12:00Z,public_membership,Endesa,True
203085,6F187E50-7C5D-42CA-8FC0-A63F30FD9DBC,41.118445864389514,-4.2627760348577795,Rest El Riscal,Carbonero el Mayor,,2247,4,Public - Membership Required,True,50,True,4.0,1,7.4,1036,1,2025-09-12T21:57:00Z,2025-09-12T21:57:00Z,public_membership,Iberdrola | BP Pulse (ES),True
274691,BCB56EAE-0AE9-47A6-83E0-4454F15748CF,41.11739868773401,-4.263513917577143,E.S. Repsol Carbonero el Mayor,Carbonero el Mayor,40270,91,4,Public - Membership Required,True,50,True,1.0,3,50.0,"1036,33,2",1,2025-09-12T21:57:00Z,2025-09-12T21:57:00Z,public_membership,Repsol - Ibil (ES),True
235142,7F9AF371-F12E-4B51-A840-608B65E2AF53,41.130316777856194,-3.8124316918574834,Pedraza,,40172,207,4,Public - Membership Required,True,50,True,4.0,1,22.0,25,1,2025-09-13T13:23:00Z,2025-09-13T13:23:00Z,public_membership,Endesa,True
297392,F7F2E9F1-567C-4C9D-AB9F-7340B039C03C,41.13458905301047,-3.5808538032991635,Supermercado Puerto Somosierra,,28756,3459,4,Public - Membership Required,True,50,True,2.0,3,50.0,"33,2,25",1,2025-09-13T13:42:00Z,2025-09-13T13:42:00Z,public_membership,ACCIONA - Cargacoches,True
235143,120EE843-A52E-41F6-B505-59FFA2B408E7,41.09699281722271,-3.5937172065237064,Rest. Los Cerezos,,28755,3459,4,Public - Membership Required,True,50,True,2.0,3,50.0,"33,2,1036",1,2024-10-10T12:36:00Z,2024-10-10T12:36:00Z,public_membership,ACCIONA - Cargacoches,True
235375,B3A56FF9-7CD0-4C5A-8C5F-043170B3BFDF,41.112342553089576,-3.2994475307548896,Casa del Ocejón,,19223,45,6,"Private - For Staff, Visitors or Customers",False,50,True,2.0,1,11.0,1036,1,2023-02-19T08:33:00Z,2023-02-19T08:33:00Z,restricted,(Business Owner at Location),False
203582,443D8FFC-C51D-472D-9D38-5B903805A7B1,41.128488194568945,-3.2327383435205093,Calle del Arroyo,Valverde de los Arroyos,19224,207,4,Public - Membership Required,True,50,True,4.0,1,22.0,25,1,2022-09-18T13:30:00Z,2022-09-18T13:30:00Z,public_membership,Endesa,True
