{"type":"FeatureCollection","features":[{"type":"Feature","properties":{"ine_code":28001,"name":"La Acebeda","area_km2":22.0404,"population":70,"income_pp":16893.0,"density":3.176,"evs_res":0.0,"evs_per_1k":0.0,"public_sites":0,"public_points":0,"public_fast_sites":0,"private_sites":0,"pts_per_10k":0.0,"fuel_stations":0,"dist_km":3.4642,"fleet_flag":false,"ev_cero":0.0,"eligible":false,"score":null,"rank":null,"rank_best":null,"rank_worst":null,"top20_n":0,"evs_per_pt":0.0,"pct_scarcity":null,"pct_missing":null,"pct_model":null,"pct_market":null,"pct_home_gap":null,"pct_sites":null,"expected":0.0246,"ratio":0.0,"p_shortfall":0.9759,"missing":0.0246,"group":"Other"},"geometry":{"type":"Polygon","coordinates":[[[-3.67682,41.08644],[-3.67513,41.08452],[-3.66796,41.08093],[-3.64934,41.07351],[-3.64401,41.07319],[-3.62996,41.06853],[-3.62651,41.07036],[-3.61641,41.0696],[-3.61344,41.07269],[-3.6174,41.0785],[-3.61319,41.07968],[-3.6105,41.07908],[-3.60836,41.07674],[-3.60861,41.07548],[-3.60645,41.07605],[-3.60512,41.07762],[-3.60772,41.0863],[-3.60646,41.0873],[-3.60597,41.09138],[-3.60275,41.09106],[-3.60067,41.09232],[-3.60157,41.09345],[-3.60048,41.09629],[-3.60276,41.09716],[-3.60298,41.09854],[-3.60531,41.10032],[-3.60954,41.10225],[-3.61099,41.10204],[-3.61475,41.10608],[-3.61607,41.10952],[-3.62422,41.11574],[-3.62925,41.11794],[-3.63039,41.11966],[-3.63284,41.12043],[-3.63956,41.11938],[-3.64361,41.12049],[-3.64496,41.11974],[-3.64575,41.11683],[-3.64983,41.11106],[-3.65065,41.1073],[-3.67167,41.09234],[-3.67682,41.08644]]]}},{"type":"Feature","properties":{"ine_code":28002,"name":"Ajalvir","area_km2":19.6451,"population":4868,"income_pp":16039.0,"density":247.7971,"evs_res":125.0064,"evs_per_1k":25.6792,"public_sites":3,"public_points":4,"public_fast_sites":3,"private_sites":1,"pts_per_10k":8.2169,"fuel_stations":3,"dist_km":0.1897,"fleet_flag":true,"ev_cero":744.0,"eligible":false,"score":null,"rank":null,"rank_best":null,"rank_worst":null,"top20_n":0,"evs_per_pt":25.0013,"pct_scarcity":null,"pct_missing":null,"pct_model":null,"pct_market":null,"pct_home_gap":null,"pct_sites":null,"expected":5.4397,"ratio":0.7353,"p_shortfall":0.5493,"missing":1.4397,"group":"Other"},"geometry":{"type":"Polygon","coordinates":[[[-3.51159,40.53888],[-3.50942,40.53565],[-3.50957,40.53349],[-3.5078,40.53011],[-3.50255,40.52627],[-3.50136,40.52209],[-3.49536,40.51694],[-3.48791,40.50652],[-3.48466,40.50018],[-3.47959,40.49463],[-3.47568,40.49481],[-3.46762,40.49317],[-3.45235,40.50286],[-3.44431,40.5063],[-3.43409,40.50924],[-3.43709,40.51055],[-3.43907,40.51358],[-3.44872,40.51126],[-3.4525,40.51242],[-3.4558,40.51126],[-3.45595,40.51005],[-3.46283,40.51107],[-3.46178,40.51242],[-3.4633,40.51396],[-3.46144,40.51768],[-3.46301,40.52365],[-3.46115,40.52682],[-3.46239,40.52694],[-3.46291,40.52858],[-3.46465,40.52845],[-3.46671,40.53067],[-3.46893,40.531],[-3.46866,40.5325],[-3.47066,40.53305],[-3.46863,40.53941],[-3.47174,40.5389],[-3.47312,40.53977],[-3.47573,40.54236],[-3.47544,40.54498],[-3.4786,40.54475],[-3.48058,40.54782],[-3.48092,40.55047],[-3.4824,40.55203],[-3.48201,40.5551],[-3.48352,40.55464],[-3.48096,40.56214],[-3.48424,40.56194],[-3.48519,40.56042],[-3.48757,40.55995],[-3.48876,40.55562],[-3.49311,40.55435],[-3.49622,40.5552],[-3.50248,40.55248],[-3.50216,40.54985],[-3.50464,40.54284],[-3.50745,40.54039],[-3.51159,40.53888]]]}},{"type":"Feature","properties":{"ine_code":28003,"name":"Alameda del Valle","area_km2":25.2456,"population":267,"income_pp":19327.0,"density":10.5761,"evs_res":4.0,"evs_per_1k":14.9813,"public_sites":0,"public_points":0,"public_fast_sites":0,"private_sites":0,"pts_per_10k":0.0,"fuel_stations":0,"dist_km":11.642,"fleet_flag":false,"ev_cero":4.0,"eligible":false,"score":null,"rank":null,"rank_best":null,"rank_worst":null,"top20_n":0,"evs_per_pt":4.0,"pct_scarcity":null,"pct_missing":null,"pct_model":null,"pct_market":null,"pct_home_gap":null,"pct_sites":null,"expected":0.2176,"ratio":0.0,"p_shortfall":0.8182,"missing":0.2176,"group":"Other"},"geometry":{"type":"Polygon","coordinates":[[[-3.89876,40.95874],[-3.89461,40.95089],[-3.88724,40.94554],[-3.88596,40.94112],[-3.88205,40.93591],[-3.87902,40.93443],[-3.87113,40.93323],[-3.86488,40.9272],[-3.85814,40.92339],[-3.85139,40.91794],[-3.84327,40.90993],[-3.84155,40.90436],[-3.84038,40.90378],[-3.84145,40.89873],[-3.83721,40.89605],[-3.83778,40.89506],[-3.83582,40.89334],[-3.83429,40.88803],[-3.83625,40.88182],[-3.83763,40.88119],[-3.83797,40.87975],[-3.83514,40.87668],[-3.83344,40.87653],[-3.82845,40.86868],[-3.82838,40.86655],[-3.82289,40.86017],[-3.81881,40.86166],[-3.81476,40.86567],[-3.81455,40.87098],[-3.81082,40.87742],[-3.8086,40.88588],[-3.8096,40.88803],[-3.80863,40.88958],[-3.80604,40.89047],[-3.82037,40.90394],[-3.82254,40.90492],[-3.8293,40.91317],[-3.83098,40.9197],[-3.83328,40.92208],[-3.8402,40.92559],[-3.84266,40.93307],[-3.84895,40.93845],[-3.85474,40.94762],[-3.85661,40.94939],[-3.85905,40.94962],[-3.86314,40.95576],[-3.88078,40.97278],[-3.88355,40.97121],[-3.88695,40.97121],[-3.89519,40.9655],[-3.89876,40.95874]]]}},{"type":"Feature","properties":{"ine_code":28004,"name":"El Álamo","area_km2":22.1676,"population":10594,"income_pp":12605.0,"density":477.9046,"evs_res":168.0,"evs_per_1k":15.858,"public_sites":2,"public_points":4,"public_fast_sites":0,"private_sites":0,"pts_per_10k":3.7757,"fuel_stations":3,"dist_km":0.3997,"fleet_flag":false,"ev_cero":168.0,"eligible":true,"score":48.5171,"rank":36.0,"rank_best":28.0,"rank_worst":52.0,"top20_n":0,"evs_per_pt":33.6,"pct_scarcity":0.5663,"pct_missing":0.5663,"pct_model":0.7349,"pct_market":0.1988,"pct_home_gap":0.5301,"pct_sites":0.4759,"expected":7.6342,"ratio":0.524,"p_shortfall":0.4273,"missing":3.6342,"group":"Other"},"geometry":{"type":"Polygon","coordinates":[[[-4.02658,40.24354],[-4.02599,40.23665],[-4.02131,40.23641],[-4.02061,40.23084],[-4.00642,40.21853],[-3.9993,40.21671],[-3.99654,40.21255],[-3.99344,40.21198],[-3.99244,40.20972],[-3.98803,40.20976],[-3.97717,40.21238],[-3.9529,40.21233],[-3.94876,40.22175],[-3.95034,40.22669],[-3.95132,40.22806],[-3.95639,40.22839],[-3.96064,40.23033],[-3.96891,40.23717],[-3.9723,40.24748],[-3.97429,40.25114],[-3.9775,40.25324],[-4.00203,40.25748],[-4.00539,40.25728],[-4.01226,40.25358],[-4.01917,40.25093],[-4.02261,40.25057],[-4.02658,40.24354]]]}},{"type":"Feature","properties":{"ine_code":28005,"name":"Alcalá de Henares","area_km2":87.3806,"population":203208,"income_pp":15598.0,"density":2325.5516,"evs_res":2815.0,"evs_per_1k":13.8528,"public_sites":56,"public_points":260,"public_fast_sites":34,"private_sites":21,"pts_per_10k":12.7948,"fuel_stations":31,"dist_km":0.4353,"fleet_flag":false,"ev_cero":2815.0,"eligible":true,"score":30.2668,"rank":60.0,"rank_best":32.0,"rank_worst":65.0,"top20_n":0,"evs_per_pt":10.7854,"pct_scarcity":0.1325,"pct_missing":0.1867,"pct_model":0.1807,"pct_market":0.9036,"pct_home_gap":0.8675,"pct_sites":0.988,"expected":170.0933,"ratio":1.5286,"p_shortfall":0.789,"missing":-89.9067,"group":"Other"},"geometry":{"type":"Polygon","coordinates":[[[-3.4474,40.44633],[-3.44669,40.44589],[-3.44006,40.45286],[-3.4358,40.45527],[-3.43156,40.45491],[-3.42805,40.45262],[-3.42599,40.45354],[-3.42391,40.45609],[-3.41974,40.45461],[-3.41375,40.45615],[-3.40874,40.45346],[-3.4034,40.45478],[-3.40256,40.4571],[-3.40011,40.45661],[-3.39044,40.45984],[-3.38815,40.45935],[-3.38925,40.45717],[-3.38649,40.45597],[-3.3859,40.45315],[-3.38695,40.45329],[-3.38478,40.45162],[-3.38279,40.45381],[-3.38071,40.45323],[-3.37841,40.45509],[-3.37607,40.45384],[-3.37361,40.45383],[-3.37211,40.45552],[-3.36944,40.4558],[-3.3674,40.45527],[-3.36669,40.4532],[-3.36262,40.45157],[-3.36163,40.44993],[-3.36035,40.45079],[-3.35779,40.44853],[-3.35424,40.45097],[-3.35151,40.4507],[-3.34928,40.45364],[-3.34669,40.45369],[-3.34543,40.45263],[-3.34169,40.45694],[-3.33807,40.45662],[-3.3381,40.45765],[-3.33395,40.45666],[-3.33398,40.45922],[-3.32934,40.46299],[-3.32906,40.46533],[-3.32188,40.47091],[-3.32162,40.4727],[-3.31852,40.4758],[-3.31559,40.47677],[-3.31587,40.47834],[-3.31197,40.4803],[-3.30949,40.48285],[-3.30382,40.48131],[-3.30164,40.47964],[-3.29743,40.48361],[-3.28775,40.48653],[-3.28675,40.48948],[-3.28976,40.49059],[-3.29442,40.48953],[-3.29706,40.49096],[-3.30074,40.49647],[-3.30599,40.49798],[-3.30893,40.50227],[-3.3062,40.50586],[-3.30878,40.50682],[-3.30776,40.5083],[-3.30818,40.51143],[-3.30614,40.51353],[-3.30158,40.51101],[-3.29863,40.51419],[-3.29325,40.51696],[-3.28535,40.51673],[-3.28378,40.52055],[-3.28481,40.52417],[-3.28417,40.52524],[-3.28806,40.52531],[-3.28465,40.52831],[-3.28967,40.5317],[-3.29327,40.52868],[-3.29464,40.52978],[-3.29697,40.52859],[-3.29843,40.52926],[-3.30076,40.53292],[-3.30274,40.53153],[-3.30472,40.53294],[-3.30688,40.52973],[-3.32326,40.52149],[-3.33407,40.52815],[-3.3419,40.52923],[-3.35007,40.53161],[-3.35136,40.52893],[-3.35319,40.52894],[-3.35213,40.52668],[-3.3574,40.52468],[-3.35894,40.52622],[-3.35981,40.52584],[-3.35916,40.524],[-3.36249,40.52342],[-3.36576,40.52818],[-3.37025,40.52704],[-3.37114,40.52707],[-3.37099,40.52801],[-3.37264,40.52749],[-3.37334,40.52833],[-3.37577,40.52664],[-3.37702,40.52851],[-3.38376,40.52708],[-3.39181,40.52364],[-3.39872,40.52637],[-3.39858,40.52559],[-3.39965,40.52542],[-3.39977,40.52634],[-3.40568,40.52525],[-3.40555,40.52879],[-3.40733,40.53011],[-3.40826,40.52854],[-3.41034,40.52841],[-3.40969,40.52956],[-3.4118,40.52959],[-3.41198,40.53404],[-3.4138,40.53443],[-3.41424,40.53604],[-3.41763,40.53638],[-3.41777,40.5381],[-3.41575,40.54115],[-3.41694,40.54168],[-3.41504,40.5435],[-3.41657,40.5451],[-3.42008,40.54393],[-3.42493,40.54502],[-3.42548,40.54332],[-3.43322,40.5444],[-3.43377,40.54247],[-3.43581,40.54126],[-3.43554,40.53942],[-3.43716,40.53636],[-3.43868,40.53614],[-3.43865,40.53475],[-3.43619,40.52943],[-3.43309,40.52939],[-3.43044,40.53055],[-3.42854,40.53009],[-3.4308,40.5184],[-3.42942,40.51813],[-3.42966,40.51418],[-3.42878,40.5142],[-3.42963,40.50707],[-3.42799,40.49216],[-3.42989,40.49202],[-3.43072,40.48893],[-3.42828,40.48322],[-3.42858,40.48],[-3.42523,40.47256],[-3.42826,40.47206],[-3.4289,40.46923],[-3.43152,40.4685],[-3.43092,40.4673],[-3.4333,40.46662],[-3.43327,40.46421],[-3.43125,40.46147],[-3.4474,40.44633]]]}},{"type":"Feature","properties":{"ine_code":28006,"name":"Alcobendas","area_km2":45.3708,"population":123342,"income_pp":21644.0,"density":2718.5345,"evs_res":4657.9641,"evs_per_1k":37.7646,"public_sites":65,"public_points":281,"public_fast_sites":45,"private_sites":34,"pts_per_10k":22.7822,"fuel_stations":21,"dist_km":0.2725,"fleet_flag":true,"ev_cero":42867.0,"eligible":true,"score":39.199,"rank":45.0,"rank_best":15.0,"rank_worst":60.0,"top20_n":1,"evs_per_pt":16.5176,"pct_scarcity":0.2651,"pct_missing":0.1867,"pct_model":0.2048,"pct_market":0.9518,"pct_home_gap":0.9036,"pct_sites":0.9096,"expected":191.8544,"ratio":1.4647,"p_shortfall":0.7731,"missing":-89.1456,"group":"Other"},"geometry":{"type":"Polygon","coordinates":[[[-3.70092,40.57847],[-3.69485,40.57372],[-3.69179,40.56978],[-3.6907,40.56908],[-3.68926,40.57055],[-3.68952,40.56868],[-3.68207,40.55312],[-3.68306,40.55221],[-3.67856,40.54678],[-3.67679,40.54148],[-3.66936,40.5343],[-3.67719,40.52698],[-3.67213,40.52435],[-3.66587,40.52471],[-3.66605,40.52148],[-3.66398,40.51987],[-3.6626,40.51994],[-3.65779,40.51138],[-3.65586,40.51316],[-3.65237,40.51119],[-3.64778,40.51034],[-3.64485,40.50789],[-3.63329,40.50754],[-3.6151,40.51098],[-3.60635,40.5057],[-3.60284,40.50146],[-3.59484,40.50118],[-3.5869,40.50535],[-3.58298,40.50848],[-3.57594,40.51037],[-3.57211,40.51237],[-3.56494,40.51205],[-3.56163,40.51069],[-3.55272,40.51158],[-3.55325,40.51413],[-3.55609,40.51809],[-3.55147,40.52055],[-3.55048,40.52414],[-3.55692,40.52816],[-3.55769,40.52974],[-3.5551,40.53228],[-3.5495,40.5332],[-3.56359,40.53517],[-3.57602,40.53491],[-3.57868,40.53354],[-3.59252,40.53765],[-3.59623,40.53709],[-3.60026,40.53802],[-3.60361,40.53704],[-3.60546,40.53827],[-3.61366,40.53862],[-3.6153,40.53982],[-3.62637,40.54029],[-3.62797,40.54123],[-3.62875,40.54397],[-3.63257,40.54502],[-3.63665,40.54792],[-3.64105,40.55443],[-3.64578,40.55536],[-3.64826,40.55469],[-3.65412,40.55507],[-3.66386,40.56982],[-3.67409,40.58881],[-3.69246,40.58024],[-3.70092,40.57847]]]}},{"type":"Feature","properties":{"ine_code":28007,"name":"Alcorcón","area_km2":33.7415,"population":175719,"income_pp":15667.0,"density":5207.7978,"evs_res":2358.0,"evs_per_1k":13.4192,"public_sites":49,"public_points":275,"public_fast_sites":28,"private_sites":7,"pts_per_10k":15.65,"fuel_stations":29,"dist_km":0.7919,"fleet_flag":false,"ev_cero":2358.0,"eligible":true,"score":21.4699,"rank":69.0,"rank_best":44.0,"rank_worst":74.0,"top20_n":0,"evs_per_pt":8.5435,"pct_scarcity":0.0482,"pct_missing":0.1867,"pct_model":0.1928,"pct_market":0.8675,"pct_home_gap":0.9639,"pct_sites":0.9639,"expected":182.3551,"ratio":1.508,"p_shortfall":0.784,"missing":-92.6449,"group":"South"},"geometry":{"type":"Polygon","coordinates":[[[-3.87879,40.36966],[-3.87708,40.36556],[-3.87074,40.35867],[-3.87091,40.35312],[-3.86761,40.35366],[-3.86653,40.35142],[-3.86704,40.34716],[-3.85926,40.34359],[-3.85889,40.33889],[-3.85963,40.33604],[-3.86114,40.33594],[-3.85816,40.3334],[-3.8554,40.33474],[-3.85425,40.332],[-3.85347,40.33263],[-3.84784,40.32616],[-3.84752,40.32398],[-3.83152,40.32523],[-3.81811,40.32774],[-3.81844,40.32958],[-3.81719,40.33084],[-3.80089,40.34136],[-3.8021,40.34174],[-3.80512,40.34721],[-3.79826,40.35367],[-3.80103,40.35537],[-3.79902,40.35664],[-3.7879,40.35875],[-3.7954,40.3619],[-3.80281,40.36338],[-3.80693,40.36645],[-3.81052,40.36372],[-3.81329,40.36983],[-3.82278,40.38053],[-3.83346,40.39547],[-3.83519,40.39624],[-3.83377,40.39675],[-3.83039,40.40162],[-3.83783,40.4031],[-3.84527,40.39122],[-3.85428,40.38673],[-3.8678,40.378],[-3.8666,40.37395],[-3.8687,40.37408],[-3.86859,40.37302],[-3.87797,40.37309],[-3.87879,40.36966]]]}},{"type":"Feature","properties":{"ine_code":28008,"name":"Aldea del Fresno","area_km2":51.7404,"population":3503,"income_pp":12649.0,"density":67.7034,"evs_res":36.0,"evs_per_1k":10.2769,"public_sites":1,"public_points":4,"public_fast_sites":0,"private_sites":0,"pts_per_10k":11.4188,"fuel_stations":1,"dist_km":2.6015,"fleet_flag":false,"ev_cero":36.0,"eligible":false,"score":null,"rank":null,"rank_best":null,"rank_worst":null,"top20_n":0,"evs_per_pt":7.2,"pct_scarcity":null,"pct_missing":null,"pct_model":null,"pct_market":null,"pct_home_gap":null,"pct_sites":null,"expected":2.2543,"ratio":1.7744,"p_shortfall":0.846,"missing":-1.7457,"group":"Other"},"geometry":{"type":"Polygon","coordinates":[[[-4.29533,40.32307],[-4.28587,40.31525],[-4.28075,40.31262],[-4.27633,40.30358],[-4.27235,40.29932],[-4.25906,40.2904],[-4.25533,40.28685],[-4.24036,40.27979],[-4.2293,40.27606],[-4.22844,40.27253],[-4.22637,40.26992],[-4.22149,40.27104],[-4.22089,40.27261],[-4.21965,40.27213],[-4.21748,40.27284],[-4.21355,40.26938],[-4.20879,40.2681],[-4.20377,40.269],[-4.20471,40.27121],[-4.20317,40.2752],[-4.20516,40.28262],[-4.20386,40.28715],[-4.20239,40.28912],[-4.19901,40.29028],[-4.1974,40.29383],[-4.19136,40.29697],[-4.18666,40.29594],[-4.18262,40.29367],[-4.17963,40.29337],[-4.17518,40.2888],[-4.17242,40.28797],[-4.16785,40.28807],[-4.16796,40.29847],[-4.16626,40.30905],[-4.16967,40.31825],[-4.17716,40.32676],[-4.18233,40.32927],[-4.18476,40.33173],[-4.18863,40.33791],[-4.19452,40.34047],[-4.20774,40.34933],[-4.21274,40.35039],[-4.21573,40.34256],[-4.21408,40.33971],[-4.21891,40.33635],[-4.22662,40.33476],[-4.23037,40.33504],[-4.2331,40.32898],[-4.24784,40.32629],[-4.2512,40.32483],[-4.25291,40.32514],[-4.25772,40.32946],[-4.25987,40.32966],[-4.2635,40.33182],[-4.26817,40.33251],[-4.27421,40.33084],[-4.27709,40.32847],[-4.28636,40.32953],[-4.29533,40.32307]]]}},{"type":"Feature","properties":{"ine_code":28009,"name":"Algete","area_km2":37.8509,"population":21144,"income_pp":18232.0,"density":558.6134,"evs_res":747.0,"evs_per_1k":35.3292,"public_sites":4,"public_points":17,"public_fast_sites":2,"private_sites":0,"pts_per_10k":8.0401,"fuel_stations":4,"dist_km":2.5621,"fleet_flag":false,"ev_cero":747.0,"eligible":true,"score":70.9036,"rank":14.0,"rank_best":14.0,"rank_worst":20.0,"top20_n":5,"evs_per_pt":41.5,"pct_scarcity":0.6265,"pct_missing":0.7952,"pct_model":0.6386,"pct_market":0.6145,"pct_home_gap":0.5663,"pct_sites":0.5663,"expected":25.051,"ratio":0.6786,"p_shortfall":0.4761,"missing":8.051,"group":"Other"},"geometry":{"type":"Polygon","coordinates":[[[-3.59355,40.65479],[-3.59231,40.64937],[-3.5895,40.64488],[-3.59173,40.64026],[-3.58951,40.63364],[-3.588,40.63132],[-3.58554,40.63013],[-3.58458,40.62727],[-3.58092,40.62354],[-3.5814,40.62138],[-3.58045,40.61981],[-3.57859,40.619],[-3.57501,40.61926],[-3.57379,40.61815],[-3.57472,40.61649],[-3.57431,40.61152],[-3.57769,40.60798],[-3.57747,40.60435],[-3.57314,40.59996],[-3.56575,40.59834],[-3.56664,40.59625],[-3.56553,40.59295],[-3.56173,40.59272],[-3.56148,40.58787],[-3.55912,40.58742],[-3.55918,40.58674],[-3.55314,40.58644],[-3.5496,40.58727],[-3.54541,40.58393],[-3.54,40.58263],[-3.54024,40.58397],[-3.53377,40.5852],[-3.53363,40.5844],[-3.52998,40.58423],[-3.52921,40.58336],[-3.52985,40.58218],[-3.52738,40.58283],[-3.52566,40.58156],[-3.52258,40.58193],[-3.52219,40.58118],[-3.5084,40.58231],[-3.49527,40.58594],[-3.491,40.58498],[-3.48659,40.58541],[-3.48235,40.58646],[-3.48293,40.58749],[-3.47598,40.5924],[-3.46844,40.59581],[-3.46601,40.59531],[-3.46594,40.59712],[-3.46395,40.59937],[-3.45379,40.60742],[-3.45753,40.60657],[-3.46347,40.60761],[-3.46405,40.60682],[-3.47042,40.60589],[-3.47172,40.60471],[-3.47413,40.60526],[-3.4761,40.60454],[-3.47642,40.60919],[-3.47927,40.61355],[-3.48131,40.61446],[-3.48229,40.61384],[-3.48294,40.61552],[-3.48469,40.61606],[-3.48623,40.61569],[-3.48835,40.61936],[-3.48698,40.62049],[-3.48696,40.6254],[-3.49521,40.62483],[-3.50356,40.62564],[-3.50241,40.61981],[-3.50484,40.62024],[-3.51892,40.61585],[-3.5237,40.61604],[-3.52479,40.61448],[-3.53005,40.61362],[-3.53597,40.61666],[-3.53717,40.61578],[-3.53813,40.61622],[-3.54326,40.6129],[-3.5475,40.61384],[-3.5507,40.61298],[-3.55197,40.61153],[-3.55631,40.6113],[-3.55717,40.6122],[-3.55941,40.61224],[-3.5597,40.62272],[-3.55876,40.62437],[-3.56038,40.62431],[-3.56068,40.62716],[-3.56405,40.63313],[-3.56249,40.63715],[-3.55848,40.63561],[-3.5565,40.63616],[-3.55865,40.64249],[-3.56216,40.64553],[-3.55915,40.65048],[-3.56678,40.65036],[-3.56824,40.64353],[-3.57698,40.64573],[-3.58425,40.64511],[-3.58475,40.65352],[-3.58942,40.65588],[-3.59355,40.65479]]]}},{"type":"Feature","properties":{"ine_code":28010,"name":"Alpedrete","area_km2":13.0481,"population":15686,"income_pp":17829.0,"density":1202.1666,"evs_res":417.0,"evs_per_1k":26.5842,"public_sites":1,"public_points":2,"public_fast_sites":1,"private_sites":1,"pts_per_10k":1.275,"fuel_stations":3,"dist_km":1.7763,"fleet_flag":false,"ev_cero":417.0,"eligible":true,"score":86.7722,"rank":4.0,"rank_best":2.0,"rank_worst":12.0,"top20_n":5,"evs_per_pt":139.0,"pct_scarcity":0.9518,"pct_missing":0.9277,"pct_model":0.9759,"pct_market":0.5301,"pct_home_gap":0.7349,"pct_sites":0.4759,"expected":20.1781,"ratio":0.0991,"p_shortfall":0.0978,"missing":18.1781,"group":"Other"},"geometry":{"type":"Polygon","coordinates":[[[-4.04778,40.65975],[-4.04664,40.65575],[-4.03739,40.64774],[-4.03602,40.64549],[-4.03657,40.64457],[-4.03157,40.63903],[-4.02939,40.6306],[-4.02587,40.63287],[-4.02534,40.63238],[-4.01756,40.63873],[-4.02154,40.6452],[-4.0103,40.6524],[-4.0066,40.66235],[-3.99814,40.66347],[-3.99605,40.66684],[-3.99728,40.67422],[-3.99534,40.68076],[-3.99832,40.68425],[-4.01268,40.68266],[-4.03451,40.67099],[-4.03887,40.66714],[-4.04174,40.66563],[-4.04202,40.66636],[-4.04778,40.65975]]]}},{"type":"Feature","properties":{"ine_code":28011,"name":"Ambite","area_km2":25.9847,"population":732,"income_pp":12672.0,"density":28.1704,"evs_res":14.0,"evs_per_1k":19.1257,"public_sites":0,"public_points":0,"public_fast_sites":0,"private_sites":0,"pts_per_10k":0.0,"fuel_stations":0,"dist_km":6.1941,"fleet_flag":false,"ev_cero":14.0,"eligible":false,"score":null,"rank":null,"rank_best":null,"rank_worst":null,"top20_n":0,"evs_per_pt":14.0,"pct_scarcity":null,"pct_missing":null,"pct_model":null,"pct_market":null,"pct_home_gap":null,"pct_sites":null,"expected":0.287,"ratio":0.0,"p_shortfall":0.7723,"missing":0.287,"group":"Other"},"geometry":{"type":"Polygon","coordinates":[[[-3.21627,40.31259],[-3.21216,40.31021],[-3.20774,40.30588],[-3.20227,40.30599],[-3.18187,40.30368],[-3.18254,40.30707],[-3.17891,40.31421],[-3.17541,40.31603],[-3.16795,40.32286],[-3.1622,40.32598],[-3.16243,40.32741],[-3.15341,40.33171],[-3.15155,40.33564],[-3.15149,40.33848],[-3.1562,40.34186],[-3.15254,40.34378],[-3.15204,40.34539],[-3.14903,40.34625],[-3.14948,40.34706],[-3.14745,40.34735],[-3.14676,40.35008],[-3.14344,40.35005],[-3.14128,40.35127],[-3.14431,40.3538],[-3.14374,40.35793],[-3.14914,40.36029],[-3.1507,40.36472],[-3.15338,40.36736],[-3.14948,40.37169],[-3.151,40.37625],[-3.15517,40.37771],[-3.16354,40.37864],[-3.17383,40.37626],[-3.17745,40.37389],[-3.17584,40.3669],[-3.17769,40.3601],[-3.18407,40.35847],[-3.1969,40.35222],[-3.20454,40.34402],[-3.20375,40.3416],[-3.20087,40.34004],[-3.19938,40.33772],[-3.19971,40.331],[-3.20335,40.32535],[-3.20402,40.32154],[-3.20675,40.31789],[-3.20898,40.31668],[-3.21118,40.31378],[-3.21627,40.31259]]]}},{"type":"Feature","properties":{"ine_code":28012,"name":"Anchuelo","area_km2":21.5308,"population":1414,"income_pp":13676.0,"density":65.6732,"evs_res":27.0,"evs_per_1k":19.0948,"public_sites":0,"public_points":0,"public_fast_sites":0,"private_sites":0,"pts_per_10k":0.0,"fuel_stations":0,"dist_km":3.5321,"fleet_flag":false,"ev_cero":27.0,"eligible":false,"score":null,"rank":null,"rank_best":null,"rank_worst":null,"top20_n":0,"evs_per_pt":27.0,"pct_scarcity":null,"pct_missing":null,"pct_model":null,"pct_market":null,"pct_home_gap":null,"pct_sites":null,"expected":0.6584,"ratio":0.0,"p_shortfall":0.5891,"missing":0.6584,"group":"Other"},"geometry":{"type":"Polygon","coordinates":[[[-3.32162,40.4727],[-3.31763,40.46885],[-3.31152,40.46692],[-3.29258,40.45667],[-3.28743,40.45164],[-3.28243,40.45226],[-3.27361,40.44961],[-3.26771,40.44413],[-3.2684,40.44199],[-3.26717,40.44057],[-3.2675,40.43931],[-3.26049,40.4382],[-3.25721,40.44091],[-3.24949,40.44189],[-3.24891,40.44128],[-3.24791,40.443],[-3.23833,40.44378],[-3.23519,40.44436],[-3.23424,40.44537],[-3.235,40.44938],[-3.23974,40.45136],[-3.24441,40.4521],[-3.24842,40.45662],[-3.2498,40.45885],[-3.25,40.46308],[-3.25346,40.46895],[-3.25759,40.48074],[-3.25965,40.48236],[-3.25836,40.48386],[-3.2647,40.48537],[-3.27376,40.48618],[-3.27585,40.48825],[-3.28023,40.49009],[-3.28285,40.49376],[-3.28786,40.49495],[-3.29207,40.49408],[-3.29857,40.49436],[-3.29706,40.49096],[-3.29442,40.48953],[-3.28976,40.49059],[-3.28675,40.48948],[-3.28775,40.48653],[-3.29743,40.48361],[-3.30164,40.47964],[-3.30382,40.48131],[-3.30949,40.48285],[-3.31197,40.4803],[-3.31587,40.47834],[-3.31559,40.47677],[-3.31852,40.4758],[-3.32162,40.4727]]]}},{"type":"Feature","properties":{"ine_code":28013,"name":"Aranjuez","area_km2":188.4078,"population":63040,"income_pp":14173.0,"density":334.5934,"evs_res":776.0,"evs_per_1k":12.3096,"public_sites":13,"public_points":37,"public_fast_sites":6,"private_sites":6,"pts_per_10k":5.8693,"fuel_stations":7,"dist_km":3.3768,"fleet_flag":false,"ev_cero":776.0,"eligible":true,"score":53.7158,"rank":28.0,"rank_best":24.0,"rank_worst":37.0,"top20_n":0,"evs_per_pt":20.4211,"pct_scarcity":0.3494,"pct_missing":0.6867,"pct_model":0.4458,"pct_market":0.6265,"pct_home_gap":0.4217,"pct_sites":0.6747,"expected":42.6385,"ratio":0.8678,"p_shortfall":0.5657,"missing":5.6385,"group":"Other"},"geometry":{"type":"Polygon","coordinates":[[[-3.87589,39.92741],[-3.86743,39.91771],[-3.86811,39.91614],[-3.8744,39.9119],[-3.87193,39.91016],[-3.87239,39.90891],[-3.86884,39.90798],[-3.86893,39.90494],[-3.86091,39.90261],[-3.84485,39.90264],[-3.83533,39.90028],[-3.82971,39.89725],[-3.8251,39.89228],[-3.81479,39.88575],[-3.80423,39.88463],[-3.80643,39.88739],[-3.80033,39.89102],[-3.78904,39.89987],[-3.77865,39.91134],[-3.77404,39.91332],[-3.77116,39.91578],[-3.76952,39.91507],[-3.756,39.92162],[-3.74587,39.93342],[-3.74492,39.94062],[-3.7313,39.94415],[-3.71481,39.95242],[-3.71137,39.95502],[-3.70498,39.95034],[-3.69783,39.94701],[-3.68403,39.95542],[-3.67761,39.96107],[-3.66518,39.96415],[-3.66202,39.96618],[-3.63501,39.96618],[-3.63402,39.9672],[-3.63464,39.96919],[-3.63109,39.96883],[-3.63384,39.97392],[-3.63498,39.98141],[-3.63814,39.98878],[-3.63538,39.98911],[-3.63293,39.99149],[-3.62916,39.99294],[-3.62229,39.99139],[-3.61562,39.99395],[-3.60945,39.99845],[-3.59542,40.00144],[-3.59,40.01339],[-3.57729,40.0133],[-3.57521,40.01384],[-3.57475,40.01582],[-3.55123,40.01816],[-3.53036,40.01817],[-3.52005,40.02098],[-3.52193,40.02641],[-3.51721,40.03647],[-3.51728,40.04066],[-3.51499,40.04324],[-3.51722,40.04346],[-3.51757,40.0442],[-3.51413,40.04476],[-3.51382,40.04817],[-3.51524,40.04867],[-3.51661,40.04687],[-3.51804,40.04686],[-3.51889,40.05233],[-3.52338,40.05103],[-3.52627,40.04761],[-3.52785,40.04851],[-3.52887,40.05171],[-3.53287,40.05179],[-3.53575,40.04905],[-3.53949,40.05043],[-3.5442,40.04925],[-3.54581,40.05046],[-3.54012,40.05218],[-3.53383,40.05207],[-3.5355,40.06819],[-3.56057,40.06657],[-3.56648,40.06543],[-3.58098,40.05952],[-3.58749,40.05789],[-3.5894,40.05813],[-3.59343,40.06455],[-3.59403,40.06704],[-3.59131,40.06847],[-3.59096,40.07281],[-3.58747,40.07881],[-3.58432,40.08818],[-3.58541,40.09261],[-3.58076,40.10233],[-3.57929,40.10335],[-3.57588,40.11357],[-3.57455,40.11492],[-3.57002,40.11563],[-3.56038,40.1214],[-3.558,40.12549],[-3.56217,40.12621],[-3.57115,40.12379],[-3.57515,40.1218],[-3.57892,40.1256],[-3.5792,40.12778],[-3.57807,40.12979],[-3.58016,40.13005],[-3.58366,40.12749],[-3.59331,40.1274],[-3.59612,40.12024],[-3.60098,40.11748],[-3.5969,40.11377],[-3.59782,40.11127],[-3.60144,40.10848],[-3.60764,40.109],[-3.60932,40.10382],[-3.61418,40.10008],[-3.6139,40.09778],[-3.61119,40.09451],[-3.60582,40.09556],[-3.60405,40.09402],[-3.60859,40.08459],[-3.61252,40.08012],[-3.61592,40.07936],[-3.62289,40.08064],[-3.62626,40.07887],[-3.62818,40.07648],[-3.62564,40.0735],[-3.61881,40.0704],[-3.61726,40.06868],[-3.61823,40.06595],[-3.62466,40.06336],[-3.6244,40.06042],[-3.62006,40.05803],[-3.62063,40.05611],[-3.6256,40.05389],[-3.62973,40.05419],[-3.63681,40.05198],[-3.63652,40.04417],[-3.64555,40.03999],[-3.64638,40.03577],[-3.64801,40.0342],[-3.65012,40.03367],[-3.65564,40.0344],[-3.6573,40.03691],[-3.65986,40.03736],[-3.66638,40.03534],[-3.6677,40.03318],[-3.66719,40.02792],[-3.66803,40.02675],[-3.67582,40.02233],[-3.68278,40.01725],[-3.68544,40.01416],[-3.68824,40.01334],[-3.69376,40.01398],[-3.69509,40.01637],[-3.69423,40.02038],[-3.6977,40.02095],[-3.70009,40.01972],[-3.70639,40.01509],[-3.70879,40.01098],[-3.71244,40.00937],[-3.71522,40.00374],[-3.72225,40.0008],[-3.72504,39.99513],[-3.72457,39.98889],[-3.7277,39.98964],[-3.72975,39.9867],[-3.73165,39.98666],[-3.7353,39.98479],[-3.73586,39.98246],[-3.7346,39.97944],[-3.73644,39.9765],[-3.73731,39.97996],[-3.73959,39.98185],[-3.7432,39.98253],[-3.74645,39.98083],[-3.74654,39.97915],[-3.74131,39.97089],[-3.73733,39.96842],[-3.73178,39.96947],[-3.72785,39.97227],[-3.72404,39.97102],[-3.72446,39.96787],[-3.72754,39.96482],[-3.73524,39.9617],[-3.7436,39.9616],[-3.75008,39.96333],[-3.75288,39.96774],[-3.75781,39.97142],[-3.76013,39.97153],[-3.76127,39.97094],[-3.7582,39.96554],[-3.75116,39.95598],[-3.75183,39.95225],[-3.75528,39.95003],[-3.75964,39.94938],[-3.76555,39.94698],[-3.76998,39.94894],[-3.77088,39.9517],[-3.76976,39.95422],[-3.7615,39.95641],[-3.75895,39.95786],[-3.7646,39.96615],[-3.76579,39.96541],[-3.76615,39.96213],[-3.76984,39.95897],[-3.77587,39.95869],[-3.78135,39.95615],[-3.78924,39.955],[-3.78883,39.95332],[-3.78506,39.95025],[-3.78776,39.94654],[-3.7903,39.94642],[-3.79517,39.94848],[-3.80127,39.9467],[-3.8022,39.94808],[-3.80195,39.95314],[-3.80437,39.95492],[-3.8069,39.9553],[-3.80956,39.95503],[-3.81325,39.95311],[-3.81864,39.94637],[-3.82475,39.94716],[-3.82929,39.94069],[-3.8291,39.9329],[-3.83094,39.93033],[-3.83499,39.92994],[-3.8371,39.93093],[-3.83685,39.93799],[-3.83791,39.9417],[-3.83908,39.94243],[-3.8458,39.9404],[-3.85328,39.93932],[-3.85538,39.93814],[-3.85705,39.93857],[-3.86315,39.93636],[-3.86655,39.93486],[-3.86866,39.93176],[-3.87444,39.92964],[-3.87589,39.92741]]]}},{"type":"Feature","properties":{"ine_code":28014,"name":"Arganda del Rey","area_km2":79.9572,"population":60419,"income_pp":13968.0,"density":755.6422,"evs_res":1182.0,"evs_per_1k":19.5634,"public_sites":18,"public_points":60,"public_fast_sites":10,"private_sites":2,"pts_per_10k":9.9307,"fuel_stations":14,"dist_km":0.2173,"fleet_flag":false,"ev_cero":1182.0,"eligible":true,"score":38.4446,"rank":47.0,"rank_best":27.0,"rank_worst":58.0,"top20_n":0,"evs_per_pt":19.377,"pct_scarcity":0.3012,"pct_missing":0.1867,"pct_model":0.3012,"pct_market":0.6988,"pct_home_gap":0.6506,"pct_sites":0.8193,"expected":49.9226,"ratio":1.2019,"p_shortfall":0.6973,"missing":-10.0774,"group":"Other"},"geometry":{"type":"Polygon","coordinates":[[[-3.51981,40.29468],[-3.50509,40.27927],[-3.50385,40.27674],[-3.50197,40.27659],[-3.49834,40.27217],[-3.49294,40.27109],[-3.49171,40.26844],[-3.48978,40.26785],[-3.48675,40.26334],[-3.48469,40.25818],[-3.48062,40.25496],[-3.47648,40.25523],[-3.47612,40.25611],[-3.4725,40.25538],[-3.46755,40.25566],[-3.45915,40.2583],[-3.45288,40.25722],[-3.43664,40.25806],[-3.42276,40.25483],[-3.41943,40.25762],[-3.41413,40.25763],[-3.41007,40.25894],[-3.40419,40.25554],[-3.39602,40.24821],[-3.39002,40.25006],[-3.37686,40.26183],[-3.36975,40.26531],[-3.37462,40.27184],[-3.38436,40.28085],[-3.37789,40.28793],[-3.3771,40.29135],[-3.37598,40.29137],[-3.3796,40.29788],[-3.38243,40.29776],[-3.38245,40.29938],[-3.38386,40.29997],[-3.38734,40.29951],[-3.39531,40.30164],[-3.39757,40.30436],[-3.4013,40.30311],[-3.40191,40.30512],[-3.40534,40.30637],[-3.40836,40.30629],[-3.40937,40.31059],[-3.41476,40.31203],[-3.41528,40.31343],[-3.42456,40.31484],[-3.42721,40.31604],[-3.42688,40.31656],[-3.42791,40.31628],[-3.42851,40.31814],[-3.43088,40.31806],[-3.43217,40.32173],[-3.43115,40.32319],[-3.43229,40.32436],[-3.43104,40.33003],[-3.43159,40.33621],[-3.42857,40.34558],[-3.42575,40.3493],[-3.4266,40.35135],[-3.4356,40.35206],[-3.44285,40.34946],[-3.45218,40.34313],[-3.46304,40.34157],[-3.47155,40.33811],[-3.47032,40.33432],[-3.47213,40.33113],[-3.47019,40.32702],[-3.47074,40.31948],[-3.47844,40.31949],[-3.4835,40.32393],[-3.48548,40.32423],[-3.49454,40.31582],[-3.49829,40.31548],[-3.51103,40.31855],[-3.5138,40.31716],[-3.51445,40.31318],[-3.51087,40.31249],[-3.5097,40.31012],[-3.50523,40.30921],[-3.50612,40.30807],[-3.51339,40.30625],[-3.51515,40.30481],[-3.5123,40.30274],[-3.50901,40.30219],[-3.50891,40.30136],[-3.51775,40.29751],[-3.51981,40.29468]]]}},{"type":"Feature","properties":{"ine_code":28015,"name":"Arroyomolinos","area_km2":20.7042,"population":38075,"income_pp":17420.0,"density":1838.9997,"evs_res":1806.0,"evs_per_1k":47.4327,"public_sites":10,"public_points":149,"public_fast_sites":5,"private_sites":0,"pts_per_10k":39.1333,"fuel_stations":3,"dist_km":0.4574,"fleet_flag":false,"ev_cero":1806.0,"eligible":true,"score":18.4748,"rank":73.0,"rank_best":40.0,"rank_worst":78.0,"top20_n":0,"evs_per_pt":12.04,"pct_scarcity":0.1687,"pct_missing":0.1867,"pct_model":0.0241,"pct_market":0.8072,"pct_home_gap":0.8313,"pct_sites":0.4759,"expected":42.3181,"ratio":3.521,"p_shortfall":0.9789,"missing":-106.6819,"group":"Other"},"geometry":{"type":"Polygon","coordinates":[[[-3.94887,40.27312],[-3.94744,40.27144],[-3.94663,40.26702],[-3.94786,40.26242],[-3.94493,40.26117],[-3.94273,40.2626],[-3.94064,40.26204],[-3.94082,40.26272],[-3.93949,40.26294],[-3.93733,40.25973],[-3.93027,40.25657],[-3.92421,40.25762],[-3.91877,40.26046],[-3.91607,40.26089],[-3.91415,40.25953],[-3.91373,40.2572],[-3.91183,40.25624],[-3.90875,40.25887],[-3.90167,40.26232],[-3.89888,40.26553],[-3.89877,40.26716],[-3.89761,40.26708],[-3.88595,40.2779],[-3.88497,40.28065],[-3.88747,40.28319],[-3.88003,40.28494],[-3.87607,40.28716],[-3.88114,40.29232],[-3.8833,40.29194],[-3.88371,40.29111],[-3.88453,40.29198],[-3.88605,40.29117],[-3.88969,40.29462],[-3.89218,40.30195],[-3.89454,40.30163],[-3.89621,40.30423],[-3.90219,40.30486],[-3.90528,40.30385],[-3.91179,40.2951],[-3.91572,40.29303],[-3.91531,40.2985],[-3.91847,40.3026],[-3.92436,40.30252],[-3.93029,40.30109],[-3.93678,40.29743],[-3.94175,40.29718],[-3.94143,40.29271],[-3.93805,40.29186],[-3.92891,40.29595],[-3.92303,40.29546],[-3.91891,40.29212],[-3.91641,40.29214],[-3.91647,40.28988],[-3.91891,40.28952],[-3.92521,40.29149],[-3.93023,40.2917],[-3.93477,40.29105],[-3.93608,40.29007],[-3.93916,40.29158],[-3.94205,40.29171],[-3.94278,40.28991],[-3.94157,40.28644],[-3.94291,40.28191],[-3.94673,40.27778],[-3.94887,40.27312]]]}},{"type":"Feature","properties":{"ine_code":28016,"name":"El Atazar","area_km2":29.523,"population":110,"income_pp":13811.0,"density":3.7259,"evs_res":3.0,"evs_per_1k":27.2727,"public_sites":0,"public_points":0,"public_fast_sites":0,"private_sites":0,"pts_per_10k":0.0,"fuel_stations":0,"dist_km":6.5291,"fleet_flag":false,"ev_cero":3.0,"eligible":false,"score":null,"rank":null,"rank_best":null,"rank_worst":null,"top20_n":0,"evs_per_pt":3.0,"pct_scarcity":null,"pct_missing":null,"pct_model":null,"pct_market":null,"pct_home_gap":null,"pct_sites":null,"expected":0.044,"ratio":0.0,"p_shortfall":0.9577,"missing":0.044,"group":"Other"},"geometry":{"type":"Polygon","coordinates":[[[-3.50228,40.92432],[-3.5023,40.91695],[-3.50006,40.91309],[-3.49766,40.91212],[-3.49864,40.90949],[-3.50023,40.90847],[-3.49958,40.90786],[-3.49727,40.90913],[-3.49212,40.90885],[-3.48873,40.91006],[-3.48379,40.90812],[-3.48394,40.91156],[-3.48057,40.91261],[-3.47831,40.91229],[-3.4797,40.91092],[-3.47967,40.90964],[-3.4786,40.90944],[-3.47508,40.91214],[-3.47262,40.91248],[-3.47058,40.91402],[-3.46984,40.91538],[-3.47099,40.91725],[-3.46981,40.91828],[-3.46318,40.91765],[-3.46516,40.91517],[-3.46418,40.91393],[-3.45945,40.91543],[-3.44946,40.91291],[-3.44897,40.91592],[-3.44649,40.91879],[-3.44721,40.9224],[-3.44146,40.92909],[-3.43725,40.93141],[-3.43568,40.93368],[-3.43371,40.93755],[-3.4348,40.93799],[-3.43497,40.94608],[-3.43143,40.94925],[-3.42781,40.96025],[-3.42155,40.96732],[-3.43421,40.96497],[-3.43936,40.96626],[-3.44367,40.96398],[-3.45506,40.9655],[-3.45925,40.96496],[-3.47408,40.96652],[-3.48198,40.9659],[-3.47954,40.96392],[-3.48488,40.96275],[-3.4929,40.95515],[-3.4981,40.9462],[-3.49917,40.94207],[-3.4981,40.94043],[-3.49888,40.93613],[-3.49729,40.9277],[-3.50016,40.92391],[-3.50228,40.92432]]]}},{"type":"Feature","properties":{"ine_code":28017,"name":"Batres","area_km2":21.419,"population":1976,"income_pp":16503.0,"density":92.2546,"evs_res":66.0,"evs_per_1k":33.4008,"public_sites":0,"public_points":0,"public_fast_sites":0,"private_sites":0,"pts_per_10k":0.0,"fuel_stations":0,"dist_km":4.5943,"fleet_flag":false,"ev_cero":66.0,"eligible":false,"score":null,"rank":null,"rank_best":null,"rank_worst":null,"top20_n":0,"evs_per_pt":66.0,"pct_scarcity":null,"pct_missing":null,"pct_model":null,"pct_market":null,"pct_home_gap":null,"pct_sites":null,"expected":1.3244,"ratio":0.0,"p_shortfall":0.4051,"missing":1.3244,"group":"Other"},"geometry":{"type":"Polygon","coordinates":[[[-3.95619,40.19966],[-3.95468,40.19743],[-3.9509,40.19665],[-3.94888,40.20454],[-3.93584,40.20266],[-3.93101,40.20397],[-3.92812,40.20286],[-3.92453,40.19985],[-3.91833,40.20149],[-3.91077,40.20219],[-3.90173,40.1997],[-3.89719,40.19613],[-3.89612,40.19718],[-3.89502,40.21086],[-3.8995,40.21564],[-3.90327,40.22377],[-3.90259,40.2252],[-3.89934,40.227],[-3.90534,40.23698],[-3.91464,40.24414],[-3.91703,40.24383],[-3.91866,40.24496],[-3.92433,40.24587],[-3.92667,40.24878],[-3.93249,40.24722],[-3.93663,40.2496],[-3.94119,40.25088],[-3.95173,40.25131],[-3.95166,40.24863],[-3.94902,40.24383],[-3.95196,40.24372],[-3.95062,40.23755],[-3.94781,40.23228],[-3.94692,40.22594],[-3.95006,40.22612],[-3.94876,40.22175],[-3.95279,40.21293],[-3.95345,40.20742],[-3.95619,40.19966]]]}},{"type":"Feature","properties":{"ine_code":28018,"name":"Becerril de la Sierra","area_km2":29.6767,"population":6737,"income_pp":17515.0,"density":227.013,"evs_res":168.0,"evs_per_1k":24.9369,"public_sites":0,"public_points":0,"public_fast_sites":0,"private_sites":0,"pts_per_10k":0.0,"fuel_stations":1,"dist_km":2.6819,"fleet_flag":false,"ev_cero":168.0,"eligible":true,"score":50.6248,"rank":31.0,"rank_best":22.0,"rank_worst":57.0,"top20_n":0,"evs_per_pt":168.0,"pct_scarcity":0.9639,"pct_missing":0.7108,"pct_model":0.9639,"pct_market":0.1988,"pct_home_gap":0.2892,"pct_sites":0.1386,"expected":5.9884,"ratio":0.0,"p_shortfall":0.1111,"missing":5.9884,"group":"Other"},"geometry":{"type":"MultiPolygon","coordinates":[[[[-3.8729,40.65792],[-3.86898,40.6617],[-3.87365,40.66514],[-3.87829,40.67638],[-3.8777,40.67905],[-3.87389,40.68109],[-3.87088,40.68096],[-3.86717,40.68268],[-3.86289,40.68666],[-3.84982,40.68576],[-3.84605,40.68769],[-3.84299,40.68751],[-3.83015,40.68053],[-3.83227,40.6768],[-3.8376,40.67343],[-3.84461,40.67214],[-3.84597,40.66838],[-3.83991,40.6662],[-3.84407,40.66617],[-3.85498,40.66318],[-3.85945,40.65819],[-3.85823,40.65504],[-3.86247,40.64751],[-3.86504,40.64564],[-3.87254,40.6478],[-3.87692,40.65094],[-3.88063,40.65154],[-3.8752,40.65286],[-3.8729,40.65792]]],[[[-3.90976,40.67564],[-3.90742,40.67764],[-3.90659,40.67318],[-3.91466,40.67172],[-3.91924,40.67285],[-3.91595,40.67531],[-3.91324,40.67472],[-3.90976,40.67564]]],[[[-3.91511,40.67591],[-3.90598,40.68221],[-3.90371,40.68056],[-3.91183,40.6767],[-3.91511,40.67591]]],[[[-4.00272,40.71358],[-4.00178,40.71843],[-3.9994,40.71951],[-3.99553,40.72506],[-3.98803,40.73215],[-3.98501,40.73908],[-3.98307,40.74112],[-3.98182,40.75484],[-3.97796,40.76174],[-3.9686,40.76711],[-3.96272,40.76488],[-3.96059,40.75959],[-3.95993,40.7339],[-3.95821,40.72913],[-3.95347,40.72308],[-3.95121,40.72196],[-3.94983,40.71696],[-3.95156,40.71618],[-3.96003,40.70696],[-3.96485,40.70592],[-3.96751,40.70635],[-3.97034,40.70369],[-3.9753,40.70631],[-3.97979,40.70678],[-3.98128,40.70607],[-3.98502,40.70199],[-3.98822,40.69553],[-3.9975,40.69043],[-4.0034,40.70246],[-4.00337,40.70776],[-4.00457,40.71124],[-4.00272,40.71358]]]]}},{"type":"Feature","properties":{"ine_code":28019,"name":"Belmonte de Tajo","area_km2":23.8507,"population":1955,"income_pp":13173.0,"density":81.9681,"evs_res":34.0,"evs_per_1k":17.3913,"public_sites":0,"public_points":0,"public_fast_sites":0,"private_sites":0,"pts_per_10k":0.0,"fuel_stations":0,"dist_km":5.2676,"fleet_flag":false,"ev_cero":34.0,"eligible":false,"score":null,"rank":null,"rank_best":null,"rank_worst":null,"top20_n":0,"evs_per_pt":34.0,"pct_scarcity":null,"pct_missing":null,"pct_model":null,"pct_market":null,"pct_home_gap":null,"pct_sites":null,"expected":0.8665,"ratio":0.0,"p_shortfall":0.5176,"missing":0.8665,"group":"Other"},"geometry":{"type":"Polygon","coordinates":[[[-3.37773,40.13368],[-3.37316,40.12711],[-3.37039,40.12476],[-3.36082,40.119],[-3.35209,40.11748],[-3.34378,40.11004],[-3.3449,40.10237],[-3.3476,40.10011],[-3.34831,40.098],[-3.3421,40.1045],[-3.33779,40.10683],[-3.3349,40.11049],[-3.33246,40.1116],[-3.33106,40.11428],[-3.32604,40.11646],[-3.32434,40.11945],[-3.31107,40.13093],[-3.30666,40.13214],[-3.29644,40.13137],[-3.30228,40.14772],[-3.30523,40.15339],[-3.31285,40.16363],[-3.32057,40.1783],[-3.33877,40.15112],[-3.34158,40.15079],[-3.34252,40.14936],[-3.34459,40.14947],[-3.35768,40.14179],[-3.36194,40.14158],[-3.36696,40.13963],[-3.37773,40.13368]]]}},{"type":"Feature","properties":{"ine_code":28020,"name":"Berzosa del Lozoya","area_km2":14.3087,"population":242,"income_pp":19798.0,"density":16.9127,"evs_res":1.0,"evs_per_1k":4.1322,"public_sites":1,"public_points":2,"public_fast_sites":1,"private_sites":0,"pts_per_10k":82.6446,"fuel_stations":0,"dist_km":0.8805,"fleet_flag":false,"ev_cero":1.0,"eligible":false,"score":null,"rank":null,"rank_best":null,"rank_worst":null,"top20_n":0,"evs_per_pt":0.3333,"pct_scarcity":null,"pct_missing":null,"pct_model":null,"pct_market":null,"pct_home_gap":null,"pct_sites":null,"expected":0.1848,"ratio":10.8216,"p_shortfall":0.9968,"missing":-1.8152,"group":"Other"},"geometry":{"type":"Polygon","coordinates":[[[-3.5648,40.96953],[-3.56307,40.96505],[-3.55784,40.95861],[-3.55891,40.95683],[-3.56207,40.95596],[-3.55486,40.95165],[-3.55179,40.95208],[-3.54453,40.95044],[-3.54314,40.95194],[-3.54489,40.9552],[-3.53905,40.96114],[-3.53662,40.95978],[-3.52767,40.96483],[-3.52533,40.96403],[-3.51163,40.96464],[-3.50167,40.97549],[-3.49487,40.97811],[-3.49593,40.98232],[-3.49486,40.98316],[-3.49726,40.98557],[-3.49799,40.9891],[-3.49638,40.9947],[-3.50052,40.99459],[-3.50176,40.99376],[-3.51077,40.9924],[-3.51199,40.99385],[-3.51554,40.99378],[-3.51788,40.98946],[-3.52532,40.98919],[-3.52584,40.98676],[-3.53312,40.9846],[-3.53675,40.98238],[-3.53899,40.98254],[-3.54108,40.98089],[-3.5471,40.98007],[-3.55882,40.97271],[-3.56241,40.97315],[-3.56339,40.97257],[-3.5648,40.96953]]]}},{"type":"Feature","properties":{"ine_code":28021,"name":"El Berrueco","area_km2":28.4176,"population":795,"income_pp":15781.0,"density":27.9756,"evs_res":11.0,"evs_per_1k":13.8365,"public_sites":0,"public_points":0,"public_fast_sites":0,"private_sites":0,"pts_per_10k":0.0,"fuel_stations":0,"dist_km":3.7362,"fleet_flag":false,"ev_cero":11.0,"eligible":false,"score":null,"rank":null,"rank_best":null,"rank_worst":null,"top20_n":0,"evs_per_pt":11.0,"pct_scarcity":null,"pct_missing":null,"pct_model":null,"pct_market":null,"pct_home_gap":null,"pct_sites":null,"expected":0.5014,"ratio":0.0,"p_shortfall":0.6559,"missing":0.5014,"group":"Other"},"geometry":{"type":"Polygon","coordinates":[[[-3.60257,40.89445],[-3.59443,40.8781],[-3.58757,40.87157],[-3.58621,40.86801],[-3.57834,40.85905],[-3.5717,40.85329],[-3.57099,40.85095],[-3.5548,40.85851],[-3.54654,40.85616],[-3.53992,40.86302],[-3.53652,40.86245],[-3.53502,40.86532],[-3.52819,40.86946],[-3.51862,40.88563],[-3.51617,40.89195],[-3.51316,40.8949],[-3.5178,40.90489],[-3.51786,40.90209],[-3.52066,40.90011],[-3.52579,40.90136],[-3.53039,40.8994],[-3.53583,40.90272],[-3.53799,40.90147],[-3.53671,40.89932],[-3.53845,40.89844],[-3.54074,40.89927],[-3.54492,40.90459],[-3.55404,40.90369],[-3.56238,40.90589],[-3.5651,40.90361],[-3.57059,40.9042],[-3.57286,40.90314],[-3.57365,40.90123],[-3.60257,40.89445]]]}},{"type":"Feature","properties":{"ine_code":28022,"name":"Boadilla del Monte","area_km2":47.157,"population":66349,"income_pp":26668.0,"density":1406.9819,"evs_res":11099.0,"evs_per_1k":167.2821,"public_sites":40,"public_points":102,"public_fast_sites":15,"private_sites":5,"pts_per_10k":15.3733,"fuel_stations":5,"dist_km":0.3852,"fleet_flag":false,"ev_cero":11099.0,"eligible":true,"score":95.8114,"rank":2.0,"rank_best":1.0,"rank_worst":3.0,"top20_n":5,"evs_per_pt":107.7573,"pct_scarcity":0.8795,"pct_missing":0.9759,"pct_model":0.6747,"pct_market":0.988,"pct_home_gap":0.7711,"pct_sites":0.6084,"expected":155.003,"ratio":0.6581,"p_shortfall":0.4516,"missing":53.003,"group":"Other"},"geometry":{"type":"Polygon","coordinates":[[[-3.95257,40.43822],[-3.95112,40.43557],[-3.95233,40.42616],[-3.94708,40.42195],[-3.94918,40.41397],[-3.9408,40.41543],[-3.9291,40.41189],[-3.92679,40.40982],[-3.92058,40.4068],[-3.91017,40.40613],[-3.90128,40.40117],[-3.89094,40.39755],[-3.88728,40.39454],[-3.88554,40.39154],[-3.88525,40.39092],[-3.88685,40.39051],[-3.88662,40.38939],[-3.8828,40.38821],[-3.87885,40.38461],[-3.871,40.38122],[-3.8678,40.378],[-3.85428,40.38673],[-3.84777,40.38954],[-3.84387,40.39296],[-3.83783,40.4031],[-3.84036,40.40814],[-3.84226,40.41869],[-3.84397,40.41688],[-3.84599,40.41748],[-3.85183,40.42488],[-3.85428,40.43314],[-3.86188,40.44014],[-3.8627,40.444],[-3.86838,40.44372],[-3.88227,40.44547],[-3.88955,40.44992],[-3.89487,40.45478],[-3.89903,40.45633],[-3.90506,40.45099],[-3.90632,40.44601],[-3.90892,40.44262],[-3.91217,40.44333],[-3.92319,40.44193],[-3.92647,40.44329],[-3.93122,40.44874],[-3.94539,40.45499],[-3.94575,40.45276],[-3.94909,40.45052],[-3.94929,40.44718],[-3.95097,40.44522],[-3.95025,40.44114],[-3.95257,40.43822]]]}},{"type":"Feature","properties":{"ine_code":28023,"name":"El Boalo-Cerceda-Mataelpino","area_km2":39.4433,"population":8770,"income_pp":17915.0,"density":222.3447,"evs_res":266.0,"evs_per_1k":30.3307,"public_sites":7,"public_points":17,"public_fast_sites":2,"private_sites":0,"pts_per_10k":19.3843,"fuel_stations":1,"dist_km":0.5464,"fleet_flag":false,"ev_cero":266.0,"eligible":true,"score":14.8157,"rank":76.0,"rank_best":69.0,"rank_worst":77.0,"top20_n":0,"evs_per_pt":14.7778,"pct_scarcity":0.2289,"pct_missing":0.1867,"pct_model":0.0964,"pct_market":0.3253,"pct_home_gap":0.2651,"pct_sites":0.1386,"expected":9.0928,"ratio":1.8696,"p_shortfall":0.8567,"missing":-7.9072,"group":"Other"},"geometry":{"type":"MultiPolygon","coordinates":[[[[-3.93034,40.65936],[-3.92903,40.66372],[-3.92227,40.66467],[-3.91675,40.66369],[-3.92029,40.67275],[-3.91466,40.67172],[-3.90279,40.67431],[-3.90249,40.67756],[-3.9034,40.679],[-3.90742,40.67764],[-3.90976,40.67564],[-3.91324,40.67472],[-3.91595,40.67531],[-3.90371,40.68056],[-3.90124,40.67935],[-3.90111,40.68208],[-3.8987,40.68331],[-3.89015,40.67954],[-3.87824,40.68183],[-3.87389,40.68109],[-3.8777,40.67905],[-3.87829,40.67638],[-3.87365,40.66514],[-3.86898,40.6617],[-3.87382,40.65725],[-3.89699,40.66948],[-3.90345,40.66964],[-3.90606,40.66838],[-3.90638,40.66672],[-3.90417,40.65634],[-3.90536,40.65317],[-3.91291,40.64946],[-3.91925,40.64858],[-3.91533,40.65601],[-3.91676,40.66015],[-3.92869,40.65715],[-3.93034,40.65936]]],[[[-3.83763,40.66711],[-3.83991,40.6662],[-3.84597,40.66838],[-3.84461,40.67214],[-3.8376,40.67343],[-3.83227,40.6768],[-3.83763,40.66711]]],[[[-3.96512,40.7682],[-3.96027,40.76566],[-3.95184,40.76351],[-3.947,40.75839],[-3.94206,40.75518],[-3.93349,40.75232],[-3.92102,40.74323],[-3.91217,40.73959],[-3.90692,40.73861],[-3.90355,40.73178],[-3.90101,40.73],[-3.89752,40.71853],[-3.89322,40.71444],[-3.89387,40.70926],[-3.89176,40.70436],[-3.89365,40.70278],[-3.90249,40.69928],[-3.90561,40.69682],[-3.91304,40.68754],[-3.92466,40.67988],[-3.92434,40.6775],[-3.92668,40.67994],[-3.93413,40.68152],[-3.94474,40.68652],[-3.94976,40.68954],[-3.95245,40.69301],[-3.95289,40.70029],[-3.95165,40.70233],[-3.93682,40.71536],[-3.9331,40.72481],[-3.93418,40.72618],[-3.93546,40.72573],[-3.93866,40.72717],[-3.95121,40.72196],[-3.95347,40.72308],[-3.95821,40.72913],[-3.96012,40.73535],[-3.96059,40.75959],[-3.96272,40.76488],[-3.9686,40.76711],[-3.96801,40.76796],[-3.96512,40.7682]]]]}},{"type":"Feature","properties":{"ine_code":28024,"name":"Braojos","area_km2":24.762,"population":233,"income_pp":17607.0,"density":9.4096,"evs_res":10.0,"evs_per_1k":42.9185,"public_sites":1,"public_points":2,"public_fast_sites":0,"private_sites":1,"pts_per_10k":85.8369,"fuel_stations":0,"dist_km":2.419,"fleet_flag":false,"ev_cero":10.0,"eligible":false,"score":null,"rank":null,"rank_best":null,"rank_worst":null,"top20_n":0,"evs_per_pt":3.3333,"pct_scarcity":null,"pct_missing":null,"pct_model":null,"pct_market":null,"pct_home_gap":null,"pct_sites":null,"expected":0.1499,"ratio":13.3457,"p_shortfall":0.9982,"missing":-1.8501,"group":"Other"},"geometry":{"type":"Polygon","coordinates":[[[-3.70564,41.07751],[-3.69264,41.05976],[-3.68033,41.05403],[-3.67263,41.04151],[-3.66164,41.03704],[-3.65223,41.03165],[-3.65043,41.03331],[-3.64585,41.03298],[-3.64259,41.03191],[-3.64021,41.02952],[-3.63577,41.02908],[-3.63367,41.03324],[-3.63144,41.03424],[-3.62278,41.0508],[-3.6252,41.05638],[-3.62621,41.06449],[-3.63019,41.06871],[-3.6353,41.06976],[-3.64401,41.07319],[-3.64934,41.07351],[-3.65367,41.07482],[-3.6573,41.07703],[-3.67024,41.08203],[-3.67513,41.08452],[-3.67682,41.08644],[-3.68068,41.08417],[-3.68505,41.085],[-3.69413,41.08331],[-3.70168,41.08022],[-3.70564,41.07751]]]}},{"type":"Feature","properties":{"ine_code":28025,"name":"Brea de Tajo","area_km2":44.2626,"population":577,"income_pp":12793.0,"density":13.0358,"evs_res":2.0,"evs_per_1k":3.4662,"public_sites":1,"public_points":1,"public_fast_sites":0,"private_sites":0,"pts_per_10k":17.331,"fuel_stations":0,"dist_km":2.2249,"fleet_flag":false,"ev_cero":2.0,"eligible":false,"score":null,"rank":null,"rank_best":null,"rank_worst":null,"top20_n":0,"evs_per_pt":1.0,"pct_scarcity":null,"pct_missing":null,"pct_model":null,"pct_market":null,"pct_home_gap":null,"pct_sites":null,"expected":0.1802,"ratio":5.5498,"p_shortfall":0.9782,"missing":-0.8198,"group":"Other"},"geometry":{"type":"Polygon","coordinates":[[[-3.17334,40.23349],[-3.17037,40.23424],[-3.16926,40.23316],[-3.16795,40.23345],[-3.1658,40.23238],[-3.16452,40.23291],[-3.1597,40.2281],[-3.15858,40.22854],[-3.15939,40.22774],[-3.15775,40.22796],[-3.15497,40.2261],[-3.15194,40.22267],[-3.15005,40.22252],[-3.14922,40.22085],[-3.14382,40.21977],[-3.12948,40.21341],[-3.12506,40.20994],[-3.10959,40.20377],[-3.08825,40.20032],[-3.08354,40.20208],[-3.07943,40.20833],[-3.08304,40.21482],[-3.07929,40.21939],[-3.07985,40.2274],[-3.08216,40.23043],[-3.087,40.2337],[-3.08976,40.23882],[-3.08825,40.24233],[-3.08887,40.24524],[-3.09976,40.26167],[-3.09761,40.26458],[-3.09615,40.26907],[-3.09673,40.27024],[-3.10219,40.27692],[-3.10738,40.27964],[-3.10951,40.28519],[-3.11301,40.28545],[-3.12736,40.27931],[-3.14168,40.26749],[-3.14932,40.2646],[-3.16004,40.25669],[-3.16419,40.24993],[-3.17013,40.24535],[-3.17334,40.23349]]]}},{"type":"Feature","properties":{"ine_code":28026,"name":"Brunete","area_km2":48.8293,"population":11287,"income_pp":15529.0,"density":231.1522,"evs_res":270.6687,"evs_per_1k":23.9806,"public_sites":6,"public_points":16,"public_fast_sites":2,"private_sites":1,"pts_per_10k":14.1756,"fuel_stations":2,"dist_km":0.0859,"fleet_flag":true,"ev_cero":6780.0,"eligible":true,"score":19.268,"rank":71.0,"rank_best":61.0,"rank_worst":72.0,"top20_n":0,"evs_per_pt":15.9217,"pct_scarcity":0.241,"pct_missing":0.1867,"pct_model":0.1325,"pct_market":0.3373,"pct_home_gap":0.3012,"pct_sites":0.3133,"expected":9.601,"ratio":1.6665,"p_shortfall":0.8215,"missing":-6.399,"group":"Other"},"geometry":{"type":"Polygon","coordinates":[[[-4.04649,40.3882],[-4.03983,40.38494],[-4.03728,40.38183],[-4.03609,40.38189],[-4.03429,40.37775],[-4.03208,40.37807],[-4.02851,40.37652],[-4.02734,40.37343],[-4.02236,40.37237],[-4.01153,40.36536],[-4.01129,40.36443],[-4.00724,40.36405],[-4.00697,40.36062],[-4.00562,40.35895],[-4.00053,40.36199],[-3.99103,40.36356],[-3.98472,40.36751],[-3.97961,40.36949],[-3.97325,40.36798],[-3.96948,40.36888],[-3.96932,40.36959],[-3.96714,40.36921],[-3.96684,40.37021],[-3.96264,40.37041],[-3.95619,40.36832],[-3.95207,40.36874],[-3.95048,40.36777],[-3.94629,40.37068],[-3.94403,40.37578],[-3.94669,40.37918],[-3.94762,40.38454],[-3.95079,40.38958],[-3.94517,40.39602],[-3.94686,40.40771],[-3.95252,40.40792],[-3.96974,40.41726],[-3.97703,40.42569],[-3.97952,40.43618],[-3.98151,40.43502],[-3.98299,40.4356],[-3.98588,40.4316],[-3.98838,40.4327],[-3.99153,40.43129],[-3.99628,40.43061],[-4.00244,40.43162],[-4.00808,40.43533],[-4.01383,40.43565],[-4.01907,40.43393],[-4.02164,40.4293],[-4.02676,40.42912],[-4.02637,40.428],[-4.03003,40.42629],[-4.02833,40.42562],[-4.02718,40.42281],[-4.0296,40.42296],[-4.0308,40.41879],[-4.02989,40.41725],[-4.03129,40.41726],[-4.03032,40.41682],[-4.0299,40.41415],[-4.03048,40.41369],[-4.03086,40.4153],[-4.03161,40.41472],[-4.03248,40.41587],[-4.03175,40.41347],[-4.03423,40.41264],[-4.03342,40.41035],[-4.0377,40.40339],[-4.03983,40.40388],[-4.04028,40.4025],[-4.04291,40.40198],[-4.04293,40.4005],[-4.04162,40.39963],[-4.04241,40.39775],[-4.04149,40.39558],[-4.04532,40.39379],[-4.04649,40.3882]]]}},{"type":"Feature","properties":{"ine_code":28027,"name":"Buitrago del Lozoya","area_km2":25.4791,"population":2034,"income_pp":14627.0,"density":79.8302,"evs_res":81.0,"evs_per_1k":39.823,"public_sites":0,"public_points":0,"public_fast_sites":0,"private_sites":1,"pts_per_10k":0.0,"fuel_stations":2,"dist_km":5.754,"fleet_flag":false,"ev_cero":81.0,"eligible":false,"score":null,"rank":null,"rank_best":null,"rank_worst":null,"top20_n":0,"evs_per_pt":81.0,"pct_scarcity":null,"pct_missing":null,"pct_model":null,"pct_market":null,"pct_home_gap":null,"pct_sites":null,"expected":2.7565,"ratio":0.0,"p_shortfall":0.2329,"missing":2.7565,"group":"Other"},"geometry":{"type":"Polygon","coordinates":[[[-3.66871,40.99217],[-3.66601,40.98807],[-3.65946,40.98675],[-3.65424,40.98044],[-3.65721,40.97859],[-3.65703,40.97388],[-3.65181,40.97649],[-3.64749,40.97642],[-3.6526,40.96788],[-3.65409,40.95953],[-3.65049,40.95865],[-3.64792,40.95569],[-3.64446,40.9537],[-3.63303,40.96104],[-3.62938,40.96155],[-3.62522,40.96761],[-3.62423,40.97082],[-3.61967,40.97129],[-3.61526,40.97311],[-3.60755,40.97337],[-3.60348,40.97641],[-3.60496,40.97868],[-3.59788,40.9839],[-3.58964,40.98218],[-3.58485,40.98532],[-3.58131,40.9913],[-3.58309,40.9914],[-3.58527,40.99332],[-3.59024,40.99538],[-3.59285,40.99821],[-3.5954,40.99805],[-3.59819,40.99929],[-3.5995,40.99833],[-3.60477,41.00592],[-3.61023,41.00977],[-3.61831,41.01131],[-3.61885,41.02108],[-3.62361,41.02261],[-3.62352,41.02421],[-3.62531,41.02467],[-3.62864,41.02129],[-3.63212,41.02039],[-3.63454,41.02102],[-3.63604,41.01884],[-3.63449,41.01701],[-3.63445,41.01425],[-3.63574,41.01352],[-3.63368,41.01207],[-3.63305,41.00874],[-3.63386,41.00333],[-3.63685,41.00181],[-3.64114,41.00184],[-3.64236,41.0041],[-3.64561,41.00257],[-3.64795,41.00374],[-3.64989,41.00077],[-3.65291,41.00276],[-3.65222,41.00624],[-3.65579,41.0075],[-3.65742,41.00374],[-3.66106,41.00329],[-3.65665,41.00012],[-3.65117,40.99771],[-3.65156,40.99712],[-3.6549,40.99484],[-3.66559,40.99533],[-3.66871,40.99217]]]}},{"type":"Feature","properties":{"ine_code":28028,"name":"Bustarviejo","area_km2":57.274,"population":2870,"income_pp":16087.0,"density":50.11,"evs_res":51.0,"evs_per_1k":17.77,"public_sites":0,"public_points":0,"public_fast_sites":0,"private_sites":0,"pts_per_10k":0.0,"fuel_stations":1,"dist_km":3.6552,"fleet_flag":false,"ev_cero":51.0,"eligible":false,"score":null,"rank":null,"rank_best":null,"rank_worst":null,"top20_n":0,"evs_per_pt":51.0,"pct_scarcity":null,"pct_missing":null,"pct_model":null,"pct_market":null,"pct_home_gap":null,"pct_sites":null,"expected":2.9512,"ratio":0.0,"p_shortfall":0.2195,"missing":2.9512,"group":"Other"},"geometry":{"type":"Polygon","coordinates":[[[-3.7906,40.84676],[-3.78782,40.84532],[-3.78554,40.83873],[-3.77446,40.82694],[-3.76533,40.82393],[-3.7579,40.82024],[-3.74485,40.80885],[-3.74501,40.80728],[-3.74104,40.8054],[-3.73363,40.80513],[-3.73179,40.80302],[-3.72494,40.801],[-3.72349,40.79815],[-3.71854,40.79511],[-3.71019,40.79871],[-3.7013,40.80018],[-3.7014,40.82433],[-3.69059,40.82735],[-3.68501,40.83029],[-3.68023,40.83119],[-3.6789,40.83267],[-3.67702,40.83215],[-3.67346,40.83328],[-3.67056,40.83312],[-3.6769,40.84034],[-3.67654,40.84215],[-3.67938,40.84897],[-3.67891,40.85811],[-3.68045,40.85877],[-3.67911,40.86115],[-3.68621,40.8729],[-3.69292,40.87791],[-3.69311,40.88072],[-3.69593,40.88085],[-3.70343,40.87784],[-3.71735,40.87616],[-3.72199,40.87381],[-3.72538,40.87467],[-3.73408,40.8749],[-3.73682,40.87561],[-3.73934,40.87772],[-3.74101,40.8741],[-3.74476,40.87283],[-3.74648,40.87031],[-3.74696,40.87087],[-3.75041,40.8697],[-3.752,40.86788],[-3.75634,40.86747],[-3.75858,40.8692],[-3.76142,40.86914],[-3.76204,40.87086],[-3.76779,40.86716],[-3.77083,40.86751],[-3.77164,40.86877],[-3.77699,40.86455],[-3.77594,40.86182],[-3.77675,40.86096],[-3.78128,40.85759],[-3.78462,40.85636],[-3.78608,40.85064],[-3.7906,40.84676]]]}},{"type":"Feature","properties":{"ine_code":28029,"name":"Cabanillas de la Sierra","area_km2":14.0273,"population":961,"income_pp":17287.0,"density":68.5092,"evs_res":30.0,"evs_per_1k":31.2175,"public_sites":2,"public_points":2,"public_fast_sites":0,"private_sites":0,"pts_per_10k":20.8117,"fuel_stations":0,"dist_km":0.5767,"fleet_flag":false,"ev_cero":30.0,"eligible":false,"score":null,"rank":null,"rank_best":null,"rank_worst":null,"top20_n":0,"evs_per_pt":10.0,"pct_scarcity":null,"pct_missing":null,"pct_model":null,"pct_market":null,"pct_home_gap":null,"pct_sites":null,"expected":0.669,"ratio":2.9897,"p_shortfall":0.9403,"missing":-1.331,"group":"Other"},"geometry":{"type":"Polygon","coordinates":[[[-3.65965,40.80481],[-3.65349,40.80381],[-3.65134,40.80104],[-3.64073,40.80772],[-3.63873,40.81131],[-3.6369,40.81246],[-3.63406,40.8101],[-3.62637,40.808],[-3.62039,40.80798],[-3.61331,40.80979],[-3.61442,40.81541],[-3.61373,40.81787],[-3.60826,40.82214],[-3.61522,40.8339],[-3.6178,40.83576],[-3.61664,40.8411],[-3.61904,40.84048],[-3.62499,40.84135],[-3.63254,40.84531],[-3.64292,40.85282],[-3.64639,40.8481],[-3.65115,40.84423],[-3.65127,40.84112],[-3.6498,40.83765],[-3.65289,40.83258],[-3.65309,40.82785],[-3.65283,40.82618],[-3.65125,40.82503],[-3.65457,40.81757],[-3.65405,40.81286],[-3.65504,40.81023],[-3.65586,40.80859],[-3.65944,40.80637],[-3.65965,40.80481]]]}},{"type":"Feature","properties":{"ine_code":28030,"name":"La Cabrera","area_km2":22.076,"population":2889,"income_pp":15209.0,"density":130.8664,"evs_res":50.0,"evs_per_1k":17.307,"public_sites":4,"public_points":8,"public_fast_sites":1,"private_sites":0,"pts_per_10k":27.6912,"fuel_stations":2,"dist_km":0.0522,"fleet_flag":false,"ev_cero":50.0,"eligible":false,"score":null,"rank":null,"rank_best":null,"rank_worst":null,"top20_n":0,"evs_per_pt":5.5556,"pct_scarcity":null,"pct_missing":null,"pct_model":null,"pct_market":null,"pct_home_gap":null,"pct_sites":null,"expected":3.2967,"ratio":2.4267,"p_shortfall":0.9177,"missing":-4.7033,"group":"Other"},"geometry":{"type":"Polygon","coordinates":[[[-3.65042,40.87975],[-3.64786,40.87605],[-3.64763,40.87019],[-3.64532,40.86674],[-3.64292,40.85282],[-3.63254,40.84531],[-3.62499,40.84135],[-3.61904,40.84048],[-3.60726,40.84245],[-3.60495,40.8417],[-3.59822,40.84601],[-3.57654,40.84852],[-3.57101,40.85099],[-3.5717,40.85329],[-3.57834,40.85905],[-3.58621,40.86801],[-3.58757,40.87157],[-3.59443,40.8781],[-3.59832,40.88479],[-3.59899,40.88873],[-3.61902,40.88199],[-3.62207,40.88272],[-3.62606,40.88221],[-3.63925,40.87933],[-3.65042,40.87975]]]}},{"type":"Feature","properties":{"ine_code":28031,"name":"Cadalso de los Vidrios","area_km2":47.5834,"population":3372,"income_pp":12228.0,"density":70.865,"evs_res":27.0,"evs_per_1k":8.0071,"public_sites":0,"public_points":0,"public_fast_sites":0,"private_sites":0,"pts_per_10k":0.0,"fuel_stations":1,"dist_km":4.3134,"fleet_flag":false,"ev_cero":27.0,"eligible":false,"score":null,"rank":null,"rank_best":null,"rank_worst":null,"top20_n":0,"evs_per_pt":27.0,"pct_scarcity":null,"pct_missing":null,"pct_model":null,"pct_market":null,"pct_home_gap":null,"pct_sites":null,"expected":1.8276,"ratio":0.0,"p_shortfall":0.324,"missing":1.8276,"group":"Other"},"geometry":{"type":"Polygon","coordinates":[[[-4.50637,40.28225],[-4.50391,40.28257],[-4.49433,40.2807],[-4.49325,40.27996],[-4.49361,40.27876],[-4.49072,40.2787],[-4.48312,40.27921],[-4.47652,40.28334],[-4.4493,40.27299],[-4.44439,40.26713],[-4.43918,40.26421],[-4.43568,40.25931],[-4.4296,40.2588],[-4.42748,40.25784],[-4.42621,40.26236],[-4.41972,40.26544],[-4.41571,40.26979],[-4.41415,40.2699],[-4.4118,40.27255],[-4.40846,40.27427],[-4.39829,40.28434],[-4.39304,40.28691],[-4.38922,40.28694],[-4.38406,40.28915],[-4.38566,40.292],[-4.38381,40.29964],[-4.38809,40.30129],[-4.38327,40.30703],[-4.38453,40.30878],[-4.38021,40.31413],[-4.38029,40.31668],[-4.38119,40.31834],[-4.40986,40.33088],[-4.4208,40.3327],[-4.4343,40.32953],[-4.44501,40.32918],[-4.45372,40.33297],[-4.45325,40.32485],[-4.45551,40.31991],[-4.4648,40.31866],[-4.46669,40.31967],[-4.47245,40.31956],[-4.47153,40.31664],[-4.46908,40.31656],[-4.46664,40.3142],[-4.46702,40.30864],[-4.47167,40.30722],[-4.47591,40.30403],[-4.47433,40.30064],[-4.47662,40.29838],[-4.4807,40.29763],[-4.48792,40.29206],[-4.50637,40.28225]]]}},{"type":"Feature","properties":{"ine_code":28032,"name":"Camarma de Esteruelas","area_km2":35.4036,"population":8331,"income_pp":15491.0,"density":235.3151,"evs_res":182.0,"evs_per_1k":21.8461,"public_sites":0,"public_points":0,"public_fast_sites":0,"private_sites":0,"pts_per_10k":0.0,"fuel_stations":0,"dist_km":4.0067,"fleet_flag":false,"ev_cero":182.0,"eligible":true,"score":44.1462,"rank":37.0,"rank_best":30.0,"rank_worst":63.0,"top20_n":0,"evs_per_pt":182.0,"pct_scarcity":0.988,"pct_missing":0.6627,"pct_model":0.9518,"pct_market":0.241,"pct_home_gap":0.3253,"pct_sites":0.0301,"expected":5.0975,"ratio":0.0,"p_shortfall":0.1309,"missing":5.0975,"group":"Other"},"geometry":{"type":"Polygon","coordinates":[[[-3.41777,40.5381],[-3.41763,40.53638],[-3.41424,40.53604],[-3.4138,40.53443],[-3.41198,40.53404],[-3.4118,40.52959],[-3.40969,40.52956],[-3.41034,40.52841],[-3.40826,40.52854],[-3.40733,40.53011],[-3.40555,40.52879],[-3.40568,40.52525],[-3.39977,40.52634],[-3.39965,40.52542],[-3.39858,40.52559],[-3.39872,40.52637],[-3.39181,40.52364],[-3.38376,40.52708],[-3.37702,40.52851],[-3.37577,40.52664],[-3.37334,40.52833],[-3.37264,40.52749],[-3.37099,40.52801],[-3.37114,40.52707],[-3.37025,40.52704],[-3.36576,40.52818],[-3.36249,40.52342],[-3.35916,40.524],[-3.35981,40.52584],[-3.35894,40.52622],[-3.3574,40.52468],[-3.35213,40.52668],[-3.35319,40.52894],[-3.35136,40.52893],[-3.35007,40.53161],[-3.35129,40.53938],[-3.35216,40.5392],[-3.35412,40.54258],[-3.35319,40.54287],[-3.35359,40.54404],[-3.35479,40.54401],[-3.35561,40.54537],[-3.35535,40.5471],[-3.35742,40.54787],[-3.35719,40.54953],[-3.35907,40.55081],[-3.35864,40.55284],[-3.35621,40.55375],[-3.3608,40.55894],[-3.35928,40.5605],[-3.3631,40.563],[-3.36087,40.56503],[-3.361,40.56621],[-3.35928,40.56681],[-3.35773,40.57022],[-3.35487,40.56967],[-3.35462,40.57073],[-3.35331,40.57036],[-3.34858,40.57421],[-3.34703,40.57328],[-3.34472,40.57441],[-3.3459,40.57606],[-3.3416,40.57889],[-3.34661,40.58304],[-3.3422,40.58549],[-3.34308,40.58643],[-3.33755,40.5916],[-3.33652,40.59412],[-3.33815,40.59635],[-3.34389,40.59826],[-3.34416,40.59922],[-3.34786,40.60032],[-3.35063,40.6023],[-3.35172,40.60095],[-3.35867,40.60301],[-3.36576,40.6031],[-3.37217,40.60772],[-3.37499,40.60585],[-3.38275,40.60781],[-3.38265,40.60651],[-3.38135,40.60598],[-3.385,40.60357],[-3.38367,40.59639],[-3.38535,40.5916],[-3.38476,40.58941],[-3.38231,40.58875],[-3.3835,40.58728],[-3.38174,40.58438],[-3.38543,40.58047],[-3.38839,40.5795],[-3.38938,40.57736],[-3.38857,40.57516],[-3.39075,40.57211],[-3.3904,40.57069],[-3.39147,40.57191],[-3.39313,40.57154],[-3.39569,40.57479],[-3.40071,40.56787],[-3.40395,40.56066],[-3.39984,40.55812],[-3.40176,40.55646],[-3.40159,40.55546],[-3.40492,40.55512],[-3.40826,40.551],[-3.40762,40.55056],[-3.4104,40.54844],[-3.41236,40.54917],[-3.41441,40.54859],[-3.41657,40.5451],[-3.41504,40.5435],[-3.41694,40.54168],[-3.41575,40.54115],[-3.41592,40.54017],[-3.41777,40.5381]]]}},{"type":"Feature","properties":{"ine_code":28033,"name":"Campo Real","area_km2":61.8265,"population":6974,"income_pp":14076.0,"density":112.7995,"evs_res":170.0,"evs_per_1k":24.3763,"public_sites":2,"public_points":3,"public_fast_sites":1,"private_sites":0,"pts_per_10k":4.3017,"fuel_stations":1,"dist_km":2.9174,"fleet_flag":false,"ev_cero":170.0,"eligible":true,"score":30.5951,"rank":58.0,"rank_best":52.0,"rank_worst":71.0,"top20_n":0,"evs_per_pt":42.5,"pct_scarcity":0.6506,"pct_missing":0.4096,"pct_model":0.5542,"pct_market":0.2169,"pct_home_gap":0.0843,"pct_sites":0.1386,"expected":4.3039,"ratio":0.697,"p_shortfall":0.5458,"missing":1.3039,"group":"Other"},"geometry":{"type":"Polygon","coordinates":[[[-3.43229,40.32436],[-3.43115,40.32319],[-3.43217,40.32173],[-3.43088,40.31806],[-3.42851,40.31814],[-3.42791,40.31628],[-3.42688,40.31656],[-3.42721,40.31604],[-3.42456,40.31484],[-3.41528,40.31343],[-3.41476,40.31203],[-3.40937,40.31059],[-3.40836,40.30629],[-3.40534,40.30637],[-3.40191,40.30512],[-3.40044,40.30294],[-3.39757,40.30436],[-3.39531,40.30164],[-3.38734,40.29951],[-3.38386,40.29997],[-3.38245,40.29938],[-3.38243,40.29776],[-3.3796,40.29788],[-3.37598,40.29137],[-3.3771,40.29135],[-3.37789,40.28793],[-3.38436,40.28085],[-3.37462,40.27184],[-3.36975,40.26531],[-3.3496,40.27281],[-3.34774,40.27424],[-3.34883,40.27531],[-3.34723,40.27616],[-3.34551,40.27997],[-3.34469,40.27987],[-3.34309,40.28607],[-3.34094,40.2885],[-3.33968,40.29905],[-3.33425,40.31586],[-3.33061,40.31722],[-3.32554,40.32073],[-3.32494,40.32018],[-3.32218,40.32327],[-3.3127,40.32874],[-3.31744,40.33572],[-3.32238,40.33997],[-3.35425,40.36162],[-3.35603,40.36225],[-3.36376,40.36204],[-3.36698,40.36035],[-3.369,40.36075],[-3.37091,40.35996],[-3.37426,40.36274],[-3.37683,40.36341],[-3.39027,40.35892],[-3.39462,40.35982],[-3.3983,40.3589],[-3.40303,40.3569],[-3.40532,40.35334],[-3.40886,40.353],[-3.40947,40.35204],[-3.41312,40.35161],[-3.41523,40.35229],[-3.42398,40.34997],[-3.42566,40.35037],[-3.43114,40.33952],[-3.43177,40.33208],[-3.43104,40.33003],[-3.43229,40.32436]]]}},{"type":"Feature","properties":{"ine_code":28034,"name":"Canencia","area_km2":52.6659,"population":475,"income_pp":15186.0,"density":9.0191,"evs_res":3.0,"evs_per_1k":6.3158,"public_sites":0,"public_points":0,"public_fast_sites":0,"private_sites":0,"pts_per_10k":0.0,"fuel_stations":0,"dist_km":8.5891,"fleet_flag":false,"ev_cero":3.0,"eligible":false,"score":null,"rank":null,"rank_best":null,"rank_worst":null,"top20_n":0,"evs_per_pt":3.0,"pct_scarcity":null,"pct_missing":null,"pct_model":null,"pct_market":null,"pct_home_gap":null,"pct_sites":null,"expected":0.197,"ratio":0.0,"p_shortfall":0.8328,"missing":0.197,"group":"Other"},"geometry":{"type":"Polygon","coordinates":[[[-3.81815,40.86237],[-3.80573,40.85476],[-3.79839,40.85197],[-3.79917,40.84983],[-3.79701,40.84802],[-3.79257,40.84827],[-3.7906,40.84676],[-3.78608,40.85064],[-3.78462,40.85636],[-3.78128,40.85759],[-3.77675,40.86096],[-3.77594,40.86182],[-3.77699,40.86455],[-3.77164,40.86877],[-3.77083,40.86751],[-3.76779,40.86716],[-3.76204,40.87086],[-3.76142,40.86914],[-3.75858,40.8692],[-3.75634,40.86747],[-3.752,40.86788],[-3.75041,40.8697],[-3.74696,40.87087],[-3.74648,40.87031],[-3.74476,40.87283],[-3.74101,40.8741],[-3.73934,40.87772],[-3.73682,40.87561],[-3.73408,40.8749],[-3.72538,40.87467],[-3.72199,40.87381],[-3.71735,40.87616],[-3.70343,40.87784],[-3.69593,40.88085],[-3.69995,40.88785],[-3.70635,40.8913],[-3.71024,40.8923],[-3.71204,40.89476],[-3.71624,40.89672],[-3.7187,40.90542],[-3.71717,40.9079],[-3.71736,40.91801],[-3.72064,40.92415],[-3.72399,40.92689],[-3.72548,40.93511],[-3.7348,40.93628],[-3.73451,40.94003],[-3.73699,40.94135],[-3.74092,40.93903],[-3.74285,40.93934],[-3.76471,40.92626],[-3.77287,40.92495],[-3.77595,40.92312],[-3.77776,40.92008],[-3.78703,40.91327],[-3.78488,40.91175],[-3.78877,40.90663],[-3.79848,40.90143],[-3.80427,40.8916],[-3.80863,40.88958],[-3.81082,40.87742],[-3.81455,40.87098],[-3.81476,40.86567],[-3.81815,40.86237]]]}},{"type":"Feature","properties":{"ine_code":28035,"name":"Carabaña","area_km2":47.4969,"population":2451,"income_pp":12333.0,"density":51.6033,"evs_res":29.0,"evs_per_1k":11.8319,"public_sites":0,"public_points":0,"public_fast_sites":0,"private_sites":1,"pts_per_10k":0.0,"fuel_stations":0,"dist_km":3.9383,"fleet_flag":false,"ev_cero":29.0,"eligible":false,"score":null,"rank":null,"rank_best":null,"rank_worst":null,"top20_n":0,"evs_per_pt":29.0,"pct_scarcity":null,"pct_missing":null,"pct_model":null,"pct_market":null,"pct_home_gap":null,"pct_sites":null,"expected":1.0419,"ratio":0.0,"p_shortfall":0.4685,"missing":1.0419,"group":"Other"},"geometry":{"type":"Polygon","coordinates":[[[-3.28543,40.26271],[-3.28329,40.2566],[-3.28456,40.25048],[-3.2789,40.24721],[-3.27843,40.23385],[-3.27441,40.22598],[-3.27101,40.2157],[-3.26367,40.21332],[-3.23707,40.21435],[-3.23284,40.21956],[-3.23018,40.2185],[-3.22736,40.22009],[-3.22022,40.22669],[-3.21768,40.23245],[-3.21773,40.23774],[-3.1957,40.24774],[-3.19491,40.25027],[-3.19491,40.25459],[-3.19614,40.25764],[-3.20783,40.26396],[-3.2142,40.26991],[-3.22038,40.27348],[-3.23387,40.28858],[-3.24878,40.29813],[-3.25274,40.30334],[-3.26809,40.29476],[-3.27937,40.27925],[-3.28238,40.27082],[-3.282,40.2665],[-3.28543,40.26271]]]}},{"type":"Feature","properties":{"ine_code":28036,"name":"Casarrubuelos","area_km2":5.3299,"population":4323,"income_pp":13772.0,"density":811.0854,"evs_res":285.0,"evs_per_1k":65.9264,"public_sites":1,"public_points":2,"public_fast_sites":1,"private_sites":0,"pts_per_10k":4.6264,"fuel_stations":1,"dist_km":1.1622,"fleet_flag":false,"ev_cero":285.0,"eligible":false,"score":null,"rank":null,"rank_best":null,"rank_worst":null,"top20_n":0,"evs_per_pt":95.0,"pct_scarcity":null,"pct_missing":null,"pct_model":null,"pct_market":null,"pct_home_gap":null,"pct_sites":null,"expected":3.7286,"ratio":0.5364,"p_shortfall":0.4841,"missing":1.7286,"group":"Other"},"geometry":{"type":"Polygon","coordinates":[[[-3.85347,40.17976],[-3.85121,40.17782],[-3.85223,40.16901],[-3.84477,40.16557],[-3.84111,40.16254],[-3.83509,40.16128],[-3.82016,40.17008],[-3.81891,40.16995],[-3.81808,40.17116],[-3.8103,40.16912],[-3.80678,40.17726],[-3.80832,40.17758],[-3.80818,40.1794],[-3.81263,40.17851],[-3.81783,40.17947],[-3.82845,40.17906],[-3.82966,40.17974],[-3.83331,40.17895],[-3.84322,40.17923],[-3.84761,40.18027],[-3.85347,40.17976]]]}},{"type":"Feature","properties":{"ine_code":28037,"name":"Cenicientos","area_km2":67.5032,"population":2152,"income_pp":11511.0,"density":31.88,"evs_res":25.0,"evs_per_1k":11.6171,"public_sites":2,"public_points":4,"public_fast_sites":0,"private_sites":1,"pts_per_10k":18.5874,"fuel_stations":1,"dist_km":3.7348,"fleet_flag":false,"ev_cero":25.0,"eligible":false,"score":null,"rank":null,"rank_best":null,"rank_worst":null,"top20_n":0,"evs_per_pt":5.0,"pct_scarcity":null,"pct_missing":null,"pct_model":null,"pct_market":null,"pct_home_gap":null,"pct_sites":null,"expected":1.2125,"ratio":3.299,"p_shortfall":0.957,"missing":-2.7875,"group":"Other"},"geometry":{"type":"Polygon","coordinates":[[[-4.57901,40.2174],[-4.57549,40.21593],[-4.57263,40.21301],[-4.57517,40.20708],[-4.54642,40.20084],[-4.53586,40.19956],[-4.53322,40.20099],[-4.52842,40.20056],[-4.51975,40.20211],[-4.51675,40.2057],[-4.51711,40.21446],[-4.51405,40.21744],[-4.50974,40.21941],[-4.49935,40.22178],[-4.49705,40.22136],[-4.48144,40.22806],[-4.47989,40.23016],[-4.47324,40.2316],[-4.4679,40.23086],[-4.46351,40.2323],[-4.44748,40.23314],[-4.43745,40.23769],[-4.43447,40.24418],[-4.43599,40.25154],[-4.43568,40.25931],[-4.43918,40.26421],[-4.44439,40.26713],[-4.4493,40.27299],[-4.47652,40.28334],[-4.48312,40.27921],[-4.49361,40.27876],[-4.49647,40.27775],[-4.49963,40.27865],[-4.50118,40.28022],[-4.50556,40.28023],[-4.51143,40.2771],[-4.51184,40.27487],[-4.5135,40.27431],[-4.51677,40.27055],[-4.52097,40.26908],[-4.5406,40.26888],[-4.54822,40.26622],[-4.55592,40.26606],[-4.5564,40.26452],[-4.56739,40.25906],[-4.56922,40.2572],[-4.56689,40.25053],[-4.56591,40.23965],[-4.5602,40.23637],[-4.55915,40.2346],[-4.56075,40.22276],[-4.56564,40.21804],[-4.56894,40.21807],[-4.57449,40.21971],[-4.57901,40.2174]]]}},{"type":"Feature","properties":{"ine_code":28038,"name":"Cercedilla","area_km2":35.7228,"population":7772,"income_pp":15770.0,"density":217.5642,"evs_res":138.0,"evs_per_1k":17.756,"public_sites":0,"public_points":0,"public_fast_sites":0,"private_sites":0,"pts_per_10k":0.0,"fuel_stations":1,"dist_km":4.9927,"fleet_flag":false,"ev_cero":138.0,"eligible":true,"score":44.0241,"rank":38.0,"rank_best":27.0,"rank_worst":67.0,"top20_n":0,"evs_per_pt":138.0,"pct_scarcity":0.9398,"pct_missing":0.7349,"pct_model":0.988,"pct_market":0.1205,"pct_home_gap":0.241,"pct_sites":0.1386,"expected":6.5382,"ratio":0.0,"p_shortfall":0.1013,"missing":6.5382,"group":"Other"},"geometry":{"type":"Polygon","coordinates":[[[-4.097,40.74777],[-4.07893,40.72966],[-4.07399,40.72607],[-4.06798,40.72417],[-4.06606,40.72261],[-4.0647,40.71869],[-4.05944,40.71514],[-4.05394,40.71432],[-4.05059,40.71474],[-4.04524,40.7176],[-4.04046,40.71861],[-4.04219,40.72117],[-4.03862,40.72391],[-4.03711,40.7303],[-4.031,40.73535],[-4.03325,40.73762],[-4.0327,40.73897],[-4.03612,40.74011],[-4.03599,40.74322],[-4.03374,40.74608],[-4.03497,40.75081],[-4.03433,40.75594],[-4.03533,40.75795],[-4.03086,40.76214],[-4.0294,40.7674],[-4.02255,40.77271],[-4.02152,40.78125],[-4.03239,40.78161],[-4.03631,40.78354],[-4.0422,40.78379],[-4.04702,40.7903],[-4.05297,40.79054],[-4.07006,40.7938],[-4.07554,40.78922],[-4.07856,40.78885],[-4.07864,40.78253],[-4.08032,40.77731],[-4.08615,40.77245],[-4.09309,40.76843],[-4.09627,40.76525],[-4.09669,40.76422],[-4.09438,40.76116],[-4.09385,40.7581],[-4.097,40.74777]]]}},{"type":"Feature","properties":{"ine_code":28039,"name":"Cervera de Buitrago","area_km2":12.0965,"population":165,"income_pp":18596.0,"density":13.6403,"evs_res":2.0,"evs_per_1k":12.1212,"public_sites":0,"public_points":0,"public_fast_sites":0,"private_sites":0,"pts_per_10k":0.0,"fuel_stations":0,"dist_km":5.5493,"fleet_flag":false,"ev_cero":2.0,"eligible":false,"score":null,"rank":null,"rank_best":null,"rank_worst":null,"top20_n":0,"evs_per_pt":2.0,"pct_scarcity":null,"pct_missing":null,"pct_model":null,"pct_market":null,"pct_home_gap":null,"pct_sites":null,"expected":0.1017,"ratio":0.0,"p_shortfall":0.9068,"missing":0.1017,"group":"Other"},"geometry":{"type":"Polygon","coordinates":[[[-3.55007,40.92163],[-3.54223,40.92082],[-3.53977,40.91821],[-3.53991,40.91311],[-3.54199,40.91169],[-3.54625,40.91084],[-3.54672,40.90792],[-3.54014,40.89872],[-3.53845,40.89844],[-3.53671,40.89932],[-3.53799,40.90147],[-3.53583,40.90272],[-3.53039,40.8994],[-3.52579,40.90136],[-3.52066,40.90011],[-3.51786,40.90209],[-3.51736,40.90369],[-3.51893,40.90781],[-3.51722,40.90853],[-3.50714,40.90371],[-3.50338,40.90389],[-3.50134,40.90193],[-3.49958,40.90212],[-3.4971,40.90402],[-3.49348,40.9021],[-3.49185,40.90271],[-3.49226,40.90414],[-3.49608,40.90522],[-3.49861,40.9083],[-3.50023,40.90847],[-3.49749,40.91114],[-3.49766,40.91212],[-3.50006,40.91309],[-3.5023,40.91695],[-3.50228,40.92432],[-3.51223,40.92983],[-3.52276,40.9342],[-3.53134,40.9356],[-3.5377,40.9346],[-3.54248,40.92803],[-3.54398,40.92878],[-3.54372,40.93135],[-3.54541,40.93048],[-3.54839,40.92714],[-3.55007,40.92163]]]}},{"type":"Feature","properties":{"ine_code":28040,"name":"Ciempozuelos","area_km2":49.4982,"population":26350,"income_pp":12927.0,"density":532.3431,"evs_res":278.0,"evs_per_1k":10.5503,"public_sites":6,"public_points":20,"public_fast_sites":3,"private_sites":0,"pts_per_10k":7.5901,"fuel_stations":7,"dist_km":2.218,"fleet_flag":false,"ev_cero":278.0,"eligible":true,"score":27.8038,"rank":63.0,"rank_best":53.0,"rank_worst":63.0,"top20_n":0,"evs_per_pt":13.2381,"pct_scarcity":0.2048,"pct_missing":0.1867,"pct_model":0.3614,"pct_market":0.3494,"pct_home_gap":0.5422,"pct_sites":0.6747,"expected":19.1572,"ratio":1.044,"p_shortfall":0.646,"missing":-0.8428,"group":"Other"},"geometry":{"type":"Polygon","coordinates":[[[-3.66731,40.14329],[-3.66573,40.14095],[-3.66594,40.13563],[-3.66063,40.12843],[-3.65667,40.12785],[-3.65564,40.12447],[-3.65063,40.12578],[-3.64569,40.12499],[-3.64497,40.12267],[-3.62899,40.11783],[-3.62193,40.11333],[-3.62123,40.11516],[-3.60685,40.10871],[-3.60144,40.10848],[-3.5988,40.11012],[-3.59688,40.11354],[-3.60098,40.11748],[-3.59612,40.12024],[-3.59331,40.1274],[-3.58323,40.12778],[-3.58235,40.12866],[-3.58373,40.12853],[-3.58311,40.13475],[-3.57431,40.14041],[-3.57427,40.14191],[-3.57623,40.14396],[-3.57537,40.14651],[-3.57308,40.14795],[-3.56714,40.14852],[-3.56601,40.14978],[-3.56582,40.15459],[-3.56381,40.15637],[-3.5622,40.16118],[-3.5642,40.16658],[-3.56348,40.16957],[-3.56197,40.17112],[-3.55768,40.1729],[-3.55712,40.17413],[-3.54747,40.17566],[-3.54439,40.17734],[-3.54105,40.18172],[-3.55106,40.18363],[-3.55189,40.18464],[-3.55331,40.18392],[-3.55925,40.19024],[-3.59157,40.19635],[-3.59478,40.18527],[-3.60155,40.16999],[-3.60286,40.16143],[-3.60498,40.16004],[-3.60796,40.16005],[-3.61132,40.16218],[-3.61652,40.16812],[-3.63069,40.17613],[-3.63654,40.17821],[-3.64495,40.17645],[-3.64656,40.1759],[-3.64649,40.1747],[-3.64002,40.17001],[-3.63543,40.17009],[-3.63692,40.16597],[-3.63993,40.1651],[-3.64338,40.16171],[-3.65324,40.15645],[-3.65509,40.15048],[-3.65976,40.1439],[-3.66731,40.14329]]]}},{"type":"Feature","properties":{"ine_code":28041,"name":"Cobeña","area_km2":20.8377,"population":7670,"income_pp":19766.0,"density":368.0835,"evs_res":305.0,"evs_per_1k":39.7653,"public_sites":1,"public_points":3,"public_fast_sites":1,"private_sites":0,"pts_per_10k":3.9113,"fuel_stations":3,"dist_km":0.7818,"fleet_flag":false,"ev_cero":305.0,"eligible":true,"score":69.2799,"rank":16.0,"rank_best":7.0,"rank_worst":33.0,"top20_n":3,"evs_per_pt":76.25,"pct_scarcity":0.8313,"pct_missing":0.8072,"pct_model":0.8434,"pct_market":0.3735,"pct_home_gap":0.4699,"pct_sites":0.4759,"expected":11.0659,"ratio":0.2711,"p_shortfall":0.2496,"missing":8.0659,"group":"Other"},"geometry":{"type":"Polygon","coordinates":[[[-3.55049,40.56482],[-3.52981,40.55486],[-3.52246,40.547],[-3.51339,40.54088],[-3.51226,40.53898],[-3.50907,40.53965],[-3.50464,40.54284],[-3.50216,40.54985],[-3.50248,40.55248],[-3.49622,40.5552],[-3.49311,40.55435],[-3.48876,40.55562],[-3.48757,40.55995],[-3.48519,40.56042],[-3.48424,40.56194],[-3.48096,40.56214],[-3.47928,40.5654],[-3.47422,40.57047],[-3.47495,40.57246],[-3.4727,40.57601],[-3.47322,40.57992],[-3.47183,40.57998],[-3.47172,40.58184],[-3.46978,40.58292],[-3.47087,40.58538],[-3.46733,40.58962],[-3.46601,40.59531],[-3.46765,40.59598],[-3.46918,40.59554],[-3.47598,40.5924],[-3.48293,40.58749],[-3.48235,40.58646],[-3.4889,40.58505],[-3.49527,40.58594],[-3.5084,40.58231],[-3.52092,40.58118],[-3.52258,40.58193],[-3.52566,40.58156],[-3.52738,40.58283],[-3.52985,40.58218],[-3.52921,40.58336],[-3.52998,40.58423],[-3.53363,40.5844],[-3.53377,40.5852],[-3.54024,40.58397],[-3.5397,40.58059],[-3.53788,40.57981],[-3.53982,40.5789],[-3.53837,40.57717],[-3.53919,40.57259],[-3.54171,40.57171],[-3.54372,40.57223],[-3.5432,40.57144],[-3.54441,40.57086],[-3.54359,40.56855],[-3.5453,40.56808],[-3.546,40.56591],[-3.55049,40.56482]]]}},{"type":"Feature","properties":{"ine_code":28042,"name":"Colmenar del Arroyo","area_km2":50.4661,"population":2044,"income_pp":15331.0,"density":40.5025,"evs_res":60.8781,"evs_per_1k":29.7838,"public_sites":1,"public_points":2,"public_fast_sites":0,"private_sites":0,"pts_per_10k":9.7847,"fuel_stations":2,"dist_km":2.0468,"fleet_flag":true,"ev_cero":11226.0,"eligible":false,"score":null,"rank":null,"rank_best":null,"rank_worst":null,"top20_n":0,"evs_per_pt":20.2927,"pct_scarcity":null,"pct_missing":null,"pct_model":null,"pct_market":null,"pct_home_gap":null,"pct_sites":null,"expected":2.7346,"ratio":0.7314,"p_shortfall":0.5915,"missing":0.7346,"group":"Other"},"geometry":{"type":"Polygon","coordinates":[[[-4.25362,40.40677],[-4.24677,40.39558],[-4.24059,40.39525],[-4.23393,40.39215],[-4.23182,40.3945],[-4.22696,40.39687],[-4.21732,40.4038],[-4.21572,40.40226],[-4.20803,40.40318],[-4.20631,40.4043],[-4.2021,40.4041],[-4.19929,40.40193],[-4.19455,40.40336],[-4.18762,40.40115],[-4.18427,40.40371],[-4.18049,40.40335],[-4.17819,40.40039],[-4.17792,40.39909],[-4.17909,40.3981],[-4.18273,40.39595],[-4.19406,40.39201],[-4.19027,40.38647],[-4.19117,40.38484],[-4.18696,40.38088],[-4.18658,40.3787],[-4.19835,40.36672],[-4.19711,40.3647],[-4.19516,40.36391],[-4.197,40.36133],[-4.19219,40.35906],[-4.18851,40.35995],[-4.18762,40.35686],[-4.18573,40.35732],[-4.18472,40.35576],[-4.18705,40.35545],[-4.18762,40.35434],[-4.18831,40.35496],[-4.18843,40.35291],[-4.18229,40.34778],[-4.18104,40.35128],[-4.16488,40.3545],[-4.15723,40.35388],[-4.15109,40.35633],[-4.15209,40.35875],[-4.15138,40.36217],[-4.14672,40.36448],[-4.14634,40.3683],[-4.15393,40.37951],[-4.15411,40.38176],[-4.15873,40.3857],[-4.15978,40.39204],[-4.16385,40.39503],[-4.1603,40.39866],[-4.16176,40.40073],[-4.1589,40.40244],[-4.1592,40.40496],[-4.15683,40.40529],[-4.15669,40.40739],[-4.15521,40.40874],[-4.15595,40.41154],[-4.15514,40.41318],[-4.15716,40.41493],[-4.15859,40.41451],[-4.16097,40.41684],[-4.1609,40.41911],[-4.15867,40.42007],[-4.15808,40.42142],[-4.15975,40.42325],[-4.16465,40.4254],[-4.16185,40.42854],[-4.16505,40.43016],[-4.16484,40.43183],[-4.16965,40.43591],[-4.16987,40.43747],[-4.17408,40.43826],[-4.17968,40.44118],[-4.2013,40.45567],[-4.20668,40.45555],[-4.20961,40.4515],[-4.21489,40.44827],[-4.21773,40.44508],[-4.21893,40.43946],[-4.22483,40.44235],[-4.22679,40.44196],[-4.2302,40.43677],[-4.23291,40.43616],[-4.23772,40.4332],[-4.23736,40.4283],[-4.23869,40.42635],[-4.23947,40.42068],[-4.25176,40.41328],[-4.25362,40.40677]]]}},{"type":"Feature","properties":{"ine_code":28043,"name":"Colmenar de Oreja","area_km2":126.4391,"population":9127,"income_pp":12312.0,"density":72.1849,"evs_res":100.0,"evs_per_1k":10.9565,"public_sites":0,"public_points":0,"public_fast_sites":0,"private_sites":0,"pts_per_10k":0.0,"fuel_stations":1,"dist_km":11.2841,"fleet_flag":false,"ev_cero":100.0,"eligible":true,"score":25.9307,"rank":65.0,"rank_best":43.0,"rank_worst":78.0,"top20_n":0,"evs_per_pt":100.0,"pct_scarcity":0.8675,"pct_missing":0.5904,"pct_model":0.9157,"pct_market":0.0602,"pct_home_gap":0.0361,"pct_sites":0.1386,"expected":3.7512,"ratio":0.0,"p_shortfall":0.1764,"missing":3.7512,"group":"Other"},"geometry":{"type":"Polygon","coordinates":[[[-3.59403,40.06704],[-3.59082,40.05999],[-3.5894,40.05813],[-3.58749,40.05789],[-3.58098,40.05952],[-3.56648,40.06543],[-3.56057,40.06657],[-3.5355,40.06819],[-3.53383,40.05207],[-3.54012,40.05218],[-3.54568,40.05065],[-3.5442,40.04925],[-3.53949,40.05043],[-3.53575,40.04905],[-3.53287,40.05179],[-3.52887,40.05171],[-3.52785,40.04851],[-3.52627,40.04761],[-3.52338,40.05103],[-3.51889,40.05233],[-3.51804,40.04686],[-3.51676,40.04678],[-3.51475,40.0488],[-3.51366,40.04748],[-3.51413,40.04476],[-3.51682,40.04476],[-3.51757,40.04384],[-3.51304,40.04234],[-3.51094,40.04208],[-3.51048,40.043],[-3.5116,40.04405],[-3.51138,40.04588],[-3.50699,40.04447],[-3.50642,40.04569],[-3.50745,40.04811],[-3.50617,40.04886],[-3.50425,40.04648],[-3.49966,40.04495],[-3.49736,40.04564],[-3.49604,40.0475],[-3.49054,40.04753],[-3.48904,40.04164],[-3.48782,40.04107],[-3.48619,40.04154],[-3.48482,40.04514],[-3.48293,40.04615],[-3.47906,40.0447],[-3.47257,40.04599],[-3.47335,40.04222],[-3.46995,40.04079],[-3.46016,40.04531],[-3.45505,40.04663],[-3.4564,40.05002],[-3.45363,40.05018],[-3.45083,40.04919],[-3.44876,40.0497],[-3.44675,40.04794],[-3.44873,40.04248],[-3.44783,40.03852],[-3.44623,40.03734],[-3.44042,40.03913],[-3.43444,40.03903],[-3.43229,40.03814],[-3.42968,40.03874],[-3.42667,40.04592],[-3.42517,40.047],[-3.42235,40.04525],[-3.41786,40.04523],[-3.41523,40.0426],[-3.41209,40.04128],[-3.4103,40.04198],[-3.40845,40.0402],[-3.40985,40.03756],[-3.40124,40.03417],[-3.39415,40.03548],[-3.39282,40.03672],[-3.39161,40.04124],[-3.39413,40.04242],[-3.3943,40.0454],[-3.3916,40.04839],[-3.38663,40.0498],[-3.3856,40.0518],[-3.37726,40.05004],[-3.37593,40.05139],[-3.37481,40.05911],[-3.3777,40.06247],[-3.37916,40.06615],[-3.37769,40.07442],[-3.37332,40.07569],[-3.36111,40.07532],[-3.35448,40.07736],[-3.35021,40.07769],[-3.347,40.07956],[-3.34495,40.07974],[-3.34984,40.09069],[-3.3487,40.09762],[-3.3476,40.10011],[-3.3449,40.10237],[-3.34378,40.11004],[-3.35209,40.11748],[-3.36082,40.119],[-3.37039,40.12476],[-3.37316,40.12711],[-3.37773,40.13368],[-3.38758,40.13601],[-3.38764,40.13506],[-3.38917,40.13567],[-3.39072,40.13426],[-3.39186,40.13462],[-3.39266,40.13313],[-3.39512,40.13356],[-3.40051,40.13266],[-3.40187,40.13341],[-3.41398,40.12052],[-3.41552,40.12114],[-3.41648,40.12039],[-3.4171,40.12095],[-3.42194,40.12049],[-3.42217,40.11955],[-3.42464,40.12011],[-3.42527,40.11917],[-3.43161,40.11798],[-3.43669,40.11928],[-3.44011,40.11618],[-3.4427,40.11749],[-3.44348,40.11891],[-3.44622,40.11665],[-3.4534,40.11867],[-3.45481,40.11817],[-3.45571,40.11509],[-3.45795,40.11369],[-3.46093,40.10336],[-3.46347,40.09932],[-3.48035,40.08829],[-3.48795,40.086],[-3.49763,40.08648],[-3.50288,40.08486],[-3.51109,40.08894],[-3.52206,40.09204],[-3.53207,40.09614],[-3.54453,40.09932],[-3.54951,40.102],[-3.56136,40.09945],[-3.5809,40.10194],[-3.58541,40.09261],[-3.58432,40.08818],[-3.58747,40.07881],[-3.59096,40.07281],[-3.59131,40.06847],[-3.59403,40.06704]]]}},{"type":"Feature","properties":{"ine_code":28044,"name":"Colmenarejo","area_km2":31.5794,"population":9640,"income_pp":16340.0,"density":305.2622,"evs_res":252.0,"evs_per_1k":26.1411,"public_sites":1,"public_points":4,"public_fast_sites":0,"private_sites":0,"pts_per_10k":4.1494,"fuel_stations":0,"dist_km":3.2077,"fleet_flag":false,"ev_cero":252.0,"eligible":true,"score":37.8074,"rank":49.0,"rank_best":46.0,"rank_worst":62.0,"top20_n":0,"evs_per_pt":50.4,"pct_scarcity":0.759,"pct_missing":0.4819,"pct_model":0.6867,"pct_market":0.3012,"pct_home_gap":0.3614,"pct_sites":0.0301,"expected":6.6821,"ratio":0.5986,"p_shortfall":0.474,"missing":2.6821,"group":"Other"},"geometry":{"type":"Polygon","coordinates":[[[-4.0549,40.53912],[-4.05317,40.5368],[-4.05058,40.53564],[-4.04273,40.53607],[-4.03811,40.53508],[-4.03598,40.53306],[-4.03568,40.52997],[-4.03108,40.52899],[-4.02858,40.52737],[-4.02924,40.52577],[-4.02627,40.52287],[-4.02656,40.51823],[-4.02337,40.51664],[-4.02151,40.51321],[-4.02173,40.5091],[-4.0174,40.50432],[-4.01696,40.50176],[-4.01841,40.49992],[-4.0177,40.49855],[-4.019,40.49615],[-4.01605,40.49554],[-4.01269,40.49137],[-4.00865,40.49172],[-4.00568,40.49051],[-4.00636,40.48741],[-4.00088,40.48567],[-3.99945,40.48681],[-4.00027,40.48762],[-3.99849,40.4928],[-3.99644,40.49389],[-3.99535,40.50154],[-3.98842,40.50826],[-3.98445,40.51749],[-3.98598,40.51906],[-3.98563,40.52001],[-3.98883,40.52265],[-3.98824,40.52373],[-3.99053,40.52488],[-3.98907,40.52596],[-3.99103,40.52723],[-3.9887,40.53005],[-3.99524,40.53483],[-3.99508,40.53718],[-3.99708,40.53779],[-3.99734,40.54087],[-4.0007,40.5452],[-3.9995,40.55066],[-4.0071,40.55798],[-4.00524,40.56146],[-4.01099,40.56357],[-4.01311,40.56702],[-4.02524,40.57332],[-4.02637,40.57804],[-4.03161,40.58313],[-4.04289,40.58417],[-4.04758,40.58283],[-4.04476,40.57834],[-4.04681,40.57327],[-4.05052,40.55074],[-4.05302,40.54162],[-4.0549,40.53912]]]}},{"type":"Feature","properties":{"ine_code":28045,"name":"Colmenar Viejo","area_km2":182.4215,"population":58730,"income_pp":17736.0,"density":321.9466,"evs_res":1500.0,"evs_per_1k":25.5406,"public_sites":14,"public_points":40,"public_fast_sites":5,"private_sites":2,"pts_per_10k":6.8108,"fuel_stations":11,"dist_km":0.4268,"fleet_flag":false,"ev_cero":1500.0,"eligible":true,"score":74.5382,"rank":11.0,"rank_best":11.0,"rank_worst":17.0,"top20_n":5,"evs_per_pt":36.5854,"pct_scarcity":0.6024,"pct_missing":0.9157,"pct_model":0.5904,"pct_market":0.7711,"pct_home_gap":0.3855,"pct_sites":0.7651,"expected":57.1595,"ratio":0.6998,"p_shortfall":0.4793,"missing":17.1595,"group":"Other"},"geometry":{"type":"Polygon","coordinates":[[[-3.86504,40.64564],[-3.86029,40.64179],[-3.85346,40.62905],[-3.85045,40.61187],[-3.84872,40.61065],[-3.84443,40.61179],[-3.84457,40.60547],[-3.84164,40.59266],[-3.83769,40.59136],[-3.83333,40.59352],[-3.8282,40.59457],[-3.81444,40.59542],[-3.80601,40.59987],[-3.8101,40.60657],[-3.81279,40.60814],[-3.81039,40.60943],[-3.81154,40.61069],[-3.80893,40.61196],[-3.8072,40.6115],[-3.80655,40.61239],[-3.79475,40.61407],[-3.79088,40.61815],[-3.78565,40.62116],[-3.7824,40.62175],[-3.78545,40.61967],[-3.78491,40.6188],[-3.78354,40.61919],[-3.7811,40.61736],[-3.77977,40.61798],[-3.77238,40.61606],[-3.77027,40.61066],[-3.76866,40.61249],[-3.76595,40.61311],[-3.75757,40.61022],[-3.75637,40.61217],[-3.75275,40.61076],[-3.74561,40.61019],[-3.74338,40.60898],[-3.74292,40.61043],[-3.74149,40.60989],[-3.74126,40.61075],[-3.7388,40.6112],[-3.73996,40.61556],[-3.73854,40.61744],[-3.74166,40.62037],[-3.74165,40.62272],[-3.73965,40.6237],[-3.74211,40.62823],[-3.73644,40.63115],[-3.72925,40.63056],[-3.72865,40.63638],[-3.72587,40.63545],[-3.72447,40.63718],[-3.72223,40.63675],[-3.72233,40.63802],[-3.72082,40.63815],[-3.72098,40.63917],[-3.72012,40.63863],[-3.72048,40.642],[-3.71725,40.64231],[-3.71815,40.64245],[-3.71729,40.64367],[-3.71841,40.64419],[-3.71785,40.64541],[-3.70873,40.64291],[-3.69987,40.63585],[-3.69447,40.63473],[-3.69083,40.63514],[-3.68561,40.63085],[-3.67894,40.63231],[-3.67625,40.63416],[-3.66805,40.62958],[-3.66472,40.63562],[-3.65863,40.64231],[-3.65422,40.64373],[-3.65034,40.64275],[-3.64389,40.63852],[-3.63913,40.63894],[-3.63677,40.63732],[-3.63331,40.63161],[-3.63018,40.62866],[-3.62923,40.62077],[-3.62765,40.6174],[-3.62635,40.61755],[-3.62054,40.62397],[-3.60862,40.631],[-3.60555,40.63],[-3.60423,40.6268],[-3.60293,40.62645],[-3.59024,40.6257],[-3.58458,40.62727],[-3.58444,40.62836],[-3.58951,40.63364],[-3.59173,40.64026],[-3.5895,40.64488],[-3.592,40.64893],[-3.59769,40.64895],[-3.60717,40.65096],[-3.60968,40.65076],[-3.62437,40.64429],[-3.62787,40.64092],[-3.63479,40.63928],[-3.63826,40.63935],[-3.64567,40.64171],[-3.65105,40.64469],[-3.65245,40.64675],[-3.64823,40.65406],[-3.64287,40.66001],[-3.64232,40.66425],[-3.63997,40.66693],[-3.64089,40.67096],[-3.64891,40.67462],[-3.65082,40.67984],[-3.64232,40.68717],[-3.6414,40.68909],[-3.64324,40.69503],[-3.64449,40.69567],[-3.64623,40.69366],[-3.65035,40.69506],[-3.65322,40.69438],[-3.65949,40.69641],[-3.6635,40.70069],[-3.67584,40.70329],[-3.68005,40.709],[-3.67829,40.71296],[-3.67366,40.71854],[-3.67738,40.72156],[-3.67616,40.72801],[-3.67772,40.72907],[-3.68191,40.72916],[-3.68501,40.7303],[-3.68667,40.73029],[-3.69062,40.72816],[-3.69108,40.72966],[-3.69498,40.72964],[-3.69709,40.72741],[-3.70667,40.72552],[-3.70652,40.72717],[-3.70979,40.72954],[-3.71333,40.72845],[-3.71795,40.72854],[-3.72617,40.73086],[-3.73192,40.73025],[-3.73606,40.73222],[-3.7493,40.72545],[-3.75825,40.71679],[-3.76075,40.71649],[-3.76527,40.714],[-3.76982,40.70692],[-3.77302,40.70448],[-3.77947,40.70528],[-3.78291,40.70458],[-3.78603,40.70803],[-3.79034,40.70982],[-3.7993,40.71039],[-3.80164,40.71176],[-3.80301,40.70982],[-3.80577,40.71099],[-3.81038,40.70636],[-3.81423,40.70492],[-3.8201,40.69745],[-3.82132,40.69259],[-3.8243,40.6908],[-3.82588,40.68857],[-3.82479,40.68752],[-3.82663,40.68714],[-3.82615,40.68615],[-3.83763,40.66711],[-3.85498,40.66318],[-3.85945,40.65819],[-3.85823,40.65504],[-3.86247,40.64751],[-3.86504,40.64564]]]}},{"type":"Feature","properties":{"ine_code":28046,"name":"Collado Mediano","area_km2":22.2844,"population":7722,"income_pp":18271.0,"density":346.5207,"evs_res":259.2721,"evs_per_1k":33.5758,"public_sites":0,"public_points":0,"public_fast_sites":0,"private_sites":0,"pts_per_10k":0.0,"fuel_stations":1,"dist_km":3.7561,"fleet_flag":true,"ev_cero":1089.0,"eligible":true,"score":62.4792,"rank":23.0,"rank_best":13.0,"rank_worst":45.0,"top20_n":1,"evs_per_pt":259.2721,"pct_scarcity":1.0,"pct_missing":0.8193,"pct_model":1.0,"pct_market":0.3133,"pct_home_gap":0.4458,"pct_sites":0.1386,"expected":8.6455,"ratio":0.0,"p_shortfall":0.0751,"missing":8.6455,"group":"Other"},"geometry":{"type":"Polygon","coordinates":[[[-4.0616,40.70062],[-4.058,40.68949],[-4.05838,40.68206],[-4.05264,40.66896],[-4.05241,40.66483],[-4.04514,40.66193],[-4.04202,40.66636],[-4.04174,40.66563],[-4.03887,40.66714],[-4.03451,40.67099],[-4.01268,40.68266],[-3.99832,40.68425],[-3.99534,40.68076],[-3.99472,40.68551],[-4.00278,40.70025],[-4.00457,40.71124],[-4.00571,40.71089],[-4.01287,40.71322],[-4.0233,40.71735],[-4.02959,40.71838],[-4.0371,40.71746],[-4.0421,40.71869],[-4.04645,40.71708],[-4.05514,40.71172],[-4.05677,40.70635],[-4.0616,40.70062]]]}},{"type":"Feature","properties":{"ine_code":28047,"name":"Collado Villalba","area_km2":25.2562,"population":67274,"income_pp":14647.0,"density":2663.6576,"evs_res":1003.0,"evs_per_1k":14.9092,"public_sites":33,"public_points":102,"public_fast_sites":21,"private_sites":3,"pts_per_10k":15.1619,"fuel_stations":15,"dist_km":0.7477,"fleet_flag":false,"ev_cero":1003.0,"eligible":true,"score":20.7009,"rank":70.0,"rank_best":47.0,"rank_worst":75.0,"top20_n":0,"evs_per_pt":9.7379,"pct_scarcity":0.0843,"pct_missing":0.1867,"pct_model":0.1084,"pct_market":0.6506,"pct_home_gap":0.8916,"pct_sites":0.8494,"expected":57.0164,"ratio":1.789,"p_shortfall":0.8432,"missing":-44.9836,"group":"Other"},"geometry":{"type":"Polygon","coordinates":[[[-4.02967,40.62983],[-4.02535,40.63019],[-4.025,40.62813],[-4.02656,40.62544],[-4.02167,40.62014],[-4.01166,40.61662],[-4.00461,40.61622],[-3.98914,40.61943],[-3.98014,40.61995],[-3.97394,40.62699],[-3.96147,40.63059],[-3.94695,40.64311],[-3.94764,40.6524],[-3.94917,40.65716],[-3.95927,40.65838],[-3.9667,40.65819],[-3.96897,40.66022],[-3.978,40.66175],[-3.99328,40.66668],[-3.99534,40.68076],[-3.99728,40.67422],[-3.99605,40.66684],[-3.99814,40.66347],[-4.0066,40.66235],[-4.0103,40.6524],[-4.02154,40.6452],[-4.01756,40.63873],[-4.02967,40.62983]]]}},{"type":"Feature","properties":{"ine_code":28048,"name":"Corpa","area_km2":25.9655,"population":832,"income_pp":13602.0,"density":32.0426,"evs_res":12.0,"evs_per_1k":14.4231,"public_sites":0,"public_points":0,"public_fast_sites":0,"private_sites":0,"pts_per_10k":0.0,"fuel_stations":0,"dist_km":3.1195,"fleet_flag":false,"ev_cero":12.0,"eligible":false,"score":null,"rank":null,"rank_best":null,"rank_worst":null,"top20_n":0,"evs_per_pt":12.0,"pct_scarcity":null,"pct_missing":null,"pct_model":null,"pct_market":null,"pct_home_gap":null,"pct_sites":null,"expected":0.4115,"ratio":0.0,"p_shortfall":0.7006,"missing":0.4115,"group":"Other"},"geometry":{"type":"Polygon","coordinates":[[[-3.28808,40.41525],[-3.27981,40.40506],[-3.27875,40.39647],[-3.27965,40.39582],[-3.27857,40.39441],[-3.27132,40.39832],[-3.257,40.39303],[-3.22706,40.40186],[-3.21959,40.40269],[-3.21518,40.40945],[-3.21614,40.41765],[-3.21462,40.42081],[-3.21485,40.42622],[-3.21222,40.43038],[-3.21221,40.43448],[-3.20996,40.43474],[-3.21414,40.43743],[-3.22336,40.44051],[-3.2242,40.44005],[-3.22708,40.44122],[-3.22932,40.44055],[-3.22937,40.44154],[-3.23357,40.44199],[-3.23519,40.44436],[-3.23641,40.44448],[-3.24791,40.443],[-3.24891,40.44128],[-3.24949,40.44189],[-3.25721,40.44091],[-3.26049,40.4382],[-3.2675,40.43931],[-3.26934,40.43734],[-3.27214,40.43662],[-3.27587,40.42861],[-3.27583,40.42453],[-3.28074,40.42053],[-3.28788,40.41816],[-3.28808,40.41525]]]}},{"type":"Feature","properties":{"ine_code":28049,"name":"Coslada","area_km2":12.0307,"population":80512,"income_pp":15265.0,"density":6692.1863,"evs_res":1196.0,"evs_per_1k":14.8549,"public_sites":21,"public_points":112,"public_fast_sites":10,"private_sites":6,"pts_per_10k":13.911,"fuel_stations":14,"dist_km":0.4475,"fleet_flag":false,"ev_cero":1196.0,"eligible":true,"score":28.3201,"rank":62.0,"rank_best":41.0,"rank_worst":66.0,"top20_n":0,"evs_per_pt":10.5841,"pct_scarcity":0.1205,"pct_missing":0.1867,"pct_model":0.2169,"pct_market":0.7108,"pct_home_gap":1.0,"pct_sites":0.8193,"expected":76.7885,"ratio":1.4586,"p_shortfall":0.772,"missing":-35.2115,"group":"Other"},"geometry":{"type":"Polygon","coordinates":[[[-3.57953,40.41734],[-3.57754,40.41362],[-3.57288,40.41176],[-3.56403,40.41354],[-3.5534,40.41167],[-3.54926,40.41231],[-3.53976,40.41043],[-3.53966,40.41159],[-3.53621,40.41252],[-3.53517,40.41441],[-3.53023,40.41471],[-3.53119,40.42008],[-3.53411,40.42089],[-3.53346,40.42171],[-3.53709,40.42339],[-3.53818,40.42975],[-3.53216,40.42993],[-3.53266,40.43212],[-3.52669,40.43329],[-3.5303,40.44037],[-3.53115,40.44688],[-3.53549,40.44648],[-3.53558,40.44471],[-3.54097,40.44459],[-3.54161,40.44365],[-3.55196,40.44163],[-3.55996,40.43817],[-3.56529,40.43775],[-3.56855,40.43621],[-3.5738,40.43767],[-3.57594,40.43674],[-3.5751,40.43409],[-3.57913,40.43314],[-3.57632,40.42968],[-3.57748,40.42601],[-3.57525,40.42558],[-3.57953,40.41734]]]}},{"type":"Feature","properties":{"ine_code":28050,"name":"Cubas de la Sagra","area_km2":12.8145,"population":7238,"income_pp":15046.0,"density":564.8272,"evs_res":239.0,"evs_per_1k":33.0202,"public_sites":2,"public_points":7,"public_fast_sites":0,"private_sites":0,"pts_per_10k":9.6712,"fuel_stations":0,"dist_km":1.05,"fleet_flag":false,"ev_cero":239.0,"eligible":true,"score":21.8781,"rank":68.0,"rank_best":63.0,"rank_worst":75.0,"top20_n":0,"evs_per_pt":29.875,"pct_scarcity":0.4819,"pct_missing":0.1867,"pct_model":0.2771,"pct_market":0.2892,"pct_home_gap":0.5783,"pct_sites":0.0301,"expected":5.1269,"ratio":1.3653,"p_shortfall":0.7603,"missing":-1.8731,"group":"Other"},"geometry":{"type":"Polygon","coordinates":[[[-3.87635,40.19114],[-3.86597,40.18779],[-3.85347,40.17976],[-3.84761,40.18027],[-3.84322,40.17923],[-3.83331,40.17895],[-3.82966,40.17974],[-3.82845,40.17906],[-3.81783,40.17947],[-3.81263,40.17851],[-3.80818,40.1794],[-3.80832,40.17758],[-3.80678,40.17726],[-3.80383,40.18898],[-3.80854,40.18955],[-3.80762,40.19521],[-3.81237,40.19579],[-3.81187,40.19752],[-3.81394,40.20151],[-3.81356,40.20383],[-3.82228,40.20579],[-3.82874,40.20313],[-3.83558,40.20211],[-3.84336,40.2033],[-3.8451,40.20154],[-3.85429,40.19933],[-3.86155,40.19931],[-3.86565,40.20114],[-3.86677,40.2004],[-3.86895,40.20094],[-3.87635,40.19114]]]}},{"type":"Feature","properties":{"ine_code":28051,"name":"Chapinería","area_km2":25.3998,"population":2705,"income_pp":14037.0,"density":106.4968,"evs_res":59.0,"evs_per_1k":21.8115,"public_sites":1,"public_points":2,"public_fast_sites":0,"private_sites":0,"pts_per_10k":7.3937,"fuel_stations":0,"dist_km":1.4955,"fleet_flag":false,"ev_cero":59.0,"eligible":false,"score":null,"rank":null,"rank_best":null,"rank_worst":null,"top20_n":0,"evs_per_pt":19.6667,"pct_scarcity":null,"pct_missing":null,"pct_model":null,"pct_market":null,"pct_home_gap":null,"pct_sites":null,"expected":1.509,"ratio":1.3253,"p_shortfall":0.7822,"missing":-0.491,"group":"Other"},"geometry":{"type":"Polygon","coordinates":[[[-4.23772,40.36454],[-4.23719,40.3617],[-4.23246,40.35393],[-4.233,40.33625],[-4.23127,40.33444],[-4.21891,40.33635],[-4.21408,40.33971],[-4.21573,40.34256],[-4.21274,40.35039],[-4.20774,40.34933],[-4.19452,40.34047],[-4.18863,40.33791],[-4.18579,40.33865],[-4.18363,40.33765],[-4.18273,40.33865],[-4.18229,40.34778],[-4.18843,40.35291],[-4.18831,40.35496],[-4.18762,40.35434],[-4.18705,40.35545],[-4.18487,40.35525],[-4.18508,40.35674],[-4.18605,40.3574],[-4.18762,40.35686],[-4.18851,40.35995],[-4.19219,40.35906],[-4.1965,40.36089],[-4.19526,40.36425],[-4.19711,40.3647],[-4.19835,40.36672],[-4.18664,40.3783],[-4.18696,40.38088],[-4.19117,40.38484],[-4.19027,40.38647],[-4.19406,40.39201],[-4.18273,40.39595],[-4.17909,40.3981],[-4.17792,40.39909],[-4.17819,40.40039],[-4.18049,40.40335],[-4.18427,40.40371],[-4.18762,40.40115],[-4.19455,40.40336],[-4.19929,40.40193],[-4.2021,40.4041],[-4.20631,40.4043],[-4.20803,40.40318],[-4.21572,40.40226],[-4.21732,40.4038],[-4.22696,40.39687],[-4.23182,40.3945],[-4.23393,40.39215],[-4.22873,40.38964],[-4.22725,40.38562],[-4.23523,40.37356],[-4.23772,40.36454]]]}},{"type":"Feature","properties":{"ine_code":28052,"name":"Chinchón","area_km2":116.0989,"population":5800,"income_pp":13062.0,"density":49.9574,"evs_res":76.0,"evs_per_1k":13.1034,"public_sites":0,"public_points":0,"public_fast_sites":0,"private_sites":0,"pts_per_10k":0.0,"fuel_stations":2,"dist_km":10.7233,"fleet_flag":false,"ev_cero":76.0,"eligible":true,"score":14.4477,"rank":77.0,"rank_best":53.0,"rank_worst":83.0,"top20_n":0,"evs_per_pt":76.0,"pct_scarcity":0.8193,"pct_missing":0.5542,"pct_model":0.9036,"pct_market":0.012,"pct_home_gap":0.012,"pct_sites":0.3133,"expected":3.5834,"ratio":0.0,"p_shortfall":0.1841,"missing":3.5834,"group":"Other"},"geometry":{"type":"Polygon","coordinates":[[[-3.5809,40.10194],[-3.56136,40.09945],[-3.54951,40.102],[-3.54653,40.1055],[-3.54751,40.10647],[-3.54548,40.10696],[-3.54462,40.11014],[-3.53923,40.11435],[-3.53478,40.12033],[-3.53097,40.12336],[-3.52587,40.13145],[-3.52267,40.13325],[-3.52235,40.13645],[-3.51553,40.1372],[-3.50903,40.1391],[-3.49075,40.13998],[-3.48791,40.13844],[-3.48398,40.13776],[-3.4833,40.13621],[-3.48015,40.13615],[-3.47014,40.13292],[-3.46666,40.1314],[-3.46366,40.12853],[-3.46152,40.12349],[-3.4577,40.12288],[-3.45677,40.12361],[-3.4551,40.12191],[-3.45421,40.12234],[-3.45169,40.12135],[-3.45111,40.11822],[-3.44622,40.11665],[-3.44356,40.1189],[-3.44011,40.11618],[-3.43669,40.11928],[-3.43161,40.11798],[-3.42527,40.11917],[-3.42464,40.12011],[-3.42217,40.11955],[-3.42194,40.12049],[-3.4171,40.12095],[-3.41648,40.12039],[-3.41552,40.12114],[-3.41398,40.12052],[-3.40187,40.13341],[-3.40051,40.13266],[-3.39512,40.13356],[-3.39266,40.13313],[-3.39186,40.13462],[-3.39072,40.13426],[-3.38917,40.13567],[-3.38775,40.13505],[-3.38758,40.13601],[-3.38636,40.13578],[-3.38544,40.1387],[-3.39058,40.15087],[-3.39258,40.15182],[-3.3949,40.15857],[-3.39969,40.16692],[-3.40349,40.17976],[-3.40723,40.18521],[-3.41657,40.18993],[-3.42015,40.19483],[-3.42853,40.20165],[-3.43923,40.20036],[-3.45075,40.20189],[-3.45289,40.20247],[-3.4504,40.20708],[-3.45426,40.2106],[-3.45674,40.21162],[-3.46288,40.21309],[-3.47646,40.21331],[-3.49453,40.21851],[-3.49784,40.21817],[-3.50898,40.21281],[-3.51502,40.20569],[-3.52071,40.20251],[-3.52475,40.19773],[-3.53075,40.19543],[-3.53524,40.19474],[-3.54536,40.19654],[-3.55101,40.19494],[-3.5527,40.1953],[-3.55375,40.19398],[-3.55733,40.19266],[-3.55925,40.19024],[-3.55331,40.18392],[-3.55189,40.18464],[-3.55106,40.18363],[-3.54105,40.18172],[-3.54439,40.17734],[-3.54747,40.17566],[-3.55712,40.17413],[-3.55768,40.1729],[-3.56197,40.17112],[-3.5584,40.1706],[-3.55675,40.17125],[-3.54724,40.16878],[-3.54633,40.16779],[-3.54517,40.15643],[-3.54238,40.15181],[-3.53563,40.14875],[-3.55088,40.14194],[-3.55591,40.13658],[-3.55455,40.13281],[-3.55661,40.13254],[-3.55712,40.12814],[-3.55998,40.12178],[-3.57002,40.11563],[-3.57542,40.11429],[-3.57929,40.10335],[-3.5809,40.10194]]]}},{"type":"Feature","properties":{"ine_code":28053,"name":"Daganzo de Arriba","area_km2":43.624,"population":10764,"income_pp":17623.0,"density":246.7448,"evs_res":449.0,"evs_per_1k":41.7131,"public_sites":2,"public_points":6,"public_fast_sites":1,"private_sites":0,"pts_per_10k":5.5741,"fuel_stations":3,"dist_km":2.9097,"fleet_flag":false,"ev_cero":449.0,"eligible":true,"score":68.2318,"rank":18.0,"rank_best":14.0,"rank_worst":27.0,"top20_n":3,"evs_per_pt":64.1429,"pct_scarcity":0.8072,"pct_missing":0.6747,"pct_model":0.759,"pct_market":0.5542,"pct_home_gap":0.3373,"pct_sites":0.4759,"expected":11.5587,"ratio":0.5191,"p_shortfall":0.4055,"missing":5.5587,"group":"Other"},"geometry":{"type":"Polygon","coordinates":[[[-3.48352,40.55464],[-3.48201,40.5551],[-3.48236,40.55187],[-3.4786,40.54475],[-3.47544,40.54498],[-3.47573,40.54236],[-3.47174,40.5389],[-3.46863,40.53941],[-3.47066,40.53305],[-3.46866,40.5325],[-3.46893,40.531],[-3.46671,40.53067],[-3.46465,40.52845],[-3.46291,40.52858],[-3.46239,40.52694],[-3.46115,40.52682],[-3.46301,40.52365],[-3.46144,40.51768],[-3.4633,40.51396],[-3.46178,40.51242],[-3.46283,40.51107],[-3.45595,40.51005],[-3.4558,40.51126],[-3.4525,40.51242],[-3.44872,40.51126],[-3.43907,40.51358],[-3.43709,40.51055],[-3.43409,40.50924],[-3.42943,40.51095],[-3.42942,40.51813],[-3.4308,40.5184],[-3.42854,40.53009],[-3.43044,40.53055],[-3.43309,40.52939],[-3.43619,40.52943],[-3.43837,40.53326],[-3.43868,40.53614],[-3.43716,40.53636],[-3.43554,40.53942],[-3.43581,40.54126],[-3.43377,40.54247],[-3.43322,40.5444],[-3.42548,40.54332],[-3.42493,40.54502],[-3.42008,40.54393],[-3.41657,40.5451],[-3.41441,40.54859],[-3.41236,40.54917],[-3.4104,40.54844],[-3.40762,40.55056],[-3.40826,40.551],[-3.40492,40.55512],[-3.40159,40.55546],[-3.40176,40.55646],[-3.39984,40.55812],[-3.40395,40.56066],[-3.40071,40.56787],[-3.39569,40.57479],[-3.39847,40.57779],[-3.40007,40.57679],[-3.40254,40.57858],[-3.40628,40.5789],[-3.41102,40.57794],[-3.41172,40.57881],[-3.41508,40.57903],[-3.41618,40.58041],[-3.42757,40.58592],[-3.42957,40.58561],[-3.43311,40.58735],[-3.43803,40.59372],[-3.44303,40.59567],[-3.44337,40.59887],[-3.44242,40.60045],[-3.44323,40.60404],[-3.43935,40.60966],[-3.43955,40.61079],[-3.44148,40.61185],[-3.4442,40.61171],[-3.44206,40.61749],[-3.44941,40.61264],[-3.4527,40.60815],[-3.46594,40.59712],[-3.46733,40.58962],[-3.47087,40.58538],[-3.46978,40.58292],[-3.47172,40.58184],[-3.47183,40.57998],[-3.47322,40.57992],[-3.4727,40.57601],[-3.47495,40.57246],[-3.47422,40.57047],[-3.47928,40.5654],[-3.48292,40.55831],[-3.48352,40.55464]]]}},{"type":"Feature","properties":{"ine_code":28054,"name":"El Escorial","area_km2":68.8888,"population":17171,"income_pp":17477.0,"density":249.2568,"evs_res":400.0,"evs_per_1k":23.2951,"public_sites":5,"public_points":10,"public_fast_sites":1,"private_sites":1,"pts_per_10k":5.8238,"fuel_stations":1,"dist_km":3.0887,"fleet_flag":false,"ev_cero":400.0,"eligible":true,"score":49.5455,"rank":34.0,"rank_best":34.0,"rank_worst":46.0,"top20_n":0,"evs_per_pt":36.3636,"pct_scarcity":0.5904,"pct_missing":0.6145,"pct_model":0.5783,"pct_market":0.5181,"pct_home_gap":0.3494,"pct_sites":0.1386,"expected":14.4116,"ratio":0.6939,"p_shortfall":0.4947,"missing":4.4116,"group":"Other"},"geometry":{"type":"Polygon","coordinates":[[[-4.15972,40.56229],[-4.15423,40.56158],[-4.15185,40.55803],[-4.15157,40.55529],[-4.14965,40.55278],[-4.15052,40.55105],[-4.14894,40.54623],[-4.14987,40.5397],[-4.14808,40.5394],[-4.145,40.53551],[-4.14479,40.53231],[-4.14863,40.53298],[-4.15363,40.53144],[-4.15083,40.52952],[-4.15,40.52243],[-4.14751,40.52153],[-4.14503,40.52177],[-4.14334,40.5205],[-4.14194,40.52203],[-4.13957,40.52201],[-4.13199,40.51892],[-4.12827,40.52211],[-4.13167,40.5265],[-4.13105,40.52813],[-4.12347,40.53444],[-4.12457,40.53865],[-4.11594,40.54322],[-4.11191,40.54425],[-4.10701,40.54316],[-4.10324,40.54777],[-4.10477,40.54824],[-4.10242,40.55209],[-4.09793,40.55649],[-4.09397,40.55699],[-4.09004,40.55921],[-4.08743,40.55909],[-4.08611,40.56187],[-4.08167,40.56449],[-4.08021,40.56425],[-4.08069,40.56595],[-4.07884,40.56754],[-4.07023,40.5687],[-4.06038,40.57226],[-4.05497,40.57102],[-4.0544,40.56982],[-4.05236,40.57067],[-4.04709,40.5708],[-4.04474,40.57862],[-4.04758,40.58283],[-4.04438,40.58339],[-4.04333,40.58865],[-4.03949,40.59278],[-4.03865,40.59195],[-4.03686,40.59344],[-4.0347,40.59781],[-4.03408,40.60215],[-4.03492,40.60812],[-4.03733,40.61042],[-4.03631,40.61483],[-4.0413,40.6119],[-4.04232,40.61238],[-4.03424,40.62166],[-4.03715,40.62437],[-4.03329,40.62811],[-4.03292,40.63011],[-4.03857,40.63062],[-4.04778,40.62906],[-4.04978,40.6305],[-4.04954,40.63224],[-4.05132,40.63414],[-4.05513,40.63485],[-4.05643,40.63744],[-4.09279,40.63074],[-4.09742,40.62868],[-4.09958,40.62721],[-4.10263,40.61999],[-4.10568,40.61589],[-4.11755,40.60489],[-4.13176,40.59864],[-4.13092,40.59671],[-4.13552,40.59477],[-4.14035,40.58855],[-4.14313,40.58945],[-4.14519,40.5822],[-4.14303,40.57658],[-4.14151,40.57512],[-4.14174,40.57163],[-4.14555,40.56813],[-4.15328,40.56574],[-4.15972,40.56229]]]}},{"type":"Feature","properties":{"ine_code":28055,"name":"Estremera","area_km2":79.1053,"population":1473,"income_pp":12029.0,"density":18.6207,"evs_res":15.0,"evs_per_1k":10.1833,"public_sites":0,"public_points":0,"public_fast_sites":0,"private_sites":0,"pts_per_10k":0.0,"fuel_stations":1,"dist_km":9.7585,"fleet_flag":false,"ev_cero":15.0,"eligible":false,"score":null,"rank":null,"rank_best":null,"rank_worst":null,"top20_n":0,"evs_per_pt":15.0,"pct_scarcity":null,"pct_missing":null,"pct_model":null,"pct_market":null,"pct_home_gap":null,"pct_sites":null,"expected":1.0175,"ratio":0.0,"p_shortfall":0.4748,"missing":1.0175,"group":"Other"},"geometry":{"type":"Polygon","coordinates":[[[-3.16239,40.21117],[-3.15925,40.20281],[-3.15762,40.20131],[-3.15456,40.20066],[-3.15456,40.19945],[-3.15259,40.19794],[-3.15327,40.19624],[-3.15216,40.19498],[-3.15398,40.19539],[-3.1543,40.19465],[-3.15283,40.19273],[-3.15381,40.19312],[-3.15478,40.19235],[-3.15705,40.18639],[-3.15167,40.17941],[-3.15181,40.17789],[-3.14947,40.17447],[-3.151,40.1702],[-3.14904,40.16391],[-3.14977,40.16155],[-3.14456,40.15647],[-3.1439,40.15389],[-3.13928,40.14851],[-3.13943,40.13989],[-3.12798,40.12632],[-3.13426,40.12513],[-3.13119,40.11811],[-3.12455,40.10855],[-3.11402,40.10418],[-3.10835,40.10017],[-3.10747,40.09824],[-3.11172,40.08106],[-3.11544,40.07268],[-3.11822,40.06142],[-3.11229,40.06446],[-3.10274,40.06734],[-3.09221,40.06895],[-3.08881,40.0706],[-3.07264,40.08314],[-3.0708,40.08357],[-3.06069,40.09057],[-3.05299,40.09938],[-3.05652,40.10478],[-3.05623,40.10569],[-3.05415,40.10523],[-3.05353,40.1065],[-3.0578,40.11151],[-3.05601,40.11218],[-3.05625,40.11385],[-3.06148,40.11332],[-3.06183,40.11527],[-3.0648,40.11604],[-3.06406,40.11677],[-3.06618,40.11865],[-3.06759,40.11851],[-3.06797,40.11965],[-3.06573,40.12024],[-3.06492,40.12196],[-3.07032,40.12263],[-3.07079,40.12411],[-3.0729,40.12547],[-3.07148,40.12667],[-3.07326,40.1268],[-3.07439,40.12941],[-3.07257,40.12994],[-3.07237,40.13113],[-3.07735,40.13265],[-3.07723,40.13559],[-3.08229,40.13516],[-3.08521,40.13886],[-3.0886,40.13857],[-3.08998,40.13975],[-3.08808,40.1398],[-3.09016,40.14159],[-3.09305,40.1403],[-3.09292,40.13883],[-3.09411,40.13969],[-3.09348,40.14049],[-3.09448,40.14278],[-3.09676,40.1424],[-3.0964,40.14755],[-3.09318,40.15046],[-3.09743,40.15247],[-3.09755,40.15394],[-3.08933,40.16295],[-3.08524,40.16369],[-3.08227,40.16128],[-3.08318,40.15955],[-3.07806,40.15709],[-3.07163,40.15597],[-3.06872,40.15662],[-3.06787,40.1579],[-3.07048,40.16187],[-3.07445,40.16343],[-3.07779,40.16617],[-3.07724,40.17257],[-3.08311,40.18388],[-3.08577,40.18625],[-3.08439,40.18868],[-3.08665,40.19329],[-3.08467,40.19841],[-3.09142,40.20137],[-3.1061,40.20291],[-3.1114,40.20443],[-3.12506,40.20994],[-3.12948,40.21341],[-3.14382,40.21977],[-3.14922,40.22085],[-3.15078,40.22311],[-3.15768,40.21961],[-3.16239,40.21117]]]}},{"type":"Feature","properties":{"ine_code":28056,"name":"Fresnedillas de la Oliva","area_km2":28.1837,"population":1883,"income_pp":12542.0,"density":66.8116,"evs_res":23.0,"evs_per_1k":12.2146,"public_sites":1,"public_points":2,"public_fast_sites":0,"private_sites":1,"pts_per_10k":10.6213,"fuel_stations":0,"dist_km":1.9461,"fleet_flag":false,"ev_cero":23.0,"eligible":false,"score":null,"rank":null,"rank_best":null,"rank_worst":null,"top20_n":0,"evs_per_pt":7.6667,"pct_scarcity":null,"pct_missing":null,"pct_model":null,"pct_market":null,"pct_home_gap":null,"pct_sites":null,"expected":0.7351,"ratio":2.7207,"p_shortfall":0.9288,"missing":-1.2649,"group":"Other"},"geometry":{"type":"Polygon","coordinates":[[[-4.21816,40.45466],[-4.21489,40.44827],[-4.20961,40.4515],[-4.20668,40.45555],[-4.2013,40.45567],[-4.17968,40.44118],[-4.17408,40.43826],[-4.16987,40.43747],[-4.16966,40.43972],[-4.17296,40.44605],[-4.17719,40.44817],[-4.17564,40.45303],[-4.17432,40.45418],[-4.17552,40.45587],[-4.17532,40.45894],[-4.17112,40.46415],[-4.16253,40.46661],[-4.16272,40.46868],[-4.15934,40.47755],[-4.15259,40.48544],[-4.15373,40.48752],[-4.15192,40.49182],[-4.15234,40.49325],[-4.14773,40.50018],[-4.14146,40.50649],[-4.14388,40.50869],[-4.14676,40.50967],[-4.16146,40.51008],[-4.16752,40.50863],[-4.17748,40.50845],[-4.18762,40.50151],[-4.19185,40.50075],[-4.19695,40.49845],[-4.19881,40.49966],[-4.20229,40.49884],[-4.19951,40.49721],[-4.20731,40.49817],[-4.20885,40.48933],[-4.20967,40.4873],[-4.21276,40.48457],[-4.21429,40.47795],[-4.21342,40.47599],[-4.21379,40.47117],[-4.2157,40.46904],[-4.21455,40.46039],[-4.21779,40.45824],[-4.21816,40.45466]]]}},{"type":"Feature","properties":{"ine_code":28057,"name":"Fresno de Torote","area_km2":31.6601,"population":2561,"income_pp":15092.0,"density":80.8904,"evs_res":85.0,"evs_per_1k":33.1902,"public_sites":0,"public_points":0,"public_fast_sites":0,"private_sites":0,"pts_per_10k":0.0,"fuel_stations":0,"dist_km":4.7962,"fleet_flag":false,"ev_cero":85.0,"eligible":false,"score":null,"rank":null,"rank_best":null,"rank_worst":null,"top20_n":0,"evs_per_pt":85.0,"pct_scarcity":null,"pct_missing":null,"pct_model":null,"pct_market":null,"pct_home_gap":null,"pct_sites":null,"expected":1.4918,"ratio":0.0,"p_shortfall":0.3744,"missing":1.4918,"group":"Other"},"geometry":{"type":"Polygon","coordinates":[[[-3.44208,40.61836],[-3.44373,40.61126],[-3.44148,40.61185],[-3.43955,40.61079],[-3.43935,40.60966],[-3.44323,40.60404],[-3.44242,40.60045],[-3.44337,40.59887],[-3.44303,40.59567],[-3.43803,40.59372],[-3.43311,40.58735],[-3.42957,40.58561],[-3.42757,40.58592],[-3.41618,40.58041],[-3.41508,40.57903],[-3.41172,40.57881],[-3.41102,40.57794],[-3.40628,40.5789],[-3.40254,40.57858],[-3.40007,40.57679],[-3.39847,40.57779],[-3.39313,40.57154],[-3.39147,40.57191],[-3.38987,40.57106],[-3.39075,40.57211],[-3.38857,40.57516],[-3.38938,40.57736],[-3.38839,40.5795],[-3.38543,40.58047],[-3.38174,40.58438],[-3.3835,40.58728],[-3.38231,40.58875],[-3.38476,40.58941],[-3.38535,40.5916],[-3.38367,40.59639],[-3.385,40.60357],[-3.38135,40.60598],[-3.38265,40.60651],[-3.38371,40.60967],[-3.38152,40.60997],[-3.3804,40.61172],[-3.37526,40.61342],[-3.37372,40.61497],[-3.3767,40.61791],[-3.37383,40.6197],[-3.37458,40.6215],[-3.37126,40.62543],[-3.37444,40.62614],[-3.37679,40.62875],[-3.38455,40.63114],[-3.38897,40.63394],[-3.41237,40.64421],[-3.42033,40.64591],[-3.42267,40.63983],[-3.4243,40.63961],[-3.43172,40.62843],[-3.43813,40.62636],[-3.43867,40.62403],[-3.43744,40.62278],[-3.44285,40.62002],[-3.44065,40.61881],[-3.44208,40.61836]]]}},{"type":"Feature","properties":{"ine_code":28058,"name":"Fuenlabrada","area_km2":39.0261,"population":190076,"income_pp":13454.0,"density":4870.4865,"evs_res":2027.0,"evs_per_1k":10.6642,"public_sites":38,"public_points":139,"public_fast_sites":24,"private_sites":6,"pts_per_10k":7.3129,"fuel_stations":23,"dist_km":0.4006,"fleet_flag":false,"ev_cero":2027.0,"eligible":true,"score":50.4471,"rank":32.0,"rank_best":15.0,"rank_worst":49.0,"top20_n":1,"evs_per_pt":14.4786,"pct_scarcity":0.2169,"pct_missing":0.4578,"pct_model":0.3855,"pct_market":0.8313,"pct_home_gap":0.9518,"pct_sites":0.9277,"expected":141.0832,"ratio":0.9852,"p_shortfall":0.6137,"missing":2.0832,"group":"South"},"geometry":{"type":"Polygon","coordinates":[[[-3.84404,40.30435],[-3.84301,40.29356],[-3.84378,40.29176],[-3.83839,40.27824],[-3.83946,40.27683],[-3.82739,40.27745],[-3.81068,40.27682],[-3.80721,40.26131],[-3.803,40.25539],[-3.80098,40.2502],[-3.7962,40.25109],[-3.79294,40.24988],[-3.78855,40.24959],[-3.78318,40.25057],[-3.77478,40.25069],[-3.76652,40.25357],[-3.76335,40.25653],[-3.75803,40.25601],[-3.75551,40.25123],[-3.75194,40.25193],[-3.75077,40.25303],[-3.74845,40.25224],[-3.7468,40.2547],[-3.74127,40.25361],[-3.7393,40.27093],[-3.74269,40.27111],[-3.74771,40.27394],[-3.74831,40.27539],[-3.75483,40.27744],[-3.76174,40.29417],[-3.76682,40.29484],[-3.77455,40.2927],[-3.77847,40.29549],[-3.8016,40.29863],[-3.80694,40.30085],[-3.80528,40.30341],[-3.80824,40.30448],[-3.81231,40.30382],[-3.81271,40.31235],[-3.81811,40.32774],[-3.83121,40.32527],[-3.84365,40.32427],[-3.84188,40.30854],[-3.84323,40.30783],[-3.84264,40.30641],[-3.84404,40.30435]]]}},{"type":"Feature","properties":{"ine_code":28059,"name":"Fuente el Saz de Jarama","area_km2":33.2016,"population":7413,"income_pp":14563.0,"density":223.2721,"evs_res":166.0,"evs_per_1k":22.3931,"public_sites":1,"public_points":4,"public_fast_sites":0,"private_sites":0,"pts_per_10k":5.3959,"fuel_stations":3,"dist_km":1.1886,"fleet_flag":false,"ev_cero":166.0,"eligible":true,"score":42.2625,"rank":40.0,"rank_best":34.0,"rank_worst":61.0,"top20_n":0,"evs_per_pt":33.2,"pct_scarcity":0.5542,"pct_missing":0.5181,"pct_model":0.7108,"pct_market":0.1807,"pct_home_gap":0.2771,"pct_sites":0.4759,"expected":7.1995,"ratio":0.5556,"p_shortfall":0.4476,"missing":3.1995,"group":"Other"},"geometry":{"type":"Polygon","coordinates":[[[-3.56405,40.63313],[-3.56068,40.62716],[-3.56038,40.62431],[-3.55876,40.62437],[-3.5597,40.62272],[-3.55941,40.61224],[-3.55717,40.6122],[-3.55631,40.6113],[-3.55197,40.61153],[-3.54885,40.61375],[-3.54326,40.6129],[-3.53813,40.61622],[-3.53717,40.61578],[-3.53597,40.61666],[-3.53005,40.61362],[-3.52479,40.61448],[-3.5237,40.61604],[-3.51892,40.61585],[-3.50484,40.62024],[-3.50323,40.61945],[-3.5022,40.62174],[-3.50356,40.62564],[-3.49262,40.62485],[-3.49328,40.62652],[-3.49066,40.63224],[-3.49131,40.63546],[-3.49234,40.63545],[-3.4892,40.64028],[-3.49002,40.64404],[-3.48863,40.65194],[-3.48765,40.65258],[-3.48858,40.65308],[-3.488,40.65776],[-3.48681,40.66027],[-3.48267,40.66132],[-3.48233,40.66396],[-3.48101,40.66403],[-3.48185,40.66662],[-3.48692,40.66882],[-3.49155,40.66891],[-3.4914,40.67003],[-3.52091,40.67193],[-3.53429,40.66589],[-3.5349,40.66349],[-3.54277,40.66115],[-3.54476,40.66098],[-3.54807,40.66299],[-3.55075,40.66046],[-3.55591,40.66077],[-3.55586,40.65032],[-3.55915,40.65048],[-3.56216,40.64553],[-3.55865,40.64249],[-3.5565,40.63616],[-3.55848,40.63561],[-3.56249,40.63715],[-3.56405,40.63313]]]}},{"type":"Feature","properties":{"ine_code":28060,"name":"Fuentidueña de Tajo","area_km2":60.6607,"population":2372,"income_pp":12553.0,"density":39.1027,"evs_res":36.0,"evs_per_1k":15.1771,"public_sites":0,"public_points":0,"public_fast_sites":0,"private_sites":1,"pts_per_10k":0.0,"fuel_stations":2,"dist_km":10.6455,"fleet_flag":false,"ev_cero":36.0,"eligible":false,"score":null,"rank":null,"rank_best":null,"rank_worst":null,"top20_n":0,"evs_per_pt":36.0,"pct_scarcity":null,"pct_missing":null,"pct_model":null,"pct_market":null,"pct_home_gap":null,"pct_sites":null,"expected":2.1838,"ratio":0.0,"p_shortfall":0.2825,"missing":2.1838,"group":"Other"},"geometry":{"type":"Polygon","coordinates":[[[-3.20557,40.11182],[-3.20295,40.10637],[-3.20177,40.08536],[-3.1955,40.08678],[-3.19284,40.08572],[-3.18944,40.08267],[-3.18541,40.08259],[-3.18329,40.08503],[-3.17903,40.08509],[-3.17623,40.09069],[-3.16886,40.09057],[-3.16638,40.09127],[-3.16811,40.08595],[-3.16302,40.08379],[-3.16136,40.07435],[-3.16275,40.07111],[-3.16052,40.06936],[-3.16138,40.06513],[-3.15626,40.06489],[-3.15032,40.0663],[-3.13941,40.06315],[-3.11822,40.06142],[-3.11544,40.07268],[-3.11172,40.08106],[-3.10747,40.09824],[-3.10835,40.10017],[-3.11402,40.10418],[-3.12455,40.10855],[-3.12589,40.11151],[-3.12917,40.11464],[-3.13426,40.12513],[-3.12798,40.12632],[-3.13943,40.13989],[-3.13928,40.14851],[-3.1439,40.15389],[-3.14456,40.15647],[-3.14977,40.16155],[-3.15868,40.15591],[-3.16355,40.15464],[-3.16934,40.1561],[-3.17274,40.15596],[-3.17592,40.15781],[-3.17909,40.15807],[-3.18591,40.15767],[-3.18962,40.15632],[-3.19663,40.15686],[-3.19791,40.15586],[-3.20114,40.15014],[-3.20045,40.14295],[-3.20399,40.12898],[-3.20272,40.12033],[-3.20533,40.11512],[-3.20557,40.11182]]]}},{"type":"Feature","properties":{"ine_code":28061,"name":"Galapagar","area_km2":64.935,"population":36758,"income_pp":17032.0,"density":566.0736,"evs_res":1168.0,"evs_per_1k":31.7754,"public_sites":10,"public_points":27,"public_fast_sites":6,"private_sites":0,"pts_per_10k":7.3453,"fuel_stations":10,"dist_km":1.4991,"fleet_flag":false,"ev_cero":1168.0,"eligible":true,"score":77.1294,"rank":9.0,"rank_best":9.0,"rank_worst":11.0,"top20_n":5,"evs_per_pt":41.7143,"pct_scarcity":0.6386,"pct_missing":0.8795,"pct_model":0.6265,"pct_market":0.6867,"pct_home_gap":0.5904,"pct_sites":0.7289,"expected":39.3677,"ratio":0.6858,"p_shortfall":0.4746,"missing":12.3677,"group":"Other"},"geometry":{"type":"Polygon","coordinates":[[[-4.04437,40.5835],[-4.04289,40.58417],[-4.03134,40.58298],[-4.02604,40.57753],[-4.02524,40.57332],[-4.01311,40.56702],[-4.01099,40.56357],[-4.00524,40.56146],[-4.0071,40.55798],[-3.9995,40.55066],[-4.0007,40.5452],[-3.99734,40.54087],[-3.99708,40.53779],[-3.99508,40.53718],[-3.99524,40.53483],[-3.9887,40.53005],[-3.99103,40.52723],[-3.98907,40.52596],[-3.99053,40.52488],[-3.98824,40.52373],[-3.98883,40.52265],[-3.98563,40.52001],[-3.98458,40.51667],[-3.96653,40.51901],[-3.96272,40.51595],[-3.95854,40.51549],[-3.95446,40.51363],[-3.95218,40.51129],[-3.95141,40.51177],[-3.95063,40.51014],[-3.9459,40.50899],[-3.94521,40.50955],[-3.94542,40.50856],[-3.94389,40.50802],[-3.9399,40.5079],[-3.94021,40.50914],[-3.93792,40.51146],[-3.94094,40.51258],[-3.94243,40.51513],[-3.94,40.5192],[-3.94063,40.52301],[-3.93924,40.52628],[-3.93994,40.53022],[-3.94153,40.53243],[-3.94706,40.53574],[-3.94988,40.53961],[-3.94596,40.54707],[-3.94563,40.55462],[-3.9478,40.55938],[-3.94959,40.56016],[-3.95153,40.55851],[-3.95159,40.55699],[-3.95419,40.55784],[-3.95443,40.5612],[-3.9573,40.56227],[-3.95809,40.56452],[-3.95656,40.56762],[-3.95814,40.56993],[-3.95961,40.57961],[-3.9559,40.58398],[-3.95658,40.58427],[-3.95164,40.59529],[-3.95553,40.59991],[-3.95846,40.60143],[-3.95874,40.61713],[-3.95982,40.6197],[-3.95838,40.62406],[-3.95809,40.63285],[-3.96353,40.62943],[-3.96773,40.62924],[-3.97394,40.62699],[-3.98014,40.61995],[-3.98914,40.61943],[-4.00471,40.61621],[-4.01166,40.61662],[-4.0205,40.61936],[-4.02656,40.62544],[-4.025,40.62813],[-4.02535,40.63019],[-4.03292,40.63011],[-4.03329,40.62811],[-4.03715,40.62437],[-4.03424,40.62166],[-4.04232,40.61238],[-4.0413,40.6119],[-4.03631,40.61483],[-4.03733,40.61042],[-4.03492,40.60812],[-4.03408,40.60215],[-4.0347,40.59781],[-4.03686,40.59344],[-4.03865,40.59195],[-4.03949,40.59278],[-4.04333,40.58865],[-4.04437,40.5835]]]}},{"type":"Feature","properties":{"ine_code":28062,"name":"Garganta de los Montes","area_km2":40.4372,"population":441,"income_pp":17957.0,"density":10.9058,"evs_res":9.0,"evs_per_1k":20.4082,"public_sites":0,"public_points":0,"public_fast_sites":0,"private_sites":0,"pts_per_10k":0.0,"fuel_stations":0,"dist_km":4.669,"fleet_flag":false,"ev_cero":9.0,"eligible":false,"score":null,"rank":null,"rank_best":null,"rank_worst":null,"top20_n":0,"evs_per_pt":9.0,"pct_scarcity":null,"pct_missing":null,"pct_model":null,"pct_market":null,"pct_home_gap":null,"pct_sites":null,"expected":0.27,"ratio":0.0,"p_shortfall":0.7831,"missing":0.27,"group":"Other"},"geometry":{"type":"Polygon","coordinates":[[[-3.72548,40.93511],[-3.72399,40.92689],[-3.72064,40.92415],[-3.71736,40.91801],[-3.71717,40.9079],[-3.7187,40.90542],[-3.71624,40.89672],[-3.71204,40.89476],[-3.71024,40.8923],[-3.70635,40.8913],[-3.69995,40.88785],[-3.69593,40.88085],[-3.69311,40.88072],[-3.68249,40.88493],[-3.67907,40.88749],[-3.67533,40.8922],[-3.66774,40.91209],[-3.66285,40.91839],[-3.66255,40.92394],[-3.65469,40.92813],[-3.64745,40.93848],[-3.64446,40.9537],[-3.64792,40.95569],[-3.65049,40.95865],[-3.65409,40.95953],[-3.65412,40.96072],[-3.65247,40.96822],[-3.64757,40.97652],[-3.65208,40.97642],[-3.65648,40.97353],[-3.65696,40.97635],[-3.66085,40.97555],[-3.66464,40.97853],[-3.66602,40.97851],[-3.6697,40.97514],[-3.66794,40.97267],[-3.66844,40.97025],[-3.67086,40.97021],[-3.67245,40.97218],[-3.6744,40.97132],[-3.67348,40.96982],[-3.6746,40.96852],[-3.6797,40.96732],[-3.67919,40.9652],[-3.68464,40.96397],[-3.68613,40.95815],[-3.68567,40.95505],[-3.69007,40.95353],[-3.69559,40.95424],[-3.69703,40.95005],[-3.70676,40.94782],[-3.70777,40.94527],[-3.71336,40.94503],[-3.71664,40.94352],[-3.71689,40.9427],[-3.71462,40.94055],[-3.71487,40.93913],[-3.72241,40.93495],[-3.72548,40.93511]]]}},{"type":"Feature","properties":{"ine_code":28063,"name":"Gargantilla del Lozoya y Pinilla de Buitrago","area_km2":23.7796,"population":396,"income_pp":15573.0,"density":16.6529,"evs_res":13.0,"evs_per_1k":32.8283,"public_sites":2,"public_points":4,"public_fast_sites":0,"private_sites":3,"pts_per_10k":101.0101,"fuel_stations":0,"dist_km":0.8378,"fleet_flag":false,"ev_cero":13.0,"eligible":false,"score":null,"rank":null,"rank_best":null,"rank_worst":null,"top20_n":0,"evs_per_pt":2.6,"pct_scarcity":null,"pct_missing":null,"pct_model":null,"pct_market":null,"pct_home_gap":null,"pct_sites":null,"expected":0.2612,"ratio":15.3131,"p_shortfall":0.9997,"missing":-3.7388,"group":"Other"},"geometry":{"type":"Polygon","coordinates":[[[-3.73929,40.97074],[-3.7334,40.96168],[-3.73754,40.95693],[-3.73532,40.95186],[-3.73694,40.94717],[-3.73708,40.94245],[-3.73699,40.94135],[-3.73451,40.94003],[-3.7348,40.93628],[-3.72241,40.93495],[-3.71487,40.93913],[-3.71462,40.94055],[-3.71689,40.9427],[-3.71664,40.94352],[-3.71336,40.94503],[-3.70777,40.94527],[-3.70676,40.94782],[-3.69703,40.95005],[-3.69559,40.95424],[-3.69007,40.95353],[-3.68567,40.95505],[-3.68613,40.95815],[-3.68464,40.96397],[-3.67919,40.9652],[-3.6797,40.96732],[-3.6746,40.96852],[-3.67348,40.96982],[-3.6744,40.97132],[-3.67245,40.97218],[-3.67086,40.97021],[-3.66844,40.97025],[-3.66794,40.97267],[-3.66974,40.97499],[-3.6665,40.97821],[-3.66481,40.97861],[-3.66119,40.97569],[-3.65895,40.97547],[-3.65684,40.97653],[-3.65699,40.97895],[-3.65424,40.98044],[-3.65952,40.98679],[-3.66286,40.98694],[-3.66619,40.98825],[-3.66871,40.99203],[-3.66559,40.99533],[-3.66661,40.99568],[-3.67108,40.99358],[-3.67453,40.99061],[-3.67654,40.99327],[-3.67933,40.9921],[-3.68729,40.99129],[-3.71015,40.98307],[-3.71142,40.98055],[-3.71471,40.97919],[-3.72447,40.97985],[-3.73621,40.97696],[-3.73849,40.97604],[-3.73793,40.97368],[-3.73929,40.97074]]]}},{"type":"Feature","properties":{"ine_code":28064,"name":"Gascones","area_km2":19.7917,"population":252,"income_pp":17107.0,"density":12.7326,"evs_res":4.0,"evs_per_1k":15.873,"public_sites":0,"public_points":0,"public_fast_sites":0,"private_sites":0,"pts_per_10k":0.0,"fuel_stations":0,"dist_km":3.1887,"fleet_flag":false,"ev_cero":4.0,"eligible":false,"score":null,"rank":null,"rank_best":null,"rank_worst":null,"top20_n":0,"evs_per_pt":4.0,"pct_scarcity":null,"pct_missing":null,"pct_model":null,"pct_market":null,"pct_home_gap":null,"pct_sites":null,"expected":0.1412,"ratio":0.0,"p_shortfall":0.8748,"missing":0.1412,"group":"Other"},"geometry":{"type":"Polygon","coordinates":[[[-3.72042,41.06565],[-3.70951,41.05727],[-3.70748,41.05425],[-3.70727,41.05139],[-3.68759,41.0291],[-3.68604,41.02861],[-3.6836,41.02924],[-3.68338,41.02758],[-3.68125,41.02711],[-3.67356,41.02169],[-3.66781,41.01155],[-3.66114,41.00965],[-3.65597,41.00927],[-3.65413,41.00677],[-3.65222,41.00624],[-3.65291,41.00276],[-3.65204,41.00152],[-3.64989,41.00077],[-3.64795,41.00374],[-3.64561,41.00257],[-3.64236,41.0041],[-3.64114,41.00184],[-3.63685,41.00181],[-3.63386,41.00333],[-3.63305,41.00874],[-3.63368,41.01207],[-3.63574,41.01352],[-3.63445,41.01425],[-3.63449,41.01701],[-3.63604,41.01884],[-3.63362,41.02369],[-3.63363,41.028],[-3.63596,41.02916],[-3.64049,41.02963],[-3.64442,41.03271],[-3.65018,41.03335],[-3.65223,41.03165],[-3.66164,41.03704],[-3.67263,41.04151],[-3.68033,41.05403],[-3.69264,41.05976],[-3.70564,41.07751],[-3.71306,41.07412],[-3.72042,41.06565]]]}},{"type":"Feature","properties":{"ine_code":28065,"name":"Getafe","area_km2":78.5943,"population":193238,"income_pp":15867.0,"density":2458.678,"evs_res":3726.0,"evs_per_1k":19.2819,"public_sites":44,"public_points":184,"public_fast_sites":23,"private_sites":15,"pts_per_10k":9.5219,"fuel_stations":30,"dist_km":1.7073,"fleet_flag":false,"ev_cero":3726.0,"eligible":true,"score":65.6575,"rank":20.0,"rank_best":6.0,"rank_worst":29.0,"top20_n":4,"evs_per_pt":20.1405,"pct_scarcity":0.3373,"pct_missing":0.7229,"pct_model":0.3976,"pct_market":0.9157,"pct_home_gap":0.8795,"pct_sites":0.9759,"expected":190.2502,"ratio":0.9671,"p_shortfall":0.6056,"missing":6.2502,"group":"South"},"geometry":{"type":"Polygon","coordinates":[[[-3.76174,40.29417],[-3.75483,40.27744],[-3.74831,40.27539],[-3.74771,40.27394],[-3.74269,40.27111],[-3.73716,40.27087],[-3.73509,40.27252],[-3.72832,40.2725],[-3.72301,40.26976],[-3.71988,40.26987],[-3.71879,40.26866],[-3.71135,40.2669],[-3.70664,40.26775],[-3.70167,40.26745],[-3.69724,40.26927],[-3.69434,40.269],[-3.6902,40.27069],[-3.68906,40.27249],[-3.68615,40.2737],[-3.68258,40.27432],[-3.68052,40.27373],[-3.67867,40.2754],[-3.6737,40.27675],[-3.67109,40.28163],[-3.66917,40.28272],[-3.66656,40.28264],[-3.66277,40.28547],[-3.66166,40.28778],[-3.65605,40.28898],[-3.6495,40.29268],[-3.64494,40.29292],[-3.63788,40.29163],[-3.63683,40.28604],[-3.63459,40.28195],[-3.63095,40.27786],[-3.62746,40.27677],[-3.6225,40.26982],[-3.62285,40.26636],[-3.60294,40.27114],[-3.59481,40.27425],[-3.59621,40.27621],[-3.5966,40.28498],[-3.59418,40.28552],[-3.59182,40.28381],[-3.58229,40.28526],[-3.58103,40.28697],[-3.57878,40.28638],[-3.57556,40.28811],[-3.57151,40.28712],[-3.57132,40.29084],[-3.57006,40.29189],[-3.57392,40.29683],[-3.57569,40.30095],[-3.57577,40.30768],[-3.5771,40.31171],[-3.57622,40.31459],[-3.57896,40.31348],[-3.59716,40.31198],[-3.61174,40.3143],[-3.61886,40.31857],[-3.62441,40.31978],[-3.62493,40.3188],[-3.63102,40.32108],[-3.64913,40.33341],[-3.6585,40.32805],[-3.66354,40.32951],[-3.67045,40.32508],[-3.6786,40.32691],[-3.6848,40.32263],[-3.68899,40.32213],[-3.69302,40.32019],[-3.69617,40.32228],[-3.7033,40.3222],[-3.7126,40.32386],[-3.71482,40.32855],[-3.72517,40.3347],[-3.73225,40.33196],[-3.74154,40.32514],[-3.74482,40.31738],[-3.76069,40.30115],[-3.76174,40.29417]]]}},{"type":"Feature","properties":{"ine_code":28066,"name":"Griñón","area_km2":17.2907,"population":10799,"income_pp":16818.0,"density":624.5561,"evs_res":319.0,"evs_per_1k":29.5398,"public_sites":2,"public_points":4,"public_fast_sites":1,"private_sites":0,"pts_per_10k":3.704,"fuel_stations":3,"dist_km":0.9546,"fleet_flag":false,"ev_cero":319.0,"eligible":true,"score":69.8763,"rank":15.0,"rank_best":8.0,"rank_worst":29.0,"top20_n":3,"evs_per_pt":63.8,"pct_scarcity":0.7952,"pct_missing":0.7831,"pct_model":0.8072,"pct_market":0.3855,"pct_home_gap":0.6024,"pct_sites":0.4759,"expected":11.4841,"ratio":0.3483,"p_shortfall":0.2996,"missing":7.4841,"group":"Other"},"geometry":{"type":"Polygon","coordinates":[[[-3.8844,40.23221],[-3.87524,40.22057],[-3.86934,40.20997],[-3.86611,40.20311],[-3.86895,40.20094],[-3.86677,40.2004],[-3.86565,40.20114],[-3.86155,40.19931],[-3.85429,40.19933],[-3.8451,40.20154],[-3.84336,40.2033],[-3.83558,40.20211],[-3.82874,40.20313],[-3.82228,40.20579],[-3.82063,40.20542],[-3.81772,40.20664],[-3.81784,40.20802],[-3.81435,40.21123],[-3.8068,40.21558],[-3.80324,40.22028],[-3.80742,40.22954],[-3.81072,40.23112],[-3.81425,40.229],[-3.81487,40.22746],[-3.81633,40.22759],[-3.81667,40.22921],[-3.81822,40.22968],[-3.81993,40.2273],[-3.82059,40.22895],[-3.82127,40.22708],[-3.82955,40.22952],[-3.83676,40.23006],[-3.83985,40.22946],[-3.84328,40.23226],[-3.84299,40.23453],[-3.84991,40.23531],[-3.84982,40.2363],[-3.85143,40.23636],[-3.85473,40.23843],[-3.85621,40.23814],[-3.86232,40.23031],[-3.86436,40.23116],[-3.86729,40.22544],[-3.87158,40.22795],[-3.87755,40.22943],[-3.87973,40.233],[-3.8844,40.23221]]]}},{"type":"Feature","properties":{"ine_code":28067,"name":"Guadalix de la Sierra","area_km2":61.0036,"population":6993,"income_pp":15394.0,"density":114.6326,"evs_res":141.0,"evs_per_1k":20.163,"public_sites":6,"public_points":14,"public_fast_sites":2,"private_sites":0,"pts_per_10k":20.02,"fuel_stations":2,"dist_km":2.1477,"fleet_flag":false,"ev_cero":141.0,"eligible":true,"score":2.9073,"rank":80.0,"rank_best":80.0,"rank_worst":81.0,"top20_n":0,"evs_per_pt":9.4,"pct_scarcity":0.0602,"pct_missing":0.1867,"pct_model":0.0482,"pct_market":0.1325,"pct_home_gap":0.0964,"pct_sites":0.3133,"expected":5.6971,"ratio":2.4574,"p_shortfall":0.9228,"missing":-8.3029,"group":"Other"},"geometry":{"type":"Polygon","coordinates":[[[-3.7449,40.76572],[-3.74125,40.76197],[-3.7401,40.76191],[-3.7403,40.76007],[-3.73652,40.75791],[-3.73249,40.75184],[-3.72382,40.74301],[-3.72261,40.74066],[-3.71536,40.73608],[-3.71039,40.72933],[-3.70652,40.72717],[-3.70667,40.72552],[-3.69709,40.72741],[-3.69498,40.72964],[-3.69108,40.72966],[-3.69062,40.72816],[-3.68667,40.73029],[-3.68501,40.7303],[-3.67637,40.72829],[-3.67142,40.73515],[-3.66058,40.74067],[-3.64068,40.7562],[-3.63558,40.75841],[-3.63735,40.76003],[-3.63245,40.76302],[-3.63192,40.76859],[-3.62813,40.77214],[-3.62431,40.77196],[-3.61259,40.77563],[-3.60817,40.77965],[-3.61011,40.78346],[-3.6104,40.78693],[-3.61836,40.78669],[-3.62559,40.78309],[-3.63205,40.78349],[-3.63519,40.78743],[-3.64301,40.79142],[-3.65269,40.8034],[-3.6554,40.80455],[-3.66323,40.80518],[-3.67403,40.80345],[-3.67884,40.80445],[-3.68395,40.80415],[-3.71019,40.79871],[-3.71854,40.79511],[-3.72349,40.79815],[-3.72601,40.7932],[-3.73324,40.78774],[-3.73922,40.77973],[-3.74037,40.77563],[-3.73726,40.76904],[-3.74357,40.7671],[-3.7449,40.76572]]]}},{"type":"Feature","properties":{"ine_code":28068,"name":"Guadarrama","area_km2":56.6997,"population":17547,"income_pp":16602.0,"density":309.4725,"evs_res":396.0,"evs_per_1k":22.568,"public_sites":7,"public_points":13,"public_fast_sites":3,"private_sites":1,"pts_per_10k":7.4087,"fuel_stations":4,"dist_km":2.085,"fleet_flag":false,"ev_cero":396.0,"eligible":true,"score":51.9069,"rank":30.0,"rank_best":30.0,"rank_worst":41.0,"top20_n":0,"evs_per_pt":28.2857,"pct_scarcity":0.4578,"pct_missing":0.5783,"pct_model":0.494,"pct_market":0.494,"pct_home_gap":0.3735,"pct_sites":0.5663,"expected":16.7151,"ratio":0.7777,"p_shortfall":0.5335,"missing":3.7151,"group":"Other"},"geometry":{"type":"Polygon","coordinates":[[[-4.173,40.6769],[-4.17356,40.66684],[-4.16911,40.66378],[-4.16877,40.65699],[-4.1673,40.6546],[-4.1691,40.64969],[-4.16794,40.64791],[-4.13129,40.6552],[-4.11928,40.65296],[-4.11135,40.65418],[-4.09184,40.65029],[-4.07039,40.64962],[-4.06014,40.6536],[-4.05682,40.65402],[-4.05307,40.65262],[-4.04972,40.64935],[-4.03871,40.64513],[-4.03585,40.64305],[-4.03167,40.63847],[-4.03306,40.63013],[-4.02967,40.62983],[-4.03157,40.63903],[-4.03657,40.64457],[-4.03662,40.64684],[-4.04705,40.65637],[-4.04778,40.65975],[-4.0455,40.66227],[-4.05241,40.66483],[-4.05264,40.66896],[-4.05838,40.68206],[-4.058,40.68949],[-4.0616,40.70062],[-4.07323,40.70013],[-4.07668,40.69879],[-4.07777,40.70115],[-4.08017,40.70256],[-4.08259,40.6997],[-4.08466,40.70135],[-4.08953,40.70158],[-4.08839,40.70418],[-4.09416,40.70762],[-4.0973,40.70621],[-4.09894,40.70414],[-4.1028,40.70287],[-4.10932,40.70341],[-4.11923,40.71312],[-4.1242,40.72039],[-4.12567,40.72449],[-4.13049,40.72305],[-4.13815,40.71416],[-4.1418,40.70352],[-4.14496,40.69846],[-4.14417,40.69607],[-4.14504,40.69516],[-4.15077,40.6927],[-4.15715,40.69208],[-4.16728,40.68505],[-4.17137,40.68056],[-4.173,40.6769]]]}},{"type":"Feature","properties":{"ine_code":28069,"name":"La Hiruela","area_km2":16.8619,"population":88,"income_pp":16893.0,"density":5.2189,"evs_res":4.4384,"evs_per_1k":50.4366,"public_sites":0,"public_points":0,"public_fast_sites":0,"private_sites":0,"pts_per_10k":0.0,"fuel_stations":0,"dist_km":6.2528,"fleet_flag":true,"ev_cero":2213.0,"eligible":false,"score":null,"rank":null,"rank_best":null,"rank_worst":null,"top20_n":0,"evs_per_pt":4.4384,"pct_scarcity":null,"pct_missing":null,"pct_model":null,"pct_market":null,"pct_home_gap":null,"pct_sites":null,"expected":0.0521,"ratio":0.0,"p_shortfall":0.9503,"missing":0.0521,"group":"Other"},"geometry":{"type":"Polygon","coordinates":[[[-3.48666,41.06839],[-3.48508,41.06404],[-3.47917,41.06734],[-3.47449,41.06508],[-3.4659,41.05742],[-3.46749,41.04823],[-3.4627,41.04937],[-3.4601,41.04904],[-3.45852,41.05019],[-3.44712,41.0456],[-3.44248,41.04254],[-3.44135,41.04312],[-3.43828,41.04261],[-3.43797,41.04673],[-3.43459,41.04932],[-3.43544,41.05345],[-3.43171,41.05823],[-3.43292,41.06277],[-3.4311,41.06293],[-3.42744,41.06581],[-3.42789,41.06885],[-3.42575,41.07327],[-3.42695,41.0743],[-3.42618,41.07736],[-3.42757,41.07846],[-3.42803,41.08194],[-3.42586,41.08342],[-3.42862,41.08322],[-3.42946,41.08447],[-3.43024,41.08355],[-3.43156,41.08441],[-3.43391,41.08361],[-3.43556,41.08404],[-3.43982,41.08103],[-3.44418,41.0824],[-3.44547,41.08102],[-3.44832,41.08068],[-3.44912,41.08202],[-3.45092,41.08181],[-3.45549,41.08406],[-3.45678,41.08728],[-3.45848,41.08717],[-3.47007,41.0924],[-3.47468,41.09344],[-3.47458,41.09486],[-3.47595,41.09522],[-3.47853,41.09175],[-3.4849,41.08745],[-3.48436,41.08378],[-3.48282,41.08324],[-3.47862,41.07797],[-3.47923,41.07149],[-3.48666,41.06839]]]}},{"type":"Feature","properties":{"ine_code":28070,"name":"Horcajo de la Sierra-Aoslos","area_km2":20.5514,"population":219,"income_pp":17763.0,"density":10.6562,"evs_res":5.0,"evs_per_1k":22.8311,"public_sites":1,"public_points":2,"public_fast_sites":1,"private_sites":0,"pts_per_10k":91.3242,"fuel_stations":1,"dist_km":2.2049,"fleet_flag":false,"ev_cero":5.0,"eligible":false,"score":null,"rank":null,"rank_best":null,"rank_worst":null,"top20_n":0,"evs_per_pt":1.6667,"pct_scarcity":null,"pct_missing":null,"pct_model":null,"pct_market":null,"pct_home_gap":null,"pct_sites":null,"expected":1.0615,"ratio":1.8842,"p_shortfall":0.8675,"missing":-0.9385,"group":"Other"},"geometry":{"type":"Polygon","coordinates":[[[-3.60936,41.06589],[-3.60708,41.06297],[-3.60398,41.05429],[-3.59682,41.0493],[-3.59253,41.04802],[-3.59079,41.04504],[-3.58717,41.04332],[-3.58835,41.04434],[-3.58615,41.04861],[-3.58631,41.05762],[-3.58081,41.0592],[-3.56321,41.0587],[-3.56441,41.06446],[-3.56398,41.06804],[-3.56554,41.06951],[-3.56168,41.08026],[-3.55927,41.084],[-3.55747,41.0928],[-3.55887,41.09597],[-3.55807,41.10375],[-3.56031,41.10856],[-3.56549,41.11389],[-3.58851,41.09848],[-3.59358,41.09838],[-3.59812,41.09515],[-3.60048,41.09629],[-3.60157,41.09345],[-3.60067,41.09232],[-3.60275,41.09106],[-3.60597,41.09138],[-3.60757,41.08351],[-3.60597,41.08218],[-3.60512,41.07762],[-3.60645,41.07605],[-3.60861,41.07548],[-3.60936,41.06589]]]}},{"type":"Feature","properties":{"ine_code":28071,"name":"Horcajuelo de la Sierra","area_km2":24.3741,"population":104,"income_pp":15223.0,"density":4.2668,"evs_res":1.0,"evs_per_1k":9.6154,"public_sites":0,"public_points":0,"public_fast_sites":0,"private_sites":1,"pts_per_10k":0.0,"fuel_stations":0,"dist_km":4.5722,"fleet_flag":false,"ev_cero":1.0,"eligible":false,"score":null,"rank":null,"rank_best":null,"rank_worst":null,"top20_n":0,"evs_per_pt":1.0,"pct_scarcity":null,"pct_missing":null,"pct_model":null,"pct_market":null,"pct_home_gap":null,"pct_sites":null,"expected":0.0429,"ratio":0.0,"p_shortfall":0.9587,"missing":0.0429,"group":"Other"},"geometry":{"type":"Polygon","coordinates":[[[-3.56554,41.06951],[-3.56398,41.06804],[-3.56441,41.06446],[-3.56198,41.05314],[-3.5623,41.04964],[-3.55591,41.04795],[-3.5523,41.04599],[-3.55109,41.04627],[-3.55288,41.03755],[-3.54895,41.04025],[-3.54753,41.04281],[-3.54901,41.04406],[-3.54699,41.04327],[-3.54614,41.04371],[-3.54736,41.04604],[-3.54257,41.04991],[-3.54008,41.06095],[-3.53881,41.06137],[-3.52992,41.07502],[-3.52382,41.08601],[-3.52271,41.09339],[-3.52532,41.10825],[-3.52456,41.11547],[-3.52205,41.1194],[-3.52334,41.12347],[-3.52571,41.12832],[-3.53324,41.1326],[-3.53612,41.13217],[-3.54104,41.13481],[-3.54732,41.13496],[-3.54842,41.13333],[-3.54781,41.12803],[-3.54912,41.12479],[-3.5576,41.1167],[-3.56549,41.11389],[-3.56031,41.10856],[-3.55807,41.10375],[-3.55887,41.09597],[-3.55739,41.09003],[-3.56554,41.06951]]]}},{"type":"Feature","properties":{"ine_code":28072,"name":"Hoyo de Manzanares","area_km2":45.3198,"population":9310,"income_pp":19583.0,"density":205.4291,"evs_res":327.0,"evs_per_1k":35.1235,"public_sites":1,"public_points":2,"public_fast_sites":0,"private_sites":0,"pts_per_10k":2.1482,"fuel_stations":1,"dist_km":0.8769,"fleet_flag":false,"ev_cero":327.0,"eligible":true,"score":56.4336,"rank":27.0,"rank_best":20.0,"rank_worst":49.0,"top20_n":1,"evs_per_pt":109.0,"pct_scarcity":0.8916,"pct_missing":0.7711,"pct_model":0.8675,"pct_market":0.3976,"pct_home_gap":0.2169,"pct_sites":0.1386,"expected":9.3099,"ratio":0.2148,"p_shortfall":0.2215,"missing":7.3099,"group":"Other"},"geometry":{"type":"Polygon","coordinates":[[[-3.953,40.59753],[-3.94095,40.59535],[-3.93051,40.59525],[-3.92522,40.59358],[-3.91846,40.59365],[-3.91592,40.59231],[-3.90522,40.58972],[-3.88906,40.58817],[-3.88362,40.58635],[-3.88349,40.58526],[-3.87685,40.58862],[-3.87392,40.59114],[-3.86738,40.59216],[-3.85993,40.58818],[-3.85494,40.588],[-3.85028,40.59047],[-3.84164,40.59266],[-3.84457,40.60547],[-3.84443,40.61179],[-3.84872,40.61065],[-3.85045,40.61187],[-3.85346,40.62905],[-3.86029,40.64179],[-3.86504,40.64564],[-3.87254,40.6478],[-3.87692,40.65094],[-3.88703,40.65258],[-3.89381,40.651],[-3.9085,40.64241],[-3.92051,40.63819],[-3.92798,40.62978],[-3.9394,40.6218],[-3.94651,40.61131],[-3.95124,40.59958],[-3.953,40.59753]]]}},{"type":"Feature","properties":{"ine_code":28073,"name":"Humanes de Madrid","area_km2":19.6532,"population":20500,"income_pp":12552.0,"density":1043.0892,"evs_res":398.0,"evs_per_1k":19.4146,"public_sites":4,"public_points":8,"public_fast_sites":3,"private_sites":2,"pts_per_10k":3.9024,"fuel_stations":11,"dist_km":0.9905,"fleet_flag":false,"ev_cero":398.0,"eligible":true,"score":78.1707,"rank":6.0,"rank_best":5.0,"rank_worst":16.0,"top20_n":5,"evs_per_pt":44.2222,"pct_scarcity":0.6867,"pct_missing":0.8675,"pct_model":0.7952,"pct_market":0.506,"pct_home_gap":0.6988,"pct_sites":0.7651,"expected":20.231,"ratio":0.3954,"p_shortfall":0.3095,"missing":12.231,"group":"Other"},"geometry":{"type":"Polygon","coordinates":[[[-3.85339,40.25011],[-3.85143,40.23636],[-3.84982,40.2363],[-3.84991,40.23531],[-3.84769,40.23468],[-3.84299,40.23453],[-3.84328,40.23226],[-3.83985,40.22946],[-3.83676,40.23006],[-3.82955,40.22952],[-3.82127,40.22708],[-3.82059,40.22895],[-3.81993,40.2273],[-3.8175,40.22962],[-3.81633,40.22759],[-3.81487,40.22746],[-3.81425,40.229],[-3.81072,40.23112],[-3.80742,40.22954],[-3.80125,40.23783],[-3.79639,40.23858],[-3.80285,40.25512],[-3.80721,40.26131],[-3.81068,40.27682],[-3.82739,40.27745],[-3.83946,40.27683],[-3.85339,40.25011]]]}},{"type":"Feature","properties":{"ine_code":28074,"name":"Leganés","area_km2":42.9774,"population":195734,"income_pp":14531.0,"density":4554.3505,"evs_res":2746.0,"evs_per_1k":14.0292,"public_sites":41,"public_points":261,"public_fast_sites":27,"private_sites":14,"pts_per_10k":13.3344,"fuel_stations":27,"dist_km":0.2135,"fleet_flag":false,"ev_cero":2746.0,"eligible":true,"score":27.4626,"rank":64.0,"rank_best":34.0,"rank_worst":69.0,"top20_n":0,"evs_per_pt":10.4809,"pct_scarcity":0.1084,"pct_missing":0.1867,"pct_model":0.1566,"pct_market":0.8916,"pct_home_gap":0.9277,"pct_sites":0.9518,"expected":167.5106,"ratio":1.5581,"p_shortfall":0.7959,"missing":-93.4894,"group":"South"},"geometry":{"type":"Polygon","coordinates":[[[-3.81844,40.32958],[-3.81271,40.31235],[-3.81231,40.30382],[-3.80824,40.30448],[-3.80528,40.30341],[-3.80694,40.30085],[-3.8016,40.29863],[-3.77847,40.29549],[-3.77455,40.2927],[-3.76682,40.29484],[-3.76174,40.29417],[-3.76069,40.30115],[-3.74482,40.31738],[-3.74154,40.32514],[-3.73225,40.33196],[-3.72517,40.3347],[-3.72089,40.36555],[-3.75771,40.35726],[-3.77186,40.3595],[-3.77361,40.36061],[-3.7805,40.36189],[-3.7884,40.3586],[-3.79902,40.35664],[-3.80103,40.35537],[-3.79826,40.35367],[-3.80512,40.34721],[-3.8021,40.34174],[-3.80089,40.34136],[-3.81068,40.33558],[-3.81844,40.32958]]]}},{"type":"Feature","properties":{"ine_code":28075,"name":"Loeches","area_km2":44.1224,"population":9261,"income_pp":14785.0,"density":209.8936,"evs_res":290.0,"evs_per_1k":31.3141,"public_sites":3,"public_points":9,"public_fast_sites":3,"private_sites":2,"pts_per_10k":9.7182,"fuel_stations":6,"dist_km":1.2952,"fleet_flag":false,"ev_cero":290.0,"eligible":true,"score":40.9811,"rank":42.0,"rank_best":42.0,"rank_worst":54.0,"top20_n":0,"evs_per_pt":29.0,"pct_scarcity":0.4699,"pct_missing":0.3855,"pct_model":0.4337,"pct_market":0.3614,"pct_home_gap":0.2289,"pct_sites":0.6446,"expected":9.8969,"ratio":0.9094,"p_shortfall":0.6027,"missing":0.8969,"group":"Other"},"geometry":{"type":"Polygon","coordinates":[[[-3.46575,40.38853],[-3.46341,40.38744],[-3.46217,40.38496],[-3.46421,40.38336],[-3.45965,40.38023],[-3.45849,40.37297],[-3.45475,40.36175],[-3.4515,40.35781],[-3.4513,40.35502],[-3.4537,40.35169],[-3.45348,40.34319],[-3.45218,40.34313],[-3.44285,40.34946],[-3.4356,40.35206],[-3.4266,40.35135],[-3.42624,40.3497],[-3.41523,40.35229],[-3.41312,40.35161],[-3.40947,40.35204],[-3.40886,40.353],[-3.40532,40.35334],[-3.40303,40.3569],[-3.3983,40.3589],[-3.39462,40.35982],[-3.39027,40.35892],[-3.37698,40.3634],[-3.37426,40.36274],[-3.37091,40.35996],[-3.369,40.36075],[-3.36698,40.36035],[-3.36376,40.36204],[-3.35603,40.36225],[-3.35255,40.36732],[-3.36042,40.37094],[-3.36224,40.37047],[-3.36889,40.37327],[-3.37643,40.37957],[-3.37647,40.38105],[-3.37866,40.3816],[-3.37854,40.38268],[-3.38051,40.38274],[-3.38053,40.38645],[-3.3818,40.38655],[-3.38169,40.38797],[-3.38323,40.38928],[-3.38615,40.3901],[-3.38611,40.39306],[-3.38775,40.39246],[-3.38793,40.39414],[-3.38994,40.3938],[-3.39142,40.39548],[-3.3921,40.39962],[-3.40165,40.40973],[-3.40289,40.41455],[-3.4067,40.41949],[-3.40685,40.42111],[-3.40937,40.4215],[-3.40918,40.42235],[-3.40742,40.4227],[-3.40674,40.42205],[-3.40649,40.42272],[-3.40885,40.42324],[-3.41187,40.4258],[-3.41447,40.42451],[-3.42006,40.42384],[-3.42719,40.42522],[-3.4299,40.42613],[-3.43689,40.43221],[-3.43805,40.43235],[-3.43212,40.41921],[-3.43194,40.4155],[-3.43476,40.41279],[-3.44156,40.41235],[-3.4401,40.40998],[-3.44157,40.40838],[-3.44035,40.40523],[-3.44449,40.40088],[-3.44662,40.40044],[-3.44737,40.39845],[-3.44969,40.39742],[-3.44902,40.39497],[-3.45106,40.39512],[-3.45438,40.39318],[-3.45638,40.39364],[-3.4567,40.39192],[-3.45843,40.39171],[-3.45866,40.39021],[-3.4614,40.3882],[-3.46455,40.38914],[-3.46575,40.38853]]]}},{"type":"Feature","properties":{"ine_code":28076,"name":"Lozoya","area_km2":58.123,"population":598,"income_pp":17234.0,"density":10.2885,"evs_res":8.0,"evs_per_1k":13.3779,"public_sites":0,"public_points":0,"public_fast_sites":0,"private_sites":0,"pts_per_10k":0.0,"fuel_stations":2,"dist_km":5.6016,"fleet_flag":false,"ev_cero":8.0,"eligible":false,"score":null,"rank":null,"rank_best":null,"rank_worst":null,"top20_n":0,"evs_per_pt":8.0,"pct_scarcity":null,"pct_missing":null,"pct_model":null,"pct_market":null,"pct_home_gap":null,"pct_sites":null,"expected":2.1131,"ratio":0.0,"p_shortfall":0.2899,"missing":2.1131,"group":"Other"},"geometry":{"type":"Polygon","coordinates":[[[-3.84453,40.98235],[-3.84149,40.97985],[-3.83471,40.97002],[-3.83405,40.97162],[-3.83302,40.96736],[-3.8331,40.95641],[-3.83006,40.9497],[-3.82642,40.946],[-3.81857,40.94073],[-3.8064,40.92813],[-3.78948,40.91391],[-3.78703,40.91327],[-3.78555,40.91402],[-3.77349,40.92466],[-3.76471,40.92626],[-3.74285,40.93934],[-3.74092,40.93903],[-3.73699,40.94135],[-3.73694,40.94717],[-3.73532,40.95186],[-3.73749,40.9576],[-3.7334,40.96168],[-3.73929,40.97074],[-3.73793,40.97368],[-3.73849,40.97604],[-3.74092,40.98108],[-3.74607,40.98751],[-3.7489,40.98846],[-3.75547,40.99379],[-3.75819,41.00052],[-3.76159,41.00551],[-3.76765,41.00841],[-3.77106,41.01229],[-3.78137,41.00032],[-3.7854,41.00087],[-3.793,40.99426],[-3.79793,40.99321],[-3.80084,40.99371],[-3.80918,40.98792],[-3.81493,40.98595],[-3.81942,40.98586],[-3.82237,40.98452],[-3.82909,40.98664],[-3.83512,40.98419],[-3.84453,40.98235]]]}},{"type":"Feature","properties":{"ine_code":28078,"name":"Madarcos","area_km2":8.4535,"population":69,"income_pp":16893.0,"density":8.1623,"evs_res":0.0,"evs_per_1k":0.0,"public_sites":0,"public_points":0,"public_fast_sites":0,"private_sites":0,"pts_per_10k":0.0,"fuel_stations":0,"dist_km":5.9277,"fleet_flag":false,"ev_cero":0.0,"eligible":false,"score":null,"rank":null,"rank_best":null,"rank_worst":null,"top20_n":0,"evs_per_pt":0.0,"pct_scarcity":null,"pct_missing":null,"pct_model":null,"pct_market":null,"pct_home_gap":null,"pct_sites":null,"expected":0.026,"ratio":0.0,"p_shortfall":0.9746,"missing":0.026,"group":"Other"},"geometry":{"type":"Polygon","coordinates":[[[-3.58835,41.04434],[-3.58665,41.04207],[-3.58742,41.04089],[-3.58593,41.03794],[-3.58198,41.03486],[-3.58213,41.03395],[-3.58425,41.03439],[-3.5847,41.03315],[-3.57994,41.03003],[-3.58035,41.02625],[-3.586,41.02413],[-3.58627,41.02259],[-3.58003,41.02158],[-3.5783,41.02348],[-3.56949,41.02376],[-3.56457,41.02607],[-3.56019,41.0255],[-3.55762,41.02868],[-3.55483,41.03572],[-3.5593,41.04843],[-3.5623,41.04964],[-3.56321,41.0587],[-3.58081,41.0592],[-3.58546,41.05812],[-3.58679,41.05705],[-3.58649,41.04668],[-3.58835,41.04434]]]}},{"type":"Feature","properties":{"ine_code":28079,"name":"Madrid","area_km2":603.8707,"population":3506730,"income_pp":19632.0,"density":5807.0876,"evs_res":87717.0,"evs_per_1k":25.0139,"public_sites":618,"public_points":3664,"public_fast_sites":285,"private_sites":298,"pts_per_10k":10.4485,"fuel_stations":248,"dist_km":0.0498,"fleet_flag":false,"ev_cero":87717.0,"eligible":true,"score":78.0551,"rank":7.0,"rank_best":3.0,"rank_worst":19.0,"top20_n":5,"evs_per_pt":23.9337,"pct_scarcity":0.3735,"pct_missing":1.0,"pct_model":0.4819,"pct_market":1.0,"pct_home_gap":0.988,"pct_sites":1.0,"expected":4557.5959,"ratio":0.8039,"p_shortfall":0.528,"missing":893.5959,"group":"Other"},"geometry":{"type":"Polygon","coordinates":[[[-3.88895,40.57085],[-3.88706,40.56646],[-3.88381,40.56384],[-3.88482,40.56085],[-3.88209,40.55964],[-3.87543,40.55881],[-3.87382,40.55757],[-3.87279,40.55341],[-3.86906,40.5482],[-3.86944,40.54743],[-3.86566,40.54339],[-3.86294,40.53463],[-3.85811,40.53011],[-3.8577,40.52786],[-3.85369,40.52441],[-3.85438,40.52136],[-3.85129,40.51765],[-3.85401,40.51199],[-3.85288,40.51033],[-3.83709,40.50588],[-3.8394,40.49938],[-3.83443,40.49408],[-3.83316,40.48785],[-3.83421,40.48408],[-3.83666,40.48086],[-3.83748,40.47553],[-3.83618,40.47481],[-3.83812,40.47092],[-3.83835,40.46764],[-3.83435,40.46446],[-3.82904,40.46631],[-3.82495,40.46473],[-3.81524,40.46357],[-3.81292,40.46364],[-3.81142,40.46481],[-3.80436,40.46357],[-3.79997,40.45978],[-3.79582,40.45795],[-3.7956,40.4564],[-3.79305,40.45391],[-3.79101,40.44772],[-3.79006,40.44797],[-3.79007,40.4458],[-3.78882,40.44575],[-3.79011,40.44237],[-3.78471,40.44435],[-3.7762,40.44345],[-3.77083,40.44406],[-3.77078,40.42943],[-3.77912,40.42427],[-3.7814,40.41757],[-3.77837,40.40763],[-3.77434,40.40211],[-3.77456,40.40031],[-3.77765,40.39914],[-3.78148,40.39418],[-3.78939,40.39242],[-3.78859,40.39397],[-3.79379,40.39363],[-3.79647,40.39226],[-3.80426,40.39206],[-3.81086,40.3928],[-3.82066,40.39662],[-3.83416,40.39606],[-3.82278,40.38053],[-3.81329,40.36983],[-3.81052,40.36372],[-3.80693,40.36645],[-3.80281,40.36338],[-3.7954,40.3619],[-3.7879,40.35875],[-3.7805,40.36189],[-3.77361,40.36061],[-3.77186,40.3595],[-3.75771,40.35726],[-3.72089,40.36555],[-3.72517,40.3347],[-3.71482,40.32855],[-3.7126,40.32386],[-3.7033,40.3222],[-3.69617,40.32228],[-3.69302,40.32019],[-3.68899,40.32213],[-3.6848,40.32263],[-3.6786,40.32691],[-3.67045,40.32508],[-3.66354,40.32951],[-3.6585,40.32805],[-3.64913,40.33341],[-3.63102,40.32108],[-3.62493,40.3188],[-3.62441,40.31978],[-3.61886,40.31857],[-3.61174,40.3143],[-3.5987,40.31198],[-3.57663,40.31423],[-3.57614,40.31486],[-3.5778,40.31465],[-3.57926,40.31586],[-3.58381,40.3158],[-3.58507,40.31835],[-3.58389,40.32372],[-3.5825,40.32629],[-3.57155,40.3346],[-3.56981,40.33934],[-3.55893,40.35013],[-3.55768,40.35267],[-3.55512,40.35406],[-3.55701,40.35509],[-3.55425,40.35665],[-3.56522,40.36008],[-3.55871,40.3659],[-3.55003,40.37789],[-3.53813,40.38874],[-3.53364,40.39162],[-3.52915,40.38939],[-3.52039,40.3921],[-3.51833,40.40215],[-3.51906,40.40893],[-3.52096,40.41213],[-3.52506,40.41628],[-3.53119,40.42008],[-3.53023,40.41471],[-3.53517,40.41441],[-3.53621,40.41252],[-3.53966,40.41159],[-3.53976,40.41043],[-3.54926,40.41231],[-3.5534,40.41167],[-3.56403,40.41354],[-3.57288,40.41176],[-3.57754,40.41362],[-3.57953,40.41734],[-3.57525,40.42558],[-3.57748,40.42601],[-3.57632,40.42968],[-3.57912,40.43363],[-3.5751,40.43409],[-3.57594,40.43674],[-3.5738,40.43767],[-3.56855,40.43621],[-3.56529,40.43775],[-3.55996,40.43817],[-3.55196,40.44163],[-3.54161,40.44365],[-3.54097,40.44459],[-3.53499,40.44495],[-3.53549,40.44648],[-3.53201,40.44693],[-3.53456,40.45255],[-3.53219,40.45465],[-3.53022,40.45437],[-3.52691,40.45564],[-3.52931,40.45871],[-3.52966,40.46104],[-3.52892,40.46348],[-3.52509,40.46774],[-3.52531,40.46903],[-3.5266,40.47028],[-3.53401,40.47225],[-3.53479,40.48023],[-3.53728,40.48481],[-3.53694,40.48643],[-3.54095,40.48853],[-3.54185,40.49418],[-3.55317,40.49973],[-3.55341,40.50246],[-3.55522,40.50316],[-3.55426,40.51133],[-3.56163,40.51069],[-3.56494,40.51205],[-3.57211,40.51237],[-3.57594,40.51037],[-3.58298,40.50848],[-3.59333,40.50141],[-3.60229,40.50126],[-3.60576,40.50403],[-3.60635,40.5057],[-3.6151,40.51098],[-3.63329,40.50754],[-3.64485,40.50789],[-3.64778,40.51034],[-3.65237,40.51119],[-3.65586,40.51316],[-3.65779,40.51138],[-3.6626,40.51994],[-3.66398,40.51987],[-3.66605,40.52148],[-3.66587,40.52471],[-3.67213,40.52435],[-3.67719,40.52698],[-3.66936,40.5343],[-3.67679,40.54148],[-3.67856,40.54678],[-3.68306,40.55221],[-3.68207,40.55312],[-3.68952,40.56868],[-3.68926,40.57055],[-3.6907,40.56908],[-3.69179,40.56978],[-3.69485,40.57372],[-3.70092,40.57847],[-3.69246,40.58024],[-3.68871,40.58251],[-3.68589,40.58284],[-3.66727,40.59208],[-3.66303,40.59228],[-3.65918,40.59159],[-3.65566,40.58888],[-3.65134,40.57891],[-3.64976,40.57748],[-3.64482,40.57723],[-3.63698,40.57513],[-3.63134,40.57504],[-3.6255,40.57343],[-3.61628,40.58086],[-3.60723,40.58512],[-3.60208,40.59065],[-3.60532,40.59663],[-3.61574,40.60165],[-3.61773,40.61104],[-3.621,40.61317],[-3.62307,40.61628],[-3.62847,40.61815],[-3.63018,40.62866],[-3.63331,40.63161],[-3.63747,40.63805],[-3.63913,40.63894],[-3.64389,40.63852],[-3.6488,40.64205],[-3.65422,40.64373],[-3.65863,40.64231],[-3.66115,40.64041],[-3.66853,40.62831],[-3.66672,40.61994],[-3.67395,40.61651],[-3.67947,40.61102],[-3.68597,40.60751],[-3.69658,40.59],[-3.7081,40.58371],[-3.72069,40.58221],[-3.72983,40.58509],[-3.73725,40.58607],[-3.74082,40.59065],[-3.74582,40.59221],[-3.75015,40.59243],[-3.75297,40.59478],[-3.76817,40.59967],[-3.77826,40.60173],[-3.78163,40.6008],[-3.78349,40.60176],[-3.78503,40.60047],[-3.7899,40.59899],[-3.7953,40.59991],[-3.7991,40.59849],[-3.80333,40.59887],[-3.80053,40.60591],[-3.80613,40.60791],[-3.8062,40.60951],[-3.80823,40.60917],[-3.8096,40.60987],[-3.81279,40.60814],[-3.8101,40.60657],[-3.80601,40.59987],[-3.81444,40.59542],[-3.8282,40.59457],[-3.83333,40.59352],[-3.83769,40.59136],[-3.84164,40.59266],[-3.84342,40.59239],[-3.85028,40.59047],[-3.85494,40.588],[-3.85993,40.58818],[-3.86738,40.59216],[-3.87589,40.59018],[-3.87685,40.58862],[-3.88369,40.58527],[-3.88373,40.5791],[-3.88576,40.57411],[-3.88895,40.57085]]]}},{"type":"Feature","properties":{"ine_code":28080,"name":"Majadahonda","area_km2":38.3744,"population":73625,"income_pp":24019.0,"density":1918.5943,"evs_res":3760.5951,"evs_per_1k":51.0777,"public_sites":40,"public_points":232,"public_fast_sites":25,"private_sites":4,"pts_per_10k":31.511,"fuel_stations":11,"dist_km":0.4458,"fleet_flag":true,"ev_cero":25232.0,"eligible":true,"score":31.2651,"rank":56.0,"rank_best":21.0,"rank_worst":67.0,"top20_n":0,"evs_per_pt":16.1399,"pct_scarcity":0.253,"pct_missing":0.1867,"pct_model":0.0843,"pct_market":0.9277,"pct_home_gap":0.8434,"pct_sites":0.7651,"expected":128.1014,"ratio":1.8111,"p_shortfall":0.8471,"missing":-103.8986,"group":"North-west"},"geometry":{"type":"Polygon","coordinates":[[[-3.9454,40.45591],[-3.94539,40.45499],[-3.93122,40.44874],[-3.92647,40.44329],[-3.92319,40.44193],[-3.91217,40.44333],[-3.90892,40.44262],[-3.90632,40.44601],[-3.90506,40.45099],[-3.89903,40.45633],[-3.89487,40.45478],[-3.88955,40.44992],[-3.88227,40.44547],[-3.86838,40.44372],[-3.86107,40.44387],[-3.85316,40.44565],[-3.85418,40.44672],[-3.84953,40.44934],[-3.84939,40.45249],[-3.84662,40.45824],[-3.83435,40.46446],[-3.83835,40.46764],[-3.83812,40.47092],[-3.83618,40.47481],[-3.84376,40.47736],[-3.85047,40.47864],[-3.85017,40.47807],[-3.85223,40.47927],[-3.85269,40.47864],[-3.85557,40.47892],[-3.87327,40.48357],[-3.87764,40.48347],[-3.87771,40.48427],[-3.88084,40.48548],[-3.88201,40.48497],[-3.89264,40.48778],[-3.89588,40.49015],[-3.89528,40.49076],[-3.90581,40.495],[-3.91022,40.50133],[-3.91785,40.50119],[-3.9238,40.49934],[-3.92624,40.49984],[-3.92697,40.49899],[-3.93334,40.49953],[-3.93523,40.49828],[-3.93678,40.49358],[-3.93591,40.49141],[-3.93703,40.48359],[-3.93633,40.47937],[-3.93813,40.47676],[-3.93859,40.47373],[-3.93702,40.46799],[-3.93975,40.46539],[-3.93875,40.46144],[-3.9454,40.45591]]]}},{"type":"Feature","properties":{"ine_code":28082,"name":"Manzanares el Real","area_km2":127.5012,"population":9648,"income_pp":17549.0,"density":75.6699,"evs_res":230.0,"evs_per_1k":23.8391,"public_sites":2,"public_points":4,"public_fast_sites":0,"private_sites":1,"pts_per_10k":4.1459,"fuel_stations":2,"dist_km":2.3408,"fleet_flag":false,"ev_cero":230.0,"eligible":true,"score":41.4771,"rank":41.0,"rank_best":31.0,"rank_worst":66.0,"top20_n":0,"evs_per_pt":46.0,"pct_scarcity":0.7108,"pct_missing":0.6386,"pct_model":0.7711,"pct_market":0.2771,"pct_home_gap":0.0482,"pct_sites":0.3133,"expected":8.8919,"ratio":0.4498,"p_shortfall":0.3765,"missing":4.8919,"group":"Other"},"geometry":{"type":"MultiPolygon","coordinates":[[[[-3.92869,40.65715],[-3.91676,40.66015],[-3.91602,40.6585],[-3.91533,40.65601],[-3.91925,40.64858],[-3.92752,40.65183],[-3.92711,40.65437],[-3.92869,40.65715]]],[[[-3.95156,40.72176],[-3.93777,40.72723],[-3.93546,40.72573],[-3.93418,40.72618],[-3.93309,40.72465],[-3.93682,40.71536],[-3.94072,40.71255],[-3.94088,40.7144],[-3.9429,40.71583],[-3.94868,40.71776],[-3.94983,40.71696],[-3.95156,40.72176]]],[[[-3.97811,40.78742],[-3.97436,40.78828],[-3.97062,40.79102],[-3.96289,40.7918],[-3.95969,40.79491],[-3.9513,40.7947],[-3.93836,40.79603],[-3.93054,40.80068],[-3.91744,40.79994],[-3.90303,40.80432],[-3.8855,40.80745],[-3.88248,40.80584],[-3.87926,40.80568],[-3.87034,40.81001],[-3.86504,40.81411],[-3.86225,40.8149],[-3.83956,40.81379],[-3.83686,40.80183],[-3.83083,40.79375],[-3.8283,40.78051],[-3.82496,40.77224],[-3.81865,40.73982],[-3.81499,40.74014],[-3.80841,40.7239],[-3.8024,40.71741],[-3.80164,40.71176],[-3.80301,40.70982],[-3.80577,40.71099],[-3.81038,40.70636],[-3.81423,40.70492],[-3.8201,40.69745],[-3.82132,40.69259],[-3.8243,40.6908],[-3.82588,40.68857],[-3.82479,40.68752],[-3.82663,40.68714],[-3.82615,40.68615],[-3.83015,40.68053],[-3.84299,40.68751],[-3.84605,40.68769],[-3.84982,40.68576],[-3.86289,40.68666],[-3.86642,40.68316],[-3.87088,40.68096],[-3.87824,40.68183],[-3.89015,40.67954],[-3.89925,40.68332],[-3.90111,40.68208],[-3.90124,40.67935],[-3.90225,40.67934],[-3.91304,40.68754],[-3.90561,40.69682],[-3.90249,40.69928],[-3.89344,40.7029],[-3.89167,40.70478],[-3.89387,40.70926],[-3.89322,40.71444],[-3.89752,40.71853],[-3.90101,40.73],[-3.90355,40.73178],[-3.90692,40.73861],[-3.91217,40.73959],[-3.92102,40.74323],[-3.93349,40.75232],[-3.94206,40.75518],[-3.947,40.75839],[-3.95184,40.76351],[-3.96027,40.76566],[-3.96512,40.7682],[-3.96801,40.76796],[-3.9686,40.76711],[-3.97281,40.77066],[-3.97134,40.77646],[-3.97402,40.77905],[-3.97565,40.78342],[-3.97972,40.78417],[-3.97811,40.78742]]]]}},{"type":"Feature","properties":{"ine_code":28083,"name":"Meco","area_km2":35.0668,"population":15922,"income_pp":16076.0,"density":454.0478,"evs_res":392.0,"evs_per_1k":24.62,"public_sites":3,"public_points":12,"public_fast_sites":2,"private_sites":0,"pts_per_10k":7.5367,"fuel_stations":6,"dist_km":1.8257,"fleet_flag":false,"ev_cero":392.0,"eligible":true,"score":61.6332,"rank":24.0,"rank_best":19.0,"rank_worst":32.0,"top20_n":1,"evs_per_pt":30.1538,"pct_scarcity":0.506,"pct_missing":0.6988,"pct_model":0.6506,"pct_market":0.4819,"pct_home_gap":0.5181,"pct_sites":0.6446,"expected":17.8793,"ratio":0.6712,"p_shortfall":0.478,"missing":5.8793,"group":"Other"},"geometry":{"type":"Polygon","coordinates":[[[-3.3631,40.563],[-3.35928,40.5605],[-3.3608,40.55894],[-3.35621,40.55375],[-3.35864,40.55284],[-3.35907,40.55081],[-3.35719,40.54953],[-3.35742,40.54787],[-3.35535,40.5471],[-3.35561,40.54537],[-3.35479,40.54401],[-3.35359,40.54404],[-3.35319,40.54287],[-3.35412,40.54258],[-3.35216,40.5392],[-3.35129,40.53938],[-3.35007,40.53161],[-3.3419,40.52923],[-3.33407,40.52815],[-3.32326,40.52149],[-3.30688,40.52973],[-3.30472,40.53294],[-3.30274,40.53153],[-3.30076,40.53292],[-3.29843,40.52926],[-3.29697,40.52859],[-3.29464,40.52978],[-3.29327,40.52868],[-3.28967,40.5317],[-3.297,40.53731],[-3.29097,40.54392],[-3.28384,40.5489],[-3.28535,40.54956],[-3.28183,40.55241],[-3.28836,40.55861],[-3.28415,40.56202],[-3.28343,40.56383],[-3.28673,40.56518],[-3.28265,40.56931],[-3.28431,40.57088],[-3.28335,40.57145],[-3.28507,40.57264],[-3.29132,40.57289],[-3.29561,40.57573],[-3.2977,40.57433],[-3.30276,40.5779],[-3.30649,40.5781],[-3.31057,40.57956],[-3.3111,40.5812],[-3.33046,40.5974],[-3.32885,40.59886],[-3.33087,40.60074],[-3.33419,40.59954],[-3.33815,40.59635],[-3.33652,40.59412],[-3.33755,40.5916],[-3.34308,40.58643],[-3.3422,40.58549],[-3.34661,40.58304],[-3.3416,40.57889],[-3.3459,40.57606],[-3.34472,40.57441],[-3.34703,40.57328],[-3.34858,40.57421],[-3.35331,40.57036],[-3.35462,40.57073],[-3.35487,40.56967],[-3.35773,40.57022],[-3.35928,40.56681],[-3.361,40.56621],[-3.36087,40.56503],[-3.3631,40.563]]]}},{"type":"Feature","properties":{"ine_code":28084,"name":"Mejorada del Campo","area_km2":17.9602,"population":25049,"income_pp":13212.0,"density":1394.692,"evs_res":389.0,"evs_per_1k":15.5296,"public_sites":5,"public_points":11,"public_fast_sites":4,"private_sites":2,"pts_per_10k":4.3914,"fuel_stations":5,"dist_km":1.4977,"fleet_flag":false,"ev_cero":389.0,"eligible":true,"score":67.0051,"rank":19.0,"rank_best":16.0,"rank_worst":24.0,"top20_n":4,"evs_per_pt":32.4167,"pct_scarcity":0.5422,"pct_missing":0.759,"pct_model":0.6988,"pct_market":0.4699,"pct_home_gap":0.759,"pct_sites":0.6084,"expected":18.28,"ratio":0.6017,"p_shortfall":0.4393,"missing":7.28,"group":"Other"},"geometry":{"type":"Polygon","coordinates":[[[-3.50931,40.39662],[-3.50924,40.39534],[-3.50544,40.39333],[-3.50665,40.3886],[-3.50484,40.38924],[-3.50378,40.39187],[-3.5022,40.39225],[-3.5017,40.39043],[-3.50292,40.38992],[-3.50294,40.38862],[-3.50079,40.38731],[-3.50051,40.38524],[-3.50509,40.38461],[-3.50601,40.38262],[-3.50161,40.38058],[-3.50024,40.37782],[-3.48975,40.37816],[-3.47911,40.38038],[-3.47365,40.38229],[-3.46642,40.38709],[-3.46505,40.38693],[-3.46582,40.38849],[-3.46455,40.38914],[-3.46128,40.38825],[-3.45866,40.39021],[-3.45843,40.39171],[-3.4567,40.39192],[-3.45612,40.39378],[-3.45438,40.39318],[-3.45106,40.39512],[-3.44902,40.39497],[-3.44969,40.39742],[-3.44737,40.39845],[-3.44662,40.40044],[-3.44449,40.40088],[-3.44035,40.40523],[-3.44157,40.40838],[-3.4401,40.40998],[-3.44173,40.4116],[-3.43963,40.41284],[-3.44212,40.41869],[-3.44928,40.42159],[-3.45255,40.42165],[-3.45319,40.42026],[-3.45703,40.41901],[-3.46917,40.41796],[-3.47228,40.41634],[-3.47505,40.41638],[-3.48321,40.41426],[-3.48455,40.4131],[-3.48788,40.41372],[-3.49489,40.41188],[-3.49649,40.40958],[-3.50118,40.40952],[-3.50272,40.40844],[-3.50317,40.4072],[-3.50113,40.40693],[-3.50054,40.40592],[-3.50931,40.39662]]]}},{"type":"Feature","properties":{"ine_code":28085,"name":"Miraflores de la Sierra","area_km2":56.6211,"population":7350,"income_pp":16029.0,"density":129.8103,"evs_res":122.0,"evs_per_1k":16.5986,"public_sites":5,"public_points":10,"public_fast_sites":3,"private_sites":0,"pts_per_10k":13.6054,"fuel_stations":3,"dist_km":2.3263,"fleet_flag":false,"ev_cero":122.0,"eligible":true,"score":11.2376,"rank":78.0,"rank_best":73.0,"rank_worst":78.0,"top20_n":0,"evs_per_pt":11.0909,"pct_scarcity":0.1446,"pct_missing":0.1867,"pct_model":0.241,"pct_market":0.1084,"pct_home_gap":0.1205,"pct_sites":0.4759,"expected":6.6889,"ratio":1.495,"p_shortfall":0.7877,"missing":-3.3111,"group":"Other"},"geometry":{"type":"Polygon","coordinates":[[[-3.8298,40.8309],[-3.83024,40.81793],[-3.82774,40.81656],[-3.82821,40.80877],[-3.82563,40.80568],[-3.81357,40.79602],[-3.81406,40.7869],[-3.81198,40.78568],[-3.81132,40.77925],[-3.80729,40.77753],[-3.80271,40.77062],[-3.78395,40.77007],[-3.77134,40.76386],[-3.76404,40.7613],[-3.75989,40.76158],[-3.75866,40.75886],[-3.75577,40.75755],[-3.73939,40.74497],[-3.73834,40.74198],[-3.73294,40.73545],[-3.73201,40.73201],[-3.73279,40.73048],[-3.72617,40.73086],[-3.71795,40.72854],[-3.71333,40.72845],[-3.71037,40.72931],[-3.71536,40.73608],[-3.72261,40.74066],[-3.72382,40.74301],[-3.73249,40.75184],[-3.73652,40.75791],[-3.7403,40.76007],[-3.7401,40.76191],[-3.74125,40.76197],[-3.7449,40.76572],[-3.74357,40.7671],[-3.73726,40.76904],[-3.74037,40.77563],[-3.73922,40.77973],[-3.73324,40.78774],[-3.72601,40.7932],[-3.72349,40.79815],[-3.72494,40.801],[-3.73179,40.80302],[-3.73414,40.80532],[-3.74104,40.8054],[-3.74501,40.80728],[-3.74485,40.80885],[-3.7579,40.82024],[-3.76533,40.82393],[-3.77446,40.82694],[-3.78554,40.83873],[-3.78782,40.84532],[-3.79257,40.84827],[-3.79701,40.84802],[-3.79917,40.84983],[-3.80217,40.84854],[-3.80433,40.84963],[-3.80894,40.84872],[-3.81527,40.84313],[-3.81514,40.84115],[-3.8298,40.8309]]]}},{"type":"Feature","properties":{"ine_code":28086,"name":"El Molar","area_km2":50.2546,"population":9999,"income_pp":13106.0,"density":198.967,"evs_res":143.0,"evs_per_1k":14.3014,"public_sites":6,"public_points":10,"public_fast_sites":4,"private_sites":0,"pts_per_10k":10.001,"fuel_stations":3,"dist_km":1.8498,"fleet_flag":false,"ev_cero":143.0,"eligible":true,"score":15.7985,"rank":75.0,"rank_best":70.0,"rank_worst":75.0,"top20_n":0,"evs_per_pt":13.0,"pct_scarcity":0.1928,"pct_missing":0.1867,"pct_model":0.2651,"pct_market":0.1446,"pct_home_gap":0.1928,"pct_sites":0.4759,"expected":7.2841,"ratio":1.3728,"p_shortfall":0.7581,"missing":-2.7159,"group":"Other"},"geometry":{"type":"Polygon","coordinates":[[[-3.60833,40.71664],[-3.60817,40.71438],[-3.60711,40.71505],[-3.60374,40.71154],[-3.60228,40.70646],[-3.6032,40.70346],[-3.60215,40.69662],[-3.60058,40.69578],[-3.60087,40.69253],[-3.60494,40.67973],[-3.60152,40.6737],[-3.60168,40.66975],[-3.59714,40.65801],[-3.59355,40.65479],[-3.58942,40.65588],[-3.58475,40.65352],[-3.58493,40.64544],[-3.57698,40.64573],[-3.56824,40.64353],[-3.56678,40.65036],[-3.55586,40.65032],[-3.55521,40.65547],[-3.55641,40.66238],[-3.55427,40.66356],[-3.55133,40.66349],[-3.55032,40.66491],[-3.55458,40.66686],[-3.55509,40.66803],[-3.55348,40.67924],[-3.55534,40.68319],[-3.55329,40.68712],[-3.54903,40.68931],[-3.54705,40.69172],[-3.54373,40.69258],[-3.54342,40.69528],[-3.54039,40.69683],[-3.53981,40.6998],[-3.53424,40.70598],[-3.53289,40.71071],[-3.52827,40.71366],[-3.52848,40.71641],[-3.52614,40.7217],[-3.52715,40.72489],[-3.52579,40.72785],[-3.52585,40.73275],[-3.53075,40.73404],[-3.54061,40.73283],[-3.54417,40.73461],[-3.54757,40.73455],[-3.55573,40.73808],[-3.56189,40.74384],[-3.56406,40.74325],[-3.57212,40.74397],[-3.57477,40.74913],[-3.57675,40.75002],[-3.58274,40.75058],[-3.58741,40.74822],[-3.59105,40.74906],[-3.59357,40.7507],[-3.59267,40.7307],[-3.5918,40.72896],[-3.59518,40.72543],[-3.60574,40.72051],[-3.60833,40.71664]]]}},{"type":"Feature","properties":{"ine_code":28087,"name":"Los Molinos","area_km2":19.5141,"population":4781,"income_pp":16704.0,"density":245.0025,"evs_res":93.0,"evs_per_1k":19.452,"public_sites":0,"public_points":0,"public_fast_sites":0,"private_sites":0,"pts_per_10k":0.0,"fuel_stations":0,"dist_km":5.3665,"fleet_flag":false,"ev_cero":93.0,"eligible":false,"score":null,"rank":null,"rank_best":null,"rank_worst":null,"top20_n":0,"evs_per_pt":93.0,"pct_scarcity":null,"pct_missing":null,"pct_model":null,"pct_market":null,"pct_home_gap":null,"pct_sites":null,"expected":4.1435,"ratio":0.0,"p_shortfall":0.1605,"missing":4.1435,"group":"Other"},"geometry":{"type":"Polygon","coordinates":[[[-4.12607,40.72446],[-4.11923,40.71312],[-4.10932,40.70341],[-4.1028,40.70287],[-4.09894,40.70414],[-4.0973,40.70621],[-4.09416,40.70762],[-4.08839,40.70418],[-4.08953,40.70158],[-4.08466,40.70135],[-4.08211,40.69968],[-4.07984,40.70251],[-4.07777,40.70115],[-4.07668,40.69879],[-4.07323,40.70013],[-4.0616,40.70062],[-4.05677,40.70635],[-4.05557,40.71121],[-4.05059,40.71474],[-4.05884,40.71487],[-4.06416,40.71824],[-4.0664,40.72295],[-4.07449,40.72634],[-4.07893,40.72966],[-4.097,40.74777],[-4.10562,40.74645],[-4.11602,40.74211],[-4.11774,40.73773],[-4.12078,40.73567],[-4.12477,40.73044],[-4.12607,40.72446]]]}},{"type":"Feature","properties":{"ine_code":28088,"name":"Montejo de la Sierra","area_km2":32.0414,"population":404,"income_pp":15317.0,"density":12.6087,"evs_res":4.0,"evs_per_1k":9.901,"public_sites":0,"public_points":0,"public_fast_sites":0,"private_sites":0,"pts_per_10k":0.0,"fuel_stations":0,"dist_km":7.2368,"fleet_flag":false,"ev_cero":4.0,"eligible":false,"score":null,"rank":null,"rank_best":null,"rank_worst":null,"top20_n":0,"evs_per_pt":4.0,"pct_scarcity":null,"pct_missing":null,"pct_model":null,"pct_market":null,"pct_home_gap":null,"pct_sites":null,"expected":0.2215,"ratio":0.0,"p_shortfall":0.8155,"missing":0.2215,"group":"Other"},"geometry":{"type":"Polygon","coordinates":[[[-3.54799,41.13827],[-3.54732,41.13496],[-3.54104,41.13481],[-3.53612,41.13217],[-3.53324,41.1326],[-3.52571,41.12832],[-3.52205,41.1194],[-3.52456,41.11547],[-3.52532,41.10825],[-3.52271,41.09339],[-3.52382,41.08601],[-3.52992,41.07502],[-3.53881,41.06137],[-3.54008,41.06095],[-3.54238,41.05069],[-3.53185,41.05238],[-3.52441,41.04935],[-3.51861,41.05054],[-3.51066,41.0508],[-3.50625,41.05363],[-3.50399,41.05344],[-3.50365,41.05682],[-3.49966,41.05581],[-3.4985,41.05656],[-3.49235,41.05663],[-3.48555,41.0633],[-3.48666,41.06839],[-3.47923,41.07149],[-3.47862,41.07797],[-3.48282,41.08324],[-3.48436,41.08378],[-3.4849,41.08745],[-3.47853,41.09175],[-3.4761,41.09518],[-3.48148,41.0933],[-3.48886,41.0945],[-3.48816,41.09637],[-3.49044,41.09726],[-3.49001,41.09897],[-3.49201,41.10027],[-3.48903,41.10491],[-3.49299,41.10714],[-3.49411,41.11013],[-3.49309,41.11148],[-3.49555,41.11189],[-3.49409,41.11352],[-3.49541,41.11615],[-3.49986,41.12015],[-3.50239,41.12789],[-3.50564,41.13036],[-3.5105,41.13733],[-3.51545,41.13759],[-3.52375,41.13952],[-3.52618,41.13915],[-3.5301,41.14163],[-3.53346,41.14714],[-3.54111,41.14966],[-3.54396,41.14645],[-3.54484,41.14196],[-3.54799,41.13827]]]}},{"type":"Feature","properties":{"ine_code":28089,"name":"Moraleja de Enmedio","area_km2":31.2491,"population":5580,"income_pp":15002.0,"density":178.5652,"evs_res":180.0,"evs_per_1k":32.2581,"public_sites":3,"public_points":5,"public_fast_sites":2,"private_sites":0,"pts_per_10k":8.9606,"fuel_stations":2,"dist_km":1.9649,"fleet_flag":false,"ev_cero":180.0,"eligible":true,"score":31.4926,"rank":55.0,"rank_best":54.0,"rank_worst":68.0,"top20_n":0,"evs_per_pt":30.0,"pct_scarcity":0.494,"pct_missing":0.3735,"pct_model":0.4096,"pct_market":0.2289,"pct_home_gap":0.1566,"pct_sites":0.3133,"expected":5.2069,"ratio":0.9603,"p_shortfall":0.6401,"missing":0.2069,"group":"Other"},"geometry":{"type":"Polygon","coordinates":[[[-3.94304,40.26246],[-3.93861,40.25794],[-3.93946,40.25309],[-3.93692,40.24964],[-3.93354,40.24753],[-3.93155,40.24731],[-3.92667,40.24878],[-3.92433,40.24587],[-3.91866,40.24496],[-3.91703,40.24383],[-3.91464,40.24414],[-3.90637,40.23809],[-3.90345,40.23403],[-3.89976,40.23231],[-3.89213,40.2314],[-3.89047,40.23289],[-3.8844,40.23221],[-3.87973,40.233],[-3.87755,40.22943],[-3.87158,40.22795],[-3.86729,40.22544],[-3.86436,40.23116],[-3.86232,40.23031],[-3.85621,40.23814],[-3.85473,40.23843],[-3.85147,40.23686],[-3.85337,40.25094],[-3.85054,40.25457],[-3.83839,40.27824],[-3.84094,40.28583],[-3.84562,40.28655],[-3.84633,40.28756],[-3.85098,40.2881],[-3.85213,40.28676],[-3.86171,40.2883],[-3.87125,40.28794],[-3.87398,40.28935],[-3.87699,40.2883],[-3.87607,40.28716],[-3.88003,40.28494],[-3.88747,40.28319],[-3.88497,40.28065],[-3.88595,40.2779],[-3.89761,40.26708],[-3.89877,40.26716],[-3.89888,40.26553],[-3.90167,40.26232],[-3.90875,40.25887],[-3.91183,40.25624],[-3.91373,40.2572],[-3.91415,40.25953],[-3.91607,40.26089],[-3.91877,40.26046],[-3.92421,40.25762],[-3.93027,40.25657],[-3.93733,40.25973],[-3.93949,40.26294],[-3.94082,40.26272],[-3.94064,40.26204],[-3.94304,40.26246]]]}},{"type":"Feature","properties":{"ine_code":28090,"name":"Moralzarzal","area_km2":43.554,"population":14772,"income_pp":18091.0,"density":339.1648,"evs_res":485.7002,"evs_per_1k":32.8798,"public_sites":5,"public_points":19,"public_fast_sites":2,"private_sites":1,"pts_per_10k":12.8622,"fuel_stations":2,"dist_km":4.2929,"fleet_flag":true,"ev_cero":9439.0,"eligible":true,"score":33.2997,"rank":52.0,"rank_best":44.0,"rank_worst":59.0,"top20_n":0,"evs_per_pt":24.285,"pct_scarcity":0.3855,"pct_missing":0.1867,"pct_model":0.3133,"pct_market":0.5663,"pct_home_gap":0.4337,"pct_sites":0.3133,"expected":15.9995,"ratio":1.1875,"p_shortfall":0.6978,"missing":-3.0005,"group":"Other"},"geometry":{"type":"MultiPolygon","coordinates":[[[[-3.9975,40.69043],[-3.98822,40.69553],[-3.98502,40.70199],[-3.98128,40.70607],[-3.97979,40.70678],[-3.9753,40.70631],[-3.97034,40.70369],[-3.96751,40.70635],[-3.96485,40.70592],[-3.96003,40.70696],[-3.95156,40.71618],[-3.94868,40.71776],[-3.9429,40.71583],[-3.94088,40.7144],[-3.94072,40.71255],[-3.95289,40.70029],[-3.95245,40.69301],[-3.94976,40.68954],[-3.93413,40.68152],[-3.92668,40.67994],[-3.92434,40.6775],[-3.91918,40.67743],[-3.91315,40.68247],[-3.90889,40.68446],[-3.90598,40.68221],[-3.92029,40.67275],[-3.91675,40.66369],[-3.92227,40.66467],[-3.92903,40.66372],[-3.93034,40.65936],[-3.92711,40.65437],[-3.92752,40.65183],[-3.91925,40.64858],[-3.91291,40.64946],[-3.90536,40.65317],[-3.90417,40.65634],[-3.90638,40.66672],[-3.90606,40.66838],[-3.90345,40.66964],[-3.89699,40.66948],[-3.87382,40.65725],[-3.8752,40.65286],[-3.88063,40.65154],[-3.88703,40.65258],[-3.89058,40.65206],[-3.89381,40.651],[-3.9085,40.64241],[-3.92051,40.63819],[-3.92798,40.62978],[-3.9394,40.6218],[-3.94651,40.61131],[-3.95124,40.59958],[-3.953,40.59753],[-3.95846,40.60143],[-3.95874,40.61713],[-3.95982,40.6197],[-3.95838,40.62406],[-3.95809,40.63285],[-3.94643,40.64443],[-3.94917,40.65716],[-3.95927,40.65838],[-3.9667,40.65819],[-3.96897,40.66022],[-3.978,40.66175],[-3.99328,40.66668],[-3.9955,40.67741],[-3.99472,40.68551],[-3.9975,40.69043]]],[[[-3.9027,40.67862],[-3.90279,40.67431],[-3.90659,40.67318],[-3.90742,40.67764],[-3.9027,40.67862]]]]}},{"type":"Feature","properties":{"ine_code":28091,"name":"Morata de Tajuña","area_km2":45.2085,"population":8397,"income_pp":12762.0,"density":185.7395,"evs_res":83.0,"evs_per_1k":9.8845,"public_sites":0,"public_points":0,"public_fast_sites":0,"private_sites":0,"pts_per_10k":0.0,"fuel_stations":1,"dist_km":7.6404,"fleet_flag":false,"ev_cero":83.0,"eligible":true,"score":25.0905,"rank":66.0,"rank_best":45.0,"rank_worst":79.0,"top20_n":0,"evs_per_pt":83.0,"pct_scarcity":0.8434,"pct_missing":0.6024,"pct_model":0.9277,"pct_market":0.0241,"pct_home_gap":0.1807,"pct_sites":0.1386,"expected":4.3124,"ratio":0.0,"p_shortfall":0.1544,"missing":4.3124,"group":"Other"},"geometry":{"type":"Polygon","coordinates":[[[-3.50592,40.23927],[-3.5045,40.23739],[-3.50435,40.2337],[-3.5013,40.22824],[-3.50101,40.22535],[-3.49745,40.22039],[-3.49784,40.21817],[-3.49192,40.21815],[-3.48675,40.21573],[-3.47646,40.21331],[-3.46288,40.21309],[-3.45674,40.21162],[-3.45426,40.2106],[-3.4504,40.20708],[-3.45289,40.20247],[-3.44808,40.20134],[-3.43923,40.20036],[-3.42853,40.20165],[-3.42286,40.19725],[-3.41704,40.2023],[-3.41158,40.20424],[-3.40644,40.20794],[-3.40411,40.20818],[-3.40109,40.213],[-3.39806,40.21465],[-3.39401,40.21936],[-3.39657,40.23098],[-3.39953,40.23852],[-3.40713,40.24731],[-3.41318,40.2527],[-3.43522,40.25786],[-3.45288,40.25722],[-3.45915,40.2583],[-3.46755,40.25566],[-3.4725,40.25538],[-3.47612,40.25611],[-3.47648,40.25523],[-3.48062,40.25496],[-3.4827,40.25669],[-3.48586,40.25323],[-3.49047,40.25365],[-3.49222,40.25109],[-3.49518,40.25176],[-3.49605,40.25338],[-3.50049,40.25609],[-3.50243,40.25417],[-3.50188,40.25246],[-3.50318,40.25065],[-3.50212,40.24869],[-3.49934,40.24682],[-3.50483,40.24218],[-3.50435,40.24071],[-3.50592,40.23927]]]}},{"type":"Feature","properties":{"ine_code":28092,"name":"Móstoles","area_km2":45.0857,"population":214817,"income_pp":14045.0,"density":4764.64,"evs_res":2219.0,"evs_per_1k":10.3297,"public_sites":35,"public_points":110,"public_fast_sites":18,"private_sites":9,"pts_per_10k":5.1206,"fuel_stations":21,"dist_km":0.9675,"fleet_flag":false,"ev_cero":2219.0,"eligible":true,"score":73.1531,"rank":12.0,"rank_best":5.0,"rank_worst":21.0,"top20_n":4,"evs_per_pt":19.991,"pct_scarcity":0.3253,"pct_missing":0.9639,"pct_model":0.6024,"pct_market":0.8434,"pct_home_gap":0.9398,"pct_sites":0.9096,"expected":157.8986,"ratio":0.6966,"p_shortfall":0.4733,"missing":47.8986,"group":"South"},"geometry":{"type":"MultiPolygon","coordinates":[[[[-3.94153,40.29246],[-3.93805,40.29186],[-3.92891,40.29595],[-3.92303,40.29546],[-3.91891,40.29212],[-3.91641,40.29214],[-3.91647,40.28988],[-3.91891,40.28952],[-3.92521,40.29149],[-3.93023,40.2917],[-3.93477,40.29105],[-3.93608,40.29007],[-3.93916,40.29158],[-3.94191,40.29167],[-3.94153,40.29246]]],[[[-3.9454,40.32317],[-3.93466,40.33024],[-3.93242,40.33331],[-3.93454,40.33779],[-3.92252,40.33986],[-3.91815,40.33854],[-3.91345,40.34283],[-3.90617,40.3442],[-3.89867,40.34951],[-3.89651,40.34889],[-3.88113,40.35406],[-3.87241,40.35291],[-3.86761,40.35366],[-3.86653,40.35142],[-3.86704,40.34716],[-3.85926,40.34359],[-3.85889,40.33889],[-3.85963,40.33604],[-3.86114,40.33594],[-3.85816,40.3334],[-3.8554,40.33474],[-3.85425,40.332],[-3.85347,40.33263],[-3.84784,40.32616],[-3.84792,40.32405],[-3.84365,40.32427],[-3.84188,40.30854],[-3.84323,40.30783],[-3.84264,40.30641],[-3.84404,40.30435],[-3.84301,40.29356],[-3.84378,40.29176],[-3.84094,40.28583],[-3.84946,40.28812],[-3.85098,40.2881],[-3.85213,40.28676],[-3.86171,40.2883],[-3.87125,40.28794],[-3.87398,40.28935],[-3.87699,40.2883],[-3.88114,40.29232],[-3.8833,40.29194],[-3.88371,40.29111],[-3.88453,40.29198],[-3.88546,40.29092],[-3.88969,40.29462],[-3.89218,40.30195],[-3.89454,40.30163],[-3.89601,40.30408],[-3.89827,40.30461],[-3.90219,40.30486],[-3.90528,40.30385],[-3.91179,40.2951],[-3.91572,40.29303],[-3.91531,40.2985],[-3.91881,40.30268],[-3.92083,40.30299],[-3.92986,40.30123],[-3.93417,40.29828],[-3.93823,40.29704],[-3.94175,40.29718],[-3.94163,40.30547],[-3.94525,40.30967],[-3.94268,40.31754],[-3.9454,40.32317]]]]}},{"type":"Feature","properties":{"ine_code":28093,"name":"Navacerrada","area_km2":27.4038,"population":3311,"income_pp":18244.0,"density":120.8229,"evs_res":128.6877,"evs_per_1k":38.8667,"public_sites":1,"public_points":4,"public_fast_sites":1,"private_sites":2,"pts_per_10k":12.0809,"fuel_stations":2,"dist_km":3.0687,"fleet_flag":true,"ev_cero":1770.0,"eligible":false,"score":null,"rank":null,"rank_best":null,"rank_worst":null,"top20_n":0,"evs_per_pt":25.7375,"pct_scarcity":null,"pct_missing":null,"pct_model":null,"pct_market":null,"pct_home_gap":null,"pct_sites":null,"expected":5.4061,"ratio":0.7399,"p_shortfall":0.5516,"missing":1.4061,"group":"Other"},"geometry":{"type":"MultiPolygon","coordinates":[[[[-4.04149,40.72228],[-4.03862,40.72391],[-4.03711,40.7303],[-4.031,40.73535],[-4.03325,40.73762],[-4.0327,40.73897],[-4.03612,40.74011],[-4.03599,40.74322],[-4.03374,40.74608],[-4.03445,40.74928],[-4.01789,40.75239],[-4.00787,40.7579],[-4.00629,40.7603],[-4.00302,40.77086],[-4.00044,40.77517],[-3.99578,40.77986],[-3.99695,40.78644],[-4.00182,40.7884],[-3.98976,40.78547],[-3.98423,40.78594],[-3.97565,40.78342],[-3.97402,40.77905],[-3.97134,40.77646],[-3.97281,40.77066],[-3.9686,40.76711],[-3.97796,40.76174],[-3.98182,40.75484],[-3.98307,40.74112],[-3.98501,40.73908],[-3.98803,40.73215],[-3.99553,40.72506],[-3.9994,40.71951],[-4.00178,40.71843],[-4.00186,40.71506],[-4.00357,40.71189],[-4.00571,40.71089],[-4.0247,40.71774],[-4.02959,40.71838],[-4.03821,40.7176],[-4.04029,40.71838],[-4.04215,40.72085],[-4.04149,40.72228]]],[[[-4.0294,40.7674],[-4.02255,40.77271],[-4.02152,40.78125],[-4.01898,40.78106],[-4.01771,40.78224],[-4.01432,40.78303],[-4.00843,40.78683],[-4.01009,40.78488],[-4.00732,40.78113],[-4.0071,40.77879],[-4.01294,40.77007],[-4.02053,40.76202],[-4.02414,40.76112],[-4.03086,40.76214],[-4.0294,40.7674]]]]}},{"type":"Feature","properties":{"ine_code":28094,"name":"Navalafuente","area_km2":11.746,"population":1693,"income_pp":14569.0,"density":144.1341,"evs_res":55.0,"evs_per_1k":32.4867,"public_sites":0,"public_points":0,"public_fast_sites":0,"private_sites":0,"pts_per_10k":0.0,"fuel_stations":0,"dist_km":3.6375,"fleet_flag":false,"ev_cero":55.0,"eligible":false,"score":null,"rank":null,"rank_best":null,"rank_worst":null,"top20_n":0,"evs_per_pt":55.0,"pct_scarcity":null,"pct_missing":null,"pct_model":null,"pct_market":null,"pct_home_gap":null,"pct_sites":null,"expected":0.8461,"ratio":0.0,"p_shortfall":0.5239,"missing":0.8461,"group":"Other"},"geometry":{"type":"Polygon","coordinates":[[[-3.7014,40.82433],[-3.7013,40.80018],[-3.69564,40.80204],[-3.68395,40.80415],[-3.67884,40.80445],[-3.67403,40.80345],[-3.66323,40.80518],[-3.65965,40.80481],[-3.65944,40.80637],[-3.65586,40.80859],[-3.65405,40.81286],[-3.65457,40.81757],[-3.65125,40.82503],[-3.65283,40.82618],[-3.65289,40.83258],[-3.65979,40.83195],[-3.67346,40.83328],[-3.67702,40.83215],[-3.6789,40.83267],[-3.68023,40.83119],[-3.68501,40.83029],[-3.69059,40.82735],[-3.7014,40.82433]]]}},{"type":"Feature","properties":{"ine_code":28095,"name":"Navalagamella","area_km2":75.9127,"population":3169,"income_pp":12374.0,"density":41.7453,"evs_res":48.0,"evs_per_1k":15.1467,"public_sites":3,"public_points":6,"public_fast_sites":1,"private_sites":0,"pts_per_10k":18.9334,"fuel_stations":0,"dist_km":2.8614,"fleet_flag":false,"ev_cero":48.0,"eligible":false,"score":null,"rank":null,"rank_best":null,"rank_worst":null,"top20_n":0,"evs_per_pt":6.8571,"pct_scarcity":null,"pct_missing":null,"pct_model":null,"pct_market":null,"pct_home_gap":null,"pct_sites":null,"expected":1.3529,"ratio":4.4349,"p_shortfall":0.9839,"missing":-4.6471,"group":"Other"},"geometry":{"type":"Polygon","coordinates":[[[-4.17719,40.44817],[-4.17296,40.44605],[-4.16966,40.43972],[-4.16965,40.43591],[-4.16511,40.43219],[-4.16467,40.42979],[-4.16185,40.42854],[-4.16465,40.4254],[-4.15975,40.42325],[-4.15808,40.42142],[-4.15867,40.42007],[-4.1609,40.41911],[-4.16097,40.41684],[-4.15859,40.41451],[-4.15716,40.41493],[-4.15514,40.41318],[-4.15595,40.41154],[-4.15521,40.40874],[-4.15669,40.40739],[-4.15683,40.40529],[-4.1592,40.40496],[-4.1589,40.40244],[-4.16176,40.40073],[-4.1603,40.39866],[-4.16385,40.39503],[-4.15978,40.39204],[-4.15873,40.3857],[-4.15391,40.38145],[-4.15393,40.37951],[-4.14634,40.3683],[-4.14697,40.36659],[-4.14604,40.36461],[-4.13729,40.36865],[-4.13551,40.37131],[-4.12587,40.3775],[-4.12355,40.37837],[-4.12141,40.37772],[-4.12006,40.3786],[-4.11556,40.3866],[-4.11161,40.38981],[-4.11327,40.39334],[-4.11221,40.39376],[-4.11371,40.39473],[-4.1133,40.40191],[-4.11091,40.40346],[-4.1117,40.40581],[-4.1044,40.41209],[-4.09781,40.41391],[-4.09689,40.41659],[-4.09375,40.41617],[-4.08959,40.41866],[-4.08767,40.41819],[-4.08313,40.41965],[-4.08075,40.41914],[-4.07879,40.42162],[-4.07106,40.4239],[-4.07753,40.4403],[-4.08081,40.44384],[-4.0884,40.44677],[-4.09182,40.4512],[-4.09622,40.46142],[-4.09468,40.46472],[-4.09647,40.4666],[-4.09569,40.46723],[-4.0975,40.46648],[-4.10518,40.47119],[-4.10623,40.47345],[-4.10406,40.47789],[-4.10784,40.47943],[-4.10864,40.48132],[-4.11129,40.481],[-4.10881,40.48648],[-4.11477,40.48834],[-4.11449,40.49135],[-4.11824,40.49047],[-4.11785,40.49201],[-4.1198,40.49399],[-4.11833,40.49851],[-4.12544,40.50487],[-4.12189,40.50855],[-4.12533,40.51811],[-4.12827,40.52211],[-4.13182,40.51922],[-4.14221,40.50554],[-4.14773,40.50018],[-4.15234,40.49325],[-4.15192,40.49182],[-4.15373,40.48752],[-4.15259,40.48544],[-4.15934,40.47755],[-4.16272,40.46868],[-4.16253,40.46661],[-4.17112,40.46415],[-4.17453,40.46045],[-4.17552,40.45587],[-4.17432,40.45418],[-4.17564,40.45303],[-4.17719,40.44817]]]}},{"type":"Feature","properties":{"ine_code":28096,"name":"Navalcarnero","area_km2":100.3196,"population":33331,"income_pp":14381.0,"density":332.2482,"evs_res":581.0,"evs_per_1k":17.4312,"public_sites":20,"public_points":51,"public_fast_sites":6,"private_sites":0,"pts_per_10k":15.3011,"fuel_stations":8,"dist_km":0.365,"fleet_flag":false,"ev_cero":581.0,"eligible":true,"score":18.9925,"rank":72.0,"rank_best":52.0,"rank_worst":76.0,"top20_n":0,"evs_per_pt":11.1731,"pct_scarcity":0.1566,"pct_missing":0.1867,"pct_model":0.0602,"pct_market":0.5783,"pct_home_gap":0.3976,"pct_sites":0.7048,"expected":26.7818,"ratio":1.9043,"p_shortfall":0.8623,"missing":-24.2182,"group":"Other"},"geometry":{"type":"Polygon","coordinates":[[[-4.08804,40.28869],[-4.08669,40.28168],[-4.08431,40.27818],[-4.08363,40.2723],[-4.08049,40.2665],[-4.07123,40.2648],[-4.06452,40.26036],[-4.06244,40.25713],[-4.05164,40.25112],[-4.04181,40.24977],[-4.02373,40.24909],[-4.02261,40.25057],[-4.01917,40.25093],[-4.01226,40.25358],[-4.00539,40.25728],[-4.00203,40.25748],[-3.9775,40.25324],[-3.97429,40.25114],[-3.9723,40.24748],[-3.96891,40.23717],[-3.95923,40.22956],[-3.95639,40.22839],[-3.95132,40.22806],[-3.95006,40.22612],[-3.94692,40.22594],[-3.94781,40.23228],[-3.95062,40.23755],[-3.95196,40.24372],[-3.94902,40.24383],[-3.95166,40.24863],[-3.95173,40.25131],[-3.94119,40.25088],[-3.93694,40.24968],[-3.93946,40.25309],[-3.93933,40.25632],[-3.93834,40.25701],[-3.94091,40.26096],[-3.94304,40.26246],[-3.94493,40.26117],[-3.94786,40.26242],[-3.94663,40.26702],[-3.94744,40.27144],[-3.94887,40.27312],[-3.94837,40.27532],[-3.94339,40.28114],[-3.94201,40.28456],[-3.94157,40.28644],[-3.94278,40.28991],[-3.94143,40.29271],[-3.94149,40.29999],[-3.95003,40.3015],[-3.95474,40.30469],[-3.9571,40.30521],[-3.96665,40.31413],[-3.96798,40.31796],[-3.97082,40.3209],[-3.97823,40.32464],[-3.98171,40.32461],[-3.9877,40.32687],[-3.99633,40.33091],[-3.9972,40.33218],[-4.00156,40.3335],[-4.00354,40.33462],[-4.00607,40.33915],[-4.01036,40.33686],[-4.01526,40.33599],[-4.02572,40.33226],[-4.04468,40.33239],[-4.05058,40.33467],[-4.07015,40.33503],[-4.07579,40.32953],[-4.07569,40.32575],[-4.07759,40.32107],[-4.0793,40.31872],[-4.08163,40.3175],[-4.08285,40.30963],[-4.08523,40.30274],[-4.08759,40.29921],[-4.08745,40.29369],[-4.08578,40.29196],[-4.08804,40.28869]]]}},{"type":"Feature","properties":{"ine_code":28097,"name":"Navarredonda y San Mamés","area_km2":28.1126,"population":163,"income_pp":20421.0,"density":5.7981,"evs_res":2.0,"evs_per_1k":12.2699,"public_sites":0,"public_points":0,"public_fast_sites":0,"private_sites":0,"pts_per_10k":0.0,"fuel_stations":0,"dist_km":4.1771,"fleet_flag":false,"ev_cero":2.0,"eligible":false,"score":null,"rank":null,"rank_best":null,"rank_worst":null,"top20_n":0,"evs_per_pt":2.0,"pct_scarcity":null,"pct_missing":null,"pct_model":null,"pct_market":null,"pct_home_gap":null,"pct_sites":null,"expected":0.1084,"ratio":0.0,"p_shortfall":0.9013,"missing":0.1084,"group":"Other"},"geometry":{"type":"Polygon","coordinates":[[[-3.77106,41.01229],[-3.76765,41.00841],[-3.76159,41.00551],[-3.75819,41.00052],[-3.75547,40.99379],[-3.7489,40.98846],[-3.74607,40.98751],[-3.74092,40.98108],[-3.73849,40.97604],[-3.72447,40.97985],[-3.71471,40.97919],[-3.71142,40.98055],[-3.71015,40.98307],[-3.68729,40.99129],[-3.67933,40.9921],[-3.68635,40.99693],[-3.68648,40.99822],[-3.68905,40.99977],[-3.69122,41.00349],[-3.7007,41.00976],[-3.7031,41.01474],[-3.71126,41.02111],[-3.71202,41.02659],[-3.73146,41.03059],[-3.74841,41.03664],[-3.75553,41.02792],[-3.75904,41.02706],[-3.7659,41.02082],[-3.76728,41.01596],[-3.77106,41.01229]]]}},{"type":"Feature","properties":{"ine_code":28099,"name":"Navas del Rey","area_km2":50.7603,"population":3420,"income_pp":12848.0,"density":67.3755,"evs_res":61.7371,"evs_per_1k":18.0518,"public_sites":2,"public_points":8,"public_fast_sites":1,"private_sites":0,"pts_per_10k":23.3918,"fuel_stations":2,"dist_km":1.3898,"fleet_flag":true,"ev_cero":1122.0,"eligible":false,"score":null,"rank":null,"rank_best":null,"rank_worst":null,"top20_n":0,"evs_per_pt":6.8597,"pct_scarcity":null,"pct_missing":null,"pct_model":null,"pct_market":null,"pct_home_gap":null,"pct_sites":null,"expected":2.6637,"ratio":3.0033,"p_shortfall":0.9521,"missing":-5.3363,"group":"Other"},"geometry":{"type":"Polygon","coordinates":[[[-4.3265,40.41408],[-4.32126,40.41107],[-4.32101,40.40891],[-4.32246,40.40649],[-4.31741,40.40047],[-4.31502,40.40147],[-4.30556,40.40183],[-4.30322,40.40123],[-4.30224,40.39964],[-4.30629,40.38368],[-4.30251,40.38156],[-4.30149,40.37966],[-4.29867,40.37875],[-4.2975,40.37687],[-4.30514,40.36735],[-4.29867,40.36586],[-4.29469,40.35999],[-4.28426,40.35696],[-4.28128,40.35057],[-4.27584,40.34929],[-4.26601,40.34338],[-4.2614,40.33902],[-4.25133,40.336],[-4.24823,40.3298],[-4.24425,40.3313],[-4.23786,40.32773],[-4.2331,40.32898],[-4.23127,40.33444],[-4.233,40.33625],[-4.23246,40.35393],[-4.23719,40.3617],[-4.23772,40.36454],[-4.23523,40.37356],[-4.23024,40.37999],[-4.22725,40.38562],[-4.2276,40.38786],[-4.22936,40.39007],[-4.24059,40.39525],[-4.24677,40.39558],[-4.26072,40.41526],[-4.26255,40.4194],[-4.2624,40.42442],[-4.26644,40.42542],[-4.2734,40.4291],[-4.29896,40.42587],[-4.32269,40.42069],[-4.3265,40.41408]]]}},{"type":"Feature","properties":{"ine_code":28100,"name":"Nuevo Baztán","area_km2":20.0841,"population":7429,"income_pp":15209.0,"density":369.8953,"evs_res":213.0,"evs_per_1k":28.6714,"public_sites":1,"public_points":4,"public_fast_sites":0,"private_sites":0,"pts_per_10k":5.3843,"fuel_stations":1,"dist_km":1.3864,"fleet_flag":false,"ev_cero":213.0,"eligible":true,"score":40.7159,"rank":43.0,"rank_best":43.0,"rank_worst":55.0,"top20_n":0,"evs_per_pt":42.6,"pct_scarcity":0.6627,"pct_missing":0.4337,"pct_model":0.5181,"pct_market":0.2651,"pct_home_gap":0.4819,"pct_sites":0.1386,"expected":5.4832,"ratio":0.7295,"p_shortfall":0.5464,"missing":1.4832,"group":"Other"},"geometry":{"type":"Polygon","coordinates":[[[-3.28002,40.34616],[-3.26847,40.34694],[-3.2487,40.35144],[-3.24701,40.35331],[-3.24194,40.35551],[-3.2413,40.35801],[-3.23765,40.35676],[-3.23438,40.35774],[-3.23054,40.36359],[-3.23239,40.37121],[-3.22877,40.37867],[-3.2275,40.38475],[-3.22937,40.38829],[-3.22946,40.39179],[-3.22693,40.39491],[-3.22336,40.39568],[-3.22346,40.39839],[-3.21959,40.40269],[-3.22706,40.40186],[-3.257,40.39303],[-3.27132,40.39832],[-3.27857,40.39441],[-3.27771,40.38799],[-3.27392,40.38075],[-3.27911,40.37553],[-3.27917,40.37396],[-3.27457,40.3649],[-3.27064,40.36034],[-3.27787,40.35172],[-3.28002,40.34616]]]}},{"type":"Feature","properties":{"ine_code":28101,"name":"Olmeda de las Fuentes","area_km2":16.5665,"population":429,"income_pp":19861.0,"density":25.8957,"evs_res":12.0,"evs_per_1k":27.972,"public_sites":0,"public_points":0,"public_fast_sites":0,"private_sites":0,"pts_per_10k":0.0,"fuel_stations":0,"dist_km":3.5431,"fleet_flag":false,"ev_cero":12.0,"eligible":false,"score":null,"rank":null,"rank_best":null,"rank_worst":null,"top20_n":0,"evs_per_pt":12.0,"pct_scarcity":null,"pct_missing":null,"pct_model":null,"pct_market":null,"pct_home_gap":null,"pct_sites":null,"expected":0.3361,"ratio":0.0,"p_shortfall":0.7425,"missing":0.3361,"group":"Other"},"geometry":{"type":"Polygon","coordinates":[[[-3.23406,40.35853],[-3.22999,40.35814],[-3.22568,40.35596],[-3.22298,40.35293],[-3.21857,40.35028],[-3.20454,40.34402],[-3.1969,40.35222],[-3.18407,40.35847],[-3.17769,40.3601],[-3.17584,40.3669],[-3.17745,40.37389],[-3.18345,40.37462],[-3.1842,40.37899],[-3.1883,40.38087],[-3.20171,40.39135],[-3.20608,40.3914],[-3.2135,40.38953],[-3.21787,40.38665],[-3.22302,40.38514],[-3.22753,40.38543],[-3.22877,40.37867],[-3.23239,40.37121],[-3.23054,40.36359],[-3.23406,40.35853]]]}},{"type":"Feature","properties":{"ine_code":28102,"name":"Orusco de Tajuña","area_km2":21.4884,"population":1531,"income_pp":11961.0,"density":71.2476,"evs_res":28.0,"evs_per_1k":18.2887,"public_sites":1,"public_points":2,"public_fast_sites":1,"private_sites":0,"pts_per_10k":13.0634,"fuel_stations":1,"dist_km":0.4382,"fleet_flag":false,"ev_cero":28.0,"eligible":false,"score":null,"rank":null,"rank_best":null,"rank_worst":null,"top20_n":0,"evs_per_pt":9.3333,"pct_scarcity":null,"pct_missing":null,"pct_model":null,"pct_market":null,"pct_home_gap":null,"pct_sites":null,"expected":1.2261,"ratio":1.6312,"p_shortfall":0.8357,"missing":-0.7739,"group":"Other"},"geometry":{"type":"Polygon","coordinates":[[[-3.25274,40.30334],[-3.25084,40.29987],[-3.23387,40.28858],[-3.22038,40.27348],[-3.2142,40.26991],[-3.20783,40.26396],[-3.19614,40.25764],[-3.18758,40.26457],[-3.18355,40.26927],[-3.18657,40.27859],[-3.18226,40.28592],[-3.1807,40.29106],[-3.18188,40.29511],[-3.18032,40.30133],[-3.18187,40.30368],[-3.20227,40.30599],[-3.20774,40.30588],[-3.21216,40.31021],[-3.21627,40.31259],[-3.22648,40.31429],[-3.24535,40.30812],[-3.25274,40.30334]]]}},{"type":"Feature","properties":{"ine_code":28104,"name":"Paracuellos de Jarama","area_km2":44.0246,"population":27650,"income_pp":20187.0,"density":628.058,"evs_res":1282.0,"evs_per_1k":46.3653,"public_sites":6,"public_points":25,"public_fast_sites":1,"private_sites":4,"pts_per_10k":9.0416,"fuel_stations":3,"dist_km":1.8127,"fleet_flag":false,"ev_cero":1282.0,"eligible":true,"score":77.2703,"rank":8.0,"rank_best":7.0,"rank_worst":12.0,"top20_n":5,"evs_per_pt":49.3077,"pct_scarcity":0.7349,"pct_missing":0.8554,"pct_model":0.6145,"pct_market":0.7349,"pct_home_gap":0.6145,"pct_sites":0.4759,"expected":36.3948,"ratio":0.6869,"p_shortfall":0.476,"missing":11.3948,"group":"Other"},"geometry":{"type":"Polygon","coordinates":[[[-3.56605,40.55667],[-3.56423,40.5524],[-3.55898,40.54823],[-3.5568,40.54225],[-3.55507,40.54192],[-3.55061,40.54356],[-3.54751,40.53808],[-3.54757,40.5344],[-3.55056,40.53288],[-3.5551,40.53228],[-3.55769,40.52974],[-3.55692,40.52816],[-3.55048,40.52414],[-3.55147,40.52055],[-3.55609,40.51809],[-3.55325,40.51413],[-3.55272,40.51158],[-3.55426,40.51133],[-3.55513,40.50857],[-3.55522,40.50316],[-3.55341,40.50246],[-3.55237,40.49898],[-3.54178,40.49409],[-3.54095,40.48853],[-3.53694,40.48643],[-3.53728,40.48481],[-3.53479,40.48023],[-3.53401,40.47225],[-3.53083,40.47129],[-3.52856,40.4723],[-3.51263,40.46874],[-3.49953,40.47181],[-3.48772,40.4808],[-3.47646,40.48792],[-3.47985,40.49521],[-3.48466,40.50018],[-3.48791,40.50652],[-3.49536,40.51694],[-3.50136,40.52209],[-3.50255,40.52627],[-3.5078,40.53011],[-3.50957,40.53349],[-3.50942,40.53565],[-3.51159,40.53888],[-3.51741,40.54401],[-3.52246,40.547],[-3.52981,40.55486],[-3.55049,40.56482],[-3.546,40.56591],[-3.5453,40.56808],[-3.54359,40.56855],[-3.54408,40.56988],[-3.55446,40.57631],[-3.55826,40.57567],[-3.56071,40.57313],[-3.56449,40.57245],[-3.56463,40.57176],[-3.55875,40.56792],[-3.55833,40.56599],[-3.5614,40.56405],[-3.56059,40.55906],[-3.56229,40.56],[-3.56457,40.55938],[-3.56605,40.55667]]]}},{"type":"Feature","properties":{"ine_code":28106,"name":"Parla","area_km2":25.033,"population":137471,"income_pp":11522.0,"density":5491.5892,"evs_res":1243.0,"evs_per_1k":9.0419,"public_sites":19,"public_points":49,"public_fast_sites":12,"private_sites":3,"pts_per_10k":3.5644,"fuel_stations":14,"dist_km":0.3425,"fleet_flag":false,"ev_cero":1243.0,"eligible":true,"score":76.3467,"rank":10.0,"rank_best":6.0,"rank_worst":16.0,"top20_n":5,"evs_per_pt":24.86,"pct_scarcity":0.3976,"pct_missing":0.9518,"pct_model":0.7229,"pct_market":0.7229,"pct_home_gap":0.9759,"pct_sites":0.8193,"expected":81.9463,"ratio":0.598,"p_shortfall":0.4189,"missing":32.9463,"group":"Other"},"geometry":{"type":"Polygon","coordinates":[[[-3.80742,40.22954],[-3.80324,40.22028],[-3.79936,40.22313],[-3.79655,40.22211],[-3.79296,40.22264],[-3.78927,40.22193],[-3.79118,40.2173],[-3.78561,40.21583],[-3.78441,40.21357],[-3.7808,40.21262],[-3.78014,40.21008],[-3.77619,40.20881],[-3.77538,40.21037],[-3.76971,40.20754],[-3.76886,40.2085],[-3.76518,40.20682],[-3.76458,40.20808],[-3.76043,40.20652],[-3.75636,40.21077],[-3.74517,40.20124],[-3.73988,40.20499],[-3.73695,40.21131],[-3.7338,40.21142],[-3.73876,40.21599],[-3.73732,40.22132],[-3.73924,40.23032],[-3.7381,40.24488],[-3.73712,40.25062],[-3.73567,40.25307],[-3.7468,40.2547],[-3.74845,40.25224],[-3.75077,40.25303],[-3.75194,40.25193],[-3.75551,40.25123],[-3.75803,40.25601],[-3.76335,40.25653],[-3.76652,40.25357],[-3.77478,40.25069],[-3.78318,40.25057],[-3.78855,40.24959],[-3.79294,40.24988],[-3.7962,40.25109],[-3.80098,40.2502],[-3.79639,40.23858],[-3.80125,40.23783],[-3.80742,40.22954]]]}},{"type":"Feature","properties":{"ine_code":28107,"name":"Patones","area_km2":34.5066,"population":617,"income_pp":16173.0,"density":17.8806,"evs_res":23.5006,"evs_per_1k":38.0885,"public_sites":0,"public_points":0,"public_fast_sites":0,"private_sites":0,"pts_per_10k":0.0,"fuel_stations":0,"dist_km":5.3543,"fleet_flag":true,"ev_cero":9785.0,"eligible":false,"score":null,"rank":null,"rank_best":null,"rank_worst":null,"top20_n":0,"evs_per_pt":23.5006,"pct_scarcity":null,"pct_missing":null,"pct_model":null,"pct_market":null,"pct_home_gap":null,"pct_sites":null,"expected":0.4291,"ratio":0.0,"p_shortfall":0.6914,"missing":0.4291,"group":"Other"},"geometry":{"type":"Polygon","coordinates":[[[-3.52554,40.87227],[-3.52136,40.86748],[-3.52182,40.86653],[-3.51998,40.86454],[-3.51996,40.86259],[-3.51849,40.86283],[-3.51631,40.86],[-3.51701,40.85779],[-3.515,40.85275],[-3.51115,40.85095],[-3.51133,40.84966],[-3.50909,40.84732],[-3.50452,40.85011],[-3.50059,40.8512],[-3.49327,40.85132],[-3.48763,40.85041],[-3.48193,40.85293],[-3.48059,40.85459],[-3.47504,40.85375],[-3.47115,40.8515],[-3.46808,40.85442],[-3.46774,40.85649],[-3.47402,40.8625],[-3.47323,40.86442],[-3.44915,40.87718],[-3.44641,40.8779],[-3.44166,40.87564],[-3.44087,40.87611],[-3.44422,40.88786],[-3.44033,40.89193],[-3.44426,40.89352],[-3.4466,40.89589],[-3.45064,40.89524],[-3.45437,40.89904],[-3.45643,40.89945],[-3.45943,40.89832],[-3.46089,40.89999],[-3.4584,40.90229],[-3.46081,40.9062],[-3.46008,40.90834],[-3.45804,40.90916],[-3.45264,40.90656],[-3.44855,40.90639],[-3.4449,40.90765],[-3.44514,40.91013],[-3.44946,40.91291],[-3.45945,40.91543],[-3.46418,40.91393],[-3.46516,40.91517],[-3.46318,40.91765],[-3.46981,40.91828],[-3.47099,40.91725],[-3.46984,40.91538],[-3.47058,40.91402],[-3.47262,40.91248],[-3.47508,40.91214],[-3.4786,40.90944],[-3.47967,40.90964],[-3.4797,40.91092],[-3.47831,40.91229],[-3.48057,40.91261],[-3.48394,40.91156],[-3.48379,40.90812],[-3.48873,40.91006],[-3.49212,40.90885],[-3.49772,40.90899],[-3.49861,40.9083],[-3.49682,40.90577],[-3.49191,40.90385],[-3.49276,40.90212],[-3.4971,40.90402],[-3.49958,40.90212],[-3.50134,40.90193],[-3.50338,40.90389],[-3.50714,40.90371],[-3.51589,40.90841],[-3.51857,40.90821],[-3.51872,40.90648],[-3.51316,40.8949],[-3.51617,40.89195],[-3.51862,40.88563],[-3.52474,40.87613],[-3.52443,40.87406],[-3.52554,40.87227]]]}},{"type":"Feature","properties":{"ine_code":28108,"name":"Pedrezuela","area_km2":28.3237,"population":6606,"income_pp":16314.0,"density":233.2319,"evs_res":159.0,"evs_per_1k":24.069,"public_sites":1,"public_points":2,"public_fast_sites":0,"private_sites":1,"pts_per_10k":3.0276,"fuel_stations":0,"dist_km":2.1987,"fleet_flag":false,"ev_cero":159.0,"eligible":true,"score":32.4982,"rank":54.0,"rank_best":48.0,"rank_worst":71.0,"top20_n":0,"evs_per_pt":53.0,"pct_scarcity":0.7711,"pct_missing":0.494,"pct_model":0.7831,"pct_market":0.1566,"pct_home_gap":0.3133,"pct_sites":0.0301,"expected":4.9596,"ratio":0.4033,"p_shortfall":0.3901,"missing":2.9596,"group":"Other"},"geometry":{"type":"Polygon","coordinates":[[[-3.67708,40.72377],[-3.66943,40.72554],[-3.66138,40.72613],[-3.64551,40.72219],[-3.62334,40.71807],[-3.62216,40.71884],[-3.61988,40.71854],[-3.61987,40.71747],[-3.61775,40.71703],[-3.61728,40.71607],[-3.61968,40.7071],[-3.61672,40.70819],[-3.60817,40.71438],[-3.60833,40.71664],[-3.60611,40.72021],[-3.59518,40.72543],[-3.5918,40.72896],[-3.59267,40.7307],[-3.59357,40.7507],[-3.59918,40.7593],[-3.60375,40.77205],[-3.60389,40.77639],[-3.60523,40.7783],[-3.60817,40.77965],[-3.61259,40.77563],[-3.62431,40.77196],[-3.62813,40.77214],[-3.63192,40.76859],[-3.63245,40.76302],[-3.63735,40.76003],[-3.63558,40.75841],[-3.64068,40.7562],[-3.66058,40.74067],[-3.67142,40.73515],[-3.67637,40.72829],[-3.67708,40.72377]]]}},{"type":"Feature","properties":{"ine_code":28109,"name":"Pelayos de la Presa","area_km2":7.4116,"population":3195,"income_pp":11855.0,"density":431.0818,"evs_res":34.0,"evs_per_1k":10.6416,"public_sites":1,"public_points":1,"public_fast_sites":1,"private_sites":1,"pts_per_10k":3.1299,"fuel_stations":2,"dist_km":1.3898,"fleet_flag":false,"ev_cero":34.0,"eligible":false,"score":null,"rank":null,"rank_best":null,"rank_worst":null,"top20_n":0,"evs_per_pt":17.0,"pct_scarcity":null,"pct_missing":null,"pct_model":null,"pct_market":null,"pct_home_gap":null,"pct_sites":null,"expected":2.9845,"ratio":0.3351,"p_shortfall":0.409,"missing":1.9845,"group":"Other"},"geometry":{"type":"Polygon","coordinates":[[[-4.34757,40.36003],[-4.34291,40.35372],[-4.33292,40.34641],[-4.3235,40.34383],[-4.31697,40.34902],[-4.3147,40.3534],[-4.31304,40.35436],[-4.30987,40.36253],[-4.30559,40.36754],[-4.31593,40.37016],[-4.31614,40.36918],[-4.32308,40.36998],[-4.32757,40.37203],[-4.33104,40.37542],[-4.33498,40.37603],[-4.34008,40.3716],[-4.33883,40.37073],[-4.34757,40.36003]]]}},{"type":"Feature","properties":{"ine_code":28110,"name":"Perales de Tajuña","area_km2":49.0122,"population":3260,"income_pp":12690.0,"density":66.514,"evs_res":48.0,"evs_per_1k":14.7239,"public_sites":2,"public_points":4,"public_fast_sites":2,"private_sites":0,"pts_per_10k":12.2699,"fuel_stations":5,"dist_km":1.5865,"fleet_flag":false,"ev_cero":48.0,"eligible":false,"score":null,"rank":null,"rank_best":null,"rank_worst":null,"top20_n":0,"evs_per_pt":9.6,"pct_scarcity":null,"pct_missing":null,"pct_model":null,"pct_market":null,"pct_home_gap":null,"pct_sites":null,"expected":4.0661,"ratio":0.9837,"p_shortfall":0.6572,"missing":0.0661,"group":"Other"},"geometry":{"type":"Polygon","coordinates":[[[-3.42276,40.25483],[-3.41318,40.2527],[-3.40713,40.24731],[-3.39953,40.23852],[-3.39657,40.23098],[-3.39401,40.21936],[-3.38691,40.21712],[-3.38515,40.21395],[-3.37784,40.20797],[-3.3731,40.20189],[-3.3696,40.19983],[-3.35077,40.19857],[-3.34108,40.19233],[-3.33744,40.18766],[-3.32251,40.18051],[-3.32057,40.1783],[-3.31464,40.18295],[-3.29958,40.18886],[-3.29807,40.19065],[-3.30759,40.19925],[-3.30869,40.2054],[-3.3069,40.20998],[-3.31058,40.21693],[-3.31277,40.2195],[-3.32194,40.22598],[-3.32373,40.22945],[-3.33613,40.2403],[-3.33499,40.25179],[-3.33655,40.25453],[-3.33311,40.26348],[-3.34252,40.26942],[-3.34369,40.27067],[-3.34301,40.27241],[-3.34489,40.26997],[-3.34478,40.27138],[-3.34837,40.27378],[-3.37333,40.26384],[-3.37686,40.26183],[-3.39002,40.25006],[-3.39602,40.24821],[-3.40419,40.25554],[-3.4095,40.25888],[-3.41487,40.25753],[-3.41943,40.25762],[-3.42276,40.25483]]]}},{"type":"Feature","properties":{"ine_code":28111,"name":"Pezuela de las Torres","area_km2":41.3995,"population":1008,"income_pp":14071.0,"density":24.3481,"evs_res":19.0,"evs_per_1k":18.8492,"public_sites":0,"public_points":0,"public_fast_sites":0,"private_sites":0,"pts_per_10k":0.0,"fuel_stations":1,"dist_km":7.5556,"fleet_flag":false,"ev_cero":19.0,"eligible":false,"score":null,"rank":null,"rank_best":null,"rank_worst":null,"top20_n":0,"evs_per_pt":19.0,"pct_scarcity":null,"pct_missing":null,"pct_model":null,"pct_market":null,"pct_home_gap":null,"pct_sites":null,"expected":1.0599,"ratio":0.0,"p_shortfall":0.464,"missing":1.0599,"group":"Other"},"geometry":{"type":"Polygon","coordinates":[[[-3.22965,40.38983],[-3.22753,40.38543],[-3.22461,40.38505],[-3.21787,40.38665],[-3.2135,40.38953],[-3.20608,40.3914],[-3.20171,40.39135],[-3.1883,40.38087],[-3.1842,40.37899],[-3.18345,40.37462],[-3.17745,40.37389],[-3.17383,40.37626],[-3.1621,40.37865],[-3.1516,40.37653],[-3.15029,40.3734],[-3.14617,40.37397],[-3.1388,40.376],[-3.14096,40.37845],[-3.14062,40.38036],[-3.14219,40.3836],[-3.14352,40.38404],[-3.14427,40.38744],[-3.13922,40.38841],[-3.13535,40.39042],[-3.13449,40.39784],[-3.13048,40.40506],[-3.13732,40.4087],[-3.14289,40.41315],[-3.14711,40.41867],[-3.14772,40.42254],[-3.15124,40.42651],[-3.15119,40.43105],[-3.15398,40.43423],[-3.15602,40.43918],[-3.1686,40.43858],[-3.17259,40.43617],[-3.1773,40.43911],[-3.19873,40.44231],[-3.20023,40.44039],[-3.20227,40.44034],[-3.21014,40.43458],[-3.21221,40.43448],[-3.21222,40.43038],[-3.21485,40.42622],[-3.21462,40.42081],[-3.21614,40.41765],[-3.21518,40.40945],[-3.22088,40.40034],[-3.22346,40.39839],[-3.22336,40.39568],[-3.22788,40.39422],[-3.22965,40.38983]]]}},{"type":"Feature","properties":{"ine_code":28112,"name":"Pinilla del Valle","area_km2":25.4802,"population":200,"income_pp":18175.0,"density":7.8492,"evs_res":3.0,"evs_per_1k":15.0,"public_sites":0,"public_points":0,"public_fast_sites":0,"private_sites":0,"pts_per_10k":0.0,"fuel_stations":0,"dist_km":10.0299,"fleet_flag":false,"ev_cero":3.0,"eligible":false,"score":null,"rank":null,"rank_best":null,"rank_worst":null,"top20_n":0,"evs_per_pt":3.0,"pct_scarcity":null,"pct_missing":null,"pct_model":null,"pct_market":null,"pct_home_gap":null,"pct_sites":null,"expected":0.1174,"ratio":0.0,"p_shortfall":0.8938,"missing":0.1174,"group":"Other"},"geometry":{"type":"Polygon","coordinates":[[[-3.88087,40.97284],[-3.86314,40.95576],[-3.85905,40.94962],[-3.85661,40.94939],[-3.85474,40.94762],[-3.84895,40.93845],[-3.84266,40.93307],[-3.8402,40.92559],[-3.83328,40.92208],[-3.83098,40.9197],[-3.8293,40.91317],[-3.82254,40.90492],[-3.82037,40.90394],[-3.80604,40.89047],[-3.80519,40.89088],[-3.79848,40.90143],[-3.78877,40.90663],[-3.78488,40.91175],[-3.7949,40.91779],[-3.81424,40.93565],[-3.81857,40.94073],[-3.82642,40.946],[-3.83006,40.9497],[-3.8331,40.95641],[-3.83302,40.96736],[-3.83405,40.97162],[-3.83471,40.97002],[-3.84149,40.97985],[-3.84453,40.98235],[-3.84704,40.98122],[-3.84735,40.97943],[-3.86008,40.97879],[-3.86538,40.97343],[-3.8694,40.97144],[-3.87452,40.97501],[-3.87906,40.9753],[-3.88087,40.97284]]]}},{"type":"Feature","properties":{"ine_code":28113,"name":"Pinto","area_km2":61.9947,"population":56651,"income_pp":15301.0,"density":913.8039,"evs_res":1098.0,"evs_per_1k":19.3818,"public_sites":18,"public_points":60,"public_fast_sites":11,"private_sites":8,"pts_per_10k":10.5912,"fuel_stations":16,"dist_km":0.2589,"fleet_flag":false,"ev_cero":1098.0,"eligible":true,"score":38.3976,"rank":48.0,"rank_best":31.0,"rank_worst":57.0,"top20_n":0,"evs_per_pt":18.0,"pct_scarcity":0.2771,"pct_missing":0.1867,"pct_model":0.3494,"pct_market":0.6627,"pct_home_gap":0.6627,"pct_sites":0.8735,"expected":54.8087,"ratio":1.0947,"p_shortfall":0.6592,"missing":-5.1913,"group":"Other"},"geometry":{"type":"Polygon","coordinates":[[[-3.74127,40.25361],[-3.73567,40.25307],[-3.73712,40.25062],[-3.7381,40.24488],[-3.73924,40.23032],[-3.73732,40.22132],[-3.73876,40.21599],[-3.73393,40.21094],[-3.70954,40.20387],[-3.70001,40.19893],[-3.69223,40.21121],[-3.68163,40.21614],[-3.67642,40.21983],[-3.66787,40.21996],[-3.65992,40.22165],[-3.64369,40.22963],[-3.63746,40.2401],[-3.63498,40.247],[-3.63255,40.25952],[-3.626,40.26576],[-3.62285,40.26636],[-3.6225,40.26982],[-3.62746,40.27677],[-3.63,40.27732],[-3.6331,40.27951],[-3.63683,40.28604],[-3.63788,40.29163],[-3.64494,40.29292],[-3.6495,40.29268],[-3.65605,40.28898],[-3.66166,40.28778],[-3.66277,40.28547],[-3.66656,40.28264],[-3.67024,40.28227],[-3.6737,40.27675],[-3.67867,40.2754],[-3.68052,40.27373],[-3.68258,40.27432],[-3.68615,40.2737],[-3.68906,40.27249],[-3.6902,40.27069],[-3.69434,40.269],[-3.69724,40.26927],[-3.70167,40.26745],[-3.70664,40.26775],[-3.71171,40.26692],[-3.71879,40.26866],[-3.71988,40.26987],[-3.72301,40.26976],[-3.72832,40.2725],[-3.73635,40.27219],[-3.73716,40.27087],[-3.7393,40.27093],[-3.74127,40.25361]]]}},{"type":"Feature","properties":{"ine_code":28114,"name":"Piñuécar-Gandullas","area_km2":18.3205,"population":183,"income_pp":15504.0,"density":9.9888,"evs_res":1.0,"evs_per_1k":5.4645,"public_sites":0,"public_points":0,"public_fast_sites":0,"private_sites":0,"pts_per_10k":0.0,"fuel_stations":0,"dist_km":3.6356,"fleet_flag":false,"ev_cero":1.0,"eligible":false,"score":null,"rank":null,"rank_best":null,"rank_worst":null,"top20_n":0,"evs_per_pt":1.0,"pct_scarcity":null,"pct_missing":null,"pct_model":null,"pct_market":null,"pct_home_gap":null,"pct_sites":null,"expected":0.0776,"ratio":0.0,"p_shortfall":0.9275,"missing":0.0776,"group":"Other"},"geometry":{"type":"Polygon","coordinates":[[[-3.62235,41.04912],[-3.61998,41.04667],[-3.61962,41.04433],[-3.61688,41.04205],[-3.61643,41.03466],[-3.61376,41.03102],[-3.61253,41.02464],[-3.60865,41.02328],[-3.61496,41.0144],[-3.61807,41.01297],[-3.61831,41.01131],[-3.61023,41.00977],[-3.60477,41.00592],[-3.5995,40.99833],[-3.59819,40.99929],[-3.5954,40.99805],[-3.59285,40.99821],[-3.59024,40.99538],[-3.58527,40.99332],[-3.58309,40.9914],[-3.58131,40.9913],[-3.58245,41.00306],[-3.57848,41.00771],[-3.57549,41.00958],[-3.57291,41.01672],[-3.57689,41.02368],[-3.57905,41.02311],[-3.58003,41.02158],[-3.58643,41.02277],[-3.586,41.02413],[-3.58417,41.02425],[-3.58276,41.02592],[-3.58021,41.02644],[-3.58024,41.03062],[-3.58485,41.03344],[-3.58383,41.03462],[-3.58193,41.03404],[-3.58198,41.03486],[-3.58593,41.03794],[-3.58742,41.04089],[-3.58717,41.04332],[-3.59079,41.04504],[-3.59253,41.04802],[-3.59682,41.0493],[-3.60398,41.05429],[-3.60708,41.06297],[-3.60936,41.06589],[-3.60836,41.07674],[-3.6105,41.07908],[-3.61319,41.07968],[-3.6174,41.0785],[-3.61344,41.07269],[-3.61935,41.0663],[-3.61913,41.06326],[-3.61741,41.06155],[-3.61739,41.05656],[-3.61976,41.05454],[-3.62235,41.04912]]]}},{"type":"Feature","properties":{"ine_code":28115,"name":"Pozuelo de Alarcón","area_km2":43.2544,"population":89770,"income_pp":30524.0,"density":2075.3972,"evs_res":8964.0,"evs_per_1k":99.8552,"public_sites":29,"public_points":193,"public_fast_sites":13,"private_sites":9,"pts_per_10k":21.4994,"fuel_stations":11,"dist_km":0.6496,"fleet_flag":false,"ev_cero":8964.0,"eligible":true,"score":90.4347,"rank":3.0,"rank_best":2.0,"rank_worst":4.0,"top20_n":5,"evs_per_pt":46.2062,"pct_scarcity":0.7229,"pct_missing":0.988,"pct_model":0.5301,"pct_market":0.9759,"pct_home_gap":0.8554,"pct_sites":0.7651,"expected":251.5797,"ratio":0.7672,"p_shortfall":0.5104,"missing":58.5797,"group":"North-west"},"geometry":{"type":"Polygon","coordinates":[[[-3.8631,40.44364],[-3.86113,40.43908],[-3.85428,40.43314],[-3.85183,40.42488],[-3.84599,40.41748],[-3.84397,40.41688],[-3.84226,40.41869],[-3.84036,40.40814],[-3.83783,40.4031],[-3.83039,40.40162],[-3.83377,40.39675],[-3.83519,40.39624],[-3.82066,40.39662],[-3.81086,40.3928],[-3.80426,40.39206],[-3.79647,40.39226],[-3.79379,40.39363],[-3.78859,40.39397],[-3.78939,40.39242],[-3.78148,40.39418],[-3.77765,40.39914],[-3.77456,40.40031],[-3.77434,40.40211],[-3.77837,40.40763],[-3.7814,40.41757],[-3.77912,40.42427],[-3.77078,40.42943],[-3.77083,40.44406],[-3.7762,40.44345],[-3.78471,40.44435],[-3.79011,40.44237],[-3.78882,40.44575],[-3.79007,40.4458],[-3.79006,40.44797],[-3.79101,40.44772],[-3.79305,40.45391],[-3.7956,40.4564],[-3.79582,40.45795],[-3.79997,40.45978],[-3.80436,40.46357],[-3.81142,40.46481],[-3.81292,40.46364],[-3.81524,40.46357],[-3.82495,40.46473],[-3.82716,40.46603],[-3.83092,40.46594],[-3.84662,40.45824],[-3.84939,40.45249],[-3.84953,40.44934],[-3.85418,40.44672],[-3.85316,40.44565],[-3.8631,40.44364]]]}},{"type":"Feature","properties":{"ine_code":28116,"name":"Pozuelo del Rey","area_km2":30.8755,"population":1302,"income_pp":13316.0,"density":42.1693,"evs_res":36.0,"evs_per_1k":27.6498,"public_sites":0,"public_points":0,"public_fast_sites":0,"private_sites":0,"pts_per_10k":0.0,"fuel_stations":0,"dist_km":5.875,"fleet_flag":false,"ev_cero":36.0,"eligible":false,"score":null,"rank":null,"rank_best":null,"rank_worst":null,"top20_n":0,"evs_per_pt":36.0,"pct_scarcity":null,"pct_missing":null,"pct_model":null,"pct_market":null,"pct_home_gap":null,"pct_sites":null,"expected":0.671,"ratio":0.0,"p_shortfall":0.5843,"missing":0.671,"group":"Other"},"geometry":{"type":"Polygon","coordinates":[[[-3.35603,40.36225],[-3.3499,40.35916],[-3.32238,40.33997],[-3.31744,40.33572],[-3.31278,40.32886],[-3.29998,40.32942],[-3.30011,40.33033],[-3.29843,40.32976],[-3.29103,40.3314],[-3.2882,40.33271],[-3.28701,40.33478],[-3.286,40.33469],[-3.28571,40.33705],[-3.28307,40.33864],[-3.2785,40.34619],[-3.28002,40.34616],[-3.27787,40.35172],[-3.27064,40.36034],[-3.27457,40.3649],[-3.27917,40.37396],[-3.27911,40.37553],[-3.27402,40.38064],[-3.30496,40.38624],[-3.30932,40.39037],[-3.31104,40.39409],[-3.30958,40.39863],[-3.31215,40.40061],[-3.32256,40.39518],[-3.32499,40.38969],[-3.32165,40.38747],[-3.31962,40.38403],[-3.3269,40.37892],[-3.33712,40.37714],[-3.34117,40.3754],[-3.34758,40.3696],[-3.35143,40.3679],[-3.35603,40.36225]]]}},{"type":"Feature","properties":{"ine_code":28117,"name":"Prádena del Rincón","area_km2":22.4617,"population":146,"income_pp":18613.0,"density":6.4999,"evs_res":1.0,"evs_per_1k":6.8493,"public_sites":0,"public_points":0,"public_fast_sites":0,"private_sites":0,"pts_per_10k":0.0,"fuel_stations":0,"dist_km":6.5808,"fleet_flag":false,"ev_cero":1.0,"eligible":false,"score":null,"rank":null,"rank_best":null,"rank_worst":null,"top20_n":0,"evs_per_pt":1.0,"pct_scarcity":null,"pct_missing":null,"pct_model":null,"pct_market":null,"pct_home_gap":null,"pct_sites":null,"expected":0.0588,"ratio":0.0,"p_shortfall":0.9441,"missing":0.0588,"group":"Other"},"geometry":{"type":"Polygon","coordinates":[[[-3.5593,41.04843],[-3.55483,41.03572],[-3.55759,41.02903],[-3.55636,41.02872],[-3.55001,41.0339],[-3.54847,41.03313],[-3.54746,41.02833],[-3.53957,41.02504],[-3.52811,41.02271],[-3.51969,41.02316],[-3.51289,41.02205],[-3.4928,41.01307],[-3.49354,41.01615],[-3.49205,41.02617],[-3.48725,41.02694],[-3.48637,41.03024],[-3.48298,41.03327],[-3.48013,41.04258],[-3.47319,41.04696],[-3.46798,41.04727],[-3.4659,41.05742],[-3.47449,41.06508],[-3.47917,41.06734],[-3.48508,41.06404],[-3.49235,41.05663],[-3.4985,41.05656],[-3.49966,41.05581],[-3.50365,41.05682],[-3.50399,41.05344],[-3.50625,41.05363],[-3.51066,41.0508],[-3.51861,41.05054],[-3.52441,41.04935],[-3.53185,41.05238],[-3.54238,41.05069],[-3.54505,41.04721],[-3.54736,41.04604],[-3.54614,41.04371],[-3.54699,41.04327],[-3.54901,41.04406],[-3.54753,41.04281],[-3.54895,41.04025],[-3.55288,41.03755],[-3.55109,41.04627],[-3.5523,41.04599],[-3.55591,41.04795],[-3.5593,41.04843]]]}},{"type":"Feature","properties":{"ine_code":28118,"name":"Puebla de la Sierra","area_km2":57.6571,"population":98,"income_pp":16893.0,"density":1.6997,"evs_res":2.0,"evs_per_1k":20.4082,"public_sites":1,"public_points":2,"public_fast_sites":0,"private_sites":0,"pts_per_10k":204.0816,"fuel_stations":0,"dist_km":0.8171,"fleet_flag":false,"ev_cero":2.0,"eligible":false,"score":null,"rank":null,"rank_best":null,"rank_worst":null,"top20_n":0,"evs_per_pt":0.6667,"pct_scarcity":null,"pct_missing":null,"pct_model":null,"pct_market":null,"pct_home_gap":null,"pct_sites":null,"expected":0.0342,"ratio":58.4797,"p_shortfall":1.0,"missing":-1.9658,"group":"Other"},"geometry":{"type":"Polygon","coordinates":[[[-3.49799,40.9891],[-3.49726,40.98557],[-3.49486,40.98316],[-3.49593,40.98232],[-3.49575,40.97999],[-3.49273,40.97568],[-3.49347,40.97391],[-3.49169,40.97348],[-3.49271,40.97239],[-3.48551,40.96918],[-3.48649,40.96784],[-3.48488,40.96275],[-3.47954,40.96392],[-3.48208,40.96571],[-3.4807,40.96643],[-3.47408,40.96652],[-3.45925,40.96496],[-3.45506,40.9655],[-3.44367,40.96398],[-3.43936,40.96626],[-3.43421,40.96497],[-3.42155,40.96732],[-3.41671,40.97729],[-3.41819,40.98758],[-3.40051,40.99574],[-3.39695,40.99932],[-3.39463,41.00025],[-3.39768,41.00736],[-3.39965,41.00927],[-3.408,41.01634],[-3.41291,41.01871],[-3.42203,41.02599],[-3.42897,41.03989],[-3.43087,41.04153],[-3.44135,41.04312],[-3.44248,41.04254],[-3.44712,41.0456],[-3.45852,41.05019],[-3.4601,41.04904],[-3.4627,41.04937],[-3.46749,41.04823],[-3.46798,41.04727],[-3.47319,41.04696],[-3.48013,41.04258],[-3.48298,41.03327],[-3.48637,41.03024],[-3.48725,41.02694],[-3.49205,41.02617],[-3.49354,41.01615],[-3.4928,41.01307],[-3.49418,41.01022],[-3.49799,40.9891]]]}},{"type":"Feature","properties":{"ine_code":28119,"name":"Quijorna","area_km2":25.6532,"population":4044,"income_pp":14615.0,"density":157.6413,"evs_res":102.0,"evs_per_1k":25.2226,"public_sites":0,"public_points":0,"public_fast_sites":0,"private_sites":0,"pts_per_10k":0.0,"fuel_stations":0,"dist_km":4.9763,"fleet_flag":false,"ev_cero":102.0,"eligible":false,"score":null,"rank":null,"rank_best":null,"rank_worst":null,"top20_n":0,"evs_per_pt":102.0,"pct_scarcity":null,"pct_missing":null,"pct_model":null,"pct_market":null,"pct_home_gap":null,"pct_sites":null,"expected":2.2837,"ratio":0.0,"p_shortfall":0.2725,"missing":2.2837,"group":"Other"},"geometry":{"type":"Polygon","coordinates":[[[-4.11291,40.40266],[-4.10582,40.40485],[-4.09984,40.40298],[-4.0994,40.40215],[-4.09617,40.40315],[-4.09282,40.40165],[-4.08925,40.40208],[-4.08709,40.40029],[-4.08418,40.4011],[-4.08225,40.3986],[-4.07409,40.39859],[-4.06955,40.397],[-4.06434,40.39379],[-4.06392,40.39191],[-4.05736,40.38959],[-4.05697,40.38845],[-4.05499,40.38838],[-4.05362,40.38958],[-4.04648,40.38831],[-4.04532,40.39379],[-4.04149,40.39558],[-4.04241,40.39775],[-4.04162,40.39963],[-4.04293,40.4005],[-4.04291,40.40198],[-4.04028,40.4025],[-4.03983,40.40388],[-4.0377,40.40339],[-4.03342,40.41035],[-4.03423,40.41264],[-4.03175,40.41347],[-4.03248,40.41587],[-4.03161,40.41472],[-4.03086,40.4153],[-4.03048,40.41369],[-4.0299,40.41415],[-4.03032,40.41682],[-4.03129,40.41726],[-4.02989,40.41725],[-4.0308,40.41879],[-4.0296,40.42296],[-4.02718,40.42281],[-4.02833,40.42562],[-4.03003,40.42629],[-4.02618,40.42819],[-4.03065,40.43087],[-4.02943,40.43207],[-4.03129,40.43372],[-4.03279,40.43968],[-4.03045,40.44234],[-4.03207,40.44406],[-4.03463,40.44289],[-4.04183,40.44858],[-4.04948,40.44564],[-4.05456,40.44686],[-4.06021,40.44672],[-4.06934,40.44568],[-4.07396,40.44392],[-4.07858,40.44123],[-4.07406,40.43322],[-4.07106,40.4239],[-4.07879,40.42162],[-4.08075,40.41914],[-4.08313,40.41965],[-4.08767,40.41819],[-4.08959,40.41866],[-4.09375,40.41617],[-4.09689,40.41659],[-4.09781,40.41391],[-4.10415,40.41228],[-4.11034,40.40716],[-4.11181,40.40555],[-4.11091,40.40346],[-4.11291,40.40266]]]}},{"type":"Feature","properties":{"ine_code":28120,"name":"Rascafría","area_km2":149.4615,"population":1704,"income_pp":16346.0,"density":11.4009,"evs_res":21.0,"evs_per_1k":12.3239,"public_sites":0,"public_points":0,"public_fast_sites":0,"private_sites":0,"pts_per_10k":0.0,"fuel_stations":1,"dist_km":12.1571,"fleet_flag":false,"ev_cero":21.0,"eligible":false,"score":null,"rank":null,"rank_best":null,"rank_worst":null,"top20_n":0,"evs_per_pt":21.0,"pct_scarcity":null,"pct_missing":null,"pct_model":null,"pct_market":null,"pct_home_gap":null,"pct_sites":null,"expected":2.1812,"ratio":0.0,"p_shortfall":0.2827,"missing":2.1812,"group":"Other"},"geometry":{"type":"Polygon","coordinates":[[[-3.97996,40.79938],[-3.9789,40.79703],[-3.97952,40.79201],[-3.97794,40.78779],[-3.97639,40.78781],[-3.97062,40.79102],[-3.96289,40.7918],[-3.95969,40.79491],[-3.9513,40.7947],[-3.93836,40.79603],[-3.93054,40.80068],[-3.91744,40.79994],[-3.90303,40.80432],[-3.8855,40.80745],[-3.88248,40.80584],[-3.87926,40.80568],[-3.87034,40.81001],[-3.86504,40.81411],[-3.86154,40.81503],[-3.83956,40.81379],[-3.83508,40.81518],[-3.82784,40.81498],[-3.82774,40.81656],[-3.83024,40.81793],[-3.8298,40.8309],[-3.81514,40.84115],[-3.81527,40.84313],[-3.80894,40.84872],[-3.80433,40.84963],[-3.80217,40.84854],[-3.79917,40.84983],[-3.79839,40.85197],[-3.80573,40.85476],[-3.81815,40.86237],[-3.82289,40.86017],[-3.82838,40.86655],[-3.82845,40.86868],[-3.83344,40.87653],[-3.83514,40.87668],[-3.83797,40.87975],[-3.83763,40.88119],[-3.83625,40.88182],[-3.83429,40.88803],[-3.83582,40.89334],[-3.83778,40.89506],[-3.83721,40.89605],[-3.84145,40.89873],[-3.84038,40.90378],[-3.84155,40.90436],[-3.84327,40.90993],[-3.85139,40.91794],[-3.85814,40.92339],[-3.86488,40.9272],[-3.87113,40.93323],[-3.87902,40.93443],[-3.88205,40.93591],[-3.88596,40.94112],[-3.88724,40.94554],[-3.89461,40.95089],[-3.89871,40.9588],[-3.90722,40.95528],[-3.90987,40.94975],[-3.91241,40.94922],[-3.91166,40.94454],[-3.91718,40.94301],[-3.91996,40.93771],[-3.92177,40.92993],[-3.9298,40.92705],[-3.93819,40.92642],[-3.93647,40.92443],[-3.93705,40.91567],[-3.93822,40.91385],[-3.94166,40.91187],[-3.94471,40.90362],[-3.94876,40.89955],[-3.9523,40.89365],[-3.94667,40.88886],[-3.94251,40.88871],[-3.9433,40.88046],[-3.94453,40.87667],[-3.94735,40.87342],[-3.94697,40.86412],[-3.95715,40.84827],[-3.96232,40.84431],[-3.96301,40.84004],[-3.9655,40.838],[-3.96574,40.83501],[-3.962,40.82354],[-3.9649,40.81566],[-3.96782,40.81192],[-3.97493,40.80745],[-3.97541,40.8039],[-3.97996,40.79938]]]}},{"type":"Feature","properties":{"ine_code":28121,"name":"Redueña","area_km2":13.0419,"population":288,"income_pp":16341.0,"density":22.0827,"evs_res":10.915,"evs_per_1k":37.8992,"public_sites":1,"public_points":2,"public_fast_sites":0,"private_sites":0,"pts_per_10k":69.4444,"fuel_stations":0,"dist_km":0.8309,"fleet_flag":true,"ev_cero":40.0,"eligible":false,"score":null,"rank":null,"rank_best":null,"rank_worst":null,"top20_n":0,"evs_per_pt":3.6383,"pct_scarcity":null,"pct_missing":null,"pct_model":null,"pct_market":null,"pct_home_gap":null,"pct_sites":null,"expected":0.1742,"ratio":11.4837,"p_shortfall":0.9973,"missing":-1.8258,"group":"Other"},"geometry":{"type":"Polygon","coordinates":[[[-3.61781,40.83581],[-3.61522,40.8339],[-3.60826,40.82214],[-3.61373,40.81787],[-3.61442,40.81541],[-3.61331,40.80979],[-3.60648,40.80707],[-3.60316,40.8031],[-3.59377,40.80107],[-3.59349,40.79719],[-3.59587,40.79099],[-3.58368,40.78945],[-3.57991,40.79144],[-3.57632,40.79053],[-3.57401,40.7909],[-3.57808,40.79804],[-3.57789,40.80244],[-3.57578,40.80646],[-3.57657,40.80622],[-3.57631,40.80955],[-3.57432,40.81323],[-3.57498,40.81385],[-3.57269,40.82093],[-3.57745,40.82211],[-3.57984,40.83157],[-3.5871,40.83396],[-3.59399,40.82943],[-3.5956,40.82923],[-3.59874,40.83557],[-3.60577,40.8423],[-3.61664,40.8411],[-3.61781,40.83581]]]}},{"type":"Feature","properties":{"ine_code":28122,"name":"Ribatejada","area_km2":31.8343,"population":905,"income_pp":15798.0,"density":28.4284,"evs_res":15.0,"evs_per_1k":16.5746,"public_sites":0,"public_points":0,"public_fast_sites":0,"private_sites":0,"pts_per_10k":0.0,"fuel_stations":0,"dist_km":7.537,"fleet_flag":false,"ev_cero":15.0,"eligible":false,"score":null,"rank":null,"rank_best":null,"rank_worst":null,"top20_n":0,"evs_per_pt":15.0,"pct_scarcity":null,"pct_missing":null,"pct_model":null,"pct_market":null,"pct_home_gap":null,"pct_sites":null,"expected":0.5581,"ratio":0.0,"p_shortfall":0.6303,"missing":0.5581,"group":"Other"},"geometry":{"type":"Polygon","coordinates":[[[-3.48222,40.67028],[-3.48039,40.66544],[-3.47855,40.66499],[-3.46594,40.66645],[-3.46212,40.66494],[-3.4544,40.66434],[-3.45216,40.6624],[-3.4529,40.65975],[-3.44707,40.65627],[-3.44844,40.65346],[-3.44309,40.65381],[-3.43891,40.65115],[-3.43985,40.65011],[-3.43729,40.64874],[-3.43624,40.65156],[-3.43546,40.65084],[-3.43253,40.65116],[-3.43403,40.64578],[-3.4322,40.64672],[-3.4313,40.64593],[-3.42406,40.64651],[-3.41425,40.64494],[-3.38213,40.63047],[-3.38026,40.63281],[-3.3794,40.63902],[-3.37352,40.64238],[-3.37282,40.64825],[-3.36553,40.65139],[-3.36328,40.65503],[-3.36773,40.66068],[-3.36783,40.66402],[-3.37276,40.66935],[-3.37169,40.67262],[-3.37274,40.67355],[-3.37312,40.67851],[-3.37929,40.68305],[-3.38566,40.68416],[-3.39328,40.6927],[-3.40002,40.69171],[-3.40477,40.6777],[-3.40501,40.6701],[-3.41057,40.67219],[-3.41518,40.67132],[-3.41697,40.67597],[-3.42076,40.68134],[-3.42474,40.6815],[-3.4248,40.68074],[-3.42602,40.68264],[-3.42696,40.67272],[-3.43576,40.67523],[-3.44191,40.67427],[-3.44226,40.67808],[-3.44843,40.67837],[-3.44819,40.68198],[-3.45256,40.68432],[-3.45602,40.68789],[-3.4675,40.68971],[-3.46689,40.6858],[-3.46229,40.6843],[-3.46355,40.68294],[-3.46105,40.68145],[-3.46677,40.67849],[-3.46575,40.67686],[-3.46599,40.67324],[-3.4712,40.66922],[-3.48056,40.67035],[-3.48222,40.67028]]]}},{"type":"Feature","properties":{"ine_code":28123,"name":"Rivas-Vaciamadrid","area_km2":67.9172,"population":103148,"income_pp":18478.0,"density":1518.7326,"evs_res":3937.0,"evs_per_1k":38.1685,"public_sites":43,"public_points":199,"public_fast_sites":19,"private_sites":7,"pts_per_10k":19.2927,"fuel_stations":15,"dist_km":0.1067,"fleet_flag":false,"ev_cero":3937.0,"eligible":true,"score":37.6029,"rank":50.0,"rank_best":14.0,"rank_worst":61.0,"top20_n":1,"evs_per_pt":19.685,"pct_scarcity":0.3133,"pct_missing":0.1867,"pct_model":0.1446,"pct_market":0.9398,"pct_home_gap":0.7952,"pct_sites":0.8494,"expected":126.4822,"ratio":1.5733,"p_shortfall":0.7995,"missing":-72.5178,"group":"Other"},"geometry":{"type":"Polygon","coordinates":[[[-3.58507,40.31835],[-3.58381,40.3158],[-3.57926,40.31586],[-3.5778,40.31465],[-3.57614,40.31486],[-3.5771,40.31171],[-3.57577,40.30768],[-3.57569,40.30095],[-3.57392,40.29683],[-3.57006,40.29189],[-3.57132,40.29084],[-3.57151,40.28712],[-3.56468,40.29191],[-3.56278,40.29084],[-3.55519,40.29566],[-3.5505,40.29704],[-3.54407,40.29376],[-3.54514,40.29085],[-3.5402,40.29023],[-3.53218,40.29363],[-3.53112,40.29299],[-3.52649,40.29321],[-3.52444,40.2955],[-3.5198,40.29428],[-3.51775,40.29751],[-3.50891,40.30136],[-3.50901,40.30219],[-3.5123,40.30274],[-3.51515,40.30481],[-3.51339,40.30625],[-3.50612,40.30807],[-3.50523,40.30921],[-3.5097,40.31012],[-3.51087,40.31249],[-3.51445,40.31318],[-3.5138,40.31716],[-3.51142,40.3185],[-3.49829,40.31548],[-3.49454,40.31582],[-3.48548,40.32423],[-3.4835,40.32393],[-3.47844,40.31949],[-3.47074,40.31948],[-3.47019,40.32702],[-3.47213,40.33113],[-3.47033,40.33465],[-3.47745,40.34982],[-3.48251,40.34976],[-3.48464,40.35089],[-3.48287,40.35833],[-3.48404,40.36138],[-3.49041,40.36146],[-3.49642,40.36378],[-3.49828,40.36294],[-3.5016,40.35856],[-3.50444,40.35829],[-3.50699,40.36053],[-3.51195,40.37031],[-3.51062,40.37259],[-3.50614,40.37262],[-3.50237,40.37645],[-3.50024,40.37714],[-3.50161,40.38058],[-3.50601,40.38262],[-3.50509,40.38461],[-3.50051,40.38524],[-3.50079,40.38731],[-3.50294,40.38862],[-3.50292,40.38992],[-3.5017,40.39043],[-3.5022,40.39225],[-3.50378,40.39187],[-3.50484,40.38924],[-3.50665,40.3886],[-3.50544,40.39333],[-3.50924,40.39534],[-3.50931,40.39662],[-3.50054,40.40592],[-3.50113,40.40693],[-3.50952,40.40664],[-3.51138,40.40792],[-3.51163,40.41104],[-3.51358,40.4096],[-3.51485,40.41048],[-3.51618,40.40948],[-3.51971,40.40973],[-3.51833,40.40215],[-3.52039,40.3921],[-3.52915,40.38939],[-3.53364,40.39162],[-3.54018,40.38715],[-3.55003,40.37789],[-3.55871,40.3659],[-3.56522,40.36008],[-3.55492,40.35716],[-3.55425,40.35665],[-3.55701,40.35509],[-3.55512,40.35406],[-3.55768,40.35267],[-3.55893,40.35013],[-3.56909,40.34025],[-3.57168,40.33446],[-3.5825,40.32629],[-3.58507,40.31835]]]}},{"type":"Feature","properties":{"ine_code":28124,"name":"Robledillo de la Jara","area_km2":20.3329,"population":118,"income_pp":16345.0,"density":5.8034,"evs_res":2.0,"evs_per_1k":16.9492,"public_sites":0,"public_points":0,"public_fast_sites":0,"private_sites":0,"pts_per_10k":0.0,"fuel_stations":0,"dist_km":2.9059,"fleet_flag":false,"ev_cero":2.0,"eligible":false,"score":null,"rank":null,"rank_best":null,"rank_worst":null,"top20_n":0,"evs_per_pt":2.0,"pct_scarcity":null,"pct_missing":null,"pct_model":null,"pct_market":null,"pct_home_gap":null,"pct_sites":null,"expected":0.0768,"ratio":0.0,"p_shortfall":0.9282,"missing":0.0768,"group":"Other"},"geometry":{"type":"Polygon","coordinates":[[[-3.56596,40.9537],[-3.56228,40.95038],[-3.56356,40.94746],[-3.56271,40.94429],[-3.55409,40.93514],[-3.55535,40.93028],[-3.55088,40.92566],[-3.55071,40.92183],[-3.54886,40.92372],[-3.54839,40.92714],[-3.54541,40.93048],[-3.54372,40.93135],[-3.54398,40.92878],[-3.54248,40.92803],[-3.5377,40.9346],[-3.53134,40.9356],[-3.52276,40.9342],[-3.51223,40.92983],[-3.50466,40.92518],[-3.50016,40.92391],[-3.49729,40.9277],[-3.49888,40.93613],[-3.49842,40.9455],[-3.4929,40.95515],[-3.48488,40.96275],[-3.48652,40.96814],[-3.48537,40.96889],[-3.49271,40.97239],[-3.49169,40.97348],[-3.49347,40.97391],[-3.49273,40.97568],[-3.49487,40.97811],[-3.50167,40.97549],[-3.51163,40.96464],[-3.52533,40.96403],[-3.52767,40.96483],[-3.53662,40.95978],[-3.53905,40.96114],[-3.54489,40.9552],[-3.54314,40.95194],[-3.54453,40.95044],[-3.55179,40.95208],[-3.55486,40.95165],[-3.56207,40.95596],[-3.56533,40.95568],[-3.56596,40.9537]]]}},{"type":"Feature","properties":{"ine_code":28125,"name":"Robledo de Chavela","area_km2":93.0051,"population":4818,"income_pp":14986.0,"density":51.8036,"evs_res":131.1227,"evs_per_1k":27.2152,"public_sites":1,"public_points":2,"public_fast_sites":0,"private_sites":1,"pts_per_10k":4.1511,"fuel_stations":1,"dist_km":2.372,"fleet_flag":true,"ev_cero":3082.0,"eligible":false,"score":null,"rank":null,"rank_best":null,"rank_worst":null,"top20_n":0,"evs_per_pt":43.7076,"pct_scarcity":null,"pct_missing":null,"pct_model":null,"pct_market":null,"pct_home_gap":null,"pct_sites":null,"expected":3.8413,"ratio":0.5207,"p_shortfall":0.4739,"missing":1.8413,"group":"Other"},"geometry":{"type":"Polygon","coordinates":[[[-4.34045,40.42909],[-4.33623,40.42821],[-4.33409,40.42535],[-4.33008,40.42349],[-4.32728,40.42478],[-4.32422,40.42444],[-4.32419,40.41863],[-4.32269,40.42069],[-4.30311,40.42505],[-4.2734,40.4291],[-4.26644,40.42542],[-4.2624,40.42442],[-4.26181,40.41738],[-4.25337,40.40528],[-4.25338,40.4091],[-4.25176,40.41328],[-4.23947,40.42068],[-4.23869,40.42635],[-4.23736,40.4283],[-4.23772,40.4332],[-4.23291,40.43616],[-4.2302,40.43677],[-4.22679,40.44196],[-4.22483,40.44235],[-4.21893,40.43946],[-4.21773,40.44508],[-4.21489,40.44827],[-4.21816,40.45466],[-4.21779,40.45824],[-4.21455,40.46039],[-4.2157,40.46904],[-4.21379,40.47117],[-4.21342,40.47599],[-4.21429,40.47795],[-4.21276,40.48457],[-4.20967,40.4873],[-4.20885,40.48933],[-4.20731,40.49817],[-4.19951,40.49721],[-4.20229,40.49884],[-4.19881,40.49966],[-4.19695,40.49845],[-4.19185,40.50075],[-4.18762,40.50151],[-4.17748,40.50845],[-4.16752,40.50863],[-4.16146,40.51008],[-4.15051,40.5099],[-4.14587,40.50956],[-4.14146,40.50649],[-4.13199,40.51892],[-4.13957,40.52201],[-4.14194,40.52203],[-4.14334,40.5205],[-4.14503,40.52177],[-4.14751,40.52153],[-4.15,40.52243],[-4.15083,40.52952],[-4.15363,40.53144],[-4.16346,40.52977],[-4.17506,40.53012],[-4.18763,40.5247],[-4.1967,40.52314],[-4.20453,40.51237],[-4.20917,40.51235],[-4.2122,40.51981],[-4.21271,40.52774],[-4.20429,40.54265],[-4.19996,40.5554],[-4.1972,40.55881],[-4.21071,40.5576],[-4.21342,40.55565],[-4.21611,40.54819],[-4.22009,40.54163],[-4.23215,40.53168],[-4.24435,40.52982],[-4.2515,40.53178],[-4.25793,40.52992],[-4.26241,40.5313],[-4.26432,40.52974],[-4.26396,40.52333],[-4.26593,40.52068],[-4.26417,40.51765],[-4.26846,40.51884],[-4.27003,40.51699],[-4.26465,40.51353],[-4.27307,40.50694],[-4.27723,40.50553],[-4.27529,40.50214],[-4.28327,40.50316],[-4.28371,40.50181],[-4.28224,40.50026],[-4.28424,40.49794],[-4.28367,40.49724],[-4.28113,40.49774],[-4.28157,40.49524],[-4.28557,40.49447],[-4.28794,40.49244],[-4.28785,40.49115],[-4.2853,40.48972],[-4.28625,40.48869],[-4.28865,40.489],[-4.28711,40.48193],[-4.28799,40.47538],[-4.28958,40.47314],[-4.29117,40.45948],[-4.29265,40.45659],[-4.29147,40.45416],[-4.29559,40.4444],[-4.31179,40.44077],[-4.32142,40.43733],[-4.32945,40.43314],[-4.33949,40.43193],[-4.34045,40.42909]]]}},{"type":"Feature","properties":{"ine_code":28126,"name":"Robregordo","area_km2":18.0001,"population":79,"income_pp":16893.0,"density":4.3889,"evs_res":0.0,"evs_per_1k":0.0,"public_sites":0,"public_points":0,"public_fast_sites":0,"private_sites":0,"pts_per_10k":0.0,"fuel_stations":0,"dist_km":3.0022,"fleet_flag":false,"ev_cero":0.0,"eligible":false,"score":null,"rank":null,"rank_best":null,"rank_worst":null,"top20_n":0,"evs_per_pt":0.0,"pct_scarcity":null,"pct_missing":null,"pct_model":null,"pct_market":null,"pct_home_gap":null,"pct_sites":null,"expected":0.0284,"ratio":0.0,"p_shortfall":0.9723,"missing":0.0284,"group":"Other"},"geometry":{"type":"Polygon","coordinates":[[[-3.64361,41.12049],[-3.63956,41.11938],[-3.63284,41.12043],[-3.63039,41.11966],[-3.62925,41.11794],[-3.62422,41.11574],[-3.61607,41.10952],[-3.61475,41.10608],[-3.61099,41.10204],[-3.60954,41.10225],[-3.60531,41.10032],[-3.60298,41.09854],[-3.60276,41.09716],[-3.60111,41.09706],[-3.59909,41.09515],[-3.59358,41.09838],[-3.58851,41.09848],[-3.56549,41.11389],[-3.5729,41.11825],[-3.57654,41.11794],[-3.58295,41.12075],[-3.58984,41.11959],[-3.59039,41.12531],[-3.59346,41.1259],[-3.59751,41.12495],[-3.59869,41.13239],[-3.59157,41.13562],[-3.59278,41.1471],[-3.59506,41.1521],[-3.6027,41.1494],[-3.61225,41.14888],[-3.61588,41.14616],[-3.61694,41.14404],[-3.63191,41.13393],[-3.63502,41.1247],[-3.64361,41.12049]]]}},{"type":"Feature","properties":{"ine_code":28127,"name":"Las Rozas de Madrid","area_km2":58.4736,"population":99037,"income_pp":24183.0,"density":1693.7033,"evs_res":5406.0,"evs_per_1k":54.5857,"public_sites":30,"public_points":191,"public_fast_sites":12,"private_sites":11,"pts_per_10k":19.2857,"fuel_stations":10,"dist_km":0.5212,"fleet_flag":false,"ev_cero":5406.0,"eligible":true,"score":48.7197,"rank":35.0,"rank_best":5.0,"rank_worst":51.0,"top20_n":1,"evs_per_pt":28.1562,"pct_scarcity":0.4458,"pct_missing":0.1867,"pct_model":0.3373,"pct_market":0.9639,"pct_home_gap":0.8193,"pct_sites":0.7289,"expected":165.0848,"ratio":1.157,"p_shortfall":0.68,"missing":-25.9152,"group":"North-west"},"geometry":{"type":"Polygon","coordinates":[[[-3.94989,40.54017],[-3.94706,40.53574],[-3.94019,40.5309],[-3.93924,40.52628],[-3.94063,40.52301],[-3.94,40.5192],[-3.94238,40.51479],[-3.94094,40.51258],[-3.93792,40.51146],[-3.94021,40.50914],[-3.94009,40.50803],[-3.93597,40.50864],[-3.93507,40.50222],[-3.93334,40.49953],[-3.92697,40.49899],[-3.92624,40.49984],[-3.9238,40.49934],[-3.91785,40.50119],[-3.91022,40.50133],[-3.90581,40.495],[-3.89528,40.49076],[-3.89588,40.49015],[-3.89264,40.48778],[-3.88201,40.48497],[-3.88084,40.48548],[-3.87771,40.48427],[-3.87764,40.48347],[-3.87327,40.48357],[-3.85557,40.47892],[-3.85269,40.47864],[-3.85223,40.47927],[-3.85017,40.47807],[-3.85047,40.47864],[-3.84376,40.47736],[-3.83675,40.47502],[-3.83748,40.47553],[-3.83666,40.48086],[-3.83421,40.48408],[-3.83316,40.48785],[-3.83443,40.49408],[-3.8394,40.49938],[-3.83709,40.50588],[-3.8527,40.51025],[-3.8536,40.51133],[-3.85337,40.51458],[-3.85129,40.51765],[-3.85438,40.52136],[-3.85369,40.52441],[-3.8577,40.52786],[-3.85811,40.53011],[-3.86294,40.53463],[-3.86566,40.54339],[-3.86944,40.54743],[-3.86906,40.5482],[-3.87279,40.55341],[-3.87382,40.55757],[-3.87543,40.55881],[-3.88209,40.55964],[-3.88499,40.56103],[-3.88381,40.56384],[-3.88706,40.56646],[-3.88895,40.57085],[-3.8855,40.5746],[-3.89043,40.57267],[-3.8956,40.56762],[-3.89644,40.56809],[-3.90574,40.56317],[-3.90907,40.56482],[-3.91176,40.56198],[-3.92009,40.55768],[-3.92313,40.55828],[-3.9296,40.55773],[-3.93213,40.55989],[-3.93046,40.55712],[-3.93196,40.55684],[-3.93018,40.55392],[-3.93248,40.55254],[-3.9313,40.55094],[-3.93277,40.55057],[-3.93447,40.55201],[-3.93466,40.54981],[-3.93608,40.54866],[-3.94217,40.54795],[-3.94383,40.55047],[-3.94553,40.551],[-3.94633,40.54607],[-3.94989,40.54017]]]}},{"type":"Feature","properties":{"ine_code":28128,"name":"Rozas de Puerto Real","area_km2":30.1626,"population":579,"income_pp":13987.0,"density":19.196,"evs_res":15.3536,"evs_per_1k":26.5174,"public_sites":0,"public_points":0,"public_fast_sites":0,"private_sites":0,"pts_per_10k":0.0,"fuel_stations":0,"dist_km":5.3496,"fleet_flag":true,"ev_cero":9323.0,"eligible":false,"score":null,"rank":null,"rank_best":null,"rank_worst":null,"top20_n":0,"evs_per_pt":15.3536,"pct_scarcity":null,"pct_missing":null,"pct_model":null,"pct_market":null,"pct_home_gap":null,"pct_sites":null,"expected":0.2649,"ratio":0.0,"p_shortfall":0.7864,"missing":0.2649,"group":"Other"},"geometry":{"type":"Polygon","coordinates":[[[-4.55618,40.26647],[-4.54822,40.26622],[-4.5406,40.26888],[-4.52097,40.26908],[-4.51677,40.27055],[-4.5135,40.27431],[-4.51184,40.27487],[-4.51143,40.2771],[-4.50556,40.28023],[-4.50118,40.28022],[-4.49963,40.27865],[-4.49647,40.27775],[-4.49361,40.27876],[-4.49325,40.27996],[-4.49433,40.2807],[-4.50391,40.28257],[-4.50637,40.28225],[-4.48792,40.29206],[-4.4807,40.29763],[-4.47662,40.29838],[-4.47433,40.30064],[-4.47591,40.30403],[-4.47167,40.30722],[-4.46702,40.30864],[-4.46664,40.3142],[-4.46908,40.31656],[-4.47153,40.31664],[-4.47245,40.31956],[-4.48554,40.3211],[-4.49091,40.32045],[-4.50103,40.31546],[-4.50515,40.31535],[-4.51298,40.32058],[-4.51571,40.32918],[-4.51813,40.33056],[-4.52098,40.33584],[-4.52677,40.33823],[-4.52641,40.34491],[-4.53898,40.34056],[-4.54647,40.34211],[-4.54779,40.33937],[-4.54289,40.3319],[-4.54286,40.33077],[-4.54427,40.33019],[-4.54257,40.32995],[-4.53986,40.32779],[-4.53984,40.32122],[-4.5377,40.31579],[-4.53734,40.31014],[-4.52935,40.29281],[-4.53125,40.29027],[-4.53394,40.28877],[-4.54223,40.28657],[-4.5472,40.28109],[-4.54681,40.28011],[-4.54998,40.2804],[-4.55549,40.27705],[-4.55411,40.27642],[-4.55468,40.26937],[-4.55618,40.26647]]]}},{"type":"Feature","properties":{"ine_code":28129,"name":"San Agustín del Guadalix","area_km2":38.2552,"population":13825,"income_pp":19468.0,"density":361.3891,"evs_res":445.0,"evs_per_1k":32.1881,"public_sites":4,"public_points":8,"public_fast_sites":2,"private_sites":2,"pts_per_10k":5.7866,"fuel_stations":1,"dist_km":0.5406,"fleet_flag":false,"ev_cero":445.0,"eligible":true,"score":60.8365,"rank":25.0,"rank_best":23.0,"rank_worst":39.0,"top20_n":0,"evs_per_pt":49.4444,"pct_scarcity":0.747,"pct_missing":0.747,"pct_model":0.747,"pct_market":0.5422,"pct_home_gap":0.4578,"pct_sites":0.1386,"expected":15.0874,"ratio":0.5302,"p_shortfall":0.4029,"missing":7.0874,"group":"Other"},"geometry":{"type":"Polygon","coordinates":[[[-3.68005,40.709],[-3.67584,40.70329],[-3.6635,40.70069],[-3.65783,40.69562],[-3.65322,40.69438],[-3.65035,40.69506],[-3.64623,40.69366],[-3.64449,40.69567],[-3.64324,40.69503],[-3.6414,40.68909],[-3.64232,40.68717],[-3.65082,40.67984],[-3.64891,40.67462],[-3.64089,40.67096],[-3.63997,40.66693],[-3.64232,40.66425],[-3.64287,40.66001],[-3.64823,40.65406],[-3.65245,40.64675],[-3.65013,40.64382],[-3.63826,40.63935],[-3.63479,40.63928],[-3.62787,40.64092],[-3.62437,40.64429],[-3.60968,40.65076],[-3.60717,40.65096],[-3.59769,40.64895],[-3.592,40.64893],[-3.59355,40.65479],[-3.59753,40.65889],[-3.60168,40.66975],[-3.60152,40.6737],[-3.60494,40.67973],[-3.60058,40.69578],[-3.60221,40.69695],[-3.6032,40.70346],[-3.60222,40.70607],[-3.60345,40.71093],[-3.60711,40.71505],[-3.61672,40.70819],[-3.61968,40.7071],[-3.61728,40.71607],[-3.61775,40.71703],[-3.61987,40.71747],[-3.61988,40.71854],[-3.62216,40.71884],[-3.62334,40.71807],[-3.64551,40.72219],[-3.65584,40.72519],[-3.66509,40.72609],[-3.67708,40.72377],[-3.67725,40.72116],[-3.67366,40.71854],[-3.67829,40.71296],[-3.68005,40.709]]]}},{"type":"Feature","properties":{"ine_code":28130,"name":"San Fernando de Henares","area_km2":39.1297,"population":39059,"income_pp":14948.0,"density":998.1939,"evs_res":2344.0,"evs_per_1k":60.0118,"public_sites":7,"public_points":12,"public_fast_sites":6,"private_sites":8,"pts_per_10k":3.0723,"fuel_stations":12,"dist_km":1.4651,"fleet_flag":false,"ev_cero":2344.0,"eligible":true,"score":100.0,"rank":1.0,"rank_best":1.0,"rank_worst":4.0,"top20_n":5,"evs_per_pt":180.3077,"pct_scarcity":0.9759,"pct_missing":0.9398,"pct_model":0.8554,"pct_market":0.8554,"pct_home_gap":0.6747,"pct_sites":0.7952,"expected":42.8598,"ratio":0.28,"p_shortfall":0.2123,"missing":30.8598,"group":"Other"},"geometry":{"type":"Polygon","coordinates":[[[-3.53818,40.42975],[-3.53709,40.42339],[-3.53346,40.42171],[-3.53411,40.42089],[-3.53119,40.42008],[-3.52506,40.41628],[-3.51964,40.40974],[-3.51618,40.40948],[-3.51485,40.41048],[-3.51358,40.4096],[-3.51163,40.41104],[-3.51127,40.40771],[-3.50896,40.40655],[-3.50317,40.4072],[-3.50118,40.40952],[-3.497,40.40935],[-3.49489,40.41188],[-3.49008,40.41327],[-3.48455,40.4131],[-3.48321,40.41426],[-3.47505,40.41638],[-3.47228,40.41634],[-3.46917,40.41796],[-3.45703,40.41901],[-3.45319,40.42026],[-3.45255,40.42165],[-3.44928,40.42159],[-3.44212,40.41869],[-3.43992,40.41255],[-3.43476,40.41279],[-3.43194,40.4155],[-3.43212,40.41921],[-3.43805,40.43235],[-3.43554,40.43178],[-3.4299,40.42613],[-3.42719,40.42522],[-3.42006,40.42384],[-3.41307,40.42487],[-3.41063,40.42667],[-3.41451,40.43139],[-3.41353,40.43545],[-3.41266,40.43567],[-3.41407,40.43693],[-3.41737,40.43727],[-3.42288,40.44241],[-3.42074,40.44623],[-3.41958,40.44601],[-3.41857,40.44701],[-3.41934,40.4512],[-3.42379,40.45278],[-3.42581,40.45174],[-3.42686,40.45318],[-3.42871,40.4528],[-3.43156,40.45491],[-3.43409,40.45543],[-3.43845,40.45415],[-3.45171,40.44169],[-3.46422,40.43653],[-3.46589,40.43713],[-3.46747,40.43489],[-3.46825,40.43603],[-3.47379,40.43474],[-3.47372,40.43342],[-3.48241,40.43069],[-3.48644,40.43489],[-3.49044,40.4416],[-3.48834,40.44589],[-3.48922,40.45327],[-3.49157,40.45989],[-3.49801,40.47001],[-3.49568,40.47114],[-3.49693,40.47289],[-3.49786,40.4724],[-3.4974,40.47304],[-3.49953,40.47181],[-3.51263,40.46874],[-3.52856,40.4723],[-3.53083,40.47129],[-3.5266,40.47028],[-3.52531,40.46903],[-3.52509,40.46774],[-3.52892,40.46348],[-3.52966,40.46104],[-3.52931,40.45871],[-3.52681,40.45592],[-3.52879,40.45467],[-3.53265,40.45444],[-3.53464,40.45211],[-3.53305,40.44816],[-3.53188,40.44664],[-3.53115,40.44688],[-3.5303,40.44037],[-3.52669,40.43329],[-3.53266,40.43212],[-3.53216,40.42993],[-3.53818,40.42975]]]}},{"type":"Feature","properties":{"ine_code":28131,"name":"San Lorenzo de El Escorial","area_km2":56.4469,"population":18872,"income_pp":17163.0,"density":334.3317,"evs_res":360.0,"evs_per_1k":19.0759,"public_sites":12,"public_points":35,"public_fast_sites":5,"private_sites":1,"pts_per_10k":18.546,"fuel_stations":8,"dist_km":1.325,"fleet_flag":false,"ev_cero":360.0,"eligible":true,"score":18.446,"rank":74.0,"rank_best":60.0,"rank_worst":74.0,"top20_n":0,"evs_per_pt":10.0,"pct_scarcity":0.0964,"pct_missing":0.1867,"pct_model":0.1687,"pct_market":0.4398,"pct_home_gap":0.4096,"pct_sites":0.7048,"expected":22.5034,"ratio":1.5553,"p_shortfall":0.7967,"missing":-12.4966,"group":"Other"},"geometry":{"type":"Polygon","coordinates":[[[-4.19932,40.56762],[-4.19672,40.56545],[-4.19078,40.56505],[-4.18375,40.56892],[-4.17878,40.57445],[-4.17084,40.57593],[-4.16418,40.56824],[-4.16408,40.56317],[-4.16276,40.56253],[-4.15714,40.56349],[-4.15328,40.56574],[-4.14638,40.56777],[-4.14133,40.5729],[-4.14151,40.57512],[-4.14303,40.57658],[-4.14519,40.5822],[-4.14313,40.58945],[-4.14035,40.58855],[-4.13552,40.59477],[-4.13092,40.59671],[-4.13176,40.59864],[-4.11755,40.60489],[-4.10568,40.61589],[-4.10263,40.61999],[-4.09958,40.62721],[-4.09742,40.62868],[-4.09279,40.63074],[-4.05643,40.63744],[-4.05513,40.63485],[-4.05132,40.63414],[-4.04954,40.63224],[-4.04978,40.6305],[-4.04778,40.62906],[-4.03857,40.63062],[-4.03306,40.63013],[-4.03149,40.63532],[-4.03256,40.64002],[-4.03871,40.64513],[-4.04972,40.64935],[-4.05307,40.65262],[-4.05682,40.65402],[-4.06014,40.6536],[-4.07039,40.64962],[-4.09184,40.65029],[-4.11135,40.65418],[-4.11928,40.65296],[-4.13129,40.6552],[-4.16794,40.64791],[-4.16791,40.64373],[-4.17175,40.63869],[-4.17073,40.63419],[-4.173,40.62986],[-4.16877,40.62591],[-4.16302,40.62568],[-4.15941,40.62012],[-4.15237,40.61769],[-4.15793,40.61481],[-4.1646,40.61312],[-4.18329,40.59446],[-4.19322,40.58233],[-4.19383,40.57749],[-4.1964,40.57467],[-4.19812,40.57418],[-4.19932,40.56762]]]}},{"type":"Feature","properties":{"ine_code":28132,"name":"San Martín de la Vega","area_km2":105.0356,"population":21010,"income_pp":12720.0,"density":200.0275,"evs_res":374.0,"evs_per_1k":17.801,"public_sites":4,"public_points":94,"public_fast_sites":0,"private_sites":0,"pts_per_10k":44.7406,"fuel_stations":3,"dist_km":2.1948,"fleet_flag":false,"ev_cero":374.0,"eligible":true,"score":0.0,"rank":83.0,"rank_best":74.0,"rank_worst":83.0,"top20_n":0,"evs_per_pt":3.9368,"pct_scarcity":0.012,"pct_missing":0.1867,"pct_model":0.012,"pct_market":0.4578,"pct_home_gap":0.2048,"pct_sites":0.4759,"expected":12.2671,"ratio":7.6627,"p_shortfall":0.9998,"missing":-81.7329,"group":"Other"},"geometry":{"type":"Polygon","coordinates":[[[-3.64384,40.22915],[-3.6347,40.22366],[-3.6306,40.22316],[-3.62658,40.22129],[-3.62075,40.21691],[-3.61757,40.21187],[-3.60432,40.20407],[-3.59435,40.20264],[-3.59157,40.19635],[-3.55981,40.18985],[-3.55733,40.19266],[-3.55375,40.19398],[-3.5527,40.1953],[-3.55101,40.19494],[-3.54536,40.19654],[-3.53524,40.19474],[-3.53075,40.19543],[-3.52475,40.19773],[-3.52071,40.20251],[-3.51502,40.20569],[-3.50898,40.21281],[-3.49784,40.21817],[-3.49745,40.22039],[-3.50101,40.22535],[-3.5013,40.22824],[-3.50435,40.2337],[-3.5045,40.23739],[-3.50592,40.23927],[-3.50435,40.24071],[-3.50483,40.24218],[-3.49934,40.24682],[-3.50212,40.24869],[-3.50318,40.25065],[-3.50188,40.25246],[-3.50243,40.25417],[-3.50049,40.25609],[-3.49605,40.25338],[-3.49518,40.25176],[-3.49222,40.25109],[-3.49047,40.25365],[-3.48586,40.25323],[-3.4827,40.25669],[-3.48469,40.25818],[-3.48675,40.26334],[-3.48978,40.26785],[-3.49171,40.26844],[-3.49294,40.27109],[-3.49834,40.27217],[-3.50197,40.27659],[-3.50385,40.27674],[-3.50509,40.27927],[-3.5198,40.29428],[-3.52444,40.2955],[-3.52649,40.29321],[-3.53112,40.29299],[-3.53218,40.29363],[-3.5402,40.29023],[-3.54514,40.29085],[-3.54407,40.29376],[-3.5505,40.29704],[-3.55519,40.29566],[-3.56278,40.29084],[-3.56468,40.29191],[-3.57151,40.28712],[-3.57556,40.28811],[-3.57878,40.28638],[-3.58103,40.28697],[-3.58229,40.28526],[-3.59182,40.28381],[-3.59418,40.28552],[-3.59594,40.28527],[-3.59621,40.27621],[-3.59481,40.27425],[-3.59909,40.27226],[-3.61213,40.26916],[-3.61476,40.26782],[-3.626,40.26576],[-3.63255,40.25952],[-3.63627,40.24332],[-3.64384,40.22915]]]}},{"type":"Feature","properties":{"ine_code":28133,"name":"San Martín de Valdeiglesias","area_km2":115.2571,"population":9324,"income_pp":12826.0,"density":80.8974,"evs_res":107.0,"evs_per_1k":11.4758,"public_sites":4,"public_points":12,"public_fast_sites":2,"private_sites":1,"pts_per_10k":12.87,"fuel_stations":2,"dist_km":0.2754,"fleet_flag":false,"ev_cero":107.0,"eligible":true,"score":0.1057,"rank":82.0,"rank_best":81.0,"rank_worst":83.0,"top20_n":0,"evs_per_pt":8.2308,"pct_scarcity":0.0361,"pct_missing":0.1867,"pct_model":0.0723,"pct_market":0.0723,"pct_home_gap":0.0602,"pct_sites":0.3133,"expected":6.1657,"ratio":1.9462,"p_shortfall":0.8678,"missing":-5.8343,"group":"Other"},"geometry":{"type":"Polygon","coordinates":[[[-4.46063,40.34033],[-4.45372,40.33297],[-4.44592,40.32938],[-4.4343,40.32953],[-4.4208,40.3327],[-4.40986,40.33088],[-4.38594,40.32015],[-4.37692,40.31732],[-4.37535,40.31509],[-4.3732,40.31428],[-4.36485,40.31405],[-4.3631,40.31159],[-4.35754,40.30964],[-4.34729,40.31313],[-4.34781,40.31572],[-4.34085,40.3202],[-4.33107,40.32235],[-4.32858,40.32482],[-4.31242,40.32622],[-4.29533,40.32307],[-4.28636,40.32953],[-4.27709,40.32847],[-4.27421,40.33084],[-4.26817,40.33251],[-4.2635,40.33182],[-4.25987,40.32966],[-4.25772,40.32946],[-4.25291,40.32514],[-4.2512,40.32483],[-4.24784,40.32629],[-4.23786,40.32773],[-4.24425,40.3313],[-4.24823,40.3298],[-4.25133,40.336],[-4.2614,40.33902],[-4.26601,40.34338],[-4.27584,40.34929],[-4.28128,40.35057],[-4.28426,40.35696],[-4.29469,40.35999],[-4.29867,40.36586],[-4.30514,40.36735],[-4.2975,40.37687],[-4.29867,40.37875],[-4.30149,40.37966],[-4.30251,40.38156],[-4.30629,40.38368],[-4.30224,40.39964],[-4.30322,40.40123],[-4.30556,40.40183],[-4.31502,40.40147],[-4.31741,40.40047],[-4.32246,40.40649],[-4.32101,40.41018],[-4.32724,40.40986],[-4.33439,40.40755],[-4.34699,40.41146],[-4.36119,40.41137],[-4.36571,40.40786],[-4.36792,40.40733],[-4.37024,40.40806],[-4.37689,40.40741],[-4.38195,40.40802],[-4.38775,40.40964],[-4.40066,40.41142],[-4.41471,40.41037],[-4.41744,40.40647],[-4.42188,40.4064],[-4.42359,40.40213],[-4.42826,40.40041],[-4.43032,40.39817],[-4.4321,40.39775],[-4.43701,40.3932],[-4.43729,40.38939],[-4.44114,40.38856],[-4.441,40.38727],[-4.44232,40.38636],[-4.44208,40.38364],[-4.43962,40.37989],[-4.44057,40.36383],[-4.43913,40.3619],[-4.43991,40.35833],[-4.4385,40.35443],[-4.43974,40.35029],[-4.44399,40.34794],[-4.44885,40.34731],[-4.44972,40.34586],[-4.45462,40.34584],[-4.45728,40.34468],[-4.46063,40.34033]],[[-4.34757,40.36003],[-4.33883,40.37073],[-4.34008,40.3716],[-4.33498,40.37603],[-4.33104,40.37542],[-4.32757,40.37203],[-4.32308,40.36998],[-4.31614,40.36918],[-4.31593,40.37016],[-4.30559,40.36754],[-4.30987,40.36253],[-4.31304,40.35436],[-4.3147,40.3534],[-4.31697,40.34902],[-4.3235,40.34383],[-4.33292,40.34641],[-4.34291,40.35372],[-4.34757,40.36003]]]}},{"type":"Feature","properties":{"ine_code":28134,"name":"San Sebastián de los Reyes","area_km2":58.9859,"population":96992,"income_pp":18761.0,"density":1644.3262,"evs_res":2664.0,"evs_per_1k":27.4662,"public_sites":40,"public_points":207,"public_fast_sites":22,"private_sites":6,"pts_per_10k":21.342,"fuel_stations":17,"dist_km":0.0965,"fleet_flag":false,"ev_cero":2664.0,"eligible":true,"score":30.0171,"rank":61.0,"rank_best":30.0,"rank_worst":68.0,"top20_n":0,"evs_per_pt":12.8077,"pct_scarcity":0.1807,"pct_missing":0.1867,"pct_model":0.1205,"pct_market":0.8795,"pct_home_gap":0.8072,"pct_sites":0.8916,"expected":116.3618,"ratio":1.7789,"p_shortfall":0.8413,"missing":-90.6382,"group":"Other"},"geometry":{"type":"Polygon","coordinates":[[[-3.67409,40.58881],[-3.66386,40.56982],[-3.65412,40.55507],[-3.64826,40.55469],[-3.64578,40.55536],[-3.64105,40.55443],[-3.63665,40.54792],[-3.63257,40.54502],[-3.62875,40.54397],[-3.62797,40.54123],[-3.62637,40.54029],[-3.6153,40.53982],[-3.61366,40.53862],[-3.60546,40.53827],[-3.60361,40.53704],[-3.60026,40.53802],[-3.59623,40.53709],[-3.59252,40.53765],[-3.57868,40.53354],[-3.57602,40.53491],[-3.56359,40.53517],[-3.5495,40.5332],[-3.547,40.53512],[-3.55006,40.54306],[-3.55105,40.54362],[-3.55507,40.54192],[-3.5568,40.54225],[-3.55898,40.54823],[-3.56523,40.55373],[-3.56569,40.55824],[-3.56229,40.56],[-3.56059,40.55906],[-3.5614,40.56405],[-3.55897,40.56509],[-3.55827,40.56719],[-3.56449,40.57245],[-3.56071,40.57313],[-3.55826,40.57567],[-3.55446,40.57631],[-3.54408,40.56988],[-3.54372,40.57223],[-3.54171,40.57171],[-3.53919,40.57259],[-3.53837,40.57717],[-3.53982,40.5789],[-3.53788,40.57981],[-3.5397,40.58059],[-3.54,40.58263],[-3.54541,40.58393],[-3.5496,40.58727],[-3.55704,40.58651],[-3.56148,40.58787],[-3.56173,40.59272],[-3.56553,40.59295],[-3.56664,40.59625],[-3.56575,40.59834],[-3.57314,40.59996],[-3.57589,40.60189],[-3.57747,40.60435],[-3.57781,40.60754],[-3.57431,40.61152],[-3.57472,40.61649],[-3.57379,40.61815],[-3.57501,40.61926],[-3.57987,40.6193],[-3.5814,40.62138],[-3.58092,40.62354],[-3.58458,40.62727],[-3.59124,40.62562],[-3.60293,40.62645],[-3.60423,40.6268],[-3.60555,40.63],[-3.60862,40.631],[-3.62054,40.62397],[-3.62585,40.61881],[-3.62635,40.61755],[-3.62307,40.61628],[-3.621,40.61317],[-3.61773,40.61104],[-3.61574,40.60165],[-3.60532,40.59663],[-3.60199,40.59124],[-3.60723,40.58512],[-3.61628,40.58086],[-3.6255,40.57343],[-3.63134,40.57504],[-3.63698,40.57513],[-3.64482,40.57723],[-3.64976,40.57748],[-3.65134,40.57891],[-3.65522,40.58827],[-3.65918,40.59159],[-3.66727,40.59208],[-3.67409,40.58881]]]}},{"type":"Feature","properties":{"ine_code":28135,"name":"Santa María de la Alameda","area_km2":75.4435,"population":1584,"income_pp":13624.0,"density":20.9958,"evs_res":20.0,"evs_per_1k":12.6263,"public_sites":1,"public_points":2,"public_fast_sites":1,"private_sites":0,"pts_per_10k":12.6263,"fuel_stations":1,"dist_km":2.2239,"fleet_flag":false,"ev_cero":20.0,"eligible":false,"score":null,"rank":null,"rank_best":null,"rank_worst":null,"top20_n":0,"evs_per_pt":6.6667,"pct_scarcity":null,"pct_missing":null,"pct_model":null,"pct_market":null,"pct_home_gap":null,"pct_sites":null,"expected":1.3417,"ratio":1.4906,"p_shortfall":0.8135,"missing":-0.6583,"group":"Other"},"geometry":{"type":"MultiPolygon","coordinates":[[[[-4.28961,40.60758],[-4.28862,40.62597],[-4.28995,40.62797],[-4.27947,40.63054],[-4.27215,40.62884],[-4.27094,40.62266],[-4.26667,40.61269],[-4.26208,40.60555],[-4.25203,40.60309],[-4.24244,40.60232],[-4.22561,40.60341],[-4.21799,40.60535],[-4.2152,40.60493],[-4.19293,40.61329],[-4.17676,40.61616],[-4.16136,40.62345],[-4.15941,40.62012],[-4.15237,40.61769],[-4.15793,40.61481],[-4.1646,40.61312],[-4.18329,40.59446],[-4.19322,40.58233],[-4.19383,40.57749],[-4.1964,40.57467],[-4.19812,40.57418],[-4.19932,40.56762],[-4.19672,40.56545],[-4.19078,40.56505],[-4.18375,40.56892],[-4.17878,40.57445],[-4.17331,40.57579],[-4.17084,40.57593],[-4.16699,40.5712],[-4.17662,40.57051],[-4.18177,40.56683],[-4.19331,40.56183],[-4.1972,40.55881],[-4.21071,40.5576],[-4.21342,40.55565],[-4.21611,40.54819],[-4.22078,40.54101],[-4.23215,40.53168],[-4.24435,40.52982],[-4.2515,40.53178],[-4.25793,40.52992],[-4.26241,40.5313],[-4.26464,40.53554],[-4.26893,40.53856],[-4.26908,40.54],[-4.27157,40.54022],[-4.27202,40.5414],[-4.26874,40.54322],[-4.26064,40.5424],[-4.25731,40.54506],[-4.25712,40.54793],[-4.25977,40.54667],[-4.26152,40.54875],[-4.26291,40.54783],[-4.2661,40.54794],[-4.26819,40.55049],[-4.26958,40.55083],[-4.26885,40.5544],[-4.27107,40.55838],[-4.27004,40.56106],[-4.27088,40.56203],[-4.27397,40.56158],[-4.27449,40.56369],[-4.27831,40.56226],[-4.28169,40.56213],[-4.28193,40.56446],[-4.28692,40.56549],[-4.28925,40.56419],[-4.2889,40.57142],[-4.28681,40.57463],[-4.28572,40.58234],[-4.28302,40.58536],[-4.28163,40.58957],[-4.28331,40.5953],[-4.27907,40.60103],[-4.27858,40.60349],[-4.28059,40.60511],[-4.28961,40.60758]]],[[[-4.3241,40.65802],[-4.31772,40.6618],[-4.3162,40.66674],[-4.29313,40.67735],[-4.28995,40.68056],[-4.28491,40.68123],[-4.26746,40.67455],[-4.26642,40.67215],[-4.25988,40.66581],[-4.25386,40.66188],[-4.25603,40.65147],[-4.26218,40.65168],[-4.26664,40.6531],[-4.27741,40.65246],[-4.28761,40.65295],[-4.29025,40.65208],[-4.30101,40.65145],[-4.31949,40.64767],[-4.3224,40.65145],[-4.3241,40.65802]]]]}},{"type":"Feature","properties":{"ine_code":28136,"name":"Santorcaz","area_km2":27.9938,"population":1011,"income_pp":14092.0,"density":36.1151,"evs_res":19.0,"evs_per_1k":18.7933,"public_sites":0,"public_points":0,"public_fast_sites":0,"private_sites":0,"pts_per_10k":0.0,"fuel_stations":0,"dist_km":6.0965,"fleet_flag":false,"ev_cero":19.0,"eligible":false,"score":null,"rank":null,"rank_best":null,"rank_worst":null,"top20_n":0,"evs_per_pt":19.0,"pct_scarcity":null,"pct_missing":null,"pct_model":null,"pct_market":null,"pct_home_gap":null,"pct_sites":null,"expected":0.47,"ratio":0.0,"p_shortfall":0.6709,"missing":0.47,"group":"Other"},"geometry":{"type":"Polygon","coordinates":[[[-3.25965,40.48236],[-3.25759,40.48074],[-3.25346,40.46895],[-3.25,40.46308],[-3.2498,40.45885],[-3.24842,40.45662],[-3.24441,40.4521],[-3.23974,40.45136],[-3.235,40.44938],[-3.23409,40.44581],[-3.23519,40.44436],[-3.23357,40.44199],[-3.22937,40.44154],[-3.22932,40.44055],[-3.22708,40.44122],[-3.2242,40.44005],[-3.22336,40.44051],[-3.21414,40.43743],[-3.20996,40.43474],[-3.20227,40.44034],[-3.20023,40.44039],[-3.19873,40.44231],[-3.20053,40.44622],[-3.19919,40.45076],[-3.19987,40.4557],[-3.19854,40.4599],[-3.20023,40.46521],[-3.19801,40.47325],[-3.19536,40.47834],[-3.19713,40.48542],[-3.20013,40.49037],[-3.20067,40.49419],[-3.20213,40.49537],[-3.20127,40.49865],[-3.21574,40.50372],[-3.2247,40.50447],[-3.2285,40.50174],[-3.23337,40.50105],[-3.23362,40.49925],[-3.23513,40.49801],[-3.24053,40.49528],[-3.24173,40.49242],[-3.24453,40.49212],[-3.24909,40.4889],[-3.24954,40.48756],[-3.25429,40.48638],[-3.25965,40.48236]]]}},{"type":"Feature","properties":{"ine_code":28137,"name":"Los Santos de la Humosa","area_km2":34.8613,"population":2867,"income_pp":13849.0,"density":82.2401,"evs_res":47.0,"evs_per_1k":16.3934,"public_sites":0,"public_points":0,"public_fast_sites":0,"private_sites":0,"pts_per_10k":0.0,"fuel_stations":0,"dist_km":5.3378,"fleet_flag":false,"ev_cero":47.0,"eligible":false,"score":null,"rank":null,"rank_best":null,"rank_worst":null,"top20_n":0,"evs_per_pt":47.0,"pct_scarcity":null,"pct_missing":null,"pct_model":null,"pct_market":null,"pct_home_gap":null,"pct_sites":null,"expected":1.3577,"ratio":0.0,"p_shortfall":0.3986,"missing":1.3577,"group":"Other"},"geometry":{"type":"Polygon","coordinates":[[[-3.30893,40.50227],[-3.30599,40.49798],[-3.30074,40.49647],[-3.29888,40.49444],[-3.29207,40.49408],[-3.28786,40.49495],[-3.28285,40.49376],[-3.28023,40.49009],[-3.27585,40.48825],[-3.27376,40.48618],[-3.2647,40.48537],[-3.25836,40.48386],[-3.25429,40.48638],[-3.24954,40.48756],[-3.24909,40.4889],[-3.24453,40.49212],[-3.24173,40.49242],[-3.24053,40.49528],[-3.23513,40.49801],[-3.23362,40.49925],[-3.23337,40.50105],[-3.2285,40.50174],[-3.2247,40.50447],[-3.21574,40.50372],[-3.20127,40.49865],[-3.19897,40.5039],[-3.20021,40.51422],[-3.20309,40.51684],[-3.20856,40.51995],[-3.21757,40.52243],[-3.22308,40.52589],[-3.2279,40.53544],[-3.23186,40.53872],[-3.23303,40.53789],[-3.23031,40.53194],[-3.23161,40.53169],[-3.23238,40.53255],[-3.23458,40.53245],[-3.23817,40.53384],[-3.24275,40.53689],[-3.24403,40.5368],[-3.24767,40.54227],[-3.25078,40.54387],[-3.25186,40.54239],[-3.25576,40.5424],[-3.25901,40.54027],[-3.26661,40.5381],[-3.27196,40.53511],[-3.27753,40.53477],[-3.27782,40.53397],[-3.28143,40.5363],[-3.28223,40.53567],[-3.2836,40.53667],[-3.28967,40.5317],[-3.28465,40.52831],[-3.28806,40.52531],[-3.28417,40.52524],[-3.28481,40.52417],[-3.28378,40.52055],[-3.2848,40.51744],[-3.28569,40.51659],[-3.29159,40.51712],[-3.29437,40.51655],[-3.29914,40.51383],[-3.30158,40.51101],[-3.30639,40.51341],[-3.30818,40.51143],[-3.30776,40.5083],[-3.30879,40.50666],[-3.30617,40.50568],[-3.30893,40.50227]]]}},{"type":"Feature","properties":{"ine_code":28138,"name":"La Serna del Monte","area_km2":5.5195,"population":110,"income_pp":13668.0,"density":19.9292,"evs_res":1.0,"evs_per_1k":9.0909,"public_sites":0,"public_points":0,"public_fast_sites":0,"private_sites":0,"pts_per_10k":0.0,"fuel_stations":2,"dist_km":1.7049,"fleet_flag":false,"ev_cero":1.0,"eligible":false,"score":null,"rank":null,"rank_best":null,"rank_worst":null,"top20_n":0,"evs_per_pt":1.0,"pct_scarcity":null,"pct_missing":null,"pct_model":null,"pct_market":null,"pct_home_gap":null,"pct_sites":null,"expected":0.7716,"ratio":0.0,"p_shortfall":0.5481,"missing":0.7716,"group":"Other"},"geometry":{"type":"Polygon","coordinates":[[[-3.63577,41.02908],[-3.63339,41.02759],[-3.63454,41.02102],[-3.63212,41.02039],[-3.62928,41.02105],[-3.62594,41.02463],[-3.62449,41.02457],[-3.62352,41.02421],[-3.62361,41.02261],[-3.61885,41.02108],[-3.61807,41.01297],[-3.61496,41.0144],[-3.60865,41.02328],[-3.61253,41.02464],[-3.61376,41.03102],[-3.61643,41.03466],[-3.61688,41.04205],[-3.61962,41.04433],[-3.61998,41.04667],[-3.62235,41.04912],[-3.61976,41.05454],[-3.61756,41.05596],[-3.61741,41.06155],[-3.61913,41.06326],[-3.61935,41.0663],[-3.61641,41.0696],[-3.62651,41.07036],[-3.62996,41.06853],[-3.62621,41.06449],[-3.6252,41.05638],[-3.62278,41.0508],[-3.63144,41.03424],[-3.63367,41.03324],[-3.63577,41.02908]]]}},{"type":"Feature","properties":{"ine_code":28140,"name":"Serranillos del Valle","area_km2":13.2676,"population":4670,"income_pp":15505.0,"density":351.9843,"evs_res":176.0,"evs_per_1k":37.6874,"public_sites":2,"public_points":5,"public_fast_sites":1,"private_sites":0,"pts_per_10k":10.7066,"fuel_stations":0,"dist_km":0.7308,"fleet_flag":false,"ev_cero":176.0,"eligible":false,"score":null,"rank":null,"rank_best":null,"rank_worst":null,"top20_n":0,"evs_per_pt":29.3333,"pct_scarcity":null,"pct_missing":null,"pct_model":null,"pct_market":null,"pct_home_gap":null,"pct_sites":null,"expected":3.4212,"ratio":1.4615,"p_shortfall":0.7876,"missing":-1.5788,"group":"Other"},"geometry":{"type":"MultiPolygon","coordinates":[[[[-3.95127,40.19033],[-3.95076,40.19894],[-3.94888,40.20454],[-3.93841,40.20344],[-3.94062,40.20112],[-3.9412,40.19799],[-3.94269,40.19635],[-3.94767,40.19345],[-3.94892,40.18929],[-3.95127,40.19033]]],[[[-3.92531,40.20005],[-3.91833,40.20149],[-3.91077,40.20219],[-3.90173,40.1997],[-3.89719,40.19613],[-3.89612,40.19718],[-3.89502,40.21086],[-3.8995,40.21564],[-3.90062,40.21945],[-3.90293,40.22257],[-3.90259,40.2252],[-3.89934,40.227],[-3.90345,40.23403],[-3.89976,40.23231],[-3.8946,40.23156],[-3.8917,40.23148],[-3.89047,40.23289],[-3.8844,40.23221],[-3.87266,40.21666],[-3.86611,40.20311],[-3.87122,40.19883],[-3.87781,40.18862],[-3.8854,40.18951],[-3.89442,40.18873],[-3.89946,40.19044],[-3.91117,40.19004],[-3.91734,40.19227],[-3.92214,40.19799],[-3.92531,40.20005]]]]}},{"type":"Feature","properties":{"ine_code":28141,"name":"Sevilla la Nueva","area_km2":24.9942,"population":9802,"income_pp":15739.0,"density":392.1707,"evs_res":212.0,"evs_per_1k":21.6282,"public_sites":2,"public_points":6,"public_fast_sites":0,"private_sites":0,"pts_per_10k":6.1212,"fuel_stations":2,"dist_km":1.471,"fleet_flag":false,"ev_cero":212.0,"eligible":true,"score":42.941,"rank":39.0,"rank_best":39.0,"rank_worst":53.0,"top20_n":0,"evs_per_pt":30.2857,"pct_scarcity":0.5181,"pct_missing":0.4699,"pct_model":0.5663,"pct_market":0.253,"pct_home_gap":0.494,"pct_sites":0.3133,"expected":8.4588,"ratio":0.7093,"p_shortfall":0.5184,"missing":2.4588,"group":"Other"},"geometry":{"type":"Polygon","coordinates":[[[-4.07722,40.35713],[-4.07478,40.3534],[-4.07621,40.35284],[-4.07516,40.35214],[-4.07609,40.35119],[-4.07453,40.34287],[-4.07107,40.34317],[-4.06883,40.34246],[-4.0669,40.34164],[-4.06616,40.33984],[-4.07015,40.33503],[-4.05058,40.33467],[-4.04468,40.33239],[-4.02572,40.33226],[-4.01526,40.33599],[-4.01036,40.33686],[-4.00313,40.34157],[-3.99866,40.34327],[-3.99801,40.34445],[-3.99959,40.35098],[-4.00337,40.35486],[-4.00338,40.35802],[-4.00223,40.35823],[-4.00562,40.35895],[-4.00697,40.36062],[-4.00724,40.36405],[-4.01129,40.36443],[-4.01153,40.36536],[-4.02236,40.37237],[-4.02734,40.37343],[-4.02873,40.37668],[-4.03208,40.37807],[-4.03429,40.37775],[-4.03537,40.37894],[-4.03784,40.37785],[-4.03836,40.38027],[-4.04032,40.38075],[-4.04121,40.37907],[-4.04402,40.37854],[-4.04578,40.37722],[-4.04988,40.37902],[-4.05454,40.37532],[-4.0572,40.37594],[-4.05859,40.37519],[-4.06258,40.36943],[-4.06535,40.3679],[-4.06422,40.36636],[-4.06528,40.36521],[-4.06671,40.36527],[-4.0714,40.36277],[-4.07188,40.36058],[-4.07064,40.36056],[-4.07133,40.35964],[-4.07545,40.35791],[-4.07681,40.35817],[-4.07722,40.35713]]]}},{"type":"Feature","properties":{"ine_code":28143,"name":"Somosierra","area_km2":20.4016,"population":93,"income_pp":16893.0,"density":4.5585,"evs_res":2.0,"evs_per_1k":21.5054,"public_sites":1,"public_points":2,"public_fast_sites":1,"private_sites":0,"pts_per_10k":215.0538,"fuel_stations":1,"dist_km":1.0698,"fleet_flag":false,"ev_cero":2.0,"eligible":false,"score":null,"rank":null,"rank_best":null,"rank_worst":null,"top20_n":0,"evs_per_pt":0.6667,"pct_scarcity":null,"pct_missing":null,"pct_model":null,"pct_market":null,"pct_home_gap":null,"pct_sites":null,"expected":0.838,"ratio":2.3866,"p_shortfall":0.9101,"missing":-1.162,"group":"Other"},"geometry":{"type":"Polygon","coordinates":[[[-3.61225,41.14888],[-3.6027,41.1494],[-3.59506,41.1521],[-3.59278,41.1471],[-3.59157,41.13562],[-3.59869,41.13239],[-3.59751,41.12495],[-3.59346,41.1259],[-3.59039,41.12531],[-3.58984,41.11959],[-3.58295,41.12075],[-3.57654,41.11794],[-3.5729,41.11825],[-3.56549,41.11389],[-3.5576,41.1167],[-3.54821,41.12614],[-3.54858,41.13197],[-3.54732,41.13496],[-3.54799,41.13827],[-3.54484,41.14196],[-3.54396,41.14645],[-3.53771,41.15507],[-3.53654,41.16038],[-3.53977,41.16501],[-3.54436,41.16574],[-3.55752,41.16445],[-3.56909,41.15944],[-3.58346,41.16107],[-3.58954,41.15845],[-3.59171,41.15432],[-3.59891,41.15424],[-3.60028,41.15525],[-3.60462,41.15226],[-3.61225,41.14888]]]}},{"type":"Feature","properties":{"ine_code":28144,"name":"Soto del Real","area_km2":43.1839,"population":9400,"income_pp":19413.0,"density":217.6736,"evs_res":329.0,"evs_per_1k":35.0,"public_sites":7,"public_points":16,"public_fast_sites":4,"private_sites":0,"pts_per_10k":17.0213,"fuel_stations":2,"dist_km":0.4127,"fleet_flag":false,"ev_cero":329.0,"eligible":true,"score":24.5656,"rank":67.0,"rank_best":57.0,"rank_worst":67.0,"top20_n":0,"evs_per_pt":19.3529,"pct_scarcity":0.2892,"pct_missing":0.1867,"pct_model":0.253,"pct_market":0.4096,"pct_home_gap":0.253,"pct_sites":0.3133,"expected":11.4105,"ratio":1.4022,"p_shortfall":0.7621,"missing":-4.5895,"group":"Other"},"geometry":{"type":"Polygon","coordinates":[[[-3.83956,40.81379],[-3.83686,40.80183],[-3.83083,40.79375],[-3.8283,40.78051],[-3.82496,40.77224],[-3.81865,40.73982],[-3.81499,40.74014],[-3.80841,40.7239],[-3.8024,40.71741],[-3.80164,40.71176],[-3.7993,40.71039],[-3.79739,40.71081],[-3.78752,40.70903],[-3.78291,40.70458],[-3.77947,40.70528],[-3.77302,40.70448],[-3.76982,40.70692],[-3.76617,40.71327],[-3.76075,40.71649],[-3.75825,40.71679],[-3.7493,40.72545],[-3.73606,40.73222],[-3.73279,40.73048],[-3.73201,40.73201],[-3.73294,40.73545],[-3.73834,40.74198],[-3.73939,40.74497],[-3.75577,40.75755],[-3.75866,40.75886],[-3.75989,40.76158],[-3.76404,40.7613],[-3.77134,40.76386],[-3.78395,40.77007],[-3.80271,40.77062],[-3.80729,40.77753],[-3.81132,40.77925],[-3.81198,40.78568],[-3.81406,40.7869],[-3.81357,40.79602],[-3.82563,40.80568],[-3.82821,40.80877],[-3.82784,40.81498],[-3.83508,40.81518],[-3.83956,40.81379]]]}},{"type":"Feature","properties":{"ine_code":28145,"name":"Talamanca de Jarama","area_km2":39.2935,"population":4607,"income_pp":14271.0,"density":117.2458,"evs_res":78.0,"evs_per_1k":16.9308,"public_sites":0,"public_points":0,"public_fast_sites":0,"private_sites":0,"pts_per_10k":0.0,"fuel_stations":1,"dist_km":4.3872,"fleet_flag":false,"ev_cero":78.0,"eligible":false,"score":null,"rank":null,"rank_best":null,"rank_worst":null,"top20_n":0,"evs_per_pt":78.0,"pct_scarcity":null,"pct_missing":null,"pct_model":null,"pct_market":null,"pct_home_gap":null,"pct_sites":null,"expected":3.0813,"ratio":0.0,"p_shortfall":0.2112,"missing":3.0813,"group":"Other"},"geometry":{"type":"Polygon","coordinates":[[[-3.54417,40.73461],[-3.54061,40.73283],[-3.53075,40.73404],[-3.52585,40.73275],[-3.52037,40.72878],[-3.51703,40.72406],[-3.51054,40.72271],[-3.49969,40.71703],[-3.493,40.70874],[-3.48795,40.70645],[-3.48292,40.70621],[-3.47328,40.70299],[-3.47535,40.6949],[-3.47427,40.69331],[-3.46946,40.69289],[-3.46956,40.68989],[-3.4675,40.68971],[-3.46869,40.69002],[-3.46838,40.69285],[-3.46168,40.69269],[-3.46298,40.69773],[-3.45957,40.70134],[-3.46018,40.70168],[-3.4568,40.70422],[-3.45576,40.70931],[-3.45152,40.71099],[-3.44643,40.71464],[-3.44218,40.72003],[-3.43785,40.72241],[-3.43419,40.73076],[-3.43466,40.73243],[-3.43822,40.73489],[-3.44335,40.72418],[-3.44524,40.72279],[-3.44886,40.73067],[-3.44852,40.7329],[-3.45068,40.73579],[-3.45348,40.74315],[-3.45717,40.74438],[-3.46169,40.7434],[-3.46281,40.74384],[-3.46334,40.74711],[-3.46593,40.7466],[-3.46503,40.74523],[-3.46812,40.7442],[-3.47412,40.74455],[-3.47372,40.74591],[-3.47878,40.74613],[-3.48447,40.75467],[-3.48821,40.75743],[-3.48776,40.75861],[-3.48445,40.7604],[-3.48607,40.76482],[-3.48865,40.76508],[-3.48788,40.76739],[-3.49012,40.7676],[-3.49546,40.76447],[-3.49857,40.76517],[-3.50109,40.7681],[-3.50359,40.77255],[-3.50269,40.77535],[-3.50615,40.77699],[-3.50606,40.77973],[-3.5008,40.78003],[-3.49865,40.78484],[-3.50021,40.78545],[-3.49718,40.7886],[-3.50219,40.78835],[-3.50586,40.78948],[-3.51066,40.78862],[-3.50806,40.78425],[-3.50857,40.78169],[-3.51026,40.78047],[-3.51201,40.77621],[-3.51721,40.77175],[-3.52386,40.7609],[-3.52901,40.7622],[-3.5377,40.75869],[-3.54034,40.7525],[-3.53621,40.75058],[-3.53451,40.75073],[-3.53268,40.74886],[-3.53302,40.74719],[-3.5348,40.746],[-3.53659,40.74622],[-3.53707,40.74482],[-3.53919,40.74512],[-3.53893,40.7434],[-3.53566,40.74065],[-3.54215,40.73474],[-3.54417,40.73461]]]}},{"type":"Feature","properties":{"ine_code":28146,"name":"Tielmes","area_km2":26.9038,"population":2964,"income_pp":12425.0,"density":110.1703,"evs_res":64.0,"evs_per_1k":21.5924,"public_sites":0,"public_points":0,"public_fast_sites":0,"private_sites":0,"pts_per_10k":0.0,"fuel_stations":1,"dist_km":3.0684,"fleet_flag":false,"ev_cero":64.0,"eligible":false,"score":null,"rank":null,"rank_best":null,"rank_worst":null,"top20_n":0,"evs_per_pt":64.0,"pct_scarcity":null,"pct_missing":null,"pct_model":null,"pct_market":null,"pct_home_gap":null,"pct_sites":null,"expected":2.0929,"ratio":0.0,"p_shortfall":0.2921,"missing":2.0929,"group":"Other"},"geometry":{"type":"Polygon","coordinates":[[[-3.33657,40.2541],[-3.33499,40.25179],[-3.33613,40.2403],[-3.32373,40.22945],[-3.32194,40.22598],[-3.31277,40.2195],[-3.31058,40.21693],[-3.3069,40.20998],[-3.30869,40.2054],[-3.30759,40.19925],[-3.29807,40.19065],[-3.28412,40.20317],[-3.27836,40.2097],[-3.27039,40.21511],[-3.27843,40.23385],[-3.2789,40.24721],[-3.28456,40.25048],[-3.28329,40.2566],[-3.28543,40.26271],[-3.29763,40.26085],[-3.30372,40.26057],[-3.30734,40.26135],[-3.32001,40.26073],[-3.33311,40.26348],[-3.33657,40.2541]]]}},{"type":"Feature","properties":{"ine_code":28147,"name":"Titulcia","area_km2":10.0423,"population":1389,"income_pp":13487.0,"density":138.3147,"evs_res":18.0,"evs_per_1k":12.959,"public_sites":0,"public_points":0,"public_fast_sites":0,"private_sites":0,"pts_per_10k":0.0,"fuel_stations":0,"dist_km":6.4475,"fleet_flag":false,"ev_cero":18.0,"eligible":false,"score":null,"rank":null,"rank_best":null,"rank_worst":null,"top20_n":0,"evs_per_pt":18.0,"pct_scarcity":null,"pct_missing":null,"pct_model":null,"pct_market":null,"pct_home_gap":null,"pct_sites":null,"expected":0.725,"ratio":0.0,"p_shortfall":0.5644,"missing":0.725,"group":"Other"},"geometry":{"type":"Polygon","coordinates":[[[-3.58386,40.1331],[-3.583,40.13112],[-3.58373,40.12853],[-3.58016,40.13005],[-3.57807,40.12979],[-3.5792,40.12778],[-3.57892,40.1256],[-3.57515,40.1218],[-3.57115,40.12379],[-3.56217,40.12621],[-3.558,40.12549],[-3.55661,40.13254],[-3.55455,40.13281],[-3.55591,40.13658],[-3.55088,40.14194],[-3.53563,40.14875],[-3.54238,40.15181],[-3.54517,40.15643],[-3.54633,40.16779],[-3.54724,40.16878],[-3.55675,40.17125],[-3.5584,40.1706],[-3.56197,40.17112],[-3.56423,40.1673],[-3.5622,40.16118],[-3.56381,40.15637],[-3.56582,40.15459],[-3.56601,40.14978],[-3.56714,40.14852],[-3.57194,40.14823],[-3.57516,40.14674],[-3.57623,40.14396],[-3.57427,40.14191],[-3.57431,40.14041],[-3.58236,40.1356],[-3.58386,40.1331]]]}},{"type":"Feature","properties":{"ine_code":28148,"name":"Torrejón de Ardoz","area_km2":32.6221,"population":143526,"income_pp":14463.0,"density":4399.6496,"evs_res":1975.0,"evs_per_1k":13.7606,"public_sites":50,"public_points":327,"public_fast_sites":17,"private_sites":7,"pts_per_10k":22.7833,"fuel_stations":26,"dist_km":0.9846,"fleet_flag":false,"ev_cero":1975.0,"eligible":true,"score":10.0312,"rank":79.0,"rank_best":50.0,"rank_worst":80.0,"top20_n":0,"evs_per_pt":6.0213,"pct_scarcity":0.0241,"pct_missing":0.1867,"pct_model":0.0361,"pct_market":0.8193,"pct_home_gap":0.9157,"pct_sites":0.9398,"expected":121.1332,"ratio":2.6995,"p_shortfall":0.9454,"missing":-205.8668,"group":"Other"},"geometry":{"type":"Polygon","coordinates":[[[-3.49801,40.47001],[-3.49157,40.45989],[-3.48922,40.45327],[-3.48834,40.44589],[-3.49044,40.4416],[-3.48644,40.43489],[-3.48241,40.43069],[-3.47372,40.43342],[-3.47379,40.43474],[-3.46825,40.43603],[-3.46747,40.43489],[-3.46589,40.43713],[-3.46422,40.43653],[-3.45171,40.44169],[-3.43662,40.45718],[-3.43125,40.46147],[-3.43327,40.46421],[-3.4333,40.46662],[-3.43092,40.4673],[-3.43152,40.4685],[-3.4289,40.46923],[-3.42826,40.47206],[-3.42523,40.47256],[-3.42858,40.48],[-3.42828,40.48322],[-3.43072,40.48893],[-3.42989,40.49202],[-3.42799,40.49216],[-3.42943,40.51095],[-3.44057,40.50683],[-3.44431,40.5063],[-3.45235,40.50286],[-3.46762,40.49317],[-3.47568,40.49481],[-3.47959,40.49463],[-3.47646,40.48792],[-3.49333,40.47685],[-3.49786,40.4724],[-3.49693,40.47289],[-3.49568,40.47114],[-3.49801,40.47001]]]}},{"type":"Feature","properties":{"ine_code":28149,"name":"Torrejón de la Calzada","area_km2":8.9247,"population":10653,"income_pp":15061.0,"density":1193.6509,"evs_res":354.0,"evs_per_1k":33.2301,"public_sites":3,"public_points":8,"public_fast_sites":0,"private_sites":1,"pts_per_10k":7.5096,"fuel_stations":2,"dist_km":0.2272,"fleet_flag":false,"ev_cero":354.0,"eligible":true,"score":50.3169,"rank":33.0,"rank_best":33.0,"rank_worst":39.0,"top20_n":0,"evs_per_pt":39.3333,"pct_scarcity":0.6145,"pct_missing":0.4217,"pct_model":0.4578,"pct_market":0.4217,"pct_home_gap":0.7229,"pct_sites":0.3133,"expected":9.3653,"ratio":0.8542,"p_shortfall":0.5809,"missing":1.3653,"group":"Other"},"geometry":{"type":"Polygon","coordinates":[[[-3.82063,40.20542],[-3.81356,40.20383],[-3.81394,40.20151],[-3.81187,40.19752],[-3.81237,40.19579],[-3.80762,40.19521],[-3.80854,40.18955],[-3.80383,40.18898],[-3.80608,40.17749],[-3.80016,40.17569],[-3.7997,40.17762],[-3.79875,40.17765],[-3.79752,40.17975],[-3.79954,40.18094],[-3.79567,40.18906],[-3.79471,40.18897],[-3.79446,40.19034],[-3.79126,40.18999],[-3.79017,40.19542],[-3.78638,40.19441],[-3.7859,40.19684],[-3.78316,40.19728],[-3.78316,40.20205],[-3.78141,40.20344],[-3.7777,40.20297],[-3.7808,40.21262],[-3.78441,40.21357],[-3.78561,40.21583],[-3.79118,40.2173],[-3.78927,40.22193],[-3.79296,40.22264],[-3.79655,40.22211],[-3.79936,40.22313],[-3.80362,40.22],[-3.8068,40.21558],[-3.81435,40.21123],[-3.81784,40.20802],[-3.81772,40.20664],[-3.82063,40.20542]]]}},{"type":"Feature","properties":{"ine_code":28150,"name":"Torrejón de Velasco","area_km2":52.2063,"population":4900,"income_pp":14286.0,"density":93.8583,"evs_res":126.0,"evs_per_1k":25.7143,"public_sites":0,"public_points":0,"public_fast_sites":0,"private_sites":0,"pts_per_10k":0.0,"fuel_stations":2,"dist_km":5.0518,"fleet_flag":false,"ev_cero":126.0,"eligible":false,"score":null,"rank":null,"rank_best":null,"rank_worst":null,"top20_n":0,"evs_per_pt":126.0,"pct_scarcity":null,"pct_missing":null,"pct_model":null,"pct_market":null,"pct_home_gap":null,"pct_sites":null,"expected":3.9714,"ratio":0.0,"p_shortfall":0.1672,"missing":3.9714,"group":"Other"},"geometry":{"type":"Polygon","coordinates":[[[-3.80016,40.17569],[-3.78431,40.1627],[-3.77899,40.15582],[-3.77784,40.14661],[-3.77572,40.14396],[-3.77243,40.14209],[-3.77187,40.13958],[-3.76066,40.13681],[-3.75463,40.13441],[-3.74512,40.13264],[-3.73974,40.13523],[-3.73105,40.1431],[-3.72245,40.14791],[-3.71818,40.14632],[-3.71342,40.14674],[-3.711,40.15058],[-3.70059,40.15931],[-3.6996,40.16573],[-3.70877,40.17921],[-3.70437,40.18638],[-3.70001,40.19893],[-3.70954,40.20387],[-3.73581,40.21175],[-3.73695,40.21131],[-3.73988,40.20499],[-3.74517,40.20124],[-3.75636,40.21077],[-3.76043,40.20652],[-3.76458,40.20808],[-3.76518,40.20682],[-3.76886,40.2085],[-3.76971,40.20754],[-3.77538,40.21037],[-3.77619,40.20881],[-3.78014,40.21008],[-3.7777,40.20297],[-3.78141,40.20344],[-3.78316,40.20205],[-3.78316,40.19728],[-3.7859,40.19684],[-3.78638,40.19441],[-3.79017,40.19542],[-3.79126,40.18999],[-3.79446,40.19034],[-3.79471,40.18897],[-3.79567,40.18906],[-3.79954,40.18094],[-3.79752,40.17975],[-3.79875,40.17765],[-3.7997,40.17762],[-3.80016,40.17569]]]}},{"type":"Feature","properties":{"ine_code":28151,"name":"Torrelaguna","area_km2":43.1984,"population":5081,"income_pp":14444.0,"density":117.6202,"evs_res":112.54,"evs_per_1k":22.1492,"public_sites":0,"public_points":0,"public_fast_sites":0,"private_sites":1,"pts_per_10k":0.0,"fuel_stations":1,"dist_km":4.2214,"fleet_flag":true,"ev_cero":3678.0,"eligible":true,"score":33.4821,"rank":51.0,"rank_best":38.0,"rank_worst":72.0,"top20_n":0,"evs_per_pt":112.54,"pct_scarcity":0.9036,"pct_missing":0.5301,"pct_model":0.8916,"pct_market":0.0964,"pct_home_gap":0.1084,"pct_sites":0.1386,"expected":3.261,"ratio":0.0,"p_shortfall":0.2008,"missing":3.261,"group":"Other"},"geometry":{"type":"Polygon","coordinates":[[[-3.60461,40.84181],[-3.59794,40.83451],[-3.5956,40.82923],[-3.59399,40.82943],[-3.5871,40.83396],[-3.57984,40.83157],[-3.57745,40.82211],[-3.57269,40.82093],[-3.57498,40.81385],[-3.57432,40.81323],[-3.57631,40.80955],[-3.57657,40.80622],[-3.57578,40.80646],[-3.57789,40.80244],[-3.57808,40.79804],[-3.57401,40.7909],[-3.56587,40.79035],[-3.55889,40.79208],[-3.55247,40.79006],[-3.54046,40.78872],[-3.53305,40.78963],[-3.53238,40.78773],[-3.52515,40.78878],[-3.52091,40.78739],[-3.51066,40.78862],[-3.50836,40.79088],[-3.50264,40.78906],[-3.50199,40.79724],[-3.51125,40.80127],[-3.51348,40.80391],[-3.51119,40.81155],[-3.5058,40.81607],[-3.5057,40.81856],[-3.51169,40.8227],[-3.51397,40.83361],[-3.5119,40.83452],[-3.51303,40.8362],[-3.51142,40.83706],[-3.51258,40.83832],[-3.51197,40.83887],[-3.52117,40.84459],[-3.53652,40.86245],[-3.53992,40.86302],[-3.54654,40.85616],[-3.5548,40.85851],[-3.57654,40.84852],[-3.59822,40.84601],[-3.60461,40.84181]]]}},{"type":"Feature","properties":{"ine_code":28152,"name":"Torrelodones","area_km2":21.907,"population":25433,"income_pp":25127.0,"density":1160.9532,"evs_res":1463.0,"evs_per_1k":57.5237,"public_sites":12,"public_points":42,"public_fast_sites":7,"private_sites":2,"pts_per_10k":16.514,"fuel_stations":2,"dist_km":0.2261,"fleet_flag":false,"ev_cero":1463.0,"eligible":true,"score":59.3562,"rank":26.0,"rank_best":17.0,"rank_worst":32.0,"top20_n":2,"evs_per_pt":34.0233,"pct_scarcity":0.5783,"pct_missing":0.5422,"pct_model":0.4217,"pct_market":0.759,"pct_home_gap":0.7108,"pct_sites":0.3133,"expected":45.365,"ratio":0.9258,"p_shortfall":0.5915,"missing":3.365,"group":"Other"},"geometry":{"type":"Polygon","coordinates":[[[-3.95961,40.57961],[-3.95814,40.56993],[-3.95656,40.56762],[-3.9579,40.56352],[-3.95708,40.56211],[-3.95443,40.5612],[-3.95437,40.55802],[-3.95159,40.55699],[-3.95048,40.56002],[-3.9478,40.55938],[-3.94563,40.55462],[-3.94553,40.551],[-3.94383,40.55047],[-3.94337,40.54868],[-3.94217,40.54795],[-3.93688,40.54844],[-3.93466,40.54981],[-3.93447,40.55201],[-3.93277,40.55057],[-3.9313,40.55094],[-3.93248,40.55254],[-3.93018,40.55392],[-3.93196,40.55684],[-3.93046,40.55712],[-3.93213,40.55989],[-3.9296,40.55773],[-3.92313,40.55828],[-3.92009,40.55768],[-3.91176,40.56198],[-3.90907,40.56482],[-3.90574,40.56317],[-3.89644,40.56809],[-3.8956,40.56762],[-3.89043,40.57267],[-3.8855,40.5746],[-3.88373,40.5791],[-3.88362,40.58635],[-3.88906,40.58817],[-3.90522,40.58972],[-3.91592,40.59231],[-3.91846,40.59365],[-3.92522,40.59358],[-3.93051,40.59525],[-3.94095,40.59535],[-3.95275,40.59727],[-3.95164,40.59529],[-3.95658,40.58427],[-3.9559,40.58398],[-3.95961,40.57961]]]}},{"type":"Feature","properties":{"ine_code":28153,"name":"Torremocha de Jarama","area_km2":18.6635,"population":1157,"income_pp":16924.0,"density":61.9928,"evs_res":41.2175,"evs_per_1k":35.6245,"public_sites":1,"public_points":2,"public_fast_sites":0,"private_sites":0,"pts_per_10k":17.2861,"fuel_stations":0,"dist_km":0.1204,"fleet_flag":true,"ev_cero":376.0,"eligible":false,"score":null,"rank":null,"rank_best":null,"rank_worst":null,"top20_n":0,"evs_per_pt":13.7392,"pct_scarcity":null,"pct_missing":null,"pct_model":null,"pct_market":null,"pct_home_gap":null,"pct_sites":null,"expected":0.7876,"ratio":2.5393,"p_shortfall":0.9194,"missing":-1.2124,"group":"Other"},"geometry":{"type":"Polygon","coordinates":[[[-3.53652,40.86245],[-3.52117,40.84459],[-3.51197,40.83887],[-3.51258,40.83832],[-3.51142,40.83706],[-3.51303,40.8362],[-3.5119,40.83452],[-3.51397,40.83361],[-3.51169,40.8227],[-3.5057,40.81856],[-3.5058,40.81607],[-3.51119,40.81155],[-3.51348,40.80391],[-3.51125,40.80127],[-3.50199,40.79724],[-3.49874,40.79924],[-3.49417,40.79759],[-3.49123,40.7994],[-3.49015,40.80173],[-3.49109,40.80333],[-3.49087,40.8077],[-3.48172,40.81528],[-3.48172,40.81932],[-3.4788,40.8214],[-3.47674,40.82451],[-3.47646,40.83103],[-3.47942,40.83793],[-3.47122,40.84182],[-3.47042,40.84433],[-3.47657,40.8501],[-3.47677,40.8515],[-3.47567,40.85213],[-3.47115,40.8515],[-3.47504,40.85375],[-3.48059,40.85459],[-3.48193,40.85293],[-3.48763,40.85041],[-3.49327,40.85132],[-3.50059,40.8512],[-3.50452,40.85011],[-3.50909,40.84732],[-3.51133,40.84966],[-3.51115,40.85095],[-3.515,40.85275],[-3.51701,40.85779],[-3.51631,40.86],[-3.51849,40.86283],[-3.51996,40.86259],[-3.51998,40.86454],[-3.52182,40.86653],[-3.52136,40.86748],[-3.52548,40.8719],[-3.52474,40.87613],[-3.52819,40.86946],[-3.53502,40.86532],[-3.53652,40.86245]]]}},{"type":"Feature","properties":{"ine_code":28154,"name":"Torres de la Alameda","area_km2":43.486,"population":7824,"income_pp":14014.0,"density":179.9199,"evs_res":162.0,"evs_per_1k":20.7055,"public_sites":2,"public_points":4,"public_fast_sites":1,"private_sites":0,"pts_per_10k":5.1125,"fuel_stations":2,"dist_km":0.2673,"fleet_flag":false,"ev_cero":162.0,"eligible":true,"score":33.2669,"rank":53.0,"rank_best":50.0,"rank_worst":69.0,"top20_n":0,"evs_per_pt":32.4,"pct_scarcity":0.5301,"pct_missing":0.4458,"pct_model":0.5422,"pct_market":0.1687,"pct_home_gap":0.1687,"pct_sites":0.3133,"expected":5.5773,"ratio":0.7172,"p_shortfall":0.5401,"missing":1.5773,"group":"Other"},"geometry":{"type":"Polygon","coordinates":[[[-3.42686,40.45318],[-3.42581,40.45174],[-3.42379,40.45278],[-3.41934,40.4512],[-3.41857,40.44701],[-3.41958,40.44601],[-3.42074,40.44623],[-3.42288,40.44241],[-3.41737,40.43727],[-3.41407,40.43693],[-3.41266,40.43567],[-3.41353,40.43545],[-3.41451,40.43139],[-3.41063,40.42667],[-3.41187,40.4258],[-3.40885,40.42324],[-3.40636,40.42255],[-3.40918,40.42235],[-3.40941,40.42159],[-3.40685,40.42111],[-3.4067,40.41949],[-3.40289,40.41455],[-3.40165,40.40973],[-3.3921,40.39962],[-3.39142,40.39548],[-3.38994,40.3938],[-3.38793,40.39414],[-3.38775,40.39246],[-3.38611,40.39306],[-3.38615,40.3901],[-3.38175,40.38806],[-3.38218,40.38698],[-3.38036,40.38615],[-3.38051,40.38274],[-3.37854,40.38268],[-3.37866,40.3816],[-3.37617,40.38081],[-3.37643,40.37957],[-3.37148,40.37493],[-3.36545,40.37165],[-3.36224,40.37047],[-3.36042,40.37094],[-3.35304,40.36761],[-3.35322,40.36614],[-3.34758,40.3696],[-3.34117,40.3754],[-3.33712,40.37714],[-3.3269,40.37892],[-3.31962,40.38403],[-3.32165,40.38747],[-3.32499,40.38969],[-3.32256,40.39518],[-3.31215,40.40061],[-3.31713,40.40399],[-3.3228,40.40435],[-3.32624,40.40765],[-3.32842,40.41679],[-3.33236,40.42191],[-3.3315,40.42364],[-3.34042,40.42107],[-3.34543,40.42328],[-3.34871,40.4237],[-3.3887,40.44639],[-3.40617,40.45063],[-3.40874,40.45346],[-3.41375,40.45615],[-3.41974,40.45461],[-3.42391,40.45609],[-3.42686,40.45318]]]}},{"type":"Feature","properties":{"ine_code":28155,"name":"Valdaracete","area_km2":64.0603,"population":658,"income_pp":13837.0,"density":10.2716,"evs_res":9.0,"evs_per_1k":13.6778,"public_sites":0,"public_points":0,"public_fast_sites":0,"private_sites":0,"pts_per_10k":0.0,"fuel_stations":0,"dist_km":6.2623,"fleet_flag":false,"ev_cero":9.0,"eligible":false,"score":null,"rank":null,"rank_best":null,"rank_worst":null,"top20_n":0,"evs_per_pt":9.0,"pct_scarcity":null,"pct_missing":null,"pct_model":null,"pct_market":null,"pct_home_gap":null,"pct_sites":null,"expected":0.2621,"ratio":0.0,"p_shortfall":0.7882,"missing":0.2621,"group":"Other"},"geometry":{"type":"Polygon","coordinates":[[[-3.27039,40.21511],[-3.26907,40.20065],[-3.2554,40.18863],[-3.24973,40.18483],[-3.24507,40.1822],[-3.23846,40.17999],[-3.2234,40.18467],[-3.22013,40.18027],[-3.2186,40.17525],[-3.22026,40.16905],[-3.21877,40.16415],[-3.21151,40.15868],[-3.20514,40.15636],[-3.19791,40.15586],[-3.19663,40.15686],[-3.18962,40.15632],[-3.18591,40.15767],[-3.17649,40.15793],[-3.17274,40.15596],[-3.16934,40.1561],[-3.16355,40.15464],[-3.15868,40.15591],[-3.14961,40.16171],[-3.14904,40.16391],[-3.151,40.1702],[-3.14947,40.17447],[-3.15181,40.17789],[-3.15167,40.17941],[-3.15705,40.18639],[-3.15478,40.19235],[-3.15381,40.19312],[-3.15283,40.19273],[-3.1543,40.19465],[-3.15398,40.19539],[-3.15216,40.19498],[-3.15327,40.19624],[-3.15259,40.19794],[-3.15456,40.19945],[-3.15456,40.20066],[-3.15762,40.20131],[-3.15925,40.20281],[-3.16239,40.21117],[-3.15841,40.21882],[-3.15168,40.22334],[-3.15775,40.22796],[-3.15939,40.22774],[-3.15858,40.22854],[-3.1597,40.2281],[-3.16452,40.23291],[-3.1658,40.23238],[-3.16795,40.23345],[-3.16926,40.23316],[-3.17037,40.23424],[-3.1728,40.23326],[-3.17476,40.23517],[-3.17805,40.23609],[-3.17959,40.24061],[-3.1852,40.24432],[-3.1957,40.24774],[-3.21702,40.2382],[-3.21809,40.2371],[-3.21768,40.23245],[-3.22022,40.22669],[-3.22736,40.22009],[-3.23018,40.2185],[-3.23284,40.21956],[-3.23759,40.21409],[-3.2429,40.21456],[-3.26367,40.21332],[-3.27039,40.21511]]]}},{"type":"Feature","properties":{"ine_code":28156,"name":"Valdeavero","area_km2":18.8319,"population":1896,"income_pp":13680.0,"density":100.6805,"evs_res":34.0,"evs_per_1k":17.9325,"public_sites":0,"public_points":0,"public_fast_sites":0,"private_sites":0,"pts_per_10k":0.0,"fuel_stations":0,"dist_km":8.4412,"fleet_flag":false,"ev_cero":34.0,"eligible":false,"score":null,"rank":null,"rank_best":null,"rank_worst":null,"top20_n":0,"evs_per_pt":34.0,"pct_scarcity":null,"pct_missing":null,"pct_model":null,"pct_market":null,"pct_home_gap":null,"pct_sites":null,"expected":1.0462,"ratio":0.0,"p_shortfall":0.4674,"missing":1.0462,"group":"Other"},"geometry":{"type":"Polygon","coordinates":[[[-3.38371,40.60967],[-3.38275,40.60781],[-3.37499,40.60585],[-3.37217,40.60772],[-3.36576,40.6031],[-3.35867,40.60301],[-3.35172,40.60095],[-3.35063,40.6023],[-3.34786,40.60032],[-3.34416,40.59922],[-3.34389,40.59826],[-3.33815,40.59635],[-3.33419,40.59954],[-3.33169,40.60007],[-3.32951,40.60363],[-3.33075,40.60458],[-3.32885,40.6061],[-3.3305,40.60731],[-3.32882,40.60735],[-3.32866,40.60845],[-3.32184,40.61155],[-3.32324,40.61478],[-3.32641,40.61673],[-3.32758,40.62017],[-3.33553,40.62436],[-3.33664,40.62401],[-3.33761,40.62539],[-3.33676,40.6268],[-3.33133,40.62644],[-3.3234,40.63013],[-3.32408,40.63465],[-3.32284,40.6408],[-3.32111,40.6442],[-3.31709,40.64668],[-3.31499,40.64923],[-3.31744,40.65428],[-3.31778,40.65133],[-3.3207,40.64906],[-3.32435,40.6436],[-3.33284,40.63973],[-3.33534,40.63989],[-3.3362,40.64114],[-3.33747,40.64087],[-3.33735,40.63802],[-3.33889,40.63654],[-3.34663,40.63846],[-3.345,40.64161],[-3.34962,40.64212],[-3.34921,40.64317],[-3.35498,40.64558],[-3.35812,40.64547],[-3.36544,40.64793],[-3.36553,40.65139],[-3.372,40.64897],[-3.37321,40.64767],[-3.37352,40.64238],[-3.37997,40.63814],[-3.38026,40.63264],[-3.37258,40.63536],[-3.37485,40.63849],[-3.37405,40.64025],[-3.37267,40.63893],[-3.3636,40.63842],[-3.36367,40.6316],[-3.36548,40.6314],[-3.36816,40.63253],[-3.36937,40.62795],[-3.37201,40.62656],[-3.37126,40.62543],[-3.37458,40.6215],[-3.37383,40.6197],[-3.3767,40.61791],[-3.37372,40.61497],[-3.37526,40.61342],[-3.3804,40.61172],[-3.38152,40.60997],[-3.38371,40.60967]]]}},{"type":"Feature","properties":{"ine_code":28157,"name":"Valdelaguna","area_km2":42.1507,"population":1122,"income_pp":13311.0,"density":26.6188,"evs_res":11.0,"evs_per_1k":9.8039,"public_sites":0,"public_points":0,"public_fast_sites":0,"private_sites":0,"pts_per_10k":0.0,"fuel_stations":0,"dist_km":5.8263,"fleet_flag":false,"ev_cero":11.0,"eligible":false,"score":null,"rank":null,"rank_best":null,"rank_worst":null,"top20_n":0,"evs_per_pt":11.0,"pct_scarcity":null,"pct_missing":null,"pct_model":null,"pct_market":null,"pct_home_gap":null,"pct_sites":null,"expected":0.4226,"ratio":0.0,"p_shortfall":0.6948,"missing":0.4226,"group":"Other"},"geometry":{"type":"Polygon","coordinates":[[[-3.42286,40.19725],[-3.41657,40.18993],[-3.40793,40.18578],[-3.40455,40.18171],[-3.39969,40.16692],[-3.3949,40.15857],[-3.39258,40.15182],[-3.39058,40.15087],[-3.38634,40.14101],[-3.38544,40.1387],[-3.38608,40.13609],[-3.37773,40.13368],[-3.36696,40.13963],[-3.36194,40.14158],[-3.35768,40.14179],[-3.34459,40.14947],[-3.34252,40.14936],[-3.34158,40.15079],[-3.33877,40.15112],[-3.32057,40.1783],[-3.32251,40.18051],[-3.33744,40.18766],[-3.34108,40.19233],[-3.35077,40.19857],[-3.3696,40.19983],[-3.3731,40.20189],[-3.37784,40.20797],[-3.38515,40.21395],[-3.38691,40.21712],[-3.39046,40.21878],[-3.39401,40.21936],[-3.39806,40.21465],[-3.40109,40.213],[-3.40411,40.20818],[-3.40644,40.20794],[-3.41158,40.20424],[-3.41704,40.2023],[-3.42286,40.19725]]]}},{"type":"Feature","properties":{"ine_code":28158,"name":"Valdemanco","area_km2":17.4399,"population":1097,"income_pp":14905.0,"density":62.9016,"evs_res":24.0,"evs_per_1k":21.8778,"public_sites":0,"public_points":0,"public_fast_sites":0,"private_sites":0,"pts_per_10k":0.0,"fuel_stations":0,"dist_km":4.0184,"fleet_flag":false,"ev_cero":24.0,"eligible":false,"score":null,"rank":null,"rank_best":null,"rank_worst":null,"top20_n":0,"evs_per_pt":24.0,"pct_scarcity":null,"pct_missing":null,"pct_model":null,"pct_market":null,"pct_home_gap":null,"pct_sites":null,"expected":0.5864,"ratio":0.0,"p_shortfall":0.6181,"missing":0.5864,"group":"Other"},"geometry":{"type":"Polygon","coordinates":[[[-3.69311,40.88072],[-3.69292,40.87791],[-3.68621,40.8729],[-3.67911,40.86115],[-3.68045,40.85877],[-3.67891,40.85811],[-3.67938,40.84897],[-3.67654,40.84215],[-3.6769,40.84034],[-3.67386,40.83626],[-3.67056,40.83312],[-3.65979,40.83195],[-3.65289,40.83258],[-3.6498,40.83765],[-3.65127,40.84112],[-3.65115,40.84423],[-3.64639,40.8481],[-3.64292,40.85282],[-3.64532,40.86674],[-3.64763,40.87019],[-3.64786,40.87605],[-3.65044,40.87985],[-3.66339,40.8894],[-3.67533,40.8922],[-3.67907,40.88749],[-3.68249,40.88493],[-3.69311,40.88072]]]}},{"type":"Feature","properties":{"ine_code":28159,"name":"Valdemaqueda","area_km2":51.9955,"population":870,"income_pp":12322.0,"density":16.7322,"evs_res":9.0,"evs_per_1k":10.3448,"public_sites":0,"public_points":0,"public_fast_sites":0,"private_sites":0,"pts_per_10k":0.0,"fuel_stations":0,"dist_km":5.5514,"fleet_flag":false,"ev_cero":9.0,"eligible":false,"score":null,"rank":null,"rank_best":null,"rank_worst":null,"top20_n":0,"evs_per_pt":9.0,"pct_scarcity":null,"pct_missing":null,"pct_model":null,"pct_market":null,"pct_home_gap":null,"pct_sites":null,"expected":0.3415,"ratio":0.0,"p_shortfall":0.7393,"missing":0.3415,"group":"Other"},"geometry":{"type":"Polygon","coordinates":[[[-4.34093,40.43796],[-4.33949,40.43193],[-4.32945,40.43314],[-4.32142,40.43733],[-4.31179,40.44077],[-4.29559,40.4444],[-4.29402,40.44678],[-4.29147,40.45416],[-4.29265,40.45659],[-4.29117,40.45948],[-4.28958,40.47314],[-4.28799,40.47538],[-4.28711,40.48193],[-4.28865,40.489],[-4.28625,40.48869],[-4.2853,40.48972],[-4.28785,40.49115],[-4.28794,40.49244],[-4.28557,40.49447],[-4.28157,40.49524],[-4.28116,40.49666],[-4.28138,40.49798],[-4.28408,40.49753],[-4.28224,40.50026],[-4.28368,40.50277],[-4.28218,40.50329],[-4.27529,40.50214],[-4.27723,40.50553],[-4.27307,40.50694],[-4.26465,40.51353],[-4.27003,40.51699],[-4.26846,40.51884],[-4.26417,40.51765],[-4.26593,40.52068],[-4.26396,40.52333],[-4.26454,40.52933],[-4.26241,40.53161],[-4.26464,40.53554],[-4.26893,40.53856],[-4.26908,40.54],[-4.27157,40.54022],[-4.27202,40.5414],[-4.26874,40.54322],[-4.26064,40.5424],[-4.25731,40.54506],[-4.25712,40.54793],[-4.25977,40.54667],[-4.26152,40.54875],[-4.26291,40.54783],[-4.2661,40.54794],[-4.26819,40.55049],[-4.26958,40.55083],[-4.26885,40.5544],[-4.27107,40.55838],[-4.27004,40.56106],[-4.27088,40.56203],[-4.27397,40.56158],[-4.27449,40.56369],[-4.27831,40.56226],[-4.28169,40.56213],[-4.28193,40.56446],[-4.28749,40.5654],[-4.28925,40.56419],[-4.29893,40.56182],[-4.30485,40.5589],[-4.30971,40.55833],[-4.31419,40.55523],[-4.323,40.5511],[-4.32492,40.54899],[-4.32471,40.54098],[-4.32857,40.53476],[-4.32112,40.53172],[-4.32211,40.52383],[-4.32198,40.51917],[-4.32097,40.51838],[-4.3229,40.51625],[-4.32371,40.51318],[-4.32734,40.50947],[-4.32723,40.50733],[-4.32483,40.50669],[-4.32351,40.50211],[-4.32474,40.49312],[-4.32343,40.47697],[-4.3206,40.47056],[-4.3176,40.46973],[-4.31927,40.46725],[-4.31639,40.46537],[-4.32064,40.46292],[-4.31876,40.46078],[-4.31893,40.45915],[-4.32041,40.45886],[-4.32508,40.46108],[-4.32696,40.45896],[-4.32632,40.45684],[-4.32013,40.45547],[-4.31953,40.4538],[-4.32076,40.45076],[-4.32327,40.44944],[-4.33269,40.44872],[-4.33072,40.44655],[-4.33078,40.44511],[-4.33525,40.44365],[-4.33245,40.44117],[-4.33852,40.43999],[-4.34093,40.43796]]]}},{"type":"Feature","properties":{"ine_code":28160,"name":"Valdemorillo","area_km2":93.6148,"population":14420,"income_pp":17550.0,"density":154.0355,"evs_res":583.0,"evs_per_1k":40.43,"public_sites":1,"public_points":4,"public_fast_sites":0,"private_sites":2,"pts_per_10k":2.7739,"fuel_stations":2,"dist_km":0.815,"fleet_flag":false,"ev_cero":583.0,"eligible":true,"score":65.4713,"rank":21.0,"rank_best":11.0,"rank_worst":43.0,"top20_n":1,"evs_per_pt":116.6,"pct_scarcity":0.9157,"pct_missing":0.8313,"pct_model":0.8313,"pct_market":0.5904,"pct_home_gap":0.1325,"pct_sites":0.3133,"expected":13.0841,"ratio":0.3057,"p_shortfall":0.2647,"missing":9.0841,"group":"Other"},"geometry":{"type":"Polygon","coordinates":[[[-4.13167,40.5265],[-4.12533,40.51811],[-4.12258,40.511],[-4.12197,40.50801],[-4.12544,40.50487],[-4.11833,40.49851],[-4.1198,40.49399],[-4.11785,40.49201],[-4.11824,40.49047],[-4.11449,40.49135],[-4.11477,40.48834],[-4.10881,40.48648],[-4.11137,40.48124],[-4.10864,40.48132],[-4.10784,40.47943],[-4.10406,40.47789],[-4.10623,40.47345],[-4.10542,40.47144],[-4.0975,40.46648],[-4.09569,40.46723],[-4.09647,40.4666],[-4.09468,40.46472],[-4.09622,40.46142],[-4.09112,40.4501],[-4.0884,40.44677],[-4.08081,40.44384],[-4.07858,40.44123],[-4.07396,40.44392],[-4.06609,40.44617],[-4.05456,40.44686],[-4.04948,40.44564],[-4.04183,40.44858],[-4.04338,40.45565],[-4.04033,40.45878],[-4.03507,40.45956],[-4.0337,40.45816],[-4.02879,40.45926],[-4.02655,40.46261],[-4.02421,40.4634],[-4.02141,40.46681],[-4.01261,40.47148],[-4.01,40.47168],[-4.00896,40.47094],[-4.00259,40.47278],[-3.99428,40.47248],[-3.99203,40.47405],[-3.99733,40.48002],[-3.99921,40.4806],[-4.00055,40.48546],[-4.00636,40.48741],[-4.00568,40.49051],[-4.00865,40.49172],[-4.01269,40.49137],[-4.01605,40.49554],[-4.01884,40.49592],[-4.0177,40.49855],[-4.01841,40.49992],[-4.01696,40.50176],[-4.0174,40.50432],[-4.02173,40.5091],[-4.02151,40.51321],[-4.02337,40.51664],[-4.02656,40.51823],[-4.02627,40.52287],[-4.02924,40.52577],[-4.02858,40.52737],[-4.03108,40.52899],[-4.03568,40.52997],[-4.03598,40.53306],[-4.03811,40.53508],[-4.04273,40.53607],[-4.05058,40.53564],[-4.05317,40.5368],[-4.0549,40.53912],[-4.05302,40.54162],[-4.05052,40.55074],[-4.04709,40.5708],[-4.05236,40.57067],[-4.0544,40.56982],[-4.05497,40.57102],[-4.06038,40.57226],[-4.07023,40.5687],[-4.07884,40.56754],[-4.08069,40.56595],[-4.08021,40.56425],[-4.08167,40.56449],[-4.08611,40.56187],[-4.08743,40.55909],[-4.09004,40.55921],[-4.09397,40.55699],[-4.09793,40.55649],[-4.10242,40.55209],[-4.10477,40.54824],[-4.10324,40.54777],[-4.10701,40.54316],[-4.11191,40.54425],[-4.11594,40.54322],[-4.12457,40.53865],[-4.12347,40.53444],[-4.13105,40.52813],[-4.13167,40.5265]]]}},{"type":"Feature","properties":{"ine_code":28161,"name":"Valdemoro","area_km2":63.9036,"population":85972,"income_pp":15196.0,"density":1345.3384,"evs_res":1741.0,"evs_per_1k":20.2508,"public_sites":19,"public_points":64,"public_fast_sites":11,"private_sites":1,"pts_per_10k":7.4443,"fuel_stations":16,"dist_km":1.4948,"fleet_flag":false,"ev_cero":1741.0,"eligible":true,"score":71.1637,"rank":13.0,"rank_best":8.0,"rank_worst":24.0,"top20_n":4,"evs_per_pt":26.7846,"pct_scarcity":0.4217,"pct_missing":0.9036,"pct_model":0.4699,"pct_market":0.7952,"pct_home_gap":0.747,"pct_sites":0.8735,"expected":78.5684,"ratio":0.8146,"p_shortfall":0.5372,"missing":14.5684,"group":"Other"},"geometry":{"type":"Polygon","coordinates":[[[-3.71818,40.14632],[-3.71278,40.14317],[-3.71293,40.1417],[-3.70601,40.13935],[-3.70449,40.13758],[-3.69106,40.13274],[-3.68618,40.1334],[-3.68414,40.13423],[-3.68162,40.13777],[-3.67839,40.1391],[-3.66654,40.14363],[-3.65976,40.1439],[-3.65509,40.15048],[-3.65324,40.15645],[-3.64338,40.16171],[-3.63993,40.1651],[-3.63692,40.16597],[-3.6355,40.16912],[-3.63543,40.17009],[-3.64002,40.17001],[-3.64649,40.1747],[-3.64656,40.1759],[-3.63654,40.17821],[-3.62874,40.17536],[-3.61806,40.16916],[-3.61132,40.16218],[-3.60796,40.16005],[-3.60498,40.16004],[-3.60286,40.16143],[-3.60155,40.16999],[-3.59478,40.18527],[-3.59158,40.19578],[-3.59435,40.20264],[-3.60432,40.20407],[-3.61277,40.2086],[-3.61757,40.21187],[-3.62266,40.21879],[-3.6306,40.22316],[-3.6347,40.22366],[-3.64369,40.22963],[-3.65992,40.22165],[-3.66787,40.21996],[-3.67642,40.21983],[-3.68163,40.21614],[-3.69223,40.21121],[-3.69816,40.20261],[-3.70192,40.19522],[-3.70437,40.18638],[-3.70877,40.17921],[-3.6996,40.16573],[-3.69995,40.16104],[-3.70059,40.15931],[-3.71145,40.15011],[-3.71342,40.14674],[-3.71818,40.14632]]]}},{"type":"Feature","properties":{"ine_code":28162,"name":"Valdeolmos-Alalpardo","area_km2":26.6829,"population":4626,"income_pp":17819.0,"density":173.3696,"evs_res":141.0,"evs_per_1k":30.4799,"public_sites":1,"public_points":6,"public_fast_sites":1,"private_sites":0,"pts_per_10k":12.9702,"fuel_stations":0,"dist_km":3.1095,"fleet_flag":false,"ev_cero":141.0,"eligible":false,"score":null,"rank":null,"rank_best":null,"rank_worst":null,"top20_n":0,"evs_per_pt":20.1429,"pct_scarcity":null,"pct_missing":null,"pct_model":null,"pct_market":null,"pct_home_gap":null,"pct_sites":null,"expected":3.0416,"ratio":1.9726,"p_shortfall":0.8712,"missing":-2.9584,"group":"Other"},"geometry":{"type":"Polygon","coordinates":[[[-3.49328,40.62652],[-3.49262,40.62485],[-3.48696,40.6254],[-3.48698,40.62049],[-3.48835,40.61936],[-3.48623,40.61569],[-3.48469,40.61606],[-3.48294,40.61552],[-3.48229,40.61384],[-3.48131,40.61446],[-3.47927,40.61355],[-3.47642,40.60919],[-3.4761,40.60454],[-3.47413,40.60526],[-3.47172,40.60471],[-3.47042,40.60589],[-3.46405,40.60682],[-3.46347,40.60761],[-3.45614,40.60656],[-3.4527,40.60815],[-3.44941,40.61264],[-3.44325,40.61605],[-3.44208,40.61836],[-3.44065,40.61881],[-3.44285,40.62002],[-3.43744,40.62278],[-3.43867,40.62403],[-3.43813,40.62636],[-3.43172,40.62843],[-3.4243,40.63961],[-3.42267,40.63983],[-3.42033,40.64591],[-3.4264,40.64659],[-3.4313,40.64593],[-3.4322,40.64672],[-3.43403,40.64578],[-3.43253,40.65116],[-3.43546,40.65084],[-3.43624,40.65156],[-3.43729,40.64874],[-3.43985,40.65011],[-3.43891,40.65115],[-3.44309,40.65381],[-3.44844,40.65346],[-3.44707,40.65627],[-3.4529,40.65975],[-3.45216,40.6624],[-3.4544,40.66434],[-3.46212,40.66494],[-3.46594,40.66645],[-3.47855,40.66499],[-3.48039,40.66544],[-3.48142,40.66684],[-3.48222,40.67028],[-3.48331,40.66998],[-3.48289,40.6676],[-3.48101,40.66403],[-3.48233,40.66396],[-3.48267,40.66132],[-3.48681,40.66027],[-3.488,40.65776],[-3.48858,40.65308],[-3.48765,40.65258],[-3.48863,40.65194],[-3.49002,40.64404],[-3.4892,40.64028],[-3.49234,40.63545],[-3.49131,40.63546],[-3.49066,40.63224],[-3.49328,40.62652]]]}},{"type":"Feature","properties":{"ine_code":28163,"name":"Valdepiélagos","area_km2":17.5796,"population":612,"income_pp":13885.0,"density":34.8131,"evs_res":13.0,"evs_per_1k":21.2418,"public_sites":0,"public_points":0,"public_fast_sites":0,"private_sites":0,"pts_per_10k":0.0,"fuel_stations":0,"dist_km":7.6968,"fleet_flag":false,"ev_cero":13.0,"eligible":false,"score":null,"rank":null,"rank_best":null,"rank_worst":null,"top20_n":0,"evs_per_pt":13.0,"pct_scarcity":null,"pct_missing":null,"pct_model":null,"pct_market":null,"pct_home_gap":null,"pct_sites":null,"expected":0.2817,"ratio":0.0,"p_shortfall":0.7756,"missing":0.2817,"group":"Other"},"geometry":{"type":"MultiPolygon","coordinates":[[[[-3.44904,40.73254],[-3.44168,40.73787],[-3.43822,40.73489],[-3.44484,40.72281],[-3.44886,40.73067],[-3.44904,40.73254]]],[[[-3.5008,40.78003],[-3.49865,40.78484],[-3.50021,40.78545],[-3.49718,40.7886],[-3.48532,40.78456],[-3.46587,40.78426],[-3.46042,40.78111],[-3.45952,40.78135],[-3.45586,40.77626],[-3.45009,40.77216],[-3.44615,40.76611],[-3.44682,40.76332],[-3.4434,40.76081],[-3.44328,40.75383],[-3.44677,40.74109],[-3.44777,40.74172],[-3.44954,40.74088],[-3.45103,40.738],[-3.45348,40.74315],[-3.45717,40.74438],[-3.46169,40.7434],[-3.46281,40.74384],[-3.46334,40.74711],[-3.46593,40.7466],[-3.46503,40.74523],[-3.46812,40.7442],[-3.47412,40.74455],[-3.47372,40.74591],[-3.47878,40.74613],[-3.48447,40.75467],[-3.48821,40.75743],[-3.48776,40.75861],[-3.48445,40.7604],[-3.48607,40.76482],[-3.48865,40.76508],[-3.48788,40.76739],[-3.49012,40.7676],[-3.49546,40.76447],[-3.49857,40.76517],[-3.50109,40.7681],[-3.50359,40.77255],[-3.50269,40.77535],[-3.50615,40.77699],[-3.50606,40.77973],[-3.5008,40.78003]]]]}},{"type":"Feature","properties":{"ine_code":28164,"name":"Valdetorres de Jarama","area_km2":33.495,"population":5175,"income_pp":15147.0,"density":154.5006,"evs_res":109.0,"evs_per_1k":21.0628,"public_sites":1,"public_points":1,"public_fast_sites":1,"private_sites":0,"pts_per_10k":1.9324,"fuel_stations":1,"dist_km":0.6237,"fleet_flag":false,"ev_cero":109.0,"eligible":true,"score":31.1012,"rank":57.0,"rank_best":41.0,"rank_worst":74.0,"top20_n":0,"evs_per_pt":54.5,"pct_scarcity":0.7831,"pct_missing":0.506,"pct_model":0.8193,"pct_market":0.0843,"pct_home_gap":0.1446,"pct_sites":0.1386,"expected":4.1733,"ratio":0.2396,"p_shortfall":0.313,"missing":3.1733,"group":"Other"},"geometry":{"type":"Polygon","coordinates":[[[-3.55641,40.66238],[-3.55591,40.66077],[-3.55075,40.66046],[-3.54807,40.66299],[-3.54476,40.66098],[-3.54277,40.66115],[-3.5349,40.66349],[-3.53429,40.66589],[-3.52091,40.67193],[-3.50036,40.67112],[-3.4914,40.67003],[-3.49155,40.66891],[-3.48692,40.66882],[-3.48521,40.66761],[-3.48289,40.6676],[-3.48331,40.66998],[-3.48222,40.67028],[-3.4712,40.66922],[-3.46599,40.67324],[-3.46636,40.67916],[-3.46105,40.68145],[-3.46355,40.68294],[-3.46229,40.6843],[-3.46689,40.6858],[-3.4675,40.68971],[-3.46956,40.68989],[-3.46946,40.69289],[-3.47427,40.69331],[-3.47535,40.6949],[-3.47328,40.70299],[-3.48292,40.70621],[-3.48795,40.70645],[-3.493,40.70874],[-3.49969,40.71703],[-3.51054,40.72271],[-3.51703,40.72406],[-3.52037,40.72878],[-3.52585,40.73275],[-3.52579,40.72785],[-3.52715,40.72489],[-3.52614,40.7217],[-3.52848,40.71641],[-3.52827,40.71366],[-3.53289,40.71071],[-3.53424,40.70598],[-3.53981,40.6998],[-3.54039,40.69683],[-3.54342,40.69528],[-3.54373,40.69258],[-3.54705,40.69172],[-3.54903,40.68931],[-3.55329,40.68712],[-3.55534,40.68319],[-3.55348,40.67924],[-3.55509,40.66803],[-3.55458,40.66686],[-3.55032,40.66491],[-3.55133,40.66349],[-3.55427,40.66356],[-3.55641,40.66238]]]}},{"type":"Feature","properties":{"ine_code":28165,"name":"Valdilecha","area_km2":42.2026,"population":3289,"income_pp":11773.0,"density":77.9335,"evs_res":30.0,"evs_per_1k":9.1213,"public_sites":0,"public_points":0,"public_fast_sites":0,"private_sites":0,"pts_per_10k":0.0,"fuel_stations":1,"dist_km":7.6512,"fleet_flag":false,"ev_cero":30.0,"eligible":false,"score":null,"rank":null,"rank_best":null,"rank_worst":null,"top20_n":0,"evs_per_pt":30.0,"pct_scarcity":null,"pct_missing":null,"pct_model":null,"pct_market":null,"pct_home_gap":null,"pct_sites":null,"expected":1.6814,"ratio":0.0,"p_shortfall":0.3443,"missing":1.6814,"group":"Other"},"geometry":{"type":"Polygon","coordinates":[[[-3.34883,40.27531],[-3.34774,40.27424],[-3.34837,40.27378],[-3.34478,40.27138],[-3.34489,40.26997],[-3.34301,40.27241],[-3.34369,40.27067],[-3.34252,40.26942],[-3.33311,40.26348],[-3.32357,40.26128],[-3.32001,40.26073],[-3.30734,40.26135],[-3.30372,40.26057],[-3.28543,40.26271],[-3.282,40.2665],[-3.28238,40.27082],[-3.27937,40.27925],[-3.26809,40.29476],[-3.25274,40.30334],[-3.26772,40.31837],[-3.28117,40.32877],[-3.2882,40.33271],[-3.29843,40.32976],[-3.30018,40.33031],[-3.29998,40.32942],[-3.31225,40.32908],[-3.32218,40.32327],[-3.32494,40.32018],[-3.32554,40.32073],[-3.33061,40.31722],[-3.33425,40.31586],[-3.33968,40.29905],[-3.34094,40.2885],[-3.34309,40.28607],[-3.34469,40.27987],[-3.34551,40.27997],[-3.34723,40.27616],[-3.34883,40.27531]]]}},{"type":"Feature","properties":{"ine_code":28166,"name":"Valverde de Alcalá","area_km2":13.6783,"population":565,"income_pp":15238.0,"density":41.3062,"evs_res":9.0,"evs_per_1k":15.9292,"public_sites":0,"public_points":0,"public_fast_sites":0,"private_sites":0,"pts_per_10k":0.0,"fuel_stations":0,"dist_km":3.3835,"fleet_flag":false,"ev_cero":9.0,"eligible":false,"score":null,"rank":null,"rank_best":null,"rank_worst":null,"top20_n":0,"evs_per_pt":9.0,"pct_scarcity":null,"pct_missing":null,"pct_model":null,"pct_market":null,"pct_home_gap":null,"pct_sites":null,"expected":0.2915,"ratio":0.0,"p_shortfall":0.7694,"missing":0.2915,"group":"Other"},"geometry":{"type":"Polygon","coordinates":[[[-3.3324,40.42217],[-3.32842,40.41679],[-3.32624,40.40765],[-3.3228,40.40435],[-3.31713,40.40399],[-3.30958,40.39863],[-3.31104,40.39409],[-3.30722,40.38753],[-3.30496,40.38624],[-3.27402,40.38064],[-3.27771,40.38799],[-3.27851,40.39466],[-3.27965,40.39582],[-3.27875,40.39647],[-3.27981,40.40506],[-3.28808,40.41525],[-3.28788,40.41816],[-3.2914,40.41969],[-3.29222,40.42239],[-3.29411,40.42421],[-3.29978,40.42471],[-3.31678,40.42229],[-3.32766,40.42402],[-3.32938,40.42615],[-3.3324,40.42217]]]}},{"type":"Feature","properties":{"ine_code":28167,"name":"Velilla de San Antonio","area_km2":14.3588,"population":14468,"income_pp":15398.0,"density":1007.6036,"evs_res":360.0,"evs_per_1k":24.8825,"public_sites":1,"public_points":2,"public_fast_sites":0,"private_sites":1,"pts_per_10k":1.3824,"fuel_stations":1,"dist_km":1.5142,"fleet_flag":false,"ev_cero":360.0,"eligible":true,"score":68.4626,"rank":17.0,"rank_best":12.0,"rank_worst":35.0,"top20_n":2,"evs_per_pt":120.0,"pct_scarcity":0.9277,"pct_missing":0.8434,"pct_model":0.8795,"pct_market":0.4398,"pct_home_gap":0.6867,"pct_sites":0.1386,"expected":11.4025,"ratio":0.1754,"p_shortfall":0.1807,"missing":9.4025,"group":"Other"},"geometry":{"type":"Polygon","coordinates":[[[-3.512,40.37051],[-3.50699,40.36053],[-3.50444,40.35829],[-3.5016,40.35856],[-3.49828,40.36294],[-3.49642,40.36378],[-3.49041,40.36146],[-3.48404,40.36138],[-3.48287,40.35833],[-3.48464,40.35089],[-3.48251,40.34976],[-3.47745,40.34982],[-3.47155,40.33811],[-3.46304,40.34157],[-3.45348,40.34319],[-3.4537,40.35169],[-3.4513,40.35502],[-3.4515,40.35781],[-3.45475,40.36175],[-3.45849,40.37297],[-3.45965,40.38023],[-3.46421,40.38336],[-3.46217,40.38496],[-3.46331,40.38735],[-3.46519,40.38836],[-3.46505,40.38693],[-3.46642,40.38709],[-3.47365,40.38229],[-3.48042,40.37999],[-3.48975,40.37816],[-3.50029,40.37797],[-3.50514,40.37313],[-3.51062,40.37259],[-3.512,40.37051]]]}},{"type":"Feature","properties":{"ine_code":28168,"name":"El Vellón","area_km2":34.0782,"population":2281,"income_pp":14195.0,"density":66.9342,"evs_res":17.0,"evs_per_1k":7.4529,"public_sites":0,"public_points":0,"public_fast_sites":0,"private_sites":0,"pts_per_10k":0.0,"fuel_stations":0,"dist_km":3.2123,"fleet_flag":false,"ev_cero":17.0,"eligible":false,"score":null,"rank":null,"rank_best":null,"rank_worst":null,"top20_n":0,"evs_per_pt":17.0,"pct_scarcity":null,"pct_missing":null,"pct_model":null,"pct_market":null,"pct_home_gap":null,"pct_sites":null,"expected":1.156,"ratio":0.0,"p_shortfall":0.4409,"missing":1.156,"group":"Other"},"geometry":{"type":"Polygon","coordinates":[[[-3.6104,40.78693],[-3.60939,40.78137],[-3.60389,40.77639],[-3.60375,40.77205],[-3.59918,40.7593],[-3.59357,40.7507],[-3.59105,40.74906],[-3.58741,40.74822],[-3.58274,40.75058],[-3.57675,40.75002],[-3.57477,40.74913],[-3.57212,40.74397],[-3.56406,40.74325],[-3.56189,40.74384],[-3.55573,40.73808],[-3.54757,40.73455],[-3.54215,40.73474],[-3.53566,40.74065],[-3.53893,40.7434],[-3.53919,40.74512],[-3.53707,40.74482],[-3.53659,40.74622],[-3.5348,40.746],[-3.53302,40.74719],[-3.53268,40.74886],[-3.53451,40.75073],[-3.53621,40.75058],[-3.54034,40.7525],[-3.5377,40.75869],[-3.52901,40.7622],[-3.52386,40.7609],[-3.51721,40.77175],[-3.51181,40.77648],[-3.50794,40.78356],[-3.51066,40.78862],[-3.52091,40.78739],[-3.52515,40.78878],[-3.53238,40.78773],[-3.53305,40.78963],[-3.54046,40.78872],[-3.554,40.79032],[-3.55889,40.79208],[-3.56776,40.79024],[-3.57374,40.79123],[-3.57632,40.79053],[-3.57874,40.79161],[-3.58356,40.78945],[-3.59703,40.79131],[-3.60742,40.78702],[-3.6104,40.78693]]]}},{"type":"Feature","properties":{"ine_code":28169,"name":"Venturada","area_km2":9.7702,"population":2622,"income_pp":22409.0,"density":268.3662,"evs_res":149.7518,"evs_per_1k":57.1136,"public_sites":2,"public_points":4,"public_fast_sites":0,"private_sites":0,"pts_per_10k":15.2555,"fuel_stations":0,"dist_km":0.1055,"fleet_flag":true,"ev_cero":14285.0,"eligible":false,"score":null,"rank":null,"rank_best":null,"rank_worst":null,"top20_n":0,"evs_per_pt":29.9504,"pct_scarcity":null,"pct_missing":null,"pct_model":null,"pct_market":null,"pct_home_gap":null,"pct_sites":null,"expected":3.0701,"ratio":1.3029,"p_shortfall":0.7551,"missing":-0.9299,"group":"Other"},"geometry":{"type":"Polygon","coordinates":[[[-3.65134,40.80104],[-3.64216,40.79077],[-3.63519,40.78743],[-3.63205,40.78349],[-3.62661,40.78311],[-3.61836,40.78669],[-3.60742,40.78702],[-3.5993,40.7908],[-3.59587,40.79099],[-3.59349,40.79719],[-3.59451,40.80163],[-3.60029,40.802],[-3.60316,40.8031],[-3.60648,40.80707],[-3.61308,40.80971],[-3.62039,40.80798],[-3.62637,40.808],[-3.63406,40.8101],[-3.6369,40.81246],[-3.63873,40.81131],[-3.64073,40.80772],[-3.65134,40.80104]]]}},{"type":"Feature","properties":{"ine_code":28170,"name":"Villaconejos","area_km2":33.2581,"population":3569,"income_pp":11595.0,"density":107.3121,"evs_res":25.0,"evs_per_1k":7.0048,"public_sites":0,"public_points":0,"public_fast_sites":0,"private_sites":0,"pts_per_10k":0.0,"fuel_stations":1,"dist_km":11.0984,"fleet_flag":false,"ev_cero":25.0,"eligible":false,"score":null,"rank":null,"rank_best":null,"rank_worst":null,"top20_n":0,"evs_per_pt":25.0,"pct_scarcity":null,"pct_missing":null,"pct_model":null,"pct_market":null,"pct_home_gap":null,"pct_sites":null,"expected":1.8022,"ratio":0.0,"p_shortfall":0.3274,"missing":1.8022,"group":"Other"},"geometry":{"type":"Polygon","coordinates":[[[-3.54951,40.102],[-3.54453,40.09932],[-3.53207,40.09614],[-3.52206,40.09204],[-3.51109,40.08894],[-3.50288,40.08486],[-3.49763,40.08648],[-3.48795,40.086],[-3.48035,40.08829],[-3.46347,40.09932],[-3.46093,40.10336],[-3.45795,40.11369],[-3.45571,40.11509],[-3.45481,40.11817],[-3.45111,40.11822],[-3.45153,40.12111],[-3.45421,40.12234],[-3.4551,40.12191],[-3.45677,40.12361],[-3.4577,40.12288],[-3.46152,40.12349],[-3.46352,40.12836],[-3.46666,40.1314],[-3.48015,40.13615],[-3.4833,40.13621],[-3.48398,40.13776],[-3.48791,40.13844],[-3.49075,40.13998],[-3.50903,40.1391],[-3.51553,40.1372],[-3.52235,40.13645],[-3.52267,40.13325],[-3.52587,40.13145],[-3.53097,40.12336],[-3.53478,40.12033],[-3.53923,40.11435],[-3.54462,40.11014],[-3.54548,40.10696],[-3.54751,40.10647],[-3.54653,40.1055],[-3.54951,40.102]]]}},{"type":"Feature","properties":{"ine_code":28171,"name":"Villa del Prado","area_km2":78.4216,"population":7743,"income_pp":12536.0,"density":98.7355,"evs_res":93.0,"evs_per_1k":12.0108,"public_sites":0,"public_points":0,"public_fast_sites":0,"private_sites":0,"pts_per_10k":0.0,"fuel_stations":2,"dist_km":10.4133,"fleet_flag":false,"ev_cero":93.0,"eligible":true,"score":30.5112,"rank":59.0,"rank_best":35.0,"rank_worst":76.0,"top20_n":0,"evs_per_pt":93.0,"pct_scarcity":0.8554,"pct_missing":0.6265,"pct_model":0.9398,"pct_market":0.0482,"pct_home_gap":0.0723,"pct_sites":0.3133,"expected":4.7455,"ratio":0.0,"p_shortfall":0.1406,"missing":4.7455,"group":"Other"},"geometry":{"type":"Polygon","coordinates":[[[-4.35921,40.29437],[-4.35747,40.28461],[-4.35897,40.27827],[-4.35754,40.27079],[-4.35113,40.26351],[-4.34832,40.25642],[-4.34521,40.25333],[-4.3479,40.24551],[-4.34823,40.23661],[-4.34136,40.23994],[-4.33712,40.23856],[-4.33542,40.2388],[-4.32688,40.23362],[-4.32161,40.22512],[-4.31334,40.23272],[-4.31088,40.23411],[-4.3079,40.23347],[-4.30589,40.2311],[-4.30906,40.22711],[-4.30627,40.22168],[-4.29592,40.21909],[-4.28998,40.22244],[-4.28574,40.22863],[-4.27125,40.23319],[-4.2692,40.23493],[-4.26718,40.24217],[-4.26451,40.24406],[-4.26138,40.24887],[-4.25772,40.25959],[-4.25199,40.26501],[-4.24585,40.27371],[-4.23489,40.27397],[-4.23291,40.27475],[-4.23147,40.27667],[-4.24181,40.2804],[-4.25533,40.28685],[-4.25906,40.2904],[-4.27338,40.30023],[-4.27633,40.30358],[-4.28075,40.31262],[-4.28587,40.31525],[-4.29533,40.32307],[-4.31242,40.32622],[-4.32858,40.32482],[-4.33107,40.32235],[-4.3391,40.32094],[-4.34781,40.31572],[-4.34729,40.31313],[-4.3569,40.30965],[-4.35762,40.30014],[-4.35921,40.29437]]]}},{"type":"Feature","properties":{"ine_code":28172,"name":"Villalbilla","area_km2":34.7796,"population":18687,"income_pp":18420.0,"density":537.2976,"evs_res":786.0,"evs_per_1k":42.0613,"public_sites":12,"public_points":27,"public_fast_sites":4,"private_sites":0,"pts_per_10k":14.4485,"fuel_stations":5,"dist_km":0.2861,"fleet_flag":false,"ev_cero":786.0,"eligible":true,"score":40.384,"rank":44.0,"rank_best":26.0,"rank_worst":55.0,"top20_n":0,"evs_per_pt":28.0714,"pct_scarcity":0.4337,"pct_missing":0.1867,"pct_model":0.3253,"pct_market":0.6386,"pct_home_gap":0.5542,"pct_sites":0.6084,"expected":23.1791,"ratio":1.1648,"p_shortfall":0.6878,"missing":-3.8209,"group":"Other"},"geometry":{"type":"Polygon","coordinates":[[[-3.40874,40.45346],[-3.40617,40.45063],[-3.3887,40.44639],[-3.35234,40.42535],[-3.34042,40.42107],[-3.33231,40.42312],[-3.32938,40.42615],[-3.32766,40.42402],[-3.31678,40.42229],[-3.29978,40.42471],[-3.29434,40.42434],[-3.29222,40.42239],[-3.2914,40.41969],[-3.28727,40.41805],[-3.28074,40.42053],[-3.27583,40.42453],[-3.27587,40.42861],[-3.27214,40.43662],[-3.26934,40.43734],[-3.2672,40.4399],[-3.2684,40.44199],[-3.26771,40.44413],[-3.27361,40.44961],[-3.28243,40.45226],[-3.28743,40.45164],[-3.29258,40.45667],[-3.31152,40.46692],[-3.31763,40.46885],[-3.31966,40.47156],[-3.3215,40.47206],[-3.32497,40.46788],[-3.32906,40.46533],[-3.32934,40.46299],[-3.33398,40.45922],[-3.33395,40.45666],[-3.3381,40.45765],[-3.33807,40.45662],[-3.34169,40.45694],[-3.34543,40.45263],[-3.34669,40.45369],[-3.34928,40.45364],[-3.35151,40.4507],[-3.35424,40.45097],[-3.35565,40.44948],[-3.35687,40.44949],[-3.35683,40.44869],[-3.35899,40.44901],[-3.36035,40.45079],[-3.36163,40.44993],[-3.36262,40.45157],[-3.36669,40.4532],[-3.3674,40.45527],[-3.36944,40.4558],[-3.37211,40.45552],[-3.37361,40.45383],[-3.37607,40.45384],[-3.37841,40.45509],[-3.38071,40.45323],[-3.38279,40.45381],[-3.38478,40.45162],[-3.38695,40.45329],[-3.3859,40.45315],[-3.38649,40.45597],[-3.38925,40.45717],[-3.38815,40.45935],[-3.3897,40.45981],[-3.40011,40.45661],[-3.40256,40.4571],[-3.4034,40.45478],[-3.40874,40.45346]]]}},{"type":"Feature","properties":{"ine_code":28173,"name":"Villamanrique de Tajo","area_km2":29.3028,"population":859,"income_pp":12034.0,"density":29.3147,"evs_res":14.8947,"evs_per_1k":17.3396,"public_sites":0,"public_points":0,"public_fast_sites":0,"private_sites":0,"pts_per_10k":0.0,"fuel_stations":0,"dist_km":9.6051,"fleet_flag":true,"ev_cero":229.0,"eligible":false,"score":null,"rank":null,"rank_best":null,"rank_worst":null,"top20_n":0,"evs_per_pt":14.8947,"pct_scarcity":null,"pct_missing":null,"pct_model":null,"pct_market":null,"pct_home_gap":null,"pct_sites":null,"expected":0.3097,"ratio":0.0,"p_shortfall":0.7582,"missing":0.3097,"group":"Other"},"geometry":{"type":"Polygon","coordinates":[[[-3.28851,40.05639],[-3.28739,40.05316],[-3.28655,40.05206],[-3.28547,40.05264],[-3.28348,40.05124],[-3.28305,40.04898],[-3.27491,40.04743],[-3.27264,40.04945],[-3.27398,40.05094],[-3.27378,40.05483],[-3.27294,40.05504],[-3.27164,40.05365],[-3.26684,40.0532],[-3.26678,40.05638],[-3.26503,40.05717],[-3.26295,40.05649],[-3.26201,40.05306],[-3.25791,40.05074],[-3.25782,40.05448],[-3.25525,40.05799],[-3.24923,40.05605],[-3.24858,40.05723],[-3.24635,40.05787],[-3.24565,40.05945],[-3.24403,40.05359],[-3.23812,40.05397],[-3.22711,40.05664],[-3.2085,40.06316],[-3.20847,40.06049],[-3.20644,40.06027],[-3.20504,40.05898],[-3.20145,40.0603],[-3.20112,40.06127],[-3.2054,40.06146],[-3.20767,40.06374],[-3.19727,40.07043],[-3.19055,40.07697],[-3.18944,40.08267],[-3.19284,40.08572],[-3.1955,40.08678],[-3.20177,40.08536],[-3.2024,40.08186],[-3.2076,40.07513],[-3.22116,40.06958],[-3.22396,40.07307],[-3.229,40.08655],[-3.23837,40.0933],[-3.24421,40.1003],[-3.25687,40.10848],[-3.25865,40.11058],[-3.26169,40.11042],[-3.27505,40.10147],[-3.27998,40.0864],[-3.27924,40.0799],[-3.28578,40.06728],[-3.28851,40.05639]]]}},{"type":"Feature","properties":{"ine_code":28174,"name":"Villamanta","area_km2":63.1468,"population":2899,"income_pp":12981.0,"density":45.9089,"evs_res":38.0,"evs_per_1k":13.108,"public_sites":0,"public_points":0,"public_fast_sites":0,"private_sites":0,"pts_per_10k":0.0,"fuel_stations":1,"dist_km":6.8947,"fleet_flag":false,"ev_cero":38.0,"eligible":false,"score":null,"rank":null,"rank_best":null,"rank_worst":null,"top20_n":0,"evs_per_pt":38.0,"pct_scarcity":null,"pct_missing":null,"pct_model":null,"pct_market":null,"pct_home_gap":null,"pct_sites":null,"expected":2.0056,"ratio":0.0,"p_shortfall":0.302,"missing":2.0056,"group":"Other"},"geometry":{"type":"Polygon","coordinates":[[[-4.17321,40.28474],[-4.16893,40.27806],[-4.16697,40.2728],[-4.16374,40.26994],[-4.16068,40.26956],[-4.15796,40.27071],[-4.14909,40.26602],[-4.1471,40.26666],[-4.14408,40.26427],[-4.14485,40.259],[-4.15065,40.24939],[-4.14851,40.24657],[-4.14348,40.2448],[-4.1403,40.24507],[-4.1357,40.24814],[-4.13115,40.2488],[-4.12813,40.24631],[-4.12495,40.24619],[-4.12046,40.24356],[-4.1115,40.24411],[-4.10424,40.2418],[-4.09968,40.24696],[-4.09038,40.25256],[-4.08776,40.25322],[-4.08049,40.2665],[-4.08363,40.2723],[-4.08431,40.27818],[-4.08669,40.28168],[-4.08804,40.28869],[-4.08578,40.29196],[-4.08745,40.29369],[-4.08759,40.29921],[-4.08523,40.30274],[-4.08285,40.30963],[-4.08154,40.31771],[-4.0793,40.31872],[-4.07779,40.32078],[-4.07569,40.32575],[-4.07579,40.32953],[-4.06713,40.33825],[-4.06617,40.33958],[-4.0669,40.34164],[-4.07107,40.34317],[-4.07707,40.34279],[-4.08055,40.34159],[-4.08513,40.34296],[-4.08884,40.34105],[-4.08942,40.33845],[-4.09139,40.33816],[-4.09563,40.33442],[-4.09993,40.33661],[-4.10698,40.33424],[-4.10782,40.3314],[-4.11141,40.33041],[-4.1114,40.3285],[-4.11476,40.32797],[-4.12136,40.32439],[-4.12318,40.3217],[-4.12686,40.3216],[-4.12813,40.32364],[-4.13157,40.3248],[-4.13689,40.32235],[-4.13905,40.32215],[-4.14094,40.32313],[-4.14329,40.32259],[-4.14566,40.32396],[-4.14588,40.32521],[-4.14993,40.32719],[-4.15863,40.32667],[-4.16101,40.32833],[-4.16481,40.3288],[-4.16722,40.32519],[-4.16863,40.32483],[-4.16768,40.32397],[-4.16898,40.32223],[-4.16846,40.31979],[-4.17007,40.31773],[-4.16626,40.30905],[-4.16796,40.29847],[-4.16777,40.28827],[-4.17257,40.28741],[-4.17321,40.28474]]]}},{"type":"Feature","properties":{"ine_code":28175,"name":"Villamantilla","area_km2":23.9087,"population":1660,"income_pp":14892.0,"density":69.4307,"evs_res":62.0,"evs_per_1k":37.3494,"public_sites":0,"public_points":0,"public_fast_sites":0,"private_sites":0,"pts_per_10k":0.0,"fuel_stations":0,"dist_km":4.9488,"fleet_flag":false,"ev_cero":62.0,"eligible":false,"score":null,"rank":null,"rank_best":null,"rank_worst":null,"top20_n":0,"evs_per_pt":62.0,"pct_scarcity":null,"pct_missing":null,"pct_model":null,"pct_market":null,"pct_home_gap":null,"pct_sites":null,"expected":0.9188,"ratio":0.0,"p_shortfall":0.502,"missing":0.9188,"group":"Other"},"geometry":{"type":"Polygon","coordinates":[[[-4.18863,40.33791],[-4.18476,40.33173],[-4.18233,40.32927],[-4.17716,40.32676],[-4.16967,40.31825],[-4.16846,40.31979],[-4.16898,40.32223],[-4.16769,40.32375],[-4.16863,40.32483],[-4.16722,40.32519],[-4.16447,40.3289],[-4.16101,40.32833],[-4.15863,40.32667],[-4.14993,40.32719],[-4.14588,40.32521],[-4.14566,40.32396],[-4.14329,40.32259],[-4.14094,40.32313],[-4.13905,40.32215],[-4.13689,40.32235],[-4.13157,40.3248],[-4.12813,40.32364],[-4.12686,40.3216],[-4.12318,40.3217],[-4.12136,40.32439],[-4.11476,40.32797],[-4.1114,40.3285],[-4.11069,40.33118],[-4.10782,40.3314],[-4.10698,40.33424],[-4.10387,40.33478],[-4.10296,40.33582],[-4.10544,40.33716],[-4.10834,40.34338],[-4.11053,40.3444],[-4.10973,40.34494],[-4.1112,40.34475],[-4.10946,40.3471],[-4.11147,40.34875],[-4.11298,40.35467],[-4.11899,40.35741],[-4.1191,40.36423],[-4.13358,40.36718],[-4.13582,40.36979],[-4.14299,40.36583],[-4.15085,40.36282],[-4.15207,40.35921],[-4.15127,40.35614],[-4.15723,40.35388],[-4.16488,40.3545],[-4.18122,40.3512],[-4.18275,40.34544],[-4.18273,40.33865],[-4.18363,40.33765],[-4.18579,40.33865],[-4.18863,40.33791]]]}},{"type":"Feature","properties":{"ine_code":28176,"name":"Villanueva de la Cañada","area_km2":34.9001,"population":24028,"income_pp":20858.0,"density":688.4793,"evs_res":1109.0,"evs_per_1k":46.1545,"public_sites":6,"public_points":41,"public_fast_sites":3,"private_sites":3,"pts_per_10k":17.0634,"fuel_stations":3,"dist_km":0.173,"fleet_flag":false,"ev_cero":1109.0,"eligible":true,"score":38.721,"rank":46.0,"rank_best":28.0,"rank_worst":56.0,"top20_n":0,"evs_per_pt":26.4048,"pct_scarcity":0.4096,"pct_missing":0.1867,"pct_model":0.2892,"pct_market":0.6747,"pct_home_gap":0.6265,"pct_sites":0.4759,"expected":31.7482,"ratio":1.2914,"p_shortfall":0.7269,"missing":-9.2518,"group":"Other"},"geometry":{"type":"Polygon","coordinates":[[[-4.04332,40.45599],[-4.04183,40.44858],[-4.03868,40.44563],[-4.03433,40.44276],[-4.03207,40.44406],[-4.03045,40.44234],[-4.03279,40.43968],[-4.03129,40.43372],[-4.02943,40.43207],[-4.03065,40.43087],[-4.02781,40.42976],[-4.02802,40.42882],[-4.02492,40.42962],[-4.02164,40.4293],[-4.01907,40.43393],[-4.01383,40.43565],[-4.00808,40.43533],[-4.00244,40.43162],[-3.99628,40.43061],[-3.99153,40.43129],[-3.98838,40.4327],[-3.98588,40.4316],[-3.98299,40.4356],[-3.98151,40.43502],[-3.97952,40.43618],[-3.97703,40.42569],[-3.96974,40.41726],[-3.95252,40.40792],[-3.94686,40.40771],[-3.94932,40.4143],[-3.94708,40.42195],[-3.95233,40.42616],[-3.95112,40.43557],[-3.95257,40.43822],[-3.95025,40.44114],[-3.95097,40.44522],[-3.94929,40.44718],[-3.94909,40.45052],[-3.94575,40.45276],[-3.94512,40.45642],[-3.93875,40.46144],[-3.93975,40.46539],[-3.93702,40.46799],[-3.93859,40.47373],[-3.93813,40.47676],[-3.93641,40.47856],[-3.937,40.48282],[-3.94281,40.48461],[-3.94465,40.47874],[-3.9467,40.47792],[-3.94876,40.47078],[-3.95944,40.46939],[-3.96021,40.46655],[-3.96204,40.46634],[-3.96743,40.4615],[-3.9734,40.45822],[-3.97505,40.45378],[-3.97624,40.45408],[-3.97969,40.46011],[-3.98451,40.46431],[-3.9847,40.4658],[-3.98727,40.46739],[-3.98771,40.46896],[-3.98997,40.4696],[-3.99031,40.47111],[-3.99301,40.47264],[-4.00259,40.47278],[-4.00896,40.47094],[-4.01,40.47168],[-4.01477,40.47079],[-4.02141,40.46681],[-4.02532,40.46254],[-4.02655,40.46261],[-4.02879,40.45926],[-4.0337,40.45816],[-4.03507,40.45956],[-4.04033,40.45878],[-4.04332,40.45599]]]}},{"type":"Feature","properties":{"ine_code":28177,"name":"Villanueva del Pardillo","area_km2":25.3297,"population":18466,"income_pp":18671.0,"density":729.025,"evs_res":735.0,"evs_per_1k":39.8029,"public_sites":6,"public_points":16,"public_fast_sites":1,"private_sites":0,"pts_per_10k":8.6646,"fuel_stations":2,"dist_km":0.1464,"fleet_flag":false,"ev_cero":735.0,"eligible":true,"score":62.5993,"rank":22.0,"rank_best":19.0,"rank_worst":26.0,"top20_n":1,"evs_per_pt":43.2353,"pct_scarcity":0.6747,"pct_missing":0.6506,"pct_model":0.506,"pct_market":0.6024,"pct_home_gap":0.6386,"pct_sites":0.3133,"expected":20.9126,"ratio":0.7651,"p_shortfall":0.5236,"missing":4.9126,"group":"Other"},"geometry":{"type":"Polygon","coordinates":[[[-4.00088,40.48567],[-3.99921,40.4806],[-3.99733,40.48002],[-3.99442,40.47616],[-3.99206,40.47484],[-3.99293,40.47244],[-3.99031,40.47111],[-3.98997,40.4696],[-3.98771,40.46896],[-3.98727,40.46739],[-3.9847,40.4658],[-3.98451,40.46431],[-3.97969,40.46011],[-3.97624,40.45408],[-3.97505,40.45378],[-3.9734,40.45822],[-3.96743,40.4615],[-3.96204,40.46634],[-3.96021,40.46655],[-3.95944,40.46939],[-3.94876,40.47078],[-3.9467,40.47792],[-3.94465,40.47874],[-3.94281,40.48461],[-3.937,40.48282],[-3.93595,40.48963],[-3.93678,40.49358],[-3.93523,40.49828],[-3.93321,40.4999],[-3.93507,40.50222],[-3.93597,40.50864],[-3.94114,40.50766],[-3.94523,40.5084],[-3.94521,40.50955],[-3.9459,40.50899],[-3.95063,40.51014],[-3.95141,40.51177],[-3.95218,40.51129],[-3.95446,40.51363],[-3.95854,40.51549],[-3.96272,40.51595],[-3.96653,40.51901],[-3.98447,40.51681],[-3.98678,40.51357],[-3.98842,40.50826],[-3.99535,40.50154],[-3.99644,40.49389],[-3.99849,40.4928],[-4.00027,40.48762],[-3.99945,40.48681],[-4.00088,40.48567]]]}},{"type":"Feature","properties":{"ine_code":28178,"name":"Villanueva de Perales","area_km2":31.6412,"population":1715,"income_pp":13516.0,"density":54.2015,"evs_res":36.1068,"evs_per_1k":21.0535,"public_sites":0,"public_points":0,"public_fast_sites":0,"private_sites":0,"pts_per_10k":0.0,"fuel_stations":2,"dist_km":6.5222,"fleet_flag":true,"ev_cero":594.0,"eligible":false,"score":null,"rank":null,"rank_best":null,"rank_worst":null,"top20_n":0,"evs_per_pt":36.1068,"pct_scarcity":null,"pct_missing":null,"pct_model":null,"pct_market":null,"pct_home_gap":null,"pct_sites":null,"expected":2.2626,"ratio":0.0,"p_shortfall":0.2746,"missing":2.2626,"group":"Other"},"geometry":{"type":"Polygon","coordinates":[[[-4.1368,40.36958],[-4.13555,40.36978],[-4.13347,40.36714],[-4.1191,40.36423],[-4.11931,40.35803],[-4.11298,40.35467],[-4.11147,40.34875],[-4.10946,40.3471],[-4.1112,40.34475],[-4.10973,40.34494],[-4.11053,40.3444],[-4.10834,40.34338],[-4.10544,40.33716],[-4.10264,40.33574],[-4.0991,40.3365],[-4.09611,40.33433],[-4.09121,40.33827],[-4.0895,40.33837],[-4.08884,40.34105],[-4.08513,40.34296],[-4.08055,40.34159],[-4.07453,40.34287],[-4.07609,40.35119],[-4.07516,40.35214],[-4.07621,40.35284],[-4.07478,40.3534],[-4.07576,40.35572],[-4.07682,40.35603],[-4.07681,40.35817],[-4.07207,40.35916],[-4.07064,40.36056],[-4.07188,40.36058],[-4.0714,40.36277],[-4.06671,40.36527],[-4.06528,40.36521],[-4.06422,40.36636],[-4.06535,40.3679],[-4.06258,40.36943],[-4.05859,40.37519],[-4.0572,40.37594],[-4.05454,40.37532],[-4.04988,40.37902],[-4.04578,40.37722],[-4.04402,40.37854],[-4.04121,40.37907],[-4.04032,40.38075],[-4.03836,40.38027],[-4.03784,40.37785],[-4.03537,40.37894],[-4.03609,40.38189],[-4.03728,40.38183],[-4.03983,40.38494],[-4.04145,40.3851],[-4.04658,40.38835],[-4.05179,40.38944],[-4.05697,40.38845],[-4.05736,40.38959],[-4.06392,40.39191],[-4.06453,40.39396],[-4.07084,40.39753],[-4.07409,40.39859],[-4.08225,40.3986],[-4.0838,40.401],[-4.08709,40.40029],[-4.08953,40.40214],[-4.09246,40.4016],[-4.09617,40.40315],[-4.0994,40.40215],[-4.09984,40.40298],[-4.10597,40.40485],[-4.11306,40.40246],[-4.11371,40.39473],[-4.11221,40.39376],[-4.11327,40.39334],[-4.11161,40.38981],[-4.11556,40.3866],[-4.12006,40.3786],[-4.12141,40.37772],[-4.12355,40.37837],[-4.12587,40.3775],[-4.13551,40.37131],[-4.1368,40.36958]]]}},{"type":"Feature","properties":{"ine_code":28179,"name":"Villar del Olmo","area_km2":27.7799,"population":2341,"income_pp":13648.0,"density":84.2697,"evs_res":87.0,"evs_per_1k":37.1636,"public_sites":0,"public_points":0,"public_fast_sites":0,"private_sites":0,"pts_per_10k":0.0,"fuel_stations":0,"dist_km":3.7162,"fleet_flag":false,"ev_cero":87.0,"eligible":false,"score":null,"rank":null,"rank_best":null,"rank_worst":null,"top20_n":0,"evs_per_pt":87.0,"pct_scarcity":null,"pct_missing":null,"pct_model":null,"pct_market":null,"pct_home_gap":null,"pct_sites":null,"expected":1.3223,"ratio":0.0,"p_shortfall":0.4055,"missing":1.3223,"group":"Other"},"geometry":{"type":"Polygon","coordinates":[[[-3.2882,40.33271],[-3.28117,40.32877],[-3.26772,40.31837],[-3.25274,40.30334],[-3.24535,40.30812],[-3.22648,40.31429],[-3.21627,40.31259],[-3.2108,40.31399],[-3.20402,40.32154],[-3.20335,40.32535],[-3.19971,40.331],[-3.19927,40.33731],[-3.20087,40.34004],[-3.20375,40.3416],[-3.20454,40.34402],[-3.21857,40.35028],[-3.22298,40.35293],[-3.22568,40.35596],[-3.23126,40.35859],[-3.23392,40.35826],[-3.23617,40.35671],[-3.2413,40.35801],[-3.24194,40.35551],[-3.24701,40.35331],[-3.2487,40.35144],[-3.26847,40.34694],[-3.2785,40.34619],[-3.28307,40.33864],[-3.28571,40.33705],[-3.28571,40.33509],[-3.28738,40.33446],[-3.2882,40.33271]]]}},{"type":"Feature","properties":{"ine_code":28180,"name":"Villarejo de Salvanés","area_km2":118.559,"population":8042,"income_pp":12793.0,"density":67.8312,"evs_res":85.0,"evs_per_1k":10.5695,"public_sites":3,"public_points":8,"public_fast_sites":1,"private_sites":0,"pts_per_10k":9.9478,"fuel_stations":4,"dist_km":3.7828,"fleet_flag":false,"ev_cero":85.0,"eligible":true,"score":2.1288,"rank":81.0,"rank_best":79.0,"rank_worst":83.0,"top20_n":0,"evs_per_pt":9.4444,"pct_scarcity":0.0723,"pct_missing":0.1867,"pct_model":0.2289,"pct_market":0.0361,"pct_home_gap":0.0241,"pct_sites":0.5663,"expected":5.1976,"ratio":1.5392,"p_shortfall":0.799,"missing":-2.8024,"group":"Other"},"geometry":{"type":"Polygon","coordinates":[[[-3.34984,40.09069],[-3.34495,40.07974],[-3.34162,40.08112],[-3.33438,40.08161],[-3.32735,40.07955],[-3.32117,40.07603],[-3.31618,40.0712],[-3.31165,40.06865],[-3.30797,40.06075],[-3.30286,40.05366],[-3.29768,40.05179],[-3.29011,40.0528],[-3.2883,40.05177],[-3.28655,40.05206],[-3.28851,40.05639],[-3.28578,40.06728],[-3.27924,40.0799],[-3.27998,40.0864],[-3.27558,40.10032],[-3.27079,40.10503],[-3.26169,40.11042],[-3.25865,40.11058],[-3.25687,40.10848],[-3.24421,40.1003],[-3.23837,40.0933],[-3.229,40.08655],[-3.22396,40.07307],[-3.22116,40.06958],[-3.2076,40.07513],[-3.2024,40.08186],[-3.20295,40.10637],[-3.20557,40.11182],[-3.20533,40.11512],[-3.20272,40.12033],[-3.20399,40.12898],[-3.20045,40.14295],[-3.20114,40.15014],[-3.19791,40.15586],[-3.20514,40.15636],[-3.21151,40.15868],[-3.21877,40.16415],[-3.22026,40.16905],[-3.2186,40.17525],[-3.22013,40.18027],[-3.2234,40.18467],[-3.23846,40.17999],[-3.24647,40.1829],[-3.2554,40.18863],[-3.26907,40.20065],[-3.27039,40.21511],[-3.27836,40.2097],[-3.29958,40.18886],[-3.31464,40.18295],[-3.32057,40.1783],[-3.31285,40.16363],[-3.30523,40.15339],[-3.30228,40.14772],[-3.29644,40.13137],[-3.30877,40.13192],[-3.31501,40.12815],[-3.32434,40.11945],[-3.32604,40.11646],[-3.33106,40.11428],[-3.33246,40.1116],[-3.3349,40.11049],[-3.33652,40.10787],[-3.34107,40.10532],[-3.34747,40.09954],[-3.34886,40.09715],[-3.34984,40.09069]]]}},{"type":"Feature","properties":{"ine_code":28181,"name":"Villaviciosa de Odón","area_km2":67.9158,"population":30127,"income_pp":22250.0,"density":443.5934,"evs_res":1295.0,"evs_per_1k":42.9847,"public_sites":8,"public_points":28,"public_fast_sites":3,"private_sites":5,"pts_per_10k":9.294,"fuel_stations":5,"dist_km":1.4988,"fleet_flag":false,"ev_cero":1295.0,"eligible":true,"score":78.6318,"rank":5.0,"rank_best":5.0,"rank_worst":11.0,"top20_n":5,"evs_per_pt":44.6552,"pct_scarcity":0.6988,"pct_missing":0.8916,"pct_model":0.6627,"pct_market":0.747,"pct_home_gap":0.506,"pct_sites":0.6084,"expected":42.2524,"ratio":0.6627,"p_shortfall":0.4611,"missing":14.2524,"group":"Other"},"geometry":{"type":"Polygon","coordinates":[[[-4.00607,40.33915],[-4.00354,40.33462],[-4.00156,40.3335],[-3.9972,40.33218],[-3.99633,40.33091],[-3.9877,40.32687],[-3.98171,40.32461],[-3.97823,40.32464],[-3.97082,40.3209],[-3.96798,40.31796],[-3.96665,40.31413],[-3.9571,40.30521],[-3.95474,40.30469],[-3.95003,40.3015],[-3.94149,40.29999],[-3.94163,40.30547],[-3.94525,40.30967],[-3.94268,40.31754],[-3.9454,40.32317],[-3.93991,40.3275],[-3.93466,40.33024],[-3.93236,40.33341],[-3.93454,40.33779],[-3.92252,40.33986],[-3.91815,40.33854],[-3.91345,40.34283],[-3.90617,40.3442],[-3.89867,40.34951],[-3.89651,40.34889],[-3.88113,40.35406],[-3.87091,40.35312],[-3.87074,40.35867],[-3.87708,40.36556],[-3.87879,40.36966],[-3.87797,40.37309],[-3.86859,40.37302],[-3.8687,40.37408],[-3.8666,40.37395],[-3.8678,40.378],[-3.871,40.38122],[-3.87885,40.38461],[-3.8828,40.38821],[-3.88662,40.38939],[-3.88685,40.39051],[-3.88525,40.39092],[-3.88728,40.39454],[-3.89225,40.39819],[-3.90128,40.40117],[-3.91017,40.40613],[-3.92058,40.4068],[-3.92679,40.40982],[-3.9291,40.41189],[-3.93798,40.41481],[-3.9408,40.41543],[-3.94898,40.41408],[-3.94687,40.40839],[-3.94517,40.39602],[-3.95079,40.38958],[-3.94762,40.38454],[-3.94669,40.37918],[-3.94399,40.3761],[-3.94629,40.37068],[-3.95048,40.36777],[-3.95207,40.36874],[-3.95619,40.36832],[-3.96264,40.37041],[-3.96684,40.37021],[-3.96714,40.36921],[-3.96932,40.36959],[-3.96948,40.36888],[-3.97325,40.36798],[-3.97961,40.36949],[-3.98472,40.36751],[-3.99103,40.36356],[-4.00053,40.36199],[-4.00452,40.35999],[-4.00527,40.3593],[-4.00223,40.35823],[-4.00338,40.35802],[-4.00337,40.35486],[-3.99959,40.35098],[-3.99801,40.34445],[-3.99866,40.34327],[-4.00313,40.34157],[-4.00607,40.33915]]]}},{"type":"Feature","properties":{"ine_code":28182,"name":"Villavieja del Lozoya","area_km2":23.4419,"population":332,"income_pp":17205.0,"density":14.1627,"evs_res":7.0,"evs_per_1k":21.0843,"public_sites":0,"public_points":0,"public_fast_sites":0,"private_sites":0,"pts_per_10k":0.0,"fuel_stations":0,"dist_km":5.0768,"fleet_flag":false,"ev_cero":7.0,"eligible":false,"score":null,"rank":null,"rank_best":null,"rank_worst":null,"top20_n":0,"evs_per_pt":7.0,"pct_scarcity":null,"pct_missing":null,"pct_model":null,"pct_market":null,"pct_home_gap":null,"pct_sites":null,"expected":0.1954,"ratio":0.0,"p_shortfall":0.8339,"missing":0.1954,"group":"Other"},"geometry":{"type":"Polygon","coordinates":[[[-3.74841,41.03664],[-3.73146,41.03059],[-3.71202,41.02659],[-3.71126,41.02111],[-3.7031,41.01474],[-3.7007,41.00976],[-3.69122,41.00349],[-3.68905,40.99977],[-3.68648,40.99822],[-3.68635,40.99693],[-3.67933,40.9921],[-3.67654,40.99327],[-3.67453,40.99061],[-3.67108,40.99358],[-3.66661,40.99568],[-3.65931,40.99455],[-3.6549,40.99484],[-3.65156,40.99712],[-3.65117,40.99771],[-3.65665,41.00012],[-3.66106,41.00329],[-3.65742,41.00374],[-3.65585,41.00747],[-3.65421,41.00727],[-3.65597,41.00927],[-3.66114,41.00965],[-3.66781,41.01155],[-3.67356,41.02169],[-3.68125,41.02711],[-3.68338,41.02758],[-3.6836,41.02924],[-3.68604,41.02861],[-3.68759,41.0291],[-3.70727,41.05139],[-3.70748,41.05425],[-3.70951,41.05727],[-3.72042,41.06565],[-3.72569,41.0625],[-3.73059,41.06146],[-3.73841,41.05478],[-3.7399,41.05155],[-3.73925,41.04979],[-3.74841,41.03664]]]}},{"type":"Feature","properties":{"ine_code":28183,"name":"Zarzalejo","area_km2":20.5737,"population":1946,"income_pp":12921.0,"density":94.5867,"evs_res":28.0,"evs_per_1k":14.3885,"public_sites":2,"public_points":4,"public_fast_sites":0,"private_sites":0,"pts_per_10k":20.555,"fuel_stations":0,"dist_km":0.6505,"fleet_flag":false,"ev_cero":28.0,"eligible":false,"score":null,"rank":null,"rank_best":null,"rank_worst":null,"top20_n":0,"evs_per_pt":5.6,"pct_scarcity":null,"pct_missing":null,"pct_model":null,"pct_market":null,"pct_home_gap":null,"pct_sites":null,"expected":1.1772,"ratio":3.398,"p_shortfall":0.96,"missing":-2.8228,"group":"Other"},"geometry":{"type":"Polygon","coordinates":[[[-4.21286,40.52632],[-4.2122,40.51981],[-4.20964,40.51297],[-4.20917,40.51235],[-4.20453,40.51237],[-4.1967,40.52314],[-4.18763,40.5247],[-4.17506,40.53012],[-4.16237,40.52985],[-4.15522,40.53091],[-4.14863,40.53298],[-4.14479,40.53231],[-4.145,40.53551],[-4.14808,40.5394],[-4.14987,40.5397],[-4.14894,40.54623],[-4.15052,40.55105],[-4.14965,40.55278],[-4.15157,40.55529],[-4.15185,40.55803],[-4.15423,40.56158],[-4.16408,40.56317],[-4.16389,40.56763],[-4.16698,40.57132],[-4.17662,40.57051],[-4.18177,40.56683],[-4.19331,40.56183],[-4.1972,40.55881],[-4.19996,40.5554],[-4.20429,40.54265],[-4.21286,40.52632]]]}},{"type":"Feature","properties":{"ine_code":28901,"name":"Lozoyuela-Navas-Sieteiglesias","area_km2":51.4483,"population":1468,"income_pp":13324.0,"density":28.5335,"evs_res":37.0,"evs_per_1k":25.2044,"public_sites":4,"public_points":10,"public_fast_sites":0,"private_sites":1,"pts_per_10k":68.1199,"fuel_stations":2,"dist_km":0.5336,"fleet_flag":false,"ev_cero":37.0,"eligible":false,"score":null,"rank":null,"rank_best":null,"rank_worst":null,"top20_n":0,"evs_per_pt":3.3636,"pct_scarcity":null,"pct_missing":null,"pct_model":null,"pct_market":null,"pct_home_gap":null,"pct_sites":null,"expected":2.0736,"ratio":4.8225,"p_shortfall":0.9909,"missing":-7.9264,"group":"Other"},"geometry":{"type":"Polygon","coordinates":[[[-3.67533,40.8922],[-3.66339,40.8894],[-3.65624,40.88484],[-3.65042,40.87975],[-3.64412,40.87925],[-3.63925,40.87933],[-3.62207,40.88272],[-3.61902,40.88199],[-3.59934,40.88867],[-3.60257,40.89445],[-3.57365,40.90123],[-3.57286,40.90314],[-3.56863,40.90421],[-3.56826,40.91012],[-3.57118,40.91162],[-3.57199,40.9145],[-3.5745,40.91608],[-3.57532,40.9182],[-3.56975,40.9329],[-3.57179,40.93989],[-3.58113,40.9453],[-3.5842,40.94912],[-3.58837,40.94824],[-3.59382,40.94893],[-3.60827,40.94429],[-3.61297,40.94156],[-3.61947,40.94669],[-3.62487,40.95611],[-3.62776,40.95849],[-3.62938,40.96155],[-3.63303,40.96104],[-3.64446,40.9537],[-3.64745,40.93848],[-3.65469,40.92813],[-3.66255,40.92394],[-3.66285,40.91839],[-3.66774,40.91209],[-3.67533,40.8922]]]}},{"type":"Feature","properties":{"ine_code":28902,"name":"Puentes Viejas","area_km2":58.5157,"population":759,"income_pp":15552.0,"density":12.9709,"evs_res":10.0,"evs_per_1k":13.1752,"public_sites":0,"public_points":0,"public_fast_sites":0,"private_sites":0,"pts_per_10k":0.0,"fuel_stations":0,"dist_km":3.7539,"fleet_flag":false,"ev_cero":10.0,"eligible":false,"score":null,"rank":null,"rank_best":null,"rank_worst":null,"top20_n":0,"evs_per_pt":10.0,"pct_scarcity":null,"pct_missing":null,"pct_model":null,"pct_market":null,"pct_home_gap":null,"pct_sites":null,"expected":0.3629,"ratio":0.0,"p_shortfall":0.7271,"missing":0.3629,"group":"Other"},"geometry":{"type":"Polygon","coordinates":[[[-3.62938,40.96155],[-3.62776,40.95849],[-3.62487,40.95611],[-3.61947,40.94669],[-3.61297,40.94156],[-3.60827,40.94429],[-3.59382,40.94893],[-3.58837,40.94824],[-3.5842,40.94912],[-3.58113,40.9453],[-3.57179,40.93989],[-3.57016,40.93572],[-3.56975,40.9329],[-3.57532,40.9182],[-3.5745,40.91608],[-3.57199,40.9145],[-3.57118,40.91162],[-3.56826,40.91012],[-3.56863,40.90421],[-3.5651,40.90361],[-3.56238,40.90589],[-3.55404,40.90369],[-3.5447,40.90452],[-3.54672,40.90792],[-3.54625,40.91084],[-3.54047,40.91237],[-3.53977,40.91821],[-3.54223,40.92082],[-3.54855,40.92122],[-3.55108,40.92218],[-3.55088,40.92566],[-3.55535,40.93028],[-3.55409,40.93514],[-3.56271,40.94429],[-3.56356,40.94746],[-3.56228,40.95038],[-3.56558,40.95319],[-3.56577,40.95492],[-3.56533,40.95568],[-3.55964,40.9565],[-3.55773,40.95781],[-3.5632,40.96529],[-3.56458,40.97101],[-3.56241,40.97315],[-3.56006,40.97244],[-3.5551,40.97449],[-3.5471,40.98007],[-3.54108,40.98089],[-3.53899,40.98254],[-3.53675,40.98238],[-3.53312,40.9846],[-3.52584,40.98676],[-3.52532,40.98919],[-3.51788,40.98946],[-3.51554,40.99378],[-3.51199,40.99385],[-3.51077,40.9924],[-3.50176,40.99376],[-3.50052,40.99459],[-3.49638,40.9947],[-3.49418,41.01022],[-3.4928,41.01307],[-3.51289,41.02205],[-3.51969,41.02316],[-3.52811,41.02271],[-3.53957,41.02504],[-3.54746,41.02833],[-3.54847,41.03313],[-3.55042,41.03389],[-3.55636,41.02872],[-3.55759,41.02903],[-3.56056,41.02529],[-3.56457,41.02607],[-3.56949,41.02376],[-3.57689,41.02368],[-3.57291,41.01672],[-3.57549,41.00958],[-3.58217,41.00388],[-3.58131,40.9913],[-3.58485,40.98532],[-3.58964,40.98218],[-3.59788,40.9839],[-3.60496,40.97868],[-3.60348,40.97641],[-3.60755,40.97337],[-3.61526,40.97311],[-3.61967,40.97129],[-3.62423,40.97082],[-3.62522,40.96761],[-3.62938,40.96155]]]}},{"type":"Feature","properties":{"ine_code":28903,"name":"Tres Cantos","area_km2":37.9686,"population":54592,"income_pp":23133.0,"density":1437.8181,"evs_res":1736.0,"evs_per_1k":31.7995,"public_sites":20,"public_points":83,"public_fast_sites":6,"private_sites":11,"pts_per_10k":15.2037,"fuel_stations":7,"dist_km":0.1165,"fleet_flag":false,"ev_cero":1736.0,"eligible":true,"score":52.3921,"rank":29.0,"rank_best":18.0,"rank_worst":42.0,"top20_n":2,"evs_per_pt":20.6667,"pct_scarcity":0.3614,"pct_missing":0.3976,"pct_model":0.3735,"pct_market":0.7831,"pct_home_gap":0.7831,"pct_sites":0.6747,"expected":84.0573,"ratio":0.9874,"p_shortfall":0.6156,"missing":1.0573,"group":"Other"},"geometry":{"type":"Polygon","coordinates":[[[-3.81161,40.6106],[-3.81039,40.60943],[-3.8062,40.60951],[-3.80613,40.60791],[-3.80053,40.60591],[-3.80333,40.59887],[-3.7991,40.59849],[-3.7953,40.59991],[-3.7899,40.59899],[-3.78503,40.60047],[-3.78349,40.60176],[-3.78163,40.6008],[-3.77826,40.60173],[-3.76817,40.59967],[-3.75297,40.59478],[-3.75015,40.59243],[-3.74582,40.59221],[-3.74082,40.59065],[-3.73725,40.58607],[-3.72983,40.58509],[-3.71943,40.58212],[-3.7081,40.58371],[-3.69726,40.58947],[-3.68597,40.60751],[-3.67947,40.61102],[-3.67494,40.61585],[-3.66672,40.61994],[-3.66653,40.62091],[-3.66851,40.62661],[-3.66805,40.62958],[-3.67625,40.63416],[-3.67894,40.63231],[-3.68561,40.63085],[-3.69083,40.63514],[-3.69447,40.63473],[-3.69987,40.63585],[-3.70873,40.64291],[-3.71785,40.64541],[-3.71841,40.64419],[-3.71729,40.64367],[-3.71815,40.64245],[-3.71725,40.64231],[-3.72048,40.642],[-3.72012,40.63863],[-3.72098,40.63917],[-3.72082,40.63815],[-3.72233,40.63802],[-3.72223,40.63675],[-3.72447,40.63718],[-3.72587,40.63545],[-3.72865,40.63638],[-3.72925,40.63056],[-3.73644,40.63115],[-3.74211,40.62823],[-3.73965,40.6237],[-3.74165,40.62272],[-3.74166,40.62037],[-3.73854,40.61744],[-3.73996,40.61556],[-3.7388,40.6112],[-3.74126,40.61075],[-3.74149,40.60989],[-3.74292,40.61043],[-3.74338,40.60898],[-3.74561,40.61019],[-3.75275,40.61076],[-3.75637,40.61217],[-3.75757,40.61022],[-3.76595,40.61311],[-3.76866,40.61249],[-3.77027,40.61066],[-3.77238,40.61606],[-3.77977,40.61798],[-3.7811,40.61736],[-3.78354,40.61919],[-3.78491,40.6188],[-3.78545,40.61967],[-3.7824,40.62175],[-3.78923,40.61938],[-3.79475,40.61407],[-3.80655,40.61239],[-3.8072,40.6115],[-3.80893,40.61196],[-3.81161,40.6106]]]}}]}